	token_ids	tokens	goldlabels	predictions
0	1	kurzer	ADJA	ADJA
0	2	/	$(	$(
0	3	doch	ADV	ADV
0	4	gründlicher	ADJD	ADJA
0	5	Bericht	NN	NN
0	6	/	$(	$(
0	7	von	APPR	APPR
0	8	Natur	NN	NN
0	9	/	$(	$(
0	10	Eigenschaft	NN	NN
0	11	/	$(	$(
0	12	Kraft	NN	NN
0	13	/	$(	$(
0	14	Wirkung	NN	NN
0	15	/	$(	$(
0	16	und	KON	KON
0	17	rechtmäßigem	ADJA	ADJA
0	18	Gebrauch	NN	NN
0	19	des	ART	ART
0	20	neu	ADJD	ADJD
0	21	erfundenen	ADJA	ADJA
0	22	Brunnens	NN	NN
0	23	/	$(	$(
0	24	zun	APPRART	APPRART
0	25	dreien	CARD	CARD
0	26	Tannen	NN	NN
0	27	in	APPR	APPR
0	28	Meißen	NE	NE
0	29	bei	APPR	APPR
0	30	der	ART	ART
0	31	Zwönitz	NN	NN
0	32	gelegen	VVPP	VVPP
0	33	.	$.	$.
1	1	gestellt	VVPP	VVPP
1	2	durch	APPR	APPR
1	3	Medikus	NE	NN
2	1	Joannem	FM	ADJA
2	2	Philippum	FM	NN
2	3	Brendelium	FM	NN
2	4	,	$,	$,
2	5	Medicum	FM	NN
2	6	jetzo	FM	ADJD
2	7	zur	FM	APPRART
2	8	Neustadt	FM	NN
2	9	an	FM	APPR
2	10	der	FM	ART
2	11	Orla	FM	NN
2	12	.	$.	$.
3	1	samt	APPR	APPR
3	2	angehängtem	ADJA	ADJA
3	3	Extract	NN	NN
3	4	/	$(	$(
3	5	verdeutschter	NN	ADJA
3	6	historischer	NN	ADJA
3	7	Beschreibung	NN	NN
3	8	desselben	PDS	PDAT
3	9	Brunnens	NN	NN
3	10	/	$(	$(
3	11	unlängst	ADJD	ADV
3	12	von	APPR	APPR
3	13	Medikus	NE	NN
4	1	Martino	NE	NE
4	2	Pfuntelio	NE	NE
4	3	,	$,	$,
4	4	Rectore	NN	NN
4	5	zu	PTKZU	APPR
4	6	Plauen	NN	NE
4	7	in	FM	APPR
4	8	Latein	NN	NN
4	9	geschrieben	VVPP	VVPP
4	10	/	$(	$(
4	11	und	KON	KON
4	12	in	APPR	APPR
4	13	Druck	NN	NN
4	14	verfertigt	VVFIN	VVFIN
4	15	.	$.	$.
4	16	1608	CARD	CARD
4	17	.	$.	$.
5	1	gedruckt	VVPP	VVPP
5	2	zu	PTKZU	APPR
5	3	Jena	NE	NE
5	4	/	$(	$(
5	5	durch	APPR	APPR
5	6	Johann	NE	NE
5	7	Weidnern	NE	NN
5	8	.	$.	$.
6	1	den	ART	ART
6	2	durchlauchtigen	NN	ADJA
6	3	/	$(	$(
6	4	hochgeborenen	NN	ADJA
6	5	Fürsten	NN	NN
6	6	und	KON	KON
6	7	Herren	NN	NN
6	8	:	$.	$.
7	1	Herrn	NN	NN
7	2	Johann	NE	NE
7	3	Philpen	NE	NN
7	4	/	$(	$(
7	5	Herrn	NN	NN
7	6	Friedrichen	NE	NE
7	7	/	$(	$(
7	8	Herrn	NN	NN
7	9	Johann	NE	NE
7	10	Wilhelmen	NE	NE
7	11	/	$(	$(
7	12	Gebrüdern	NN	NN
7	13	/	$(	$(
7	14	Herzögen	NE	NN
7	15	zu	PTKZU	APPR
7	16	Sachsen	NE	NE
7	17	/	$(	$(
7	18	Landgrafen	NN	NN
7	19	in	APPR	APPR
7	20	Thüringen	NE	NE
7	21	/	$(	$(
7	22	Markgrafen	NN	NN
7	23	zu	PTKZU	APPR
7	24	Meißen	NE	NE
7	25	/	$(	$(
7	26	et cetera	ADV	FM
8	1	meinen	VVFIN	PPOSAT
8	2	gnädigen	ADJA	ADJA
8	3	Fürsten	NN	NN
8	4	und	KON	KON
8	5	Herren	NN	NN
8	6	.	$.	$.
9	1	durchleuchtige	NN	ADJA
9	2	/	$(	$(
9	3	hochgeborene	NN	ADJA
9	4	Fürsten	NN	NN
9	5	/	$(	$(
9	6	euren	NN	PPOSAT
9	7	fürstlichen	NN	ADJA
9	8	Gnaden	NN	NN
9	9	sind	VAFIN	VAFIN
9	10	meine	PPOSAT	PPOSAT
9	11	untertänigen	ADJA	ADJA
9	12	Dienste	NN	NN
9	13	jederzeit	ADV	ADV
9	14	ganz	ADV	ADV
9	15	willig	ADJD	ADJD
9	16	zuvor	ADV	ADV
9	17	:	$.	$.
10	1	gnädige	NN	ADJA
10	2	Fürsten	NN	NN
10	3	und	KON	KON
10	4	Herren	NN	NN
10	5	/	$(	$(
10	6	der	ART	ART
10	7	Engel	NE	NE
10	8	Raphael	NE	NE
10	9	sagt	VVFIN	VVFIN
10	10	im	APPRART	APPRART
10	11	Buch	NN	NN
10	12	Tobias	NE	NE
10	13	am	APPRART	APPRART
10	14	12.	ADJA	ADJA
10	15	Kapitel	NN	NN
10	16	/	$(	$(
10	17	der	ART	ART
10	18	Könige	NN	NN
10	19	und	KON	KON
10	20	Fürsten	NN	NN
10	21	Rat	NN	NN
10	22	und	KON	KON
10	23	Heimlichkeit	NN	NN
10	24	soll	VMFIN	VMFIN
10	25	man	PIS	PIS
10	26	verschweigen	VVINF	VVINF
10	27	/	$(	$(
10	28	aber	KON	KON
10	29	Gottes	NN	NN
10	30	Werk	NN	NN
10	31	soll	VMFIN	VMFIN
10	32	man	PIS	PIS
10	33	herrlich	ADJD	ADJD
10	34	preisen	VVFIN	VVINF
10	35	und	KON	KON
10	36	offenbaren	VVINF	VVINF
10	37	.	$.	$.
11	1	welches	PWS	PWS
11	2	ob	KOUS	KOUS
11	3	es	PPER	PPER
11	4	wohl	ADV	ADV
11	5	in	APPR	APPR
11	6	gemein	ADJD	ADJD
11	7	von	APPR	APPR
11	8	allen	PIAT	PIAT
11	9	Werken	NN	NN
11	10	und	KON	KON
11	11	Wohltaten	NN	NN
11	12	Gottes	NN	NN
11	13	/	$(	$(
11	14	sie	PPER	PPER
11	15	seien	VAINF	VAFIN
11	16	allgemein	ADJD	ADJD
11	17	oder	KON	KON
11	18	sonderbar	ADJD	ADJD
11	19	/	$(	$(
11	20	in	APPR	APPR
11	21	allen	PIAT	PIAT
11	22	Ständen	NN	NN
11	23	geredet	VVPP	VVPP
11	24	wird	VAFIN	VAFIN
11	25	/	$(	$(
11	26	so	ADV	ADV
11	27	kann	VMFIN	VMFIN
11	28	es	PPER	PPER
11	29	doch	ADV	ADV
11	30	nicht	PTKNEG	PTKNEG
11	31	unbillig	ADJD	ADJD
11	32	auch	ADV	ADV
11	33	insonderheit	ADV	NN
11	34	auf	APPR	APPR
11	35	diese	PDAT	PDAT
11	36	Werke	NN	NN
11	37	und	KON	KON
11	38	Gaben	NN	NN
11	39	Gottes	NN	NN
11	40	gezogen	VVPP	VVPP
11	41	werden	VAINF	VAINF
11	42	/	$(	$(
11	43	welche	PWAT	PRELS
11	44	zu	PTKZU	APPR
11	45	Erlangung	NN	NN
11	46	und	KON	KON
11	47	Erhaltung	NN	NN
11	48	der	ART	ART
11	49	Gesundheit	NN	NN
11	50	des	ART	ART
11	51	Menschen	NN	NN
11	52	ersprießlich	ADJD	ADJD
11	53	seien	VAINF	VAFIN
11	54	/	$(	$(
11	55	inmassen	KOUS	NN
11	56	denn	KON	KON
11	57	der	ART	ART
11	58	Engel	NE	NN
11	59	Raphael	NE	NE
11	60	eben	ADV	ADV
11	61	daher	PAV	PAV
11	62	seinen	PPOSAT	PPOSAT
11	63	Namen	NN	NN
11	64	hat	VAFIN	VAFIN
11	65	/	$(	$(
11	66	dass	KOUS	KOUS
11	67	er	PPER	PPER
11	68	ein	ART	ART
11	69	Arzt	NN	NN
11	70	Gottes	NN	NN
11	71	genannt	VVPP	VVPP
11	72	wird	VAFIN	VAFIN
11	73	/	$(	$(
11	74	auch	ADV	ADV
11	75	solchen	PIAT	PIAT
11	76	seinen	PPOSAT	PPOSAT
11	77	Namen	NN	NN
11	78	in	APPR	APPR
11	79	der	ART	ART
11	80	Historie	NN	NN
11	81	Tobias	NE	NE
11	82	auf	APPR	APPR
11	83	viele	ADV	PIAT
11	84	Wege	NN	NN
11	85	in	APPR	APPR
11	86	der	ART	ART
11	87	Tat	NN	NN
11	88	erwiesen	VVPP	VVPP
11	89	.	$.	$.
12	1	geht	VVFIN	VVFIN
12	2	demnach	PAV	ADV
12	3	allhier	ADV	ADJA
12	4	der	ART	ART
12	5	Engel	NE	NN
12	6	Raphael	NE	NE
12	7	allen	PIAT	PIAT
12	8	christlichen	ADJA	ADJA
12	9	Ärzten	NN	NN
12	10	mit	APPR	APPR
12	11	gutem	ADJA	ADJA
12	12	Exempel	NN	NN
12	13	für	APPR	APPR
12	14	/	$(	$(
12	15	dieselben	PDAT	PDS
12	16	dadurch	PAV	PAV
12	17	anzumahnen	VVIZU	VVIZU
12	18	/	$(	$(
12	19	dass	KOUS	KOUS
12	20	sie	PPER	PPER
12	21	Gottes	NN	NN
12	22	milde	ADJA	ADJA
12	23	reiche	VVFIN	ADJA
12	24	Güte	NN	NN
12	25	in	APPR	APPR
12	26	Offenbarung	NN	NN
12	27	und	KON	KON
12	28	Ausbreitung	NN	NN
12	29	vieler	PIAT	PIAT
12	30	heilsamer	ADJA	ADJA
12	31	/	$(	$(
12	32	und	KON	KON
12	33	zur	APPRART	APPRART
12	34	Gesundheit	NN	NN
12	35	dienlicher	ADJA	ADJA
12	36	Mittel	NN	NN
12	37	/	$(	$(
12	38	so	ADV	ADV
12	39	viel	ADV	ADV
12	40	immer	ADV	ADV
12	41	müglich	ADJD	ADJD
12	42	/	$(	$(
12	43	rühmen	VVINF	VVFIN
12	44	/	$(	$(
12	45	loben	VVFIN	VVFIN
12	46	und	KON	KON
12	47	preisen	VVFIN	VVFIN
12	48	.	$.	$.
13	1	dazu	PAV	PAV
13	2	auch	ADV	ADV
13	3	der	ART	ART
13	4	weise	VVFIN	ADJA
13	5	Man	PIS	NN
13	6	Jesus	NE	NE
13	7	Sirach	NE	NE
13	8	/	$(	$(
13	9	welcher	PWAT	PWS
13	10	in	APPR	APPR
13	11	seinem	PPOSAT	PPOSAT
13	12	Buch	NN	NN
13	13	den	ART	ART
13	14	Arzt	NN	NN
13	15	und	KON	KON
13	16	die	ART	ART
13	17	Arznei	NN	NN
13	18	als	KOKOM	KOKOM
13	19	von	APPR	APPR
13	20	Gott	NN	NN
13	21	geschaffen	VVPP	VVPP
13	22	/	$(	$(
13	23	hoch	ADJD	ADJD
13	24	rühmt	VVFIN	VVFIN
13	25	/	$(	$(
13	26	und	KON	KON
13	27	ausdrücklich	ADJD	ADJD
13	28	anzeigt	VVFIN	VVFIN
13	29	/	$(	$(
13	30	dass	KOUS	KOUS
13	31	der	ART	ART
13	32	Herr	NN	NN
13	33	eben	ADV	ADV
13	34	darum	PAV	PAV
13	35	solche	PIAT	PIAT
13	36	Kunst	NN	NN
13	37	den	ART	ART
13	38	Menschen	NN	NN
13	39	gegeben	VVPP	VVPP
13	40	habe	VAFIN	VAFIN
13	41	/	$(	$(
13	42	dass	KOUS	KOUS
13	43	er	PPER	PPER
13	44	gepriesen	VVPP	VVPP
13	45	würde	VAFIN	VAFIN
13	46	in	APPR	APPR
13	47	seinen	PPOSAT	PPOSAT
13	48	Wundertaten	NN	NN
13	49	/	$(	$(
13	50	sie	PPER	PPER
13	51	und	KON	KON
13	52	alle	PIAT	PIAT
13	53	Christen	NN	NN
13	54	vermahnt	VVFIN	VVPP
13	55	/	$(	$(
13	56	in	APPR	APPR
13	57	dem	ART	ART
13	58	er	PPER	PPER
13	59	sagt	VVFIN	VVFIN
13	60	am	APPRART	APPRART
13	61	drei	CARD	CARD
13	62	und	KON	KON
13	63	vierzigsten	ADJA	ADJA
13	64	Kapitel	NN	NN
14	1	lobt	VVFIN	VVFIN
14	2	und	KON	KON
14	3	preist	VVFIN	VVFIN
14	4	den	ART	ART
14	5	Herrn	NN	NN
14	6	/	$(	$(
14	7	so	ADV	ADV
14	8	hoch	ADJD	ADJD
14	9	ihr	PPOSAT	PPER
14	10	vermögt	VVFIN	VVFIN
14	11	/	$(	$(
14	12	er	PPER	PPER
14	13	ist	VAFIN	VAFIN
14	14	doch	ADV	ADV
14	15	noch	ADV	ADV
14	16	höher	ADJD	ADJD
14	17	/	$(	$(
14	18	preist	NN	VVFIN
14	19	ihn	PPER	PPER
14	20	aus	APPR	APPR
14	21	allen	PIAT	PIAT
14	22	Kräften	NN	NN
14	23	/	$(	$(
14	24	und	KON	KON
14	25	lasst	VVFIN	VVFIN
14	26	nicht	PTKNEG	PTKNEG
14	27	ab	PTKVZ	PTKVZ
14	28	/	$(	$(
14	29	noch	ADV	ADV
14	30	werdet	VAFIN	VAFIN
14	31	ihr	PPOSAT	PPER
14	32	es	PPER	PPER
14	33	nicht	PTKNEG	PTKNEG
14	34	erreichen	VVINF	VVFIN
14	35	et cetera	ADV	FM
15	1	wir	PPER	PPER
15	2	sehen	VVINF	VVFIN
15	3	seiner	PPOSAT	PPOSAT
15	4	Werke	NN	NN
15	5	das	ART	ART
15	6	Wenigste	ADJA	NN
15	7	/	$(	$(
15	8	denn	KON	KON
15	9	viel	ADV	ADV
15	10	größere	ADJA	ADJA
15	11	sind	VAFIN	VAFIN
15	12	uns	PPER	PRF
15	13	noch	ADV	ADV
15	14	verborgen	VVPP	VVPP
15	15	.	$.	$.
16	1	wann	PWAV	PWAV
16	2	dann	ADV	ADV
16	3	unter	APPR	APPR
16	4	solchen	PIAT	PIAT
16	5	heilsamen	ADJA	ADJA
16	6	/	$(	$(
16	7	und	KON	KON
16	8	zur	APPRART	APPRART
16	9	Gesundheit	NN	NN
16	10	dienlichen	ADJA	ADJA
16	11	Werken	NN	NN
16	12	und	KON	KON
16	13	Geschöpfen	NN	NN
16	14	Gottes	NN	NN
16	15	nicht	PTKNEG	PTKNEG
16	16	die	ART	ART
16	17	wenigsten	PIAT	PIS
16	18	sind	VAFIN	VAFIN
16	19	die	ART	ART
16	20	warmen	NN	ADJA
16	21	Bäder	NN	NN
16	22	/	$(	$(
16	23	Sauer	NN	NE
16	24	und	KON	KON
16	25	andere	ADJA	PIS
16	26	Brunnen	NN	NN
16	27	/	$(	$(
16	28	welche	PWAT	PRELS
16	29	allerlei	PIAT	PIAT
16	30	Mineralien	NN	NN
16	31	und	KON	KON
16	32	Bergarten	NN	NN
16	33	/	$(	$(
16	34	so	ADV	ADV
16	35	sie	PPER	PPER
16	36	führen	VVINF	VVINF
16	37	/	$(	$(
16	38	und	KON	KON
16	39	damit	PAV	PAV
16	40	vermengt	VVFIN	VVPP
16	41	seien	VAINF	VAFIN
16	42	/	$(	$(
16	43	Kraft	NN	NN
16	44	und	KON	KON
16	45	Wirkung	NN	NN
16	46	an	APPR	APPR
16	47	sich	PRF	PRF
16	48	haben	VAFIN	VAFIN
16	49	/	$(	$(
16	50	ist	VAFIN	VAFIN
16	51	es	PPER	PPER
16	52	billig	ADJD	ADJD
16	53	und	KON	KON
16	54	christlich	ADJD	ADJD
16	55	/	$(	$(
16	56	dass	KOUS	KOUS
16	57	alle	PIAT	PIAT
16	58	gottfürchtigen	NE	ADJA
16	59	Ärzte	NN	NN
16	60	Gott	NN	NN
16	61	dem	ART	ART
16	62	Schöpfer	NN	NN
16	63	zu	PTKZU	APPR
16	64	Ehren	NN	NN
16	65	denselben	PDAT	PDS
16	66	nachdenken	VVINF	VVINF
16	67	/	$(	$(
16	68	fleißig	ADJD	ADJD
16	69	erforschen	VVINF	VVINF
16	70	und	KON	KON
16	71	dartun	VVINF	VVFIN
16	72	/	$(	$(
16	73	was	PWS	PWS
16	74	sie	PPER	PPER
16	75	für	APPR	APPR
16	76	Art	NN	NN
16	77	und	KON	KON
16	78	Eigenschaft	NN	NN
16	79	an	APPR	APPR
16	80	sich	PRF	PRF
16	81	haben	VAFIN	VAFIN
16	82	/	$(	$(
16	83	wozu	PWAV	PWAV
16	84	sie	PPER	PPER
16	85	dienen	VVINF	VVFIN
16	86	/	$(	$(
16	87	woher	PWAV	PWAV
16	88	sie	PPER	PPER
16	89	ihre	PPOSAT	PPOSAT
16	90	Kraft	NN	NN
16	91	haben	VAFIN	VAFIN
16	92	/	$(	$(
16	93	und	KON	KON
16	94	welcher	PWAT	PWS
16	95	Gestalt	NN	NN
16	96	sie	PPER	PPER
16	97	fruchtbarlich	ADJD	ADJD
16	98	zu	PTKZU	PTKZU
16	99	gebrauchen	VVINF	VVINF
16	100	.	$.	$.
17	1	und	KON	KON
17	2	dieweil	KOUS	ADV
17	3	dieses	PDAT	PDAT
17	4	Jahr	NN	NN
17	5	ein	ART	ART
17	6	solcher	PIAT	PIAT
17	7	heilsamer	ADJA	ADJA
17	8	Brunnen	NN	NN
17	9	im	APPRART	APPRART
17	10	Lande	NN	NN
17	11	zu	PTKZU	APPR
17	12	Meißen	NE	NE
17	13	/	$(	$(
17	14	dessen	PDS	PRELAT
17	15	man	PIS	PIS
17	16	eine	ART	ART
17	17	Zeit	NN	NN
17	18	her	APZR	APZR
17	19	nicht	PTKNEG	PTKNEG
17	20	geachtet	VVPP	VVPP
17	21	/	$(	$(
17	22	wiederum	ADV	ADV
17	23	in	APPR	APPR
17	24	Beruf	NN	NN
17	25	kommen	VVFIN	VVINF
17	26	/	$(	$(
17	27	habe	VAFIN	VAFIN
17	28	ich	PPER	PPER
17	29	zwar	ADV	ADV
17	30	bald	ADV	ADV
17	31	anfänglich	ADJD	ADJD
17	32	dem	ART	ART
17	33	selben	ADJA	PDS
17	34	nachgeforscht	VVPP	VVPP
17	35	/	$(	$(
17	36	seinen	PPOSAT	PPOSAT
17	37	Halt	NN	NN
17	38	und	KON	KON
17	39	Mineram	NN	NE
17	40	/	$(	$(
17	41	so	ADV	ADV
17	42	viel	ADV	ADV
17	43	abwesend	ADJD	ADJD
17	44	geschehen	VVPP	VVINF
17	45	können	VMFIN	VMINF
17	46	/	$(	$(
17	47	probiert	VVFIN	VVFIN
17	48	/	$(	$(
17	49	aber	KON	ADV
17	50	lange	ADV	ADV
17	51	Zeit	NN	NN
17	52	in	APPR	APPR
17	53	Hoffnung	NN	NN
17	54	gestanden	VVPP	VVPP
17	55	/	$(	$(
17	56	es	PPER	PPER
17	57	würde	VAFIN	VAFIN
17	58	jemand	PIS	PIS
17	59	anderes	ADV	PIS
17	60	/	$(	$(
17	61	welcher	PWAT	PWS
17	62	mehr	ADV	PIAT
17	63	Berufs	NN	NN
17	64	und	KON	KON
17	65	Ansehens	NN	NN
17	66	hätte	VAFIN	VAFIN
17	67	/	$(	$(
17	68	sich	PRF	PRF
17	69	der	ART	ART
17	70	Sache	NN	NN
17	71	unterwinden	VVINF	VVINF
17	72	/	$(	$(
17	73	und	KON	KON
17	74	in	APPR	APPR
17	75	offenem	ADJA	ADJA
17	76	Druck	NN	NN
17	77	seine	PPOSAT	PPOSAT
17	78	Natur	NN	NN
17	79	/	$(	$(
17	80	Kraft	NN	NN
17	81	/	$(	$(
17	82	Wirkung	NN	NN
17	83	und	KON	KON
17	84	Gebrauch	NN	NN
17	85	/	$(	$(
17	86	menniglichen	ADJA	ADJA
17	87	zu	PTKZU	PTKA
17	88	gute	ADJD	ADJA
17	89	an	APPR	APPR
17	90	Tag	NN	NN
17	91	geben	VVINF	VVINF
17	92	.	$.	$.
18	1	weil	KOUS	KOUS
18	2	ich	PPER	PPER
18	3	aber	ADV	ADV
18	4	bis	VVFIN	KON
18	5	daher	PAV	PAV
18	6	vergeblich	ADJD	ADJD
18	7	gehofft	VVPP	VVPP
18	8	/	$(	$(
18	9	und	KON	KON
18	10	gleichwohl	ADV	ADV
18	11	von	APPR	APPR
18	12	vielen	PIAT	PIAT
18	13	gutherzigen	ADJA	ADJA
18	14	Leuten	NN	NN
18	15	/	$(	$(
18	16	was	PWS	PRELS
18	17	ich	PPER	PPER
18	18	davon	PAV	PAV
18	19	hielte	VVFIN	VVFIN
18	20	/	$(	$(
18	21	oft	ADV	ADV
18	22	und	KON	KON
18	23	vielmals	ADV	ADV
18	24	ersucht	VVFIN	VVPP
18	25	und	KON	KON
18	26	angelangt	VVFIN	VVPP
18	27	worden	VAPP	VAPP
18	28	/	$(	$(
18	29	habe	NN	VAFIN
18	30	ich	PPER	PPER
18	31	mich	PPER	PRF
18	32	endlich	ADV	ADV
18	33	aus	APPR	APPR
18	34	Ursachen	NN	NN
18	35	/	$(	$(
18	36	so	ADV	ADV
18	37	ich	PPER	PPER
18	38	im	APPRART	APPRART
18	39	Eingange	NN	NN
18	40	dieses	PDAT	PDAT
18	41	Traktätleins	NN	NN
18	42	erzähle	VVFIN	VVFIN
18	43	/	$(	$(
18	44	solches	PIAT	PIAT
18	45	Werks	NN	NN
18	46	unterfangen	NN	VVINF
18	47	/	$(	$(
18	48	und	KON	KON
18	49	meine	PPOSAT	PPOSAT
18	50	Meinung	NN	NN
18	51	hiervon	PAV	PAV
18	52	in	APPR	APPR
18	53	diesem	PDAT	PDAT
18	54	Traktätlein	NN	NN
18	55	kurz	ADJD	ADJD
18	56	begriffen	VVPP	VVPP
18	57	.	$.	$.
19	1	welches	PWS	PWS
19	2	euren	NN	PPOSAT
19	3	fürstlichen	NE	ADJA
20	1	Gnaden	NN	NN
20	2	um	APPR	PTKVZ
20	3	desto	ADV	KON
20	4	mehrers	PIAT	ADJA
20	5	Ansehens	NN	NN
20	6	Willen	NN	APPO
20	7	/	$(	$(
20	8	ich	PPER	PPER
20	9	in	APPR	APPR
20	10	Untertänigkeit	NN	NN
20	11	hiermit	PAV	PAV
20	12	dediziere	VVFIN	VVFIN
20	13	und	KON	KON
20	14	zuschreibe	VVFIN	VVFIN
20	15	/	$(	$(
20	16	untertänig	ADJD	ADJD
20	17	bittend	ADJA	ADJD
20	18	/	$(	$(
20	19	solch	PIAT	PIAT
20	20	geringfügiges	ADJD	ADJA
20	21	Werk	NN	NN
20	22	in	APPR	APPR
20	23	Gnaden	NN	NN
20	24	von	APPR	APPR
20	25	mir	PPER	PRF
20	26	auf-	APPR	TRUNC
20	27	und	KON	KON
20	28	anzunehmen	VVIZU	VVIZU
20	29	/	$(	$(
20	30	und	KON	KON
20	31	meine	PPOSAT	PPOSAT
20	32	gnädige	ADJA	ADJA
20	33	Fürsten	NN	NN
20	34	und	KON	KON
20	35	Herren	NN	NN
20	36	zu	PTKZU	PTKZU
20	37	sein	VAINF	VAINF
20	38	und	KON	KON
20	39	zu	PTKZU	PTKZU
20	40	bleiben	VVINF	VVINF
20	41	.	$.	$.
21	1	das	ART	PDS
21	2	bin	VAFIN	VAFIN
21	3	um	APPR	APPR
21	4	eure	NN	PPOSAT
21	5	fürstliche	NE	ADJA
21	6	Gnaden	NN	NN
21	7	ich	PPER	PPER
21	8	mit	APPR	APPR
21	9	meinem	PPOSAT	PPOSAT
21	10	andächtigem	ADJA	ADJA
21	11	Gebet	NN	NN
21	12	um	APPR	APPR
21	13	dero	PRELAT	ADJA
21	14	beständige	ADJA	ADJA
21	15	Gesundheit	NN	NN
21	16	/	$(	$(
21	17	langes	ADJA	ADJA
21	18	Leben	NN	NN
21	19	/	$(	$(
21	20	und	KON	KON
21	21	alle	PIAT	PIAT
21	22	gedeihliche	NE	ADJA
21	23	Wohlfahrt	NN	NN
21	24	/	$(	$(
21	25	beneben	APPR	VVFIN
21	26	meinen	VVFIN	PPOSAT
21	27	untertänigen	ADJA	ADJA
21	28	/	$(	$(
21	29	wiewohl	KOUS	KOUS
21	30	geringen	ADJA	ADJA
21	31	Diensten	NN	NN
21	32	zu	PTKZU	PTKZU
21	33	verdienen	VVFIN	VVINF
21	34	/	$(	$(
21	35	in	APPR	APPR
21	36	Untertänigkeit	NN	NN
21	37	ganz	ADV	ADV
21	38	willig	ADJD	ADJD
21	39	.	$.	$.
22	1	Datum	NN	NN
22	2	zur	APPRART	APPRART
22	3	Neustadt	NN	NN
22	4	an	APPR	APPR
22	5	der	ART	ART
22	6	Orla	NE	NN
22	7	/	$(	$(
22	8	am	APPRART	APPRART
22	9	Tage	NN	NN
22	10	Michaelis	NE	NE
22	11	/	$(	$(
22	12	1608	CARD	ADJA
22	13	.	$.	$.
22	14	eurer	PPOSAT	PPOSAT
22	15	fürstlichen	NN	ADJA
22	16	Gnaden	NN	NN
22	17	untertäniger	NN	ADJA
22	18	M.	NE	NE
22	19	Johannes	NE	NE
22	20	Philippus	NE	NE
22	21	Brendel	NE	NE
22	22	/	$(	$(
22	23	jetzt	ADV	ADV
22	24	Medikus	NN	NN
22	25	daselbst	PAV	ADV
22	26	 .	$.	$.
22	27	so	ADV	ADV
22	28	weit	ADJD	ADJD
22	29	und	KON	KON
22	30	breit	ADJD	ADJD
22	31	nicht	PTKNEG	PTKNEG
22	32	allein	ADV	ADV
22	33	in	APPR	APPR
22	34	dieser	PDAT	PDAT
22	35	Gegend	NN	NN
22	36	/	$(	$(
22	37	sondern	KON	KON
22	38	auch	ADV	ADV
22	39	fast	ADV	ADV
22	40	im	APPRART	APPRART
22	41	ganzen	ADJA	ADJA
22	42	Deutschen	ADJA	NN
22	43	/	$(	$(
22	44	auch	ADV	ADV
22	45	wohl	ADV	ADV
22	46	anderen	ADJA	PIS
22	47	Ländern	NN	NN
22	48	der	ART	ART
22	49	neuerfundene	ADJA	ADJA
22	50	/	$(	$(
22	51	oder	KON	KON
22	52	jetzo	ADV	ADJD
22	53	aufs	APPRART	APPRART
22	54	Neue	ADJD	NN
22	55	ausgeschriene	ADJA	ADJA
22	56	und	KON	KON
22	57	berühmte	ADJA	ADJA
22	58	Brunnen	NN	NN
22	59	in	APPR	APPR
22	60	Meißen	NE	NE
22	61	/	$(	$(
22	62	bei	APPR	APPR
22	63	der	ART	ART
22	64	Zwönitz	NN	NN
22	65	gelegen	VVPP	VVPP
22	66	/	$(	$(
22	67	bekannt	ADJD	ADJD
22	68	ist	VAFIN	VAFIN
22	69	/	$(	$(
22	70	so	ADV	ADV
22	71	sehr	ADV	ADV
22	72	wundert	VVFIN	VVFIN
22	73	mich	PPER	PRF
22	74	/	$(	$(
22	75	das	ART	PRELS
22	76	sich	PRF	PRF
22	77	noch	ADV	ADV
22	78	zur	APPRART	APPRART
22	79	Zeit	NN	NN
22	80	niemand	PIS	PIS
22	81	/	$(	$(
22	82	welcher	PWAT	PWS
22	83	von	APPR	APPR
22	84	seiner	PPOSAT	PPOSAT
22	85	Natur	NN	NN
22	86	und	KON	KON
22	87	Gebrauch	NN	NN
22	88	etwas	PIS	PIAT
22	89	Gründliches	ADJA	NN
22	90	in	APPR	APPR
22	91	Druck	NN	NN
22	92	verfertigt	VVFIN	VVFIN
22	93	/	$(	$(
22	94	gefunden	VVFIN	VVPP
22	95	.	$.	$.
23	1	zwar	ADV	ADV
23	2	ich	PPER	PPER
23	3	muss	VMFIN	VMFIN
23	4	selber	ADV	ADV
23	5	bekennen	VVFIN	VVINF
23	6	/	$(	$(
23	7	dass	KOUS	KOUS
23	8	ich	PPER	PPER
23	9	viel	ADV	ADV
23	10	lieber	ADV	ADJD
23	11	einen	ART	ART
23	12	anderen	ADJA	PIS
23	13	/	$(	$(
23	14	welcher	PWAT	PWS
23	15	davon	PAV	PAV
23	16	seine	PPOSAT	PPOSAT
23	17	Meinung	NN	NN
23	18	an	APPR	APPR
23	19	Tag	NN	NN
23	20	gegeben	VVPP	VVPP
23	21	hätte	VAFIN	VAFIN
23	22	/	$(	$(
23	23	lesen	VVINF	VVINF
23	24	wollte	VMFIN	VMFIN
23	25	/	$(	$(
23	26	als	KOKOM	KON
23	27	dass	KOUS	KOUS
23	28	ich	PPER	PPER
23	29	hiervon	PAV	PAV
23	30	etwas	PIS	ADV
23	31	schreiben	VVINF	VVINF
23	32	und	KON	KON
23	33	in	APPR	APPR
23	34	Druck	NN	NN
23	35	gehen	VVINF	VVINF
23	36	lassen	VVINF	VVINF
23	37	soll	VMFIN	VMFIN
23	38	/	$(	$(
23	39	besonders	ADV	ADV
23	40	jetziger	ADJA	ADJA
23	41	Zeit	NN	NN
23	42	Gelegenheit	NN	NN
23	43	nach	APPR	PTKVZ
23	44	/	$(	$(
23	45	da	ADV	KOUS
23	46	man	PIS	PIS
23	47	wenige	PIS	PIAT
23	48	Leute	NN	NN
23	49	findet	VVFIN	VVFIN
23	50	/	$(	$(
23	51	die	ART	PRELS
23	52	eines	ART	ART
23	53	anderen	ADJA	PIAT
23	54	Arbeit	NN	NN
23	55	in	APPR	APPR
23	56	Gutem	ADJA	NN
23	57	/	$(	$(
23	58	wie	KOKOM	KOUS
23	59	sie	PPER	PPER
23	60	gemeint	VVPP	ADJD
23	61	aufnehmen	VVINF	VVINF
23	62	/	$(	$(
23	63	hergegen	ADV	VVFIN
23	64	aber	ADV	ADV
23	65	so	ADV	ADV
23	66	viele	ADV	PIAT
23	67	Schmeißhummeln	NN	NN
23	68	und	KON	KON
23	69	Momi	NN	NE
23	70	haufenweise	ADV	ADJD
23	71	/	$(	$(
23	72	wie	KOKOM	KOUS
23	73	die	ART	ART
23	74	Staren	NN	NN
23	75	/	$(	$(
23	76	sich	PRF	PRF
23	77	finden	VVINF	VVINF
23	78	/	$(	$(
23	79	welche	PWAT	PRELS
23	80	/	$(	$(
23	81	wenn	KOUS	KOUS
23	82	sie	PPER	PPER
23	83	gleich	ADV	ADJD
23	84	für	APPR	APPR
23	85	sich	PRF	PRF
23	86	selbst	ADV	ADV
23	87	nichts	PIS	PIAT
23	88	Gutes	NN	NN
23	89	tun	VVINF	VVINF
23	90	/	$(	$(
23	91	doch	ADV	KON
23	92	alles	PIS	PIS
23	93	/	$(	$(
23	94	was	PWS	PRELS
23	95	ihnen	PPER	PPER
23	96	unter	APPR	APPR
23	97	ihre	PPOSAT	PPOSAT
23	98	Krallen	NN	NN
23	99	kommt	VVFIN	VVFIN
23	100	/	$(	$(
23	101	es	PPER	PPER
23	102	sei	VAFIN	VAFIN
23	103	so	ADV	ADV
23	104	gut	ADJD	ADJD
23	105	oder	KON	KON
23	106	doch	ADV	ADV
23	107	wohlgemeint	ADJD	ADJD
23	108	es	PPER	PPER
23	109	immer	ADV	ADV
23	110	wolle	VMFIN	VMFIN
23	111	/	$(	$(
23	112	tadeln	VVINF	VVINF
23	113	und	KON	KON
23	114	vernichten	VVINF	VVINF
23	115	.	$.	$.
24	1	dessen	PDS	PDS
24	2	aber	ADV	ADV
24	3	ungeachtet	APPR	APPR
24	4	/	$(	$(
24	5	dieweil	KOUS	ADV
24	6	gleichwohl	ADV	ADV
24	7	allerlei	PIAT	PIAT
24	8	Ungelegenheiten	NN	NN
24	9	aus	APPR	APPR
24	10	Mangel	NN	NN
24	11	eines	ART	ART
24	12	gründlichen	ADJA	ADJA
24	13	Berichts	NN	NN
24	14	von	APPR	APPR
24	15	dieses	PDAT	PDAT
24	16	Brunnens	NN	NN
24	17	Natur	NN	NN
24	18	/	$(	$(
24	19	Wirkung	NN	NN
24	20	und	KON	KON
24	21	nützlichem	ADJA	ADJA
24	22	Brauch	NN	NN
24	23	entstehen	VVINF	VVINF
24	24	/	$(	$(
24	25	in	APPR	APPR
24	26	dem	ART	ART
24	27	der	ART	ART
24	28	gemeine	ADJA	ADJA
24	29	Mann	PIS	NN
24	30	eine	ART	ART
24	31	Panacaeam	NE	NN
24	32	daraus	PAV	PAV
24	33	machen	VVINF	VVINF
24	34	/	$(	$(
24	35	und	KON	KON
24	36	dafür	PAV	PAV
24	37	halten	VVINF	VVINF
24	38	will	VMFIN	VMFIN
24	39	/	$(	$(
24	40	dass	KOUS	KOUS
24	41	er	PPER	PPER
24	42	alle	PIAT	PIAT
24	43	Krankheiten	NN	NN
24	44	heile	ADJA	VVFIN
24	45	/	$(	$(
24	46	welches	PWS	PWS
24	47	/	$(	$(
24	48	dieweil	KOUS	KOUS
24	49	es	PPER	PPER
24	50	nicht	PTKNEG	PTKNEG
24	51	geschieht	VVFIN	VVFIN
24	52	/	$(	$(
24	53	nicht	PTKNEG	PTKNEG
24	54	allein	ADV	ADV
24	55	die	ART	ART
24	56	Zehrung	NN	NN
24	57	oder	KON	KON
24	58	Fuhrlohn	NN	NN
24	59	umsonst	ADV	ADV
24	60	angewendet	VVPP	VVPP
24	61	/	$(	$(
24	62	welches	PRELS	PWS
24	63	noch	ADV	ADV
24	64	zu	PTKZU	PTKZU
24	65	vergessen	VVPP	VVINF
24	66	wäre	VAFIN	VAFIN
24	67	/	$(	$(
24	68	sondern	KON	KON
24	69	auch	ADV	ADV
24	70	viele	ADV	PIAT
24	71	Leute	NN	NN
24	72	sich	PRF	PRF
24	73	damit	PAV	PAV
24	74	verderben	VVFIN	VVINF
24	75	/	$(	$(
24	76	wie	KOKOM	KOUS
24	77	ich	PPER	PPER
24	78	selbst	ADV	ADV
24	79	weiß	VVFIN	VVFIN
24	80	/	$(	$(
24	81	dass	KOUS	KOUS
24	82	etliche	PIAT	PIS
24	83	/	$(	$(
24	84	so	ADV	ADV
24	85	diesen	PDAT	PDAT
24	86	Brunnen	NN	NN
24	87	gebraucht	VVPP	VVPP
24	88	/	$(	$(
24	89	Hauptwehtage	NN	NN
24	90	/	$(	$(
24	91	Reißen	NN	NN
24	92	in	APPR	APPR
24	93	Gliedern	NN	NN
24	94	/	$(	$(
24	95	Convulsiones	NE	NN
24	96	und	KON	KON
24	97	andere	ADJA	PIS
24	98	Beschwerung	NN	NN
24	99	davon	PAV	PAV
24	100	erregt	VVPP	VVPP
24	101	/	$(	$(
24	102	und	KON	KON
24	103	derowegen	ADV	ADJA
24	104	Arznei	NN	NN
24	105	brauchen	VVFIN	VVINF
24	106	müssen	VMFIN	VMINF
24	107	.	$.	$.
25	1	dadurch	PAV	PAV
25	2	denn	KON	ADV
25	3	ferner	ADV	ADJD
25	4	Ursache	NN	NN
25	5	und	KON	KON
25	6	Anlass	NN	NN
25	7	gegeben	VVINF	VVPP
25	8	wird	VAFIN	VAFIN
25	9	/	$(	$(
25	10	das	ART	PRELS
25	11	dieser	PDAT	PDAT
25	12	Brunnen	NN	NN
25	13	/	$(	$(
25	14	welcher	PWAT	PWS
25	15	in	APPR	APPR
25	16	gewissen	ADJA	ADJA
25	17	Krankheiten	NN	NN
25	18	/	$(	$(
25	19	und	KON	KON
25	20	auf	APPR	APPR
25	21	gewisse	ADJA	ADJA
25	22	Maß	NN	NN
25	23	und	KON	KON
25	24	Weise	NN	NN
25	25	gebraucht	VVPP	VVPP
25	26	/	$(	$(
25	27	eine	ART	ART
25	28	sonderliche	ADJA	ADJA
25	29	Gabe	NN	NN
25	30	/	$(	$(
25	31	Werk	NN	NN
25	32	und	KON	KON
25	33	Geschöpf	NN	$.
25	34	Gottes	NN	NN
25	35	ist	VAFIN	VAFIN
25	36	/	$(	$(
25	37	von	APPR	APPR
25	38	vielen	PIAT	PIAT
25	39	vernichtet	VVPP	VVPP
25	40	/	$(	$(
25	41	ja	ADV	ADV
25	42	wohl	ADV	ADV
25	43	für	APPR	APPR
25	44	schädlich	ADJD	ADJD
25	45	und	KON	KON
25	46	giftig	ADJD	ADJD
25	47	ausgeschrien	VVPP	VVPP
25	48	wird	VAFIN	VAFIN
25	49	.	$.	$.
26	1	zu	APPR	APPR
26	2	dem	ART	ART
26	3	auch	ADV	ADV
26	4	allen	PIAT	PIAT
26	5	Medizis	NE	NN
26	6	,	$,	$,
26	7	ja	ADV	ADV
26	8	allen	PIAT	PIAT
26	9	Physicis	NE	NN
26	10	oder	KON	KON
26	11	Naturkündigern	NN	NN
26	12	obliegen	VVINF	VVINF
26	13	und	KON	KON
26	14	gebühren	VVINF	VVINF
26	15	will	VMFIN	VMFIN
26	16	/	$(	$(
26	17	darob	PAV	NN
26	18	zu	PTKZU	PTKZU
26	19	sein	VAINF	VAINF
26	20	/	$(	$(
26	21	dass	KOUS	KOUS
26	22	dieses	PDAT	PDAT
26	23	so	ADV	ADV
26	24	weit	ADJD	ADJD
26	25	und	KON	KON
26	26	hochberühmten	ADJA	ADJA
26	27	Brunnens	NN	NN
26	28	Art	NN	NN
26	29	und	KON	KON
26	30	Eigenschaft	NN	NN
26	31	nicht	PTKNEG	PTKNEG
26	32	verborgen	VVPP	ADJD
26	33	bleibe	VVFIN	VVFIN
26	34	/	$(	$(
26	35	sondern	KON	KON
26	36	erkundigt	VVFIN	VVFIN
26	37	/	$(	$(
26	38	und	KON	KON
26	39	/	$(	$(
26	40	wie	KOKOM	KOKOM
26	41	männiglich	ADJD	ADJD
26	42	wünscht	VVFIN	VVFIN
26	43	/	$(	$(
26	44	hofft	VVFIN	VVFIN
26	45	/	$(	$(
26	46	und	KON	KON
26	47	mit	APPR	APPR
26	48	Verlangen	NN	NN
26	49	danach	PAV	PAV
26	50	wartet	VVFIN	VVFIN
26	51	/	$(	$(
26	52	ans	APPRART	APPRART
26	53	Licht	NN	NN
26	54	gebracht	VVFIN	VVPP
26	55	werde	VAFIN	VAFIN
26	56	:	$.	$.
27	1	als	KOKOM	KON
27	2	habe	VAFIN	VAFIN
27	3	ich	PPER	PPER
27	4	/	$(	$(
27	5	sonderlich	ADJD	ADJD
27	6	auf	APPR	APPR
27	7	vieler	PIAT	PIAT
27	8	vornehmer	ADJA	ADJA
27	9	und	KON	KON
27	10	gutherziger	ADJA	ADJA
27	11	Leute	NN	NN
27	12	Anhalten	VVINF	VVINF
27	13	/	$(	$(
27	14	kürzlich	ADV	ADJD
27	15	hiervon	PAV	PAV
27	16	meine	PPOSAT	PPOSAT
27	17	Meinung	NN	NN
27	18	/	$(	$(
27	19	so	ADV	ADV
27	20	gut	ADJD	ADJD
27	21	mir	PPER	PRF
27	22	es	PPER	PPER
27	23	unser	PPOSAT	PPOSAT
27	24	Herr	NN	NN
27	25	Gott	NN	NN
27	26	beschert	VVPP	VVFIN
27	27	/	$(	$(
27	28	niemands	PIS	PIS
27	29	vorgegriffen	VVPP	VVPP
27	30	/	$(	$(
27	31	öffentlich	ADJD	ADJD
27	32	dartun	VVINF	VVINF
27	33	wollen	VMFIN	VMFIN
27	34	.	$.	$.
28	1	welches	PWS	PWS
28	2	der	ART	ART
28	3	gutherzige	ADJA	ADJA
28	4	Leser	NN	NN
28	5	im	APPRART	APPRART
28	6	Besten	ADJA	NN
28	7	vormerken	VVINF	VVINF
28	8	/	$(	$(
28	9	und	KON	KON
28	10	da	ADV	KOUS
28	11	ich	PPER	PPER
28	12	verhoffentlich	ADJD	ADJD
28	13	den	ART	ART
28	14	Zweck	NN	NN
28	15	getroffen	VVPP	VVPP
28	16	/	$(	$(
28	17	ihm	PPER	PPER
28	18	meine	PPOSAT	PPOSAT
28	19	gutherzige	ADJA	ADJA
28	20	Wohlmeinung	NN	NN
28	21	gefallen	VVPP	VVPP
28	22	lassen	VVINF	VVINF
28	23	/	$(	$(
28	24	da	ADV	KOUS
28	25	er	PPER	PPER
28	26	aber	ADV	ADV
28	27	einer	ART	ART
28	28	anderen	ADJA	PIAT
28	29	Meinung	NN	NN
28	30	/	$(	$(
28	31	welche	PWAT	PRELS
28	32	bas	NN	NE
28	33	gegründet	VVPP	VVFIN
28	34	/	$(	$(
28	35	dieselbige	PDAT	ADJA
28	36	gemeines	ADJA	ADJA
28	37	Nutzens	NN	NN
28	38	halben	ADJA	ADJA
28	39	nicht	PTKNEG	PTKNEG
28	40	verhehlen	VVINF	VVINF
28	41	wolle	VMFIN	VMFIN
28	42	.	$.	$.
29	1	soll	VMFIN	VMFIN
29	2	als	KOKOM	KOKOM
29	3	dann	ADV	ADV
29	4	mir	PPER	PRF
29	5	genug	ADV	ADV
29	6	sein	VAINF	VAINF
29	7	/	$(	$(
29	8	dass	KOUS	KOUS
29	9	/	$(	$(
29	10	wo	PWAV	PWAV
29	11	ich	PPER	PPER
29	12	durch	APPR	APPR
29	13	diese	PDAT	PDAT
29	14	meine	PPOSAT	PPOSAT
29	15	/	$(	$(
29	16	wiewohl	KOUS	KOUS
29	17	geringschätzige	ADJA	ADJA
29	18	/	$(	$(
29	19	Arbeit	NN	NN
29	20	/	$(	$(
29	21	nichts	PIS	PIAT
29	22	anderes	ADV	PIS
29	23	ausgerichtet	VVPP	VVPP
29	24	und	KON	KON
29	25	erlangt	VVFIN	VVPP
29	26	/	$(	$(
29	27	doch	ADV	KON
29	28	anderen	ADJA	PIS
29	29	den	ART	ART
29	30	Sachen	NN	NN
29	31	weiter	ADV	PTKVZ
29	32	und	KON	KON
29	33	besser	ADJD	ADJD
29	34	nach	APPR	PTKVZ
29	35	zu	PTKZU	PTKZU
29	36	denken	VVINF	VVINF
29	37	/	$(	$(
29	38	und	KON	KON
29	39	die	ART	ART
29	40	Wahrheit	NN	NN
29	41	zu	PTKZU	PTKZU
29	42	erfinden	VVINF	VVINF
29	43	/	$(	$(
29	44	Ursache	NN	NN
29	45	und	KON	KON
29	46	Anleitung	NN	NN
29	47	gegeben	VVPP	VVPP
29	48	habe	VAFIN	VAFIN
29	49	.	$.	$.
30	1	will	VMFIN	VMFIN
30	2	demnach	PAV	ADV
30	3	im	APPRART	APPRART
30	4	Namen	NN	NN
30	5	Gottes	NN	NN
30	6	zum	APPRART	APPRART
30	7	Handel	NN	NN
30	8	schreiten	VVFIN	VVINF
30	9	/	$(	$(
30	10	und	KON	KON
30	11	erstlich	ADV	ADJD
30	12	von	APPR	APPR
30	13	der	ART	ART
30	14	Natur	NN	NN
30	15	/	$(	$(
30	16	Art	NN	NN
30	17	und	KON	KON
30	18	Eigenschaft	NN	NN
30	19	/	$(	$(
30	20	oder	KON	KON
30	21	Essentia	NN	NE
30	22	und	KON	KON
30	23	Minera	NN	NE
30	24	,	$,	$,
30	25	daher	PAV	PAV
30	26	dieser	PDAT	PDAT
30	27	Brunnen	NN	NN
30	28	seine	PPOSAT	PPOSAT
30	29	Kraft	NN	NN
30	30	hat	VAFIN	VAFIN
30	31	/	$(	$(
30	32	berichten	VVFIN	VVINF
30	33	/	$(	$(
30	34	zum	APPRART	APPRART
30	35	2.	ADJA	ADJA
30	36	/	$(	$(
30	37	was	PWS	PIS
30	38	von	APPR	APPR
30	39	der	ART	ART
30	40	Komplexion	NN	NN
30	41	oder	KON	KON
30	42	Temperamento	NE	NN
30	43	und	KON	KON
30	44	Qualitäten	NN	NN
30	45	dieses	PDAT	PDAT
30	46	Brunnens	NN	NN
30	47	andeuten	VVINF	VVINF
30	48	/	$(	$(
30	49	zum	APPRART	APPRART
30	50	3.	ADJA	ADJA
30	51	seine	PPOSAT	PPOSAT
30	52	Kraft	NN	NN
30	53	und	KON	KON
30	54	Wirkungen	NN	NN
30	55	/	$(	$(
30	56	so	ADV	ADV
30	57	viel	ADV	ADV
30	58	mir	PPER	PRF
30	59	dieselben	PDAT	PDS
30	60	wissend	ADJD	ADJD
30	61	/	$(	$(
30	62	erzählen	VVINF	VVINF
30	63	/	$(	$(
30	64	und	KON	KON
30	65	letztlich	ADV	ADV
30	66	von	APPR	APPR
30	67	seinem	PPOSAT	PPOSAT
30	68	rechtmäßigen	ADJA	ADJA
30	69	/	$(	$(
30	70	heilsamen	ADJA	ADJA
30	71	/	$(	$(
30	72	und	KON	KON
30	73	nützlichen	ADJA	ADJA
30	74	Gebrauch	NN	NN
30	75	/	$(	$(
30	76	kurze	ADJA	ADJA
30	77	Erinnerung	NN	NN
30	78	tun	VVINF	VVINF
30	79	.	$.	$.
31	1	das	ART	ART
31	2	erste	ADJA	ADJA
31	3	Kapitel	NN	NN
31	4	.	$.	$.
32	1	von	APPR	APPR
32	2	der	ART	ART
32	3	Natur	NN	NN
32	4	/	$(	$(
32	5	oder	KON	KON
32	6	Minera	NN	NE
32	7	und	KON	KON
32	8	Essentia	NN	NE
32	9	dieses	PDAT	PDAT
32	10	Brunnens	NN	NN
32	11	.	$.	$.
33	1	anfänglich	ADJD	ADJD
33	2	wann	PWAV	PWAV
33	3	ein	ART	ART
33	4	Wasser	NN	NN
33	5	entweder	KON	KON
33	6	stark	ADJD	ADJD
33	7	reucht	VVFIN	VVFIN
33	8	/	$(	$(
33	9	oder	KON	KON
33	10	ist	VAFIN	VAFIN
33	11	trübe	ADJA	ADJD
33	12	/	$(	$(
33	13	oder	KON	KON
33	14	salzig	NE	ADJD
33	15	/	$(	$(
33	16	oder	KON	KON
33	17	sonsten	ADV	ADV
33	18	eine	ART	ART
33	19	zur	APPRART	APPRART
33	20	Arznei	NN	NN
33	21	dienende	ADJA	ADJA
33	22	Kraft	NN	NN
33	23	hat	VAFIN	VAFIN
33	24	/	$(	$(
33	25	so	ADV	ADV
33	26	heißt	VVFIN	VVFIN
33	27	es	PPER	PPER
33	28	der	ART	ART
33	29	fürnehme	ADJA	ADJA
33	30	Medikus	NN	NN
33	31	Galenus	NN	NE
33	32	recht	ADJD	ADJD
33	33	und	KON	KON
33	34	wohl	ADV	ADV
33	35	nicht	PTKNEG	PTKNEG
33	36	nur	ADV	ADV
33	37	schlecht	ADJD	ADJD
33	38	sondern	KON	KON
33	39	ein	ART	ART
33	40	vermischtes	ADJA	ADJA
33	41	Wasser	NN	NN
33	42	.	$.	$.
34	1	nun	ADV	ADV
34	2	ist	VAFIN	VAFIN
34	3	dieser	PDAT	PDAT
34	4	Brunnen	NN	NN
34	5	etwas	PIS	ADV
34	6	süßlicher	ADJA	ADJD
34	7	am	APPRART	APPRART
34	8	Geschmack	NN	NN
34	9	und	KON	KON
34	10	etwas	PIS	ADV
34	11	pfülentzschichter	NE	ADJD
34	12	/	$(	$(
34	13	dann	ADV	ADV
34	14	andere	ADJD	PIAT
34	15	gemeine	ADJD	ADJA
34	16	Wasser	NN	NN
34	17	/	$(	$(
34	18	und	KON	KON
34	19	an	APPR	APPR
34	20	der	ART	ART
34	21	Farbe	NN	NN
34	22	etwas	PIS	ADV
34	23	trüber	ADJD	ADJD
34	24	und	KON	KON
34	25	fast	ADV	ADV
34	26	einem	ART	ART
34	27	Molken	NN	NN
34	28	gleich	ADV	ADJD
34	29	/	$(	$(
34	30	wann	PWAV	PWAV
34	31	er	PPER	PPER
34	32	sich	PRF	PRF
34	33	nicht	PTKNEG	PTKNEG
34	34	abgeläutert	VVPP	VVPP
34	35	und	KON	KON
34	36	zu	PTKZU	APPR
34	37	Grunde	NN	NN
34	38	gesetzt	VVPP	VVPP
34	39	.	$.	$.
35	1	item	NN	ADV
35	2	wann	PWAV	PWAV
35	3	man	PIS	PIS
35	4	dessen	PDS	PDS
35	5	gleich	ADV	APPR
35	6	eine	ART	ART
35	7	gute	ADJA	ADJA
35	8	Notdurft	NN	NN
35	9	trinkt	VVFIN	VVFIN
35	10	/	$(	$(
35	11	so	ADV	ADV
35	12	fühlt	VVFIN	VVFIN
35	13	man	PIS	PIS
35	14	doch	ADV	ADV
35	15	in	APPR	APPR
35	16	Hypochondriis	NE	NN
35	17	und	KON	KON
35	18	Weichen	VVINF	NN
35	19	leichtlich	ADJD	ADV
35	20	keine	PIAT	PIAT
35	21	Beschwerung	NN	NN
35	22	oder	KON	KON
35	23	Blähung	NN	NN
35	24	davon	PAV	PTKVZ
35	25	.	$.	$.
36	1	zu	APPR	APPR
36	2	dem	ART	PDS
36	3	hält	VVFIN	VVFIN
36	4	er	PPER	PPER
36	5	sich	PRF	PRF
36	6	lange	ADV	ADV
36	7	/	$(	$(
36	8	dass	KOUS	KOUS
36	9	er	PPER	PPER
36	10	nicht	PTKNEG	PTKNEG
36	11	so	ADV	ADV
36	12	leichtlich	ADJD	ADV
36	13	stinkend	VVPP	ADJD
36	14	wird	VAFIN	VAFIN
36	15	.	$.	$.
37	1	letztlich	ADV	ADV
37	2	so	ADV	ADV
37	3	hat	VAFIN	VAFIN
37	4	er	PPER	PPER
37	5	/	$(	$(
37	6	wie	KOKOM	KOUS
37	7	die	ART	ART
37	8	Erfahrung	NN	NN
37	9	zeugt	VVFIN	VVFIN
37	10	/	$(	$(
37	11	so	ADV	ADV
37	12	viel	ADV	ADV
37	13	zur	APPRART	APPRART
37	14	Gesundheit	NN	NN
37	15	dienliche	ADJA	ADJA
37	16	Kräfte	NN	NN
37	17	und	KON	KON
37	18	Tugenden	NN	NN
37	19	/	$(	$(
37	20	dergleichen	PIS	PIS
37	21	ein	ART	ART
37	22	schlechtes	ADJD	ADJA
37	23	Wasser	NN	NN
37	24	nicht	PTKNEG	PTKNEG
37	25	haben	VAFIN	VAINF
37	26	kann	VMFIN	VMFIN
37	27	.	$.	$.
38	1	dannenher	PAV	ADV
38	2	dann	ADV	ADV
38	3	ein	ART	ART
38	4	jeder	PIAT	PIS
38	5	leichtlich	ADJD	ADV
38	6	abzunehmen	VVINF	VVIZU
38	7	/	$(	$(
38	8	dass	KOUS	KOUS
38	9	dieser	PDAT	PDAT
38	10	Brunnen	NE	NN
38	11	mit	APPR	APPR
38	12	etwas	PIS	ADV
38	13	anderem	ADV	PIS
38	14	vermischt	VVFIN	VVPP
38	15	sei	VAFIN	VAFIN
38	16	.	$.	$.
39	1	weil	KOUS	KOUS
39	2	aber	ADV	ADV
39	3	solches	PIAT	PIS
39	4	nicht	PTKNEG	PTKNEG
39	5	/	$(	$(
39	6	wie	KOKOM	KOUS
39	7	in	APPR	APPR
39	8	den	ART	ART
39	9	Sauer-	NN	TRUNC
39	10	und	KON	KON
39	11	Salzbrunnen	NN	NN
39	12	/	$(	$(
39	13	durch	APPR	APPR
39	14	den	ART	ART
39	15	Geschmack	NN	NN
39	16	/	$(	$(
39	17	oder	KON	KON
39	18	durch	APPR	APPR
39	19	den	ART	ART
39	20	Geruch	NN	NN
39	21	/	$(	$(
39	22	wie	KOKOM	KOUS
39	23	in	APPR	APPR
39	24	den	ART	ART
39	25	Schwefelwassern	NN	NN
39	26	/	$(	$(
39	27	viel	ADV	ADV
39	28	weniger	ADV	ADV
39	29	mit	APPR	APPR
39	30	dem	ART	ART
39	31	Gesicht	NN	NN
39	32	/	$(	$(
39	33	als	KOKOM	KOKOM
39	34	bald	ADV	ADV
39	35	erkannt	VVFIN	VVPP
39	36	/	$(	$(
39	37	und	KON	KON
39	38	unterschieden	VVPP	VVPP
39	39	werden	VAINF	VAINF
39	40	kann	VMFIN	VMFIN
39	41	/	$(	$(
39	42	als	KOKOM	KOKOM
39	43	ist	VAFIN	VAFIN
39	44	von	APPR	APPR
39	45	Nöten	VVINF	NN
39	46	/	$(	$(
39	47	dass	KOUS	KOUS
39	48	die	ART	ART
39	49	wässerige	ADJA	ADJA
39	50	Feuchtigkeit	NN	NN
39	51	von	APPR	APPR
39	52	der	ART	ART
39	53	corporalischen	ADJA	ADJA
39	54	Bergart	NN	NN
39	55	oder	KON	KON
39	56	Minera	NN	NE
39	57	/	$(	$(
39	58	damit	PAV	KOUS
39	59	sie	PPER	PPER
39	60	vermengt	VVFIN	VVPP
39	61	/	$(	$(
39	62	abgesondert	VVPP	VVPP
39	63	werde	VAFIN	VAFIN
39	64	/	$(	$(
39	65	welches	PRELS	PWS
39	66	denn	KON	ADV
39	67	geschieht	VVFIN	VVFIN
39	68	/	$(	$(
39	69	wenn	KOUS	KOUS
39	70	man	PIS	PIS
39	71	dieselbe	PDAT	PDS
39	72	entweder	KON	KON
39	73	im	APPRART	APPRART
39	74	Kochen	VVFIN	NN
39	75	verrauchen	VVINF	VVFIN
39	76	und	KON	KON
39	77	evaporieren	VVINF	VVFIN
39	78	lässt	VVFIN	VVFIN
39	79	/	$(	$(
39	80	oder	KON	KON
39	81	durch	APPR	APPR
39	82	einen	ART	ART
39	83	Destillierkolben	NN	NN
39	84	abzieht	NN	VVFIN
39	85	/	$(	$(
39	86	dass	KOUS	KOUS
39	87	die	ART	ART
39	88	Minera	NN	NE
39	89	sich	PRF	PRF
39	90	zu	PTKZU	APPR
39	91	Grunde	NN	NN
39	92	setze	VVFIN	VVFIN
39	93	/	$(	$(
39	94	und	KON	KON
39	95	also	ADV	ADV
39	96	durch	APPR	APPR
39	97	gewisse	ADJA	ADJA
39	98	Proben	NN	NN
39	99	erkannt	VVPP	VVPP
39	100	werden	VAINF	VAINF
39	101	möge	VMFIN	VMFIN
39	102	.	$.	$.
40	1	damit	PAV	KOUS
40	2	nun	ADV	ADV
40	3	solches	PIAT	PIS
40	4	auch	ADV	ADV
40	5	bei	APPR	APPR
40	6	diesem	PDAT	PDAT
40	7	Brunnen	NN	NN
40	8	zu	PTKZU	APPR
40	9	Werk	NN	NN
40	10	gerichtet	VVPP	VVPP
40	11	werde	VAFIN	VAFIN
40	12	/	$(	$(
40	13	so	ADV	ADV
40	14	musst	VMFIN	VMFIN
40	15	du	PPER	PPER
40	16	eigentlich	ADV	ADV
40	17	zusehen	VVINF	VVINF
40	18	/	$(	$(
40	19	dass	KOUS	KOUS
40	20	du	PPER	PPER
40	21	des	ART	ART
40	22	Brunnens	NN	NN
40	23	halben	ADJA	ADJA
40	24	nicht	PTKNEG	PTKNEG
40	25	betrogen	VVPP	VVPP
40	26	werdest	VAFIN	VAFIN
40	27	/	$(	$(
40	28	sondern	KON	KON
40	29	allenthalben	ADV	ADV
40	30	recht	ADJD	ADJD
40	31	damit	PAV	PAV
40	32	gebarst	VVFIN	VVFIN
40	33	.	$.	$.
41	1	und	KON	KON
41	2	erstlich	ADV	ADJD
41	3	musst	VMFIN	VMFIN
41	4	du	PPER	PPER
41	5	gewiss	ADV	ADJD
41	6	|	$(	XY
41	7	sein	VAINF	VAINF
41	8	/	$(	$(
41	9	dass	KOUS	KOUS
41	10	es	PPER	PPER
41	11	der	ART	ART
41	12	rechte	ADJA	ADJA
41	13	unverfälschte	ADJA	ADJA
41	14	Brunnen	NN	NN
41	15	sei	VAFIN	VAFIN
41	16	/	$(	$(
41	17	sintemal	KOUS	ADV
41	18	/	$(	$(
41	19	wie	KOKOM	KOUS
41	20	in	APPR	APPR
41	21	allen	PIAT	PIAT
41	22	Sachen	NN	NN
41	23	/	$(	$(
41	24	also	ADV	ADV
41	25	auch	ADV	ADV
41	26	hierin	ADV	PAV
41	27	viel	ADV	PIAT
41	28	Betrug	NN	NN
41	29	mit	APPR	APPR
41	30	unter	APPR	APPR
41	31	läuft	VVFIN	VVFIN
41	32	/	$(	$(
41	33	wie	KOKOM	KOUS
41	34	ich	PPER	PPER
41	35	denn	KON	ADV
41	36	selber	ADV	ADV
41	37	gesehen	VVPP	VVPP
41	38	/	$(	$(
41	39	neben	APPR	APPR
41	40	anderen	ADJA	PIS
41	41	ehrlichen	ADJA	ADJA
41	42	Leuten	NN	NN
41	43	/	$(	$(
41	44	dass	KOUS	KOUS
41	45	einer	ART	ART
41	46	in	APPR	APPR
41	47	einem	ART	ART
41	48	Städtlein	NN	NN
41	49	/	$(	$(
41	50	da	ADV	KOUS
41	51	er	PPER	PPER
41	52	zu	PTKZU	APPR
41	53	Nacht	NN	NN
41	54	über	APPR	APPR
41	55	geherbergt	NE	ADJD
41	56	/	$(	$(
41	57	zwo	CARD	CARD
41	58	ganzer	ADJA	ADJA
41	59	Wasserkannen	NN	NN
41	60	voll	ADJD	ADJD
41	61	aus	APPR	APPR
41	62	einem	ART	ART
41	63	kleinen	ADJA	ADJA
41	64	Fass	NN	NN
41	65	verkauft	VVPP	VVPP
41	66	/	$(	$(
41	67	und	KON	KON
41	68	hergegen	ADV	ADV
41	69	anderes	ADJD	PIAT
41	70	Brunnenwasser	NE	NN
41	71	aus	APPR	APPR
41	72	dem	ART	ART
41	73	Röhrkasten	NN	NN
41	74	eingefüllt	VVPP	VVPP
41	75	.	$.	$.
42	1	zum	APPRART	APPRART
42	2	Anderen	ADJA	PIS
42	3	muss	VMFIN	VMFIN
42	4	zu	PTKZU	APPR
42	5	dieser	PDAT	PDAT
42	6	Probe	NN	NN
42	7	nicht	PTKNEG	PTKNEG
42	8	nur	ADV	ADV
42	9	das	ART	ART
42	10	Lautere	ADJA	NN
42	11	oben	ADV	PTKVZ
42	12	/	$(	$(
42	13	davon	PAV	PAV
42	14	das	ART	ART
42	15	Trübe	ADJA	NN
42	16	sich	PRF	PRF
42	17	zu	PTKZU	APPR
42	18	Grunde	NN	NN
42	19	gesetzt	VVPP	VVPP
42	20	/	$(	$(
42	21	genommen	VVPP	VVPP
42	22	werden	VAINF	VAINF
42	23	/	$(	$(
42	24	damit	PAV	KOUS
42	25	man	PIS	PIS
42	26	nicht	PTKNEG	PTKNEG
42	27	ein	ART	ART
42	28	leeres	VVIMP	ADJA
42	29	Stroh	NN	NN
42	30	dresche	VVFIN	VVFIN
42	31	.	$.	$.
43	1	zum	APPRART	APPRART
43	2	Dritten	ADJA	NN
43	3	muss	VMFIN	VMFIN
43	4	der	ART	ART
43	5	Brunnen	NN	NN
43	6	nicht	PTKNEG	PTKNEG
43	7	zu	PTKZU	PTKA
43	8	lang	ADJD	ADJD
43	9	verlegen	VVINF	VVINF
43	10	sein	VAINF	VAINF
43	11	/	$(	$(
43	12	denn	KON	KON
43	13	ob	KOUS	KOUS
43	14	er	PPER	PPER
43	15	wohl	ADV	ADV
43	16	sich	PRF	PRF
43	17	(	$(	$(
43	18	wenn	KOUS	KOUS
43	19	er	PPER	PPER
43	20	recht	ADJD	ADJD
43	21	verwahrt	VVFIN	VVPP
43	22	wird	VAFIN	VAFIN
43	23	)	$(	$(
43	24	lange	ADV	ADV
43	25	hält	VVFIN	VVFIN
43	26	/	$(	$(
43	27	so	ADV	ADV
43	28	ist	VAFIN	VAFIN
43	29	doch	ADV	ADV
43	30	leicht	ADJD	ADJD
43	31	zu	PTKZU	PTKZU
43	32	erachten	VVINF	VVINF
43	33	/	$(	$(
43	34	dass	KOUS	KOUS
43	35	ihm	PPER	PPER
43	36	von	APPR	APPR
43	37	seinem	PPOSAT	PPOSAT
43	38	Halt	VVFIN	NN
43	39	/	$(	$(
43	40	sonderlich	ADJD	ADJD
43	41	was	PWS	PIS
43	42	subtil	ADJD	ADJD
43	43	ist	VAFIN	VAFIN
43	44	/	$(	$(
43	45	viel	ADV	ADV
43	46	abgehe	VVFIN	VVFIN
43	47	.	$.	$.
44	1	inmassen	KOUS	VVFIN
44	2	er	PPER	PPER
44	3	denn	KON	KON
44	4	derentwegen	PAV	VVFIN
44	5	im	APPRART	APPRART
44	6	Führen	VVINF	NN
44	7	von	APPR	APPR
44	8	der	ART	ART
44	9	Luft	NN	NN
44	10	/	$(	$(
44	11	bevoraus	NE	NN
44	12	in	APPR	APPR
44	13	großer	ADJA	ADJA
44	14	Hitze	NN	NN
44	15	oder	KON	KON
44	16	Kälte	NN	NN
44	17	/	$(	$(
44	18	oder	KON	KON
44	19	sonst	ADV	ADV
44	20	ungestümem	ADJA	ADJA
44	21	Wetter	NN	NN
44	22	/	$(	$(
44	23	möglichen	ADJA	ADJA
44	24	Fleißes	NN	NN
44	25	verwahrt	VVFIN	VVPP
44	26	werden	VAINF	VAINF
44	27	muss	VMFIN	VMFIN
44	28	.	$.	$.
45	1	desgleichen	KOUS	ADV
45	2	muss	VMFIN	VMFIN
45	3	das	ART	ART
45	4	Fass	NN	NN
45	5	oder	KON	KON
45	6	Gefäß	NN	NN
45	7	/	$(	$(
45	8	darinnen	ADV	VVFIN
45	9	das	ART	ART
45	10	Wasser	NN	NN
45	11	geführt	VVPP	VVPP
45	12	und	KON	KON
45	13	behalten	VVINF	VVFIN
45	14	richtig	ADJD	ADJD
45	15	sein	VAINF	VAINF
45	16	/	$(	$(
45	17	und	KON	KON
45	18	keine	PIAT	PIAT
45	19	fremde	ADJA	ADJA
45	20	Qualität	NN	NN
45	21	an	APPR	APPR
45	22	sich	PRF	PRF
45	23	haben	VAFIN	VAINF
45	24	.	$.	$.
46	1	wenn	KOUS	KOUS
46	2	nun	ADV	ADV
46	3	solche	PIAT	PIAT
46	4	Conditiones	NE	NN
46	5	und	KON	KON
46	6	Umstände	NN	NN
46	7	in	APPR	APPR
46	8	Acht	CARD	NN
46	9	genommen	VVPP	VVPP
46	10	/	$(	$(
46	11	so	ADV	ADV
46	12	kann	VMFIN	VMFIN
46	13	man	PIS	PIS
46	14	diesen	PDAT	PDAT
46	15	Brunnen	NN	NN
46	16	in	APPR	APPR
46	17	eine	ART	ART
46	18	reine	ADJA	ADJA
46	19	gläserne	ADJA	ADJA
46	20	Kolbe	NN	NN
46	21	tun	VVINF	VVINF
46	22	/	$(	$(
46	23	einen	ART	ART
46	24	reinen	ADJA	ADJA
46	25	gläsernen	ADJD	ADJA
46	26	Helm	NN	NN
46	27	darauf	PAV	PAV
46	28	setzen	VVINF	VVINF
46	29	/	$(	$(
46	30	den	ART	ART
46	31	Rezipienten	NN	NN
46	32	vorlegen	VVINF	VVINF
46	33	/	$(	$(
46	34	und	KON	KON
46	35	alles	PIS	PIS
46	36	nach	APPR	APPR
46	37	der	ART	ART
46	38	Gewohnheit	NN	NN
46	39	und	KON	KON
46	40	Kunst	NN	NN
46	41	wohl	ADV	ADV
46	42	verwahren	VVINF	VVINF
46	43	/	$(	$(
46	44	und	KON	KON
46	45	in	APPR	APPR
46	46	einem	ART	ART
46	47	Balneo	NE	NE
46	48	Mariæ	NE	NE
46	49	ferventi	NE	NE
46	50	das	ART	ART
46	51	Wasser	NN	NN
46	52	abziehen	VVINF	VVINF
46	53	.	$.	$.
47	1	als	KOKOM	KOKOM
47	2	dann	ADV	ADV
47	3	wird	VAFIN	VAFIN
47	4	am	APPRART	APPRART
47	5	Grunde	NN	NN
47	6	der	ART	ART
47	7	Kolben	NN	NN
47	8	eine	ART	ART
47	9	dicke	ADJA	ADJA
47	10	Materie	NN	NN
47	11	bleiben	VVINF	VVINF
47	12	.	$.	$.
48	1	da	ADV	ADV
48	2	nun	ADV	ADV
48	3	bei	APPR	APPR
48	4	derselben	PDAT	PDS
48	5	noch	ADV	ADV
48	6	etwas	PIS	ADV
48	7	viel	ADV	PIAT
48	8	wässeriger	ADJA	ADJA
48	9	Feuchtigkeit	NN	NN
48	10	übrig	PTKVZ	ADJD
48	11	/	$(	$(
48	12	kann	VMFIN	VMFIN
48	13	man	PIS	PIS
48	14	solch	PIAT	PIAT
48	15	Sedimentum	NE	NN
48	16	in	APPR	APPR
48	17	einem	ART	ART
48	18	irdischen	ADJA	ADJA
48	19	oder	KON	KON
48	20	kupfernen	NN	ADJA
48	21	Tiegel	NN	NN
48	22	tun	VVINF	VVINF
48	23	(	$(	$(
48	24	denn	KON	KON
48	25	hieran	PAV	PAV
48	26	nichts	PIS	PIS
48	27	gelegen	VVPP	VVPP
48	28	/	$(	$(
48	29	sintemal	KOUS	ADV
48	30	der	ART	ART
48	31	Augenschein	NN	NN
48	32	gibt	VVFIN	VVFIN
48	33	/	$(	$(
48	34	das	ART	PRELS
48	35	weder	KON	KON
48	36	das	ART	ART
48	37	Wasser	NN	NN
48	38	/	$(	$(
48	39	noch	ADV	KON
48	40	das	ART	ART
48	41	jenige	PIAT	ADJA
48	42	/	$(	$(
48	43	was	PWS	PRELS
48	44	sich	PRF	PRF
48	45	nach	APPR	APPR
48	46	dem	ART	ART
48	47	Destillieren	NN	NN
48	48	in	APPR	APPR
48	49	der	ART	ART
48	50	gläsernen	ADJD	ADJA
48	51	Kolben	NN	NN
48	52	gesetzt	VVPP	VVPP
48	53	/	$(	$(
48	54	sich	PRF	PRF
48	55	ändert	VVFIN	VVFIN
48	56	/	$(	$(
48	57	man	PIS	PIS
48	58	siede	VVFIN	VVFIN
48	59	es	PPER	PPER
48	60	in	APPR	APPR
48	61	einem	ART	ART
48	62	irdischen	ADJA	ADJA
48	63	oder	KON	KON
48	64	kupfernen	VVINF	ADJA
48	65	Gefäß	NN	NN
48	66	/	$(	$(
48	67	welches	PRELS	PWS
48	68	sonsten	ADV	ADV
48	69	bei	APPR	APPR
48	70	vitriolischen	ADJD	ADJA
48	71	oder	KON	KON
48	72	anderen	ADJA	PIS
48	73	scharfen	ADJA	ADJA
48	74	metallischen	ADJA	ADJA
48	75	Wassern	NN	NN
48	76	nicht	PTKNEG	PTKNEG
48	77	zu	PTKZU	PTKZU
48	78	geschehen	VVPP	VVINF
48	79	pflegt	VVFIN	VVFIN
48	80	)	$(	$(
48	81	die	ART	ART
48	82	wässerige	ADJA	ADJA
48	83	Feuchtigkeit	NN	NN
48	84	/	$(	$(
48	85	|	$(	XY
48	86	so	ADV	ADV
48	87	noch	ADV	ADV
48	88	hinterstellig	NE	ADJD
48	89	/	$(	$(
48	90	über	APPR	APPR
48	91	einem	ART	ART
48	92	gelinden	ADJA	ADJA
48	93	Kohlenfeuer	NE	NN
48	94	verrauchen	VVINF	VVINF
48	95	lassen	VVINF	VVINF
48	96	.	$.	$.
49	1	als	KOKOM	KOKOM
49	2	denn	KON	KON
49	3	so	ADV	ADV
49	4	findet	VVFIN	VVFIN
49	5	sich	PRF	PRF
49	6	unten	ADV	ADV
49	7	im	APPRART	APPRART
49	8	Tiegel	NN	NN
49	9	eine	ART	ART
49	10	rotschwärzliche	NE	ADJA
49	11	Materi	NN	NN
49	12	ex	APPR	FM
49	13	ferrugineo	NE	NE
49	14	colore	NE	NE
49	15	nigricans	NE	NE
49	16	,	$,	$,
49	17	einem	ART	ART
49	18	Pech	NN	NN
49	19	ähnlich	ADJD	ADJD
49	20	.	$.	$.
50	1	damit	PAV	KOUS
50	2	man	PIS	PIS
50	3	nun	ADV	ADV
50	4	ferner	ADV	ADJD
50	5	dahinter	PAV	PAV
50	6	komme	VVFIN	VVFIN
50	7	/	$(	$(
50	8	was	PWS	PRELS
50	9	solche	PIAT	PIAT
50	10	Materie	NN	NN
50	11	sei	VAFIN	VAFIN
50	12	/	$(	$(
50	13	so	ADV	ADV
50	14	kann	VMFIN	VMFIN
50	15	man	PIS	PIS
50	16	dieselbe	PDAT	PDS
50	17	in	APPR	APPR
50	18	drei	CARD	CARD
50	19	Teile	NN	NN
50	20	teilen	VVFIN	VVINF
50	21	/	$(	$(
50	22	das	ART	ART
50	23	eine	ART	PIS
50	24	kann	VMFIN	VMFIN
50	25	man	PIS	PIS
50	26	gar	ADV	ADV
50	27	hart	ADJD	ADJD
50	28	austrucknen	VVINF	VVINF
50	29	/	$(	$(
50	30	dass	KOUS	KOUS
50	31	es	PPER	PPER
50	32	gleichsam	ADJD	ADJD
50	33	verbrenne	VVFIN	VVFIN
50	34	und	KON	KON
50	35	zu	PTKZU	APPR
50	36	Asche	NN	NN
50	37	werde	VAFIN	VAFIN
50	38	.	$.	$.
51	1	das	ART	ART
51	2	Andere	ADJA	PIS
51	3	nicht	PTKNEG	PTKNEG
51	4	so	ADV	ADV
51	5	sehr	ADV	ADV
51	6	ausdörren	VVINF	VVINF
51	7	/	$(	$(
51	8	sondern	KON	KON
51	9	mittelmäßig	ADJD	ADJD
51	10	bleiben	VVINF	VVINF
51	11	lassen	VVINF	VVINF
51	12	.	$.	$.
52	1	dem	ART	ART
52	2	Dritten	ADJA	NN
52	3	kann	VMFIN	VMFIN
52	4	man	PIS	PIS
52	5	noch	ADV	ADV
52	6	etwas	PIS	ADV
52	7	von	APPR	APPR
52	8	wässeriger	NN	ADJA
52	9	Feuchtigkeit	NN	NN
52	10	lassen	VVINF	VVINF
52	11	.	$.	$.
53	1	wenn	KOUS	KOUS
53	2	dies	PDS	PDS
53	3	geschehen	VVPP	VVINF
53	4	/	$(	$(
53	5	und	KON	KON
53	6	man	PIS	PIS
53	7	Feuer	NN	NN
53	8	oder	KON	KON
53	9	ein	ART	ART
53	10	Licht	NN	NN
53	11	an	APPR	APPR
53	12	das	ART	ART
53	13	Teil	NN	NN
53	14	/	$(	$(
53	15	das	ART	PRELS
53	16	noch	ADV	ADV
53	17	etwas	PIS	PIAT
53	18	Wasser	NN	NN
53	19	bei	APPR	APPR
53	20	sich	PRF	PRF
53	21	hat	VAFIN	VAFIN
53	22	/	$(	$(
53	23	hält	VVFIN	VVFIN
53	24	/	$(	$(
53	25	so	ADV	ADV
53	26	nimmt	VVFIN	VVFIN
53	27	es	PPER	PPER
53	28	zwar	ADV	ADV
53	29	von	APPR	APPR
53	30	wegen	APPR	APPR
53	31	der	ART	ART
53	32	bei	APPR	APPR
53	33	sich	PRF	PRF
53	34	habenden	ADJA	ADJA
53	35	wässerigen	ADJA	ADJA
53	36	Feuchtigkeit	NN	NN
53	37	das	ART	ART
53	38	Feuer	NN	NN
53	39	nicht	PTKNEG	PTKNEG
53	40	bald	ADV	ADV
53	41	an	APPR	PTKVZ
53	42	/	$(	$(
53	43	aber	ADV	KON
53	44	doch	ADV	KON
53	45	fäht	VVFIN	VVFIN
53	46	es	PPER	PPER
53	47	zu	PTKZU	PTKA
53	48	letzt	ADV	ADV
53	49	an	APPR	PTKVZ
53	50	zu	PTKZU	PTKZU
53	51	brennen	VVINF	VVINF
53	52	.	$.	$.
54	1	das	ART	ART
54	2	andere	ADJD	PIAT
54	3	Teil	NN	NN
54	4	aber	ADV	ADV
54	5	/	$(	$(
54	6	so	ADV	ADV
54	7	fast	ADV	ADV
54	8	einer	ART	ART
54	9	Asche	NN	NN
54	10	gleich	ADV	ADJD
54	11	worden	VAPP	VAPP
54	12	/	$(	$(
54	13	feht	VVFIN	VVFIN
54	14	als	KOKOM	KOKOM
54	15	bald	ADV	ADV
54	16	an	APPR	PTKVZ
54	17	zu	PTKZU	PTKZU
54	18	glimmen	VVFIN	VVINF
54	19	/	$(	$(
54	20	wie	PWAV	KOUS
54	21	dann	ADV	ADV
54	22	auch	ADV	ADV
54	23	das	ART	ART
54	24	dritte	ADJA	ADJA
54	25	Teil	NN	NN
54	26	/	$(	$(
54	27	welches	PRELS	PWS
54	28	weder	KON	KON
54	29	zu	PTKZU	PTKA
54	30	feucht	ADJA	ADJD
54	31	/	$(	$(
54	32	noch	ADV	ADV
54	33	zu	PTKZU	PTKA
54	34	sehr	ADV	ADV
54	35	verbrannt	VVPP	VVPP
54	36	/	$(	$(
54	37	sondern	KON	KON
54	38	in	APPR	APPR
54	39	mittelmäßigem	ADJA	ADJA
54	40	Stand	NN	NN
54	41	gelassen	VVPP	VVPP
54	42	/	$(	$(
54	43	bald	ADV	ADV
54	44	zu	PTKZU	PTKZU
54	45	brennen	VVINF	VVINF
54	46	anfäht	VVFIN	VVFIN
54	47	.	$.	$.
55	1	insonderheit	ADV	NN
55	2	aber	ADV	KON
55	3	räucht	VVFIN	VVFIN
55	4	dieses	PDAT	PDAT
55	5	mittelmäßige	ADJA	ADJA
55	6	Teil	NN	NN
55	7	gar	ADV	ADV
55	8	lieblich	ADJD	ADJD
55	9	/	$(	$(
55	10	wie	KOKOM	KOUS
55	11	ein	ART	ART
55	12	Bisam	NN	NN
55	13	oder	KON	KON
55	14	Ambra	NN	NE
55	15	/	$(	$(
55	16	der	ART	ART
55	17	Liquor	NE	NN
55	18	Mercurialis	ADJA	NE
55	19	aber	ADV	ADV
55	20	/	$(	$(
55	21	oder	KON	KON
55	22	das	ART	ART
55	23	über	APPR	APPR
55	24	gezogene	ADJA	ADJA
55	25	destillierte	VVFIN	ADJA
55	26	Wasser	NN	NN
55	27	in	APPR	APPR
55	28	dem	ART	ART
55	29	Rezipienten	NN	NN
55	30	/	$(	$(
55	31	ist	VAFIN	VAFIN
55	32	hübsch	ADJD	ADJD
55	33	hell	ADJA	ADJD
55	34	/	$(	$(
55	35	hat	VAFIN	VAFIN
55	36	keinen	PIAT	PIAT
55	37	sonderlichen	ADJA	ADJA
55	38	Geschmack	NN	NN
55	39	/	$(	$(
55	40	allein	ADV	ADV
55	41	von	APPR	APPR
55	42	wegen	APPR	APPR
55	43	der	ART	ART
55	44	Spirituum	NE	NN
55	45	,	$,	$,
55	46	damit	PAV	KOUS
55	47	der	ART	ART
55	48	Liquor	NE	NN
55	49	imprägniert	VVPP	VVFIN
55	50	ist	VAFIN	VAFIN
55	51	/	$(	$(
55	52	weil	KOUS	KOUS
55	53	sie	PPER	PPER
55	54	nicht	PTKNEG	PTKNEG
55	55	evaporieren	VVINF	VVINF
55	56	,	$,	$,
55	57	sondern	KON	KON
55	58	im	APPRART	APPRART
55	59	Destillieren	VVINF	NN
55	60	mit	APPR	APPR
55	61	herüber	APZR	ADV
55	62	steigen	VVINF	VVINF
55	63	/	$(	$(
55	64	reucht	VVFIN	VVFIN
55	65	er	PPER	PPER
55	66	auch	ADV	ADV
55	67	wie	KOKOM	KOKOM
55	68	ein	ART	ART
55	69	Bisam	NN	NN
55	70	oder	KON	KON
55	71	Ambra	NN	NE
55	72	/	$(	$(
55	73	eben	ADV	ADV
55	74	wie	KOKOM	KOKOM
55	75	von	APPR	APPR
55	76	dem	ART	ART
55	77	mittelmäßig	ADJD	ADJD
55	78	gelassenem	ADJA	ADJA
55	79	Teil	NN	NN
55	80	des	ART	ART
55	81	Sedimenti	NN	NN
55	82	unlängst	ADJD	ADV
55	83	gesagt	VVPP	VVPP
55	84	ist	VAFIN	VAFIN
55	85	.	$.	$.
56	1	solches	PIAT	PIS
56	2	findet	VVFIN	VVFIN
56	3	sich	PRF	PRF
56	4	alles	PIS	PIS
56	5	in	APPR	APPR
56	6	der	ART	ART
56	7	Destillation	NN	NN
56	8	,	$,	$,
56	9	wo	PWAV	PWAV
56	10	damit	PAV	PAV
56	11	recht	ADJD	ADJD
56	12	prozediert	VVFIN	ADJD
56	13	und	KON	KON
56	14	umgegangen	VVPP	VVPP
56	15	wird	VAFIN	VAINF
56	16	.	$.	$.
57	1	dieser	PDAT	PDAT
57	2	Weg	NN	NN
57	3	durch	APPR	APPR
57	4	die	ART	ART
57	5	Destillation	NN	NN
57	6	das	ART	ART
57	7	Sedimentum	NE	NN
57	8	vom	APPRART	APPRART
57	9	Wasser	NN	NN
57	10	zu	PTKZU	PTKVZ
57	11	sondern	KON	KON
57	12	ist	VAFIN	VAFIN
57	13	besser	ADJD	ADJD
57	14	/	$(	$(
57	15	denn	KON	KON
57	16	der	ART	ART
57	17	nur	ADV	ADV
57	18	durch	APPR	APPR
57	19	das	ART	ART
57	20	bloße	ADJA	ADJA
57	21	Sieden	VVINF	NN
57	22	verbracht	VVPP	VVPP
57	23	wird	VAFIN	VAFIN
57	24	.	$.	$.
58	1	Reinerus	NN	NE
58	2	Solenander	NE	NE
58	3	de	NE	NE
58	4	fontib.	NE	ADJA
58	5	temper.	NN	NE
58	6	lib.	NN	NE
58	7	2.	ADJA	ADJA
58	8	cap.	NN	ADJA
58	9	3.	ADJA	ADJA
58	10	pag.	NN	VVFIN
58	11	208.	ADJA	ADJA
58	12	wer	PWS	PWS
58	13	aber	ADV	ADV
58	14	aus	APPR	APPR
58	15	Mangel	NN	NN
58	16	der	ART	ART
58	17	Destillation	NN	NN
58	18	diesen	PDAT	PDAT
58	19	Brunnen	NN	NN
58	20	nur	ADV	ADV
58	21	absieden	VVINF	VVFIN
58	22	/	$(	$(
58	23	und	KON	KON
58	24	also	ADV	ADV
58	25	seine	PPOSAT	PPOSAT
58	26	Natur	NN	NN
58	27	erkundigen	VVINF	VVINF
58	28	will	VMFIN	VMFIN
58	29	/	$(	$(
58	30	der	ART	PRELS
58	31	mag	VMFIN	VMFIN
58	32	diesen	PDAT	PDAT
58	33	Brunnen	NN	NN
58	34	in	APPR	APPR
58	35	verglasten	VVFIN	ADJA
58	36	Töpfen	NN	NN
58	37	zum	APPRART	APPRART
58	38	Feuer	NN	NN
58	39	setzen	VVINF	VVINF
58	40	/	$(	$(
58	41	und	KON	KON
58	42	als	KOKOM	KOKOM
58	43	denn	KON	ADV
58	44	werden	VAINF	VAFIN
58	45	sich	PRF	PRF
58	46	nachfolgende	ADJA	ADJA
58	47	Dinge	NN	NN
58	48	ereignen	VVINF	VVINF
58	49	.	$.	$.
59	1	erstlich	ADV	ADJD
59	2	wird	VAFIN	VAFIN
59	3	es	PPER	PPER
59	4	durch	APPR	APPR
59	5	die	ART	ART
59	6	Töpfe	NN	NN
59	7	dringen	VVFIN	VVINF
59	8	/	$(	$(
59	9	wie	KOKOM	KOUS
59	10	ein	ART	ART
59	11	Öl	NE	NN
59	12	.	$.	$.
60	1	zum	APPRART	APPRART
60	2	Anderen	ADJA	PIS
60	3	wird	VAFIN	VAFIN
60	4	die	ART	ART
60	5	Fettigkeit	NN	NN
60	6	auswendig	ADJD	ADJD
60	7	an	APPR	APPR
60	8	den	ART	ART
60	9	Töpfen	NN	NN
60	10	beim	APPRART	APPRART
60	11	Feuer	NN	NN
60	12	verharschen	VVINF	VVINF
60	13	und	KON	KON
60	14	anlaufen	VVINF	VVFIN
60	15	.	$.	$.
61	1	zum	APPRART	APPRART
61	2	Dritten	ADJA	NN
61	3	wird	VAFIN	VAFIN
61	4	es	PPER	PPER
61	5	/	$(	$(
61	6	dieweil	KOUS	KOUS
61	7	man	PIS	PIS
61	8	es	PPER	PPER
61	9	beim	APPRART	APPRART
61	10	Feuer	NN	NN
61	11	hat	VAFIN	VAFIN
61	12	/	$(	$(
61	13	von	APPR	APPR
61	14	fern	ADJA	ADJD
61	15	einen	ART	ART
61	16	Nidorem	NE	NN
61	17	oder	KON	KON
61	18	Geruch	NN	NN
61	19	von	APPR	APPR
61	20	sich	PRF	PRF
61	21	geben	VVINF	VVINF
61	22	/	$(	$(
61	23	als	KOKOM	KON
61	24	wenn	KOUS	KOUS
61	25	etwas	PIS	PIAT
61	26	Fettes	NN	NN
61	27	im	APPRART	APPRART
61	28	Tiegel	NN	NN
61	29	verbrannt	VVPP	VVPP
61	30	wird	VAFIN	VAFIN
61	31	.	$.	$.
62	1	zum	APPRART	APPRART
62	2	Vierten	ADJA	NN
62	3	/	$(	$(
62	4	wenn	KOUS	KOUS
62	5	man	PIS	PIS
62	6	eine	ART	ART
62	7	Hand	NN	NN
62	8	im	APPRART	APPRART
62	9	Sieden	VVINF	NN
62	10	erstlich	ADV	ADJD
62	11	vor	APPR	APPR
62	12	die	ART	ART
62	13	Töpfe	NN	NN
62	14	/	$(	$(
62	15	und	KON	KON
62	16	geschwind	ADJD	ADJD
62	17	drauf	PTKVZ	PAV
62	18	vor	APPR	APPR
62	19	die	ART	ART
62	20	Nase	NN	NN
62	21	hält	VVFIN	VVFIN
62	22	/	$(	$(
62	23	so	ADV	ADV
62	24	wird	VAFIN	VAFIN
62	25	dieselbe	PDAT	PDS
62	26	gleichsam	ADJD	ADJD
62	27	harzig	ADJD	ADJD
62	28	oder	KON	KON
62	29	pechig	VVFIN	ADJD
62	30	riechen	VVINF	VVINF
62	31	.	$.	$.
63	1	folgend	VVPP	ADJD
63	2	wenn	KOUS	KOUS
63	3	das	ART	ART
63	4	Wasser	NN	NN
63	5	fast	ADV	ADV
63	6	gar	ADV	ADV
63	7	eingesotten	ADJD	VVPP
63	8	/	$(	$(
63	9	lassen	VVINF	VVFIN
63	10	sich	PRF	PRF
63	11	kleine	ADJA	ADJA
63	12	Tröpflein	NN	NN
63	13	/	$(	$(
63	14	wie	KOKOM	KOKOM
63	15	Öl	NE	NN
63	16	sehen	VVINF	VVINF
63	17	/	$(	$(
63	18	und	KON	KON
63	19	endlich	ADV	ADV
63	20	bleibt	VVFIN	VVFIN
63	21	auf	APPR	APPR
63	22	dem	ART	ART
63	23	Grunde	NN	NN
63	24	eine	ART	ART
63	25	pechige	VVFIN	ADJA
63	26	Materie	NN	NN
63	27	/	$(	$(
63	28	aller	PIAT	PIAT
63	29	Dinge	NN	NN
63	30	/	$(	$(
63	31	wie	KOKOM	KOKOM
63	32	in	APPR	APPR
63	33	der	ART	ART
63	34	Destillation	NN	NN
63	35	geschehen	VVPP	VVPP
63	36	.	$.	$.
64	1	ja	PTKANT	ADV
64	2	wenn	KOUS	KOUS
64	3	man	PIS	PIS
64	4	gleich	ADV	ADJD
64	5	mit	APPR	APPR
64	6	den	ART	ART
64	7	geläuterten	ADJA	ADJA
64	8	Brunnen	NN	NN
64	9	siedet	VAFIN	VVFIN
64	10	/	$(	$(
64	11	findet	VVFIN	VVFIN
64	12	sich	PRF	PRF
64	13	unten	ADV	ADV
64	14	wiewohl	KOUS	KOUS
64	15	wenig	PIS	ADV
64	16	eine	ART	ART
64	17	schwarze	ADJA	ADJA
64	18	Materie	NN	NN
64	19	/	$(	$(
64	20	welche	PWAT	PRELS
64	21	das	ART	ART
64	22	Feuer	NN	NN
64	23	annimmt	VVFIN	VVFIN
64	24	/	$(	$(
64	25	brennt	VVFIN	VVFIN
64	26	und	KON	KON
64	27	glimmt	VVFIN	VVFIN
64	28	/	$(	$(
64	29	und	KON	KON
64	30	gleich	ADV	ADJD
64	31	weißliche	ADJA	ADJA
64	32	silberne	ADJA	ADJA
64	33	Pünktlein	NN	NN
64	34	bekommt	VVFIN	VVFIN
64	35	.	$.	$.
65	1	weil	KOUS	KOUS
65	2	demnach	PAV	ADV
65	3	erstlich	ADV	ADJD
65	4	das	ART	ART
65	5	Sedimentum	NE	NN
65	6	das	ART	PDS
65	7	ist	VAFIN	VAFIN
65	8	das	ART	ART
65	9	jenige	PIAT	ADJA
65	10	/	$(	$(
65	11	was	PWS	PRELS
65	12	sich	PRF	PRF
65	13	in	APPR	APPR
65	14	der	ART	ART
65	15	Destillation	NN	NN
65	16	und	KON	KON
65	17	Sieden	VVINF	NN
65	18	zu	PTKZU	APPR
65	19	Grunde	NN	NN
65	20	setzt	VVFIN	VVFIN
65	21	/	$(	$(
65	22	einem	ART	ART
65	23	Bitumini	NE	NN
65	24	oder	KON	KON
65	25	Erdpech	NN	NN
65	26	oder	KON	KON
65	27	Erdwachs	NN	NN
65	28	gar	ADV	ADV
65	29	gleich	ADV	ADJD
65	30	und	KON	KON
65	31	ähnlich	ADJD	ADJD
65	32	ist	VAFIN	VAFIN
65	33	/	$(	$(
65	34	vors	APPRART	APPR
65	35	Andere	ADJD	PIS
65	36	/	$(	$(
65	37	weil	KOUS	KOUS
65	38	es	PPER	PPER
65	39	brennt	VVFIN	VVFIN
65	40	/	$(	$(
65	41	und	KON	KON
65	42	zwar	ADV	ADV
65	43	auch	ADV	ADV
65	44	im	APPRART	APPRART
65	45	Wasser	NN	NN
65	46	/	$(	$(
65	47	und	KON	KON
65	48	nicht	PTKNEG	PTKNEG
65	49	bald	ADV	ADV
65	50	verlischt	VVFIN	VVPP
65	51	.	$.	$.
66	1	(	$(	$(
66	2	Ardere	FM	NN
66	3	in	FM	APPR
66	4	aquis	FM	NE
66	5	,	$,	$,
66	6	amiciss	FM	NE
66	7	.	$.	$.
66	8	esse	FM	VVFIN
66	9	igni	FM	NE
66	10	,	$,	$,
66	11	cumq̒ue	FM	ADJA
66	12	facilè	FM	ADJA
66	13	conceptum	FM	NN
66	14	non	FM	ADJA
66	15	facilè	FM	ADJA
66	16	dimittere	FM	NN
66	17	bitumini	FM	ADJA
66	18	peculiare	FM	NN
66	19	est	FM	ADJA
66	20	.	$.	$.
66	21	Solenander	FM	NN
66	22	lib.	FM	NE
66	23	1.	FM	ADJA
66	24	de	FM	NE
66	25	font	FM	NE
66	26	.	$.	$.
67	1	Cal	FM	NE
67	2	.	$.	$.
67	3	causa	FM	NE
67	4	cap.	FM	ADJA
67	5	10.	FM	ADJA
67	6	pag.	FM	VVFIN
67	7	90.	FM	ADJA
67	8	&	$(	KON
67	9	ibidem	FM	NN
67	10	pag.	FM	VVFIN
67	11	97.	FM	ADJA
67	12	Bitumen	FM	NN
67	13	,	$,	$,
67	14	facilè	FM	NE
67	15	inflammatur	FM	NN
67	16	,	$,	$,
67	17	pertinaciter	FM	NN
67	18	ignem	FM	ADJA
67	19	retinet	FM	NN
67	20	,	$,	$,
67	21	&	$(	KON
67	22	difficulter	FM	NN
67	23	aut	FM	VVFIN
67	24	nunquam	FM	NE
67	25	aqua	FM	NE
67	26	extinguitur	FM	NN
67	27	.	$.	$.
68	1	)	$(	$(
68	2	zum	APPRART	APPRART
68	3	Dritten	ADJA	NN
68	4	/	$(	$(
68	5	weil	KOUS	KOUS
68	6	das	ART	ART
68	7	Wasser	NN	NN
68	8	/	$(	$(
68	9	in	APPR	APPR
68	10	dem	ART	ART
68	11	es	PPER	PPER
68	12	gesotten	VVPP	VVPP
68	13	/	$(	$(
68	14	und	KON	KON
68	15	das	ART	ART
68	16	Sedimentum	NE	NN
68	17	,	$,	$,
68	18	wenn	KOUS	KOUS
68	19	es	PPER	PPER
68	20	verbrannt	VVPP	VVPP
68	21	wird	VAFIN	VAFIN
68	22	/	$(	$(
68	23	einen	ART	ART
68	24	Geruch	NN	NN
68	25	/	$(	$(
68	26	wie	KOKOM	KOUS
68	27	ein	ART	ART
68	28	Pech	NN	NN
68	29	/	$(	$(
68	30	von	APPR	APPR
68	31	sich	PRF	PRF
68	32	gibt	VVFIN	VVFIN
68	33	.	$.	$.
69	1	(	$(	$(
69	2	Picem	FM	ADJA
69	3	reddere	FM	ADJA
69	4	videri	FM	ADJA
69	5	commune	FM	NE
69	6	est	FM	ADJA
69	7	omnibus	FM	NN
69	8	his	FM	NE
69	9	,	$,	$,
69	10	quæ	FM	NE
69	11	ex	FM	FM
69	12	bitumine	FM	NN
69	13	suam	FM	NE
69	14	originem	FM	NN
69	15	trahunt	FM	VVFIN
69	16	.	$.	$.
69	17	Solenander	FM	NE
69	18	cap.	FM	ADJA
69	19	citato.	FM	NE
69	20	pag.	FM	VVFIN
69	21	97	FM	CARD
69	22	.	$.	$.
70	1	)	$(	$(
70	2	zum	APPRART	APPRART
70	3	Vierten	ADJA	NN
70	4	/	$(	$(
70	5	weil	KOUS	KOUS
70	6	auch	ADV	ADV
70	7	das	ART	ART
70	8	destillierte	VVFIN	ADJA
70	9	Wasser	NN	NN
70	10	/	$(	$(
70	11	und	KON	KON
70	12	das	ART	ART
70	13	mittlere	NN	ADJA
70	14	Teil	NN	NN
70	15	des	ART	ART
70	16	Sediments	NN	NN
70	17	nach	APPR	APPR
70	18	Ambra	NN	NE
70	19	/	$(	$(
70	20	welche	PWAT	PRELS
70	21	auch	ADV	ADV
70	22	eine	ART	ART
70	23	Art	NN	NN
70	24	eines	ART	ART
70	25	Erdpechs	NN	NN
70	26	ist	VAFIN	VAFIN
70	27	/	$(	$(
70	28	reucht	VVFIN	VVFIN
70	29	/	$(	$(
70	30	weil	KOUS	KOUS
70	31	/	$(	$(
70	32	sage	VVFIN	VVFIN
70	33	ich	PPER	PPER
70	34	/	$(	$(
70	35	dem	ART	ART
70	36	allen	PIAT	PIS
70	37	also	ADV	ADV
70	38	/	$(	$(
70	39	wie	KOKOM	KOKOM
70	40	gesagt	VVPP	VVPP
70	41	/	$(	$(
70	42	so	ADV	ADV
70	43	muss	VMFIN	VMFIN
70	44	folgen	VVINF	VVFIN
70	45	/	$(	$(
70	46	dass	KOUS	KOUS
70	47	dieses	PDAT	PDAT
70	48	Brunnens	NN	NN
70	49	Natur	NN	NN
70	50	im	APPRART	APPRART
70	51	Bitumine	NN	NN
70	52	,	$,	$,
70	53	Erdpech	NN	NN
70	54	/	$(	$(
70	55	oder	KON	KON
70	56	Erdwachs	NN	NN
70	57	bestehe	VVFIN	VVFIN
70	58	/	$(	$(
70	59	und	KON	KON
70	60	dessen	PDS	PDAT
70	61	corporalische	ADJA	ADJA
70	62	Mineram	NN	NN
70	63	in	APPR	APPR
70	64	sich	PRF	PRF
70	65	habe	VAFIN	VAFIN
70	66	/	$(	$(
70	67	und	KON	KON
70	68	seine	PPOSAT	PPOSAT
70	69	Kraft	NN	NN
70	70	von	APPR	APPR
70	71	demselben	PDAT	PDS
70	72	empfange	NE	VVFIN
70	73	/	$(	$(
70	74	und	KON	KON
70	75	zwar	ADV	ADV
70	76	hat	VAFIN	VAFIN
70	77	es	PPER	PPER
70	78	dasselbige	PDAT	NN
70	79	dreierlei	PIS	ADV
70	80	Art	NN	NN
70	81	in	APPR	APPR
70	82	sich	PRF	PRF
70	83	/	$(	$(
70	84	nämlich	ADV	ADV
70	85	ein	ART	ART
70	86	irdisches	ADJA	ADJA
70	87	dickes	ADJA	ADJA
70	88	und	KON	KON
70	89	hartes	ADJA	ADJA
70	90	/	$(	$(
70	91	von	APPR	APPR
70	92	welchem	PWAT	PRELS
70	93	das	ART	ART
70	94	Sedimentum	NE	NN
70	95	einem	ART	ART
70	96	Pech	NN	NN
70	97	oder	KON	KON
70	98	Kohlen	NN	NN
70	99	gleich	ADV	ADJD
70	100	sehend	ADJA	ADJD
70	101	herkommt	VVFIN	VVFIN
70	102	/	$(	$(
70	103	zum	APPRART	APPRART
70	104	Anderen	ADJA	PIS
70	105	ein	ART	ART
70	106	fließendes	ADJA	ADJA
70	107	und	KON	KON
70	108	öliges	ADJA	ADJA
70	109	/	$(	$(
70	110	ein	ART	ART
70	111	Petroleum	FM	NN
70	112	oder	KON	KON
70	113	Steinöl	NE	NN
70	114	/	$(	$(
70	115	oder	KON	KON
70	116	Naphtha	NE	NN
70	117	,	$,	$,
70	118	oder	KON	KON
70	119	demselben	PDAT	PDAT
70	120	Analogum	NE	NN
70	121	.	$.	$.
71	1	(	$(	$(
71	2	besehe	FM	VVFIN
71	3	von	FM	APPR
71	4	der	FM	ART
71	5	Naphtha	FM	NN
71	6	Plutarchum	FM	NN
71	7	in	FM	APPR
71	8	Vita	FM	NE
71	9	Alexandri	FM	NE
71	10	Magni	FM	NE
71	11	.	$.	$.
72	1	)	$(	$(
72	2	dessen	PDS	PDS
72	3	die	ART	ART
72	4	Öltröpflein	NE	NN
72	5	Zeugnis	NN	NN
72	6	sind	VAFIN	VAFIN
72	7	/	$(	$(
72	8	beneben	APPR	VVFIN
72	9	dem	ART	ART
72	10	/	$(	$(
72	11	dass	KOUS	KOUS
72	12	das	ART	ART
72	13	Wasser	NN	NN
72	14	wie	KOKOM	KOKOM
72	15	ein	ART	ART
72	16	Öl	NE	NN
72	17	durch	APPR	APPR
72	18	die	ART	ART
72	19	Töpfe	NN	NN
72	20	dringt	VVFIN	VVFIN
72	21	/	$(	$(
72	22	und	KON	KON
72	23	eines	ART	ART
72	24	verbrannten	VVFIN	ADJA
72	25	Fettes	NN	NN
72	26	Geruch	NN	NN
72	27	beim	APPRART	APPRART
72	28	Feuer	NN	NN
72	29	von	APPR	APPR
72	30	sich	PRF	PRF
72	31	gibt	VVFIN	VVFIN
72	32	/	$(	$(
72	33	und	KON	KON
72	34	denn	KON	ADV
72	35	zum	APPRART	APPRART
72	36	Dritten	ADJA	NN
72	37	/	$(	$(
72	38	mittelmäßiger	ADJA	ADJA
72	39	Art	NN	NN
72	40	einer	ART	ART
72	41	Ambra	NN	NE
72	42	gleich	ADV	PTKVZ
72	43	.	$.	$.
73	1	2.	NE	CARD
74	1	dieses	PDAT	PDS
74	2	bekräftigen	VVINF	VVFIN
74	3	auch	ADV	ADV
74	4	ferner	ADV	ADJD
74	5	nicht	PTKNEG	PTKNEG
74	6	wenig	PIS	ADV
74	7	die	ART	ART
74	8	Wirkung	NN	NN
74	9	oder	KON	KON
74	10	Tugenden	NN	NN
74	11	dieses	PDAT	PDAT
74	12	Brunnens	NE	NN
74	13	/	$(	$(
74	14	von	APPR	APPR
74	15	welchen	PWAT	PIS
74	16	unten	ADV	ADV
74	17	wird	VAFIN	VAFIN
74	18	gemeldet	VVPP	VVPP
74	19	werden	VAINF	VAINF
74	20	/	$(	$(
74	21	sintemal	KOUS	ADV
74	22	dieselbigen	PDAT	ADJA
74	23	alle	PIAT	PIAT
74	24	solche	PIAT	PIS
74	25	sind	VAFIN	VAFIN
74	26	/	$(	$(
74	27	dergleichen	PIS	ADJA
74	28	den	ART	ART
74	29	Bituminibus	NN	NN
74	30	oder	KON	KON
74	31	Erdpechen	NN	NN
74	32	und	KON	KON
74	33	insonderheit	ADV	NN
74	34	auch	ADV	ADV
74	35	der	ART	ART
74	36	Ambra	NN	NE
74	37	von	APPR	APPR
74	38	verständigen	VVINF	ADJA
74	39	Medizis	NE	NN
74	40	zugeschrieben	VVPP	VVPP
74	41	werden	VAINF	VAINF
74	42	.	$.	$.
75	1	3.	NE	ADJA
75	2	über	APPR	APPR
75	3	das	ART	PDS
75	4	so	ADV	ADV
75	5	haben	VAFIN	VAFIN
75	6	die	ART	ART
75	7	gelehrten	ADJA	ADJA
75	8	Leute	NN	NN
75	9	durch	APPR	APPR
75	10	langwierige	ADJA	ADJA
75	11	Erfahrung	NN	NN
75	12	erforscht	VVFIN	VVPP
75	13	/	$(	$(
75	14	das	ART	PRELS
75	15	fast	ADV	ADV
75	16	allezeit	ADV	ADV
75	17	/	$(	$(
75	18	wo	PWAV	PWAV
75	19	solche	PIAT	PIAT
75	20	heilsamen	ADJA	ADJA
75	21	Wasser	NN	NN
75	22	/	$(	$(
75	23	Bäder	NN	NN
75	24	oder	KON	KON
75	25	Brunnen	NN	NN
75	26	sein	VAINF	VAINF
75	27	/	$(	$(
75	28	die	ART	ART
75	29	jenigen	PIAT	ADJA
75	30	oder	KON	KON
75	31	dergleichen	PIS	PIS
75	32	Bergarten	NN	NN
75	33	und	KON	KON
75	34	Mineralien	NN	NN
75	35	/	$(	$(
75	36	mit	APPR	APPR
75	37	welchen	PWAT	PIS
75	38	die	ART	ART
75	39	medizinischen	ADJA	ADJA
75	40	und	KON	KON
75	41	zur	APPRART	APPRART
75	42	Arznei	NN	NN
75	43	dienenden	ADJA	ADJA
75	44	Wasser	NN	NN
75	45	vermischt	VVFIN	VVPP
75	46	/	$(	$(
75	47	und	KON	KON
75	48	von	APPR	APPR
75	49	welchen	PWAT	PIS
75	50	sie	PPER	PPER
75	51	ihre	PPOSAT	PPOSAT
75	52	Natur	NN	NN
75	53	und	KON	KON
75	54	Kraft	NN	NN
75	55	haben	VAFIN	VAFIN
75	56	/	$(	$(
75	57	daselbst	PAV	ADV
75	58	oder	KON	KON
75	59	in	APPR	APPR
75	60	der	ART	ART
75	61	Nähe	NN	NN
75	62	gefunden	VVPP	VVPP
75	63	und	KON	KON
75	64	ausgegraben	VVPP	VVPP
75	65	werden	VAINF	VAINF
75	66	.	$.	$.
76	1	nun	ADV	ADV
76	2	aber	ADV	ADV
76	3	findet	VVFIN	VVFIN
76	4	man	PIS	PIS
76	5	nicht	PTKNEG	PTKNEG
76	6	weit	ADJD	ADJD
76	7	von	APPR	APPR
76	8	diesem	PDAT	PDAT
76	9	Brunnen	NN	NN
76	10	die	ART	ART
76	11	Steinkohlen	NN	NN
76	12	/	$(	$(
76	13	so	ADV	ADV
76	14	lithanthraces	NE	NE
76	15	,	$,	$,
76	16	carbones	NE	NE
76	17	bituminosi	NE	NE
76	18	,	$,	$,
76	19	terra	NE	NE
76	20	ampelitis	NE	NE
76	21	,	$,	$,
76	22	populariter	NE	ADJD
76	23	zu	PTKZU	PTKZU
76	24	reden	VVINF	VVINF
76	25	/	$(	$(
76	26	und	KON	KON
76	27	vom	APPRART	APPRART
76	28	Theopompos	NE	NE
76	29	/	$(	$(
76	30	wie	KOKOM	KOUS
76	31	es	PPER	PPER
76	32	Solenander	NE	NN
76	33	dafür	PAV	PAV
76	34	hält	VVFIN	VVFIN
76	35	/	$(	$(
76	36	pix	NE	NE
76	37	fossiliis	NE	NE
76	38	genannt	VVPP	VVPP
76	39	werden	VAINF	VAINF
76	40	/	$(	$(
76	41	und	KON	KON
76	42	gräbt	VVFIN	VVFIN
76	43	sie	PPER	PPER
76	44	in	APPR	APPR
76	45	großer	ADJA	ADJA
76	46	Menge	NN	NN
76	47	aus	APPR	PTKVZ
76	48	.	$.	$.
77	1	welche	PWAT	PRELS
77	2	aber	ADV	ADV
77	3	nichts	PIS	PIS
77	4	anderes	ADV	PIS
77	5	sein	VAINF	VAINF
77	6	/	$(	$(
77	7	als	KOKOM	KOKOM
77	8	ein	ART	ART
77	9	irdisches	ADJD	ADJA
77	10	und	KON	KON
77	11	steinhartes	ADJD	ADJA
77	12	Bitumen	NN	NN
77	13	,	$,	$,
77	14	wie	PWAV	KOUS
77	15	solches	PIAT	PIS
77	16	bezeugen	VVFIN	VVFIN
77	17	Reinerus	NN	NE
77	18	Solenander	NE	NE
77	19	capite	NE	VVFIN
77	20	sæpius	NE	NE
77	21	citato	NE	NE
77	22	.	$.	$.
77	23	pag.	NN	VVFIN
77	24	93.	ADJA	ADJA
77	25	Georgius	NE	NE
77	26	Agricola	NN	NE
77	27	libr.	NN	NE
77	28	4.	ADJA	ADJA
77	29	de	NE	NE
77	30	natura	FM	NE
77	31	foßilium	NE	NN
77	32	.	$.	$.
77	33	pag.	NN	APPR
77	34	233.	ADJA	ADJA
77	35	Cæsalpinus	NE	NE
77	36	de	NE	NE
77	37	Metallicis.	NN	NE
77	38	lib.	NN	NE
77	39	2.	ADJA	ADJA
77	40	cap.	NN	ADJA
77	41	53.	ADJA	ADJA
77	42	und	KON	KON
77	43	insonderheit	ADV	NN
77	44	der	ART	ART
77	45	hochberühmte	NN	ADJA
77	46	Philosophus	NE	NN
77	47	und	KON	KON
77	48	Medikus	NN	NN
77	49	unserer	PPOSAT	PPOSAT
77	50	Zeiten	NN	NN
77	51	/	$(	$(
77	52	Doktor	NN	NN
77	53	Andreas	NE	NE
77	54	Libavius	NE	NE
77	55	in	APPR	APPR
77	56	seinen	PPOSAT	PPOSAT
77	57	singularibus	NE	NN
77	58	,	$,	$,
77	59	parte	NE	NN
77	60	tertia	NE	NE
77	61	.	$.	$.
77	62	lib	ADJD	NE
77	63	.	$.	$.
78	1	3.	ADJA	ADJA
78	2	cap.	NN	ADJA
78	3	10	CARD	CARD
78	4	.	$.	$.
79	1	an	APPR	APPR
79	2	welchem	PWAT	PRELS
79	3	Ort	NN	NN
79	4	er	PPER	PPER
79	5	allerlei	PIAT	PIAT
79	6	Arten	NN	NN
79	7	des	ART	ART
79	8	Erdpechs	NN	NN
79	9	und	KON	KON
79	10	was	PWS	PRELS
79	11	dem	ART	ART
79	12	angehörig	ADJD	ADJD
79	13	/	$(	$(
79	14	oder	KON	KON
79	15	damit	PAV	PAV
79	16	Gemeinschaft	NN	NN
79	17	hat	VAFIN	VAFIN
79	18	/	$(	$(
79	19	ausführlich	ADJD	ADJD
79	20	/	$(	$(
79	21	eigentlich	ADV	ADV
79	22	/	$(	$(
79	23	und	KON	KON
79	24	gründlich	ADJD	ADJD
79	25	hat	VAFIN	VAFIN
79	26	beschrieben	VVPP	VVPP
79	27	/	$(	$(
79	28	von	APPR	APPR
79	29	welchen	PWAT	PIS
79	30	aber	ADV	KON
79	31	ich	PPER	PPER
79	32	hie	ADV	VVFIN
79	33	dieses	PDAT	PDAT
79	34	Orts	NN	NN
79	35	nur	ADV	ADV
79	36	in	APPR	APPR
79	37	gemein	ADJD	ADJD
79	38	und	KON	KON
79	39	ohne	APPR	APPR
79	40	genauen	ADJA	ADJA
79	41	Unterschied	NN	NN
79	42	reden	VVINF	VVINF
79	43	wollen	VMFIN	VMFIN
79	44	.	$.	$.
80	1	ist	VAFIN	VAFIN
80	2	also	ADV	ADV
80	3	dieses	PDAT	PDAT
80	4	meine	PPOSAT	PPOSAT
80	5	gründliche	ADJA	ADJA
80	6	Meinung	NN	NN
80	7	von	APPR	APPR
80	8	des	ART	ART
80	9	Brunnens	NN	NN
80	10	Natur	NN	NN
80	11	oder	KON	KON
80	12	Minera	NN	NE
80	13	/	$(	$(
80	14	so	ADV	ADV
80	15	er	PPER	PPER
80	16	in	APPR	APPR
80	17	sich	PRF	PRF
80	18	hält	VVFIN	VVFIN
80	19	.	$.	$.
81	1	zum	APPRART	APPRART
81	2	Überfluss	NN	NN
81	3	aber	ADV	KON
81	4	soll	VMFIN	VMFIN
81	5	es	PPER	PPER
81	6	nicht	PTKNEG	PTKNEG
81	7	genug	ADV	ADV
81	8	sein	VAINF	VAINF
81	9	/	$(	$(
81	10	dass	KOUS	KOUS
81	11	ich	PPER	PPER
81	12	meine	PPOSAT	PPOSAT
81	13	Meinung	NN	NN
81	14	mit	APPR	APPR
81	15	angezogenen	ADJA	ADJA
81	16	Gründen	NN	NN
81	17	und	KON	KON
81	18	Argumentis	NE	NN
81	19	bekräftigt	VVFIN	VVPP
81	20	habe	VAFIN	VAFIN
81	21	/	$(	$(
81	22	sondern	KON	KON
81	23	ich	PPER	PPER
81	24	will	VMFIN	VMFIN
81	25	auch	ADV	ADV
81	26	/	$(	$(
81	27	damit	PAV	KOUS
81	28	das	ART	ART
81	29	jenige	PIAT	ADJA
81	30	/	$(	$(
81	31	was	PWS	PRELS
81	32	mir	PPER	PRF
81	33	im	APPRART	APPRART
81	34	Wege	NN	NN
81	35	steht	VVFIN	VVFIN
81	36	/	$(	$(
81	37	und	KON	KON
81	38	mir	PPER	PRF
81	39	zu	PTKZU	PTKA
81	40	wider	APPR	PTKVZ
81	41	/	$(	$(
81	42	weggeräumt	VVPP	VVPP
81	43	werde	VAFIN	VAFIN
81	44	/	$(	$(
81	45	andere	ADJA	PIS
81	46	der	ART	ART
81	47	meinigen	PPOSAT	ADJA
81	48	zu	PTKZU	APPR
81	49	wider	APPR	APPR
81	50	laufende	NE	ADJA
81	51	Meinung	NN	NN
81	52	/	$(	$(
81	53	so	ADV	ADV
81	54	auch	ADV	ADV
81	55	ihren	PPOSAT	PPOSAT
81	56	Grund	NN	NN
81	57	und	KON	KON
81	58	Beweis	NN	NN
81	59	haben	VAFIN	VAFIN
81	60	/	$(	$(
81	61	nach	APPR	APPR
81	62	Vermögen	NN	NN
81	63	widerlegen	VVINF	VVINF
81	64	und	KON	KON
81	65	ablehnen	VVFIN	VVINF
81	66	.	$.	$.
82	1	und	KON	KON
82	2	erstlich	ADV	ADJD
82	3	werde	VAFIN	VAFIN
82	4	ich	PPER	PPER
82	5	berichtet	VVFIN	VVPP
82	6	/	$(	$(
82	7	das	ART	PRELS
82	8	etliche	PIAT	PIS
82	9	der	ART	ART
82	10	Meinung	NN	NN
82	11	seien	VAINF	VAFIN
82	12	/	$(	$(
82	13	dass	KOUS	KOUS
82	14	dieser	PDAT	PDAT
82	15	Brunnen	NN	NN
82	16	seine	PPOSAT	PPOSAT
82	17	Kraft	NN	NN
82	18	vom	APPRART	APPRART
82	19	Gold	NN	NN
82	20	vornehmlich	ADJD	ADJD
82	21	habe	VAFIN	VAFIN
82	22	/	$(	$(
82	23	aus	APPR	APPR
82	24	folgenden	ADJA	ADJA
82	25	Ursachen	NN	NN
82	26	und	KON	KON
82	27	Gründen	NN	NN
82	28	.	$.	$.
83	1	erstlich	ADV	ADJD
83	2	weil	KOUS	KOUS
83	3	dieser	PDAT	PDAT
83	4	Brunnen	NN	NN
83	5	die	ART	ART
83	6	äußerste	ADJA	ADJA
83	7	sonst	ADV	ADV
83	8	fast	ADV	ADV
83	9	und	KON	KON
83	10	unheilbare	ADJA	ADJA
83	11	Lähme	NN	NN
83	12	heilt	VVFIN	VVFIN
83	13	/	$(	$(
83	14	auch	ADV	ADV
83	15	andere	ADJA	PIAT
83	16	Tugenden	NN	NN
83	17	mehr	ADV	ADV
83	18	hat	VAFIN	VAFIN
83	19	/	$(	$(
83	20	so	ADV	ADV
83	21	dem	ART	ART
83	22	Gold	NN	NN
83	23	zugeschrieben	VVPP	VVPP
83	24	werden	VAINF	VAINF
83	25	/	$(	$(
83	26	inmassen	KOUS	VVFIN
83	27	die	ART	ART
83	28	Chymici	NE	NE
83	29	eben	ADV	ADV
83	30	das	ART	ART
83	31	/	$(	$(
83	32	was	PWS	PRELS
83	33	dieser	PDAT	PDAT
83	34	Brunnen	NN	NN
83	35	vermag	VVFIN	VVFIN
83	36	/	$(	$(
83	37	mit	APPR	APPR
83	38	ihrem	PPOSAT	PPOSAT
83	39	auro	NE	NE
83	40	potabili	NE	NE
83	41	auszurichten	VVIZU	VVIZU
83	42	vermeinen	VVFIN	VVFIN
83	43	.	$.	$.
84	1	zum	APPRART	APPRART
84	2	Anderen	ADJA	PIS
84	3	/	$(	$(
84	4	weil	KOUS	KOUS
84	5	dieser	PDAT	PDAT
84	6	Brunnen	NN	NN
84	7	/	$(	$(
84	8	welcher	PWAT	PWS
84	9	doch	ADV	ADV
84	10	mit	APPR	APPR
84	11	so	ADV	ADV
84	12	vielen	ADV	PIAT
84	13	herrlichen	ADJA	ADJA
84	14	Tugenden	NN	NN
84	15	und	KON	KON
84	16	Kräften	NN	NN
84	17	begabt	ADJD	ADJD
84	18	/	$(	$(
84	19	keinen	PIAT	PIAT
84	20	sonderlichen	ADJA	ADJA
84	21	Geschmack	NN	NN
84	22	hat	VAFIN	VAFIN
84	23	/	$(	$(
84	24	daraus	PAV	PAV
84	25	einer	ART	PIS
84	26	wohl	ADV	ADV
84	27	schließen	VVINF	VVINF
84	28	könnte	VMFIN	VMFIN
84	29	/	$(	$(
84	30	dass	KOUS	KOUS
84	31	solche	PIAT	PIAT
84	32	Kraft	NN	NN
84	33	des	ART	ART
84	34	Wassers	NN	NN
84	35	von	APPR	APPR
84	36	keinem	PIAT	PIAT
84	37	Erdsaft	NN	NN
84	38	oder	KON	KON
84	39	anderer	ADJA	PIAT
84	40	Bergart	NN	NN
84	41	und	KON	KON
84	42	Metall	NN	NN
84	43	/	$(	$(
84	44	sondern	KON	KON
84	45	fast	ADV	ADV
84	46	einig	ADJD	ADJD
84	47	und	KON	KON
84	48	allein	ADV	ADV
84	49	vom	APPRART	APPRART
84	50	Gold	NN	NN
84	51	oder	KON	KON
84	52	Silber	NN	NN
84	53	herkomme	VVFIN	VVFIN
84	54	.	$.	$.
85	1	3.	NE	CARD
86	1	so	ADV	ADV
86	2	soll	VMFIN	VMFIN
86	3	auch	ADV	ADV
86	4	solches	PIAT	PIS
86	5	der	ART	ART
86	6	Augenschein	NN	NN
86	7	geben	VVINF	VVINF
86	8	/	$(	$(
86	9	in	APPR	APPR
86	10	dem	ART	ART
86	11	/	$(	$(
86	12	wie	KOKOM	KOUS
86	13	etliche	PIAT	PIS
86	14	sagen	VVINF	VVINF
86	15	/	$(	$(
86	16	der	ART	ART
86	17	Brunnen	NN	NN
86	18	kleine	ADJA	ADJA
86	19	Goldkörnlein	NN	NN
86	20	mit	APPR	APPR
86	21	sich	PRF	PRF
86	22	bringt	VVFIN	VVFIN
86	23	/	$(	$(
86	24	welches	PRELS	PWS
86	25	in	APPR	APPR
86	26	der	ART	ART
86	27	Quelle	NN	NN
86	28	und	KON	KON
86	29	im	APPRART	APPRART
86	30	Sande	NN	NN
86	31	zu	PTKZU	PTKZU
86	32	sehen	VVINF	VVINF
86	33	/	$(	$(
86	34	wenn	KOUS	KOUS
86	35	er	PPER	PPER
86	36	ausgeschöpft	VVPP	VVPP
86	37	.	$.	$.
87	1	4.	NE	ADJA
87	2	item	NN	ADV
87	3	weil	KOUS	KOUS
87	4	unten	ADV	ADV
87	5	auf	APPR	APPR
87	6	dem	ART	ART
87	7	Grunde	NN	NN
87	8	rote	ADJA	ADJA
87	9	Steinlein	NN	NN
87	10	/	$(	$(
87	11	welche	PWAT	PRELS
87	12	/	$(	$(
87	13	wie	KOKOM	KOUS
87	14	ich	PPER	PPER
87	15	selbsten	ADV	VVFIN
87	16	weiß	VVFIN	VVFIN
87	17	/	$(	$(
87	18	den	ART	ART
87	19	Kindern	NN	NN
87	20	mit	APPR	APPR
87	21	großem	ADJA	ADJA
87	22	Nutzen	NN	NN
87	23	vor	APPR	APPR
87	24	die	ART	ART
87	25	schwere	ADJA	ADJA
87	26	Not	NN	NN
87	27	eingegeben	VVPP	VVINF
87	28	worden	VAPP	VAPP
87	29	.	$.	$.
88	1	5.	NE	CARD
89	1	ein	ART	ART
89	2	vornehmer	ADJA	ADJA
89	3	Chymicus	NE	NE
89	4	als	KOKOM	KOUS
89	5	er	PPER	PPER
89	6	den	ART	ART
89	7	Brunnen	NN	NN
89	8	destilliert	VVPP	VVFIN
89	9	/	$(	$(
89	10	hat	VAFIN	VAFIN
89	11	auf	APPR	APPR
89	12	dem	ART	ART
89	13	Grunde	NN	NN
89	14	ein	ART	ART
89	15	rötliches	ADJD	ADJA
89	16	Sedimentum	NE	NN
89	17	,	$,	$,
89	18	darinnen	ADV	VVFIN
89	19	weiße	ADJA	ADJA
89	20	Pünktlein	NN	NN
89	21	oder	KON	KON
89	22	Tiiplein	NE	NN
89	23	gewesen	VAPP	VAPP
89	24	/	$(	$(
89	25	gefunden	VVPP	VVPP
89	26	/	$(	$(
89	27	welches	PRELS	PWS
89	28	er	PPER	PPER
89	29	vor	APPR	APPR
89	30	eine	ART	ART
89	31	gewisse	ADJA	ADJA
89	32	Anzeigung	NN	NN
89	33	gehalten	VVPP	VVPP
89	34	/	$(	$(
89	35	dass	KOUS	KOUS
89	36	dieser	PDAT	PDAT
89	37	Brunnen	NN	NN
89	38	von	APPR	APPR
89	39	Gold	NN	NN
89	40	und	KON	KON
89	41	Silber	NN	NN
89	42	/	$(	$(
89	43	welches	PRELS	PWS
89	44	aber	ADV	ADV
89	45	noch	ADV	ADV
89	46	nicht	PTKNEG	PTKNEG
89	47	zeitig	ADJD	ADJD
89	48	/	$(	$(
89	49	herkäme	VVFIN	VVFIN
89	50	/	$(	$(
89	51	und	KON	KON
89	52	seine	PPOSAT	PPOSAT
89	53	Mineram	NN	NN
89	54	hätte	VAFIN	VAFIN
89	55	.	$.	$.
90	1	zwar	ADV	ADV
90	2	ich	PPER	PPER
90	3	muss	VMFIN	VMFIN
90	4	bekennen	VVFIN	VVINF
90	5	/	$(	$(
90	6	dass	KOUS	KOUS
90	7	ich	PPER	PPER
90	8	im	APPRART	APPRART
90	9	Anfang	NN	NN
90	10	/	$(	$(
90	11	ehe	KOUS	KOUS
90	12	dann	ADV	ADV
90	13	ich	PPER	PPER
90	14	dieses	PDS	PDAT
90	15	Wasser	NN	NN
90	16	zu	PTKZU	PTKZU
90	17	probieren	VVINF	VVINF
90	18	bekommen	VVINF	VVINF
90	19	können	VMFIN	VMINF
90	20	/	$(	$(
90	21	mich	PPER	PRF
90	22	durch	APPR	APPR
90	23	den	ART	ART
90	24	ersten	ADJA	ADJA
90	25	und	KON	KON
90	26	anderen	ADJA	PIS
90	27	Beweis	NN	NN
90	28	habe	VAFIN	VAFIN
90	29	bewegen	VVINF	VVINF
90	30	lassen	VVINF	VVINF
90	31	/	$(	$(
90	32	dass	KOUS	KOUS
90	33	ich	PPER	PPER
90	34	fast	ADV	ADV
90	35	eben	ADV	ADV
90	36	dieser	PDAT	PDAT
90	37	Meinung	NN	NN
90	38	gewesen	VAPP	VAPP
90	39	/	$(	$(
90	40	mich	PPER	PRF
90	41	auch	ADV	ADV
90	42	bei	APPR	APPR
90	43	etlichen	ADJA	PIAT
90	44	zu	PTKZU	APPR
90	45	derselben	PDAT	PDAT
90	46	Meinung	NN	NN
90	47	bekannt	VVFIN	ADJD
90	48	.	$.	$.
91	1	nach	APPR	APPR
91	2	dem	ART	ART
91	3	ich	PPER	PPER
91	4	aber	ADV	ADV
91	5	den	ART	ART
91	6	Sachen	NN	NN
91	7	weiter	ADV	ADV
91	8	nachgegangen	NN	VVPP
91	9	/	$(	$(
91	10	habe	VAFIN	VAFIN
91	11	ich	PPER	PPER
91	12	befunden	VVPP	VVPP
91	13	/	$(	$(
91	14	dass	KOUS	KOUS
91	15	sich	PPER	PRF
91	16	es	PPER	PPER
91	17	in	APPR	APPR
91	18	der	ART	ART
91	19	Wahrheit	NN	NN
91	20	anders	ADV	ADV
91	21	verhalte	VVFIN	VVFIN
91	22	/	$(	$(
91	23	und	KON	KON
91	24	diese	PDAT	PDAT
91	25	Meinung	NN	NN
91	26	nicht	PTKNEG	PTKNEG
91	27	Stadt	NN	NN
91	28	und	KON	KON
91	29	Raum	NN	NN
91	30	haben	VAFIN	VAINF
91	31	könne	VMFIN	VMFIN
91	32	.	$.	$.
91	33	sintemal	KOUS	ADV
91	34	1.	NE	ADV
91	35	das	ART	ART
91	36	Sedimentum	NE	NN
91	37	brennt	VVFIN	VVFIN
91	38	/	$(	$(
91	39	welches	PRELS	PWS
91	40	so	ADV	ADV
91	41	es	PPER	PPER
91	42	von	APPR	APPR
91	43	einem	ART	ART
91	44	Gold	NN	NN
91	45	oder	KON	KON
91	46	Silber	NN	NN
91	47	/	$(	$(
91	48	es	PPER	PPER
91	49	wäre	VAFIN	VAFIN
91	50	zeitig	ADJD	ADJD
91	51	oder	KON	KON
91	52	unzeitig	ADJD	ADJD
91	53	/	$(	$(
91	54	herrührte	VVFIN	VVFIN
91	55	/	$(	$(
91	56	nicht	PTKNEG	PTKNEG
91	57	also	ADV	ADV
91	58	leichtlich	ADJD	ADV
91	59	geschehen	VVPP	VVINF
91	60	könnte	VMFIN	VMFIN
91	61	.	$.	$.
92	1	2.	NE	ADV
92	2	dieweil	KOUS	KOUS
92	3	ich	PPER	PPER
92	4	halte	VVFIN	VVFIN
92	5	/	$(	$(
92	6	das	ART	ART
92	7	mit	APPR	APPR
92	8	wenigem	PIAT	PIAT
92	9	Grund	NN	NN
92	10	gesagt	VVPP	VVPP
92	11	werde	VAFIN	VAFIN
92	12	/	$(	$(
92	13	das	ART	ART
92	14	eigentlich	ADV	ADV
92	15	zu	PTKZU	PTKZU
92	16	reden	VVINF	VVINF
92	17	/	$(	$(
92	18	unreifes	ADJD	ADJA
92	19	Gold	NN	NN
92	20	oder	KON	KON
92	21	Silber	NN	NN
92	22	sei	VAFIN	VAFIN
92	23	/	$(	$(
92	24	sintemal	KOUS	ADV
92	25	es	PPER	PPER
92	26	wider	APPR	APPR
92	27	die	ART	ART
92	28	Natur	NN	NN
92	29	und	KON	KON
92	30	rationem	NE	NN
92	31	generationis	NE	ADJA
92	32	horum	NE	ADJA
92	33	metallorum	NE	NN
92	34	in	APPR	APPR
92	35	terræ	NE	ADJA
92	36	visceribus	NE	NN
92	37	läuft	VVFIN	VVFIN
92	38	/	$(	$(
92	39	dass	KOUS	KOUS
92	40	sie	PPER	PPER
92	41	gleich	ADV	ADJD
92	42	wie	KOKOM	KOKOM
92	43	die	ART	ART
92	44	Äpfel	NE	NN
92	45	und	KON	KON
92	46	Birnen	NN	NN
92	47	auf	APPR	APPR
92	48	den	ART	ART
92	49	Bäumen	NN	NN
92	50	allgemachsam	ADJD	ADJD
92	51	reif	ADJD	ADJD
92	52	werden	VAINF	VAINF
92	53	sollten	VMFIN	VMFIN
92	54	.	$.	$.
93	1	es	PPER	PPER
93	2	ist	VAFIN	VAFIN
93	3	auch	ADV	ADV
93	4	niemals	ADV	ADV
93	5	erfahren	VVINF	VVPP
93	6	worden	VAPP	VAPP
93	7	/	$(	$(
93	8	dass	KOUS	KOUS
93	9	die	ART	ART
93	10	Bergleute	NN	NN
93	11	jemals	ADV	ADV
93	12	unter	APPR	APPR
93	13	der	ART	ART
93	14	Erde	NN	NN
93	15	unreifes	ADJD	ADJA
93	16	Gold	NN	NN
93	17	oder	KON	KON
93	18	Silber	NN	NN
93	19	angetroffen	VVPP	VVPP
93	20	hätten	VAFIN	VAFIN
93	21	/	$(	$(
93	22	welches	PRELS	PWS
93	23	doch	ADV	ADV
93	24	nicht	PTKNEG	PTKNEG
93	25	möglich	ADJD	ADJD
93	26	gewesen	VAPP	VAPP
93	27	wäre	VAFIN	VAFIN
93	28	/	$(	$(
93	29	so	ADV	ADV
93	30	desselben	PDS	PDS
93	31	etwas	PIS	ADV
93	32	unter	APPR	APPR
93	33	der	ART	ART
93	34	Erde	NN	NN
93	35	vorhanden	ADJD	ADJD
93	36	/	$(	$(
93	37	oder	KON	KON
93	38	da	ADV	ADV
93	39	die	ART	ART
93	40	Metalle	NN	NN
93	41	unter	APPR	APPR
93	42	der	ART	ART
93	43	Erde	NN	NN
93	44	allgemachsam	ADJD	ADJD
93	45	perfiziert	NE	VVFIN
93	46	und	KON	KON
93	47	zeitig	ADJD	ADJD
93	48	würden	VAFIN	VAFIN
93	49	.	$.	$.
94	1	denn	KON	KON
94	2	was	PWS	PWS
94	3	der	ART	ART
94	4	gottselige	ADJA	ADJA
94	5	und	KON	KON
94	6	hoch	ADJD	ADJD
94	7	erfahrene	ADJA	ADJA
94	8	Herr	NN	NN
94	9	Magister	NN	NE
94	10	Johannes	NE	NE
94	11	Matthesius	NE	NE
94	12	christlicher	NN	ADJA
94	13	Gedächtnis	NN	NN
94	14	/	$(	$(
94	15	in	APPR	APPR
94	16	seiner	PPOSAT	PPOSAT
94	17	Bergpostille	NN	NN
94	18	in	APPR	APPR
94	19	der	ART	ART
94	20	dritten	ADJA	ADJA
94	21	Predigt	NN	NN
94	22	für	APPR	APPR
94	23	Experimenta	NE	NN
94	24	anzeucht	NN	NN
94	25	/	$(	$(
94	26	damit	PAV	PAV
94	27	zu	PTKZU	PTKZU
94	28	behaupten	VVFIN	VVINF
94	29	/	$(	$(
94	30	dass	KOUS	KOUS
94	31	die	ART	ART
94	32	Metalle	NN	NN
94	33	von	APPR	APPR
94	34	Jahr	NN	NN
94	35	zu	PTKZU	APPR
94	36	Jahr	NN	NN
94	37	/	$(	$(
94	38	besser	ADJD	ADJD
94	39	/	$(	$(
94	40	vollkommener	ADJA	ADJD
94	41	und	KON	KON
94	42	gültiger	ADJA	ADJD
94	43	werden	VAINF	VAINF
94	44	/	$(	$(
94	45	bis	VVFIN	KON
94	46	sie	PPER	PPER
94	47	gediegen	ADJD	VVPP
94	48	oder	KON	KON
94	49	zu	PTKZU	APPR
94	50	ihrem	PPOSAT	PPOSAT
94	51	Stillstand	NN	NN
94	52	und	KON	KON
94	53	Vollkommenheit	NN	NN
94	54	gebracht	VVPP	VVPP
94	55	werden	VAINF	VAINF
94	56	/	$(	$(
94	57	hat	VAFIN	VAFIN
94	58	viel	ADV	ADV
94	59	eine	ART	ART
94	60	andere	ADJA	PIAT
94	61	Meinung	NN	NN
94	62	und	KON	KON
94	63	Ursache	NN	NN
94	64	/	$(	$(
94	65	und	KON	KON
94	66	lassen	VVINF	VVFIN
94	67	die	ART	ART
94	68	Philosophi	NN	NN
94	69	/	$(	$(
94	70	die	ART	ART
94	71	nicht	PTKNEG	PTKNEG
94	72	oben	ADV	ADV
94	73	hin	PTKVZ	ADV
94	74	nach	APPR	APPR
94	75	dem	ART	ART
94	76	Ansehen	NN	NN
94	77	urteilen	VVINF	VVINF
94	78	/	$(	$(
94	79	sondern	KON	KON
94	80	der	ART	ART
94	81	Natur	NN	NN
94	82	Wirkung	NN	NN
94	83	eigentlich	ADV	ADV
94	84	erwägen	VVFIN	VVINF
94	85	und	KON	KON
94	86	unterscheiden	VVINF	VVINF
94	87	/	$(	$(
94	88	den	ART	ART
94	89	Bergleuten	NN	NN
94	90	ihre	PPOSAT	PPOSAT
94	91	Art	NN	NN
94	92	zu	PTKZU	PTKZU
94	93	reden	VVINF	VVINF
94	94	:	$.	$.
95	1	Loquentes	FM	ADJA
95	2	cum	FM	NN
95	3	multis	FM	ADJD
95	4	;	$.	$(
95	5	sapientes	FM	ADJA
95	6	cum	FM	NN
95	7	paucis	FM	NE
95	8	.	$.	$.
96	1	aber	KON	KON
96	2	davon	PAV	PAV
96	3	ausführlich	ADJD	ADJD
96	4	zu	PTKZU	PTKZU
96	5	disputieren	VVINF	VVINF
96	6	wollte	VMFIN	VMFIN
96	7	allhier	ADV	ADJA
96	8	zu	PTKZU	PTKA
96	9	lang	ADJD	ADJD
96	10	werden	VAINF	VAINF
96	11	.	$.	$.
97	1	3.	NE	CARD
98	1	man	PIS	PIS
98	2	findet	VVFIN	VVFIN
98	3	auch	ADV	ADV
98	4	in	APPR	APPR
98	5	etlichen	ADJA	PIAT
98	6	Brunnen	NN	NN
98	7	und	KON	KON
98	8	fließenden	ADJA	ADJA
98	9	Wassern	NN	NN
98	10	Goldkörner	NN	NN
98	11	und	KON	KON
98	12	Goldseifen	NN	NN
98	13	/	$(	$(
98	14	welche	PWAT	PRELS
98	15	aber	ADV	ADV
98	16	der	ART	ART
98	17	Goldes	NN	NN
98	18	Kraft	NN	NN
98	19	nicht	PTKNEG	PTKNEG
98	20	an	APPR	APPR
98	21	sich	PRF	PRF
98	22	nehmen	VVINF	VVINF
98	23	.	$.	$.
99	1	4.	NE	ADJA
100	1	ich	PPER	PPER
100	2	will	VMFIN	VMFIN
100	3	geschweigen	VVINF	VVFIN
100	4	/	$(	$(
100	5	das	ART	PRELS
100	6	/	$(	$(
100	7	wie	KOKOM	KOKOM
100	8	Fallopius	NE	NE
100	9	libro	NE	NE
100	10	de	NE	NE
100	11	aquis	NE	NE
100	12	Thermalibus	NE	NN
100	13	cap.	NN	ADJA
100	14	8.	ADJA	ADJA
100	15	auch	ADV	ADV
100	16	hiervon	PAV	PAV
100	17	disputiert	VVPP	VVFIN
100	18	/	$(	$(
100	19	fast	ADV	ADV
100	20	nicht	PTKNEG	PTKNEG
100	21	müglich	ADJD	ADJD
100	22	sei	VAFIN	VAFIN
100	23	/	$(	$(
100	24	dass	KOUS	KOUS
100	25	sich	PRF	PRF
100	26	das	ART	ART
100	27	schlechte	ADJA	ADJA
100	28	Wasser	NN	NN
100	29	mit	APPR	APPR
100	30	dem	ART	ART
100	31	Gold	NN	NN
100	32	also	ADV	ADV
100	33	vermische	VVFIN	VVFIN
100	34	/	$(	$(
100	35	dass	KOUS	KOUS
100	36	es	PPER	PPER
100	37	seine	PPOSAT	PPOSAT
100	38	Natur	NN	NN
100	39	an	APPR	APPR
100	40	sich	PRF	PRF
100	41	nehme	VVFIN	VVFIN
100	42	/	$(	$(
100	43	sintemal	KOUS	ADV
100	44	das	ART	ART
100	45	Gold	NN	NN
100	46	also	ADV	ADV
100	47	hart	ADJD	ADJD
100	48	und	KON	KON
100	49	tüchte	NN	ADJD
100	50	ist	VAFIN	VAFIN
100	51	/	$(	$(
100	52	dass	KOUS	KOUS
100	53	es	PPER	PPER
100	54	einem	ART	ART
100	55	kalten	ADJA	ADJA
100	56	schlechten	ADJA	ADJA
100	57	Wasser	NN	NN
100	58	von	APPR	APPR
100	59	seiner	PPOSAT	PPOSAT
100	60	Substanz	NN	NN
100	61	nichts	PIS	PIS
100	62	zukommen	VVINF	VVINF
100	63	lässt	VVFIN	VVFIN
100	64	.	$.	$.
101	1	Dahero	FM	NE
101	2	Reinerus	FM	NE
101	3	Solenander	FM	NE
101	4	lib.	FM	NE
101	5	2.	FM	ADJA
101	6	c.	FM	NN
101	7	2.	FM	ADV
101	8	de	FM	NE
101	9	font	FM	NE
101	10	.	$.	$.
101	11	temper.	FM	NE
101	12	p.	FM	APPR
101	13	148.	FM	ADJA
101	14	sagt	FM	VVFIN
101	15	:	$.	$(
101	16	Quæ	FM	NE
101	17	perfectissimè	FM	NE
101	18	mista	FM	NE
101	19	sunt	FM	NE
101	20	,	$,	$,
101	21	benè	FM	NE
101	22	compacta	FM	NE
101	23	insigniter	FM	NE
101	24	dura	FM	NE
101	25	,	$,	$,
101	26	nihil	FM	NE
101	27	ea	FM	ADJA
101	28	humectatione	FM	NN
101	29	(	$(	$(
101	30	nisi	FM	NE
101	31	id	FM	NE
101	32	,	$,	$,
101	33	quo	FM	NE
101	34	humectentur	FM	NN
101	35	,	$,	$,
101	36	insigniter	FM	NN
101	37	acre	FM	NE
101	38	fuerit	FM	NE
101	39	)	$(	$(
101	40	dimittunt	FM	VVFIN
101	41	,	$,	$,
101	42	ut	FM	ADJA
101	43	videre	FM	ADJA
101	44	licet	FM	VVFIN
101	45	in	FM	APPR
101	46	vitro	FM	NE
101	47	,	$,	$,
101	48	auro	FM	NE
101	49	,	$,	$,
101	50	argento	FM	NE
101	51	,	$,	$,
101	52	marmore	FM	NE
101	53	,	$,	$,
101	54	maximè	FM	NE
101	55	Carrariensi	FM	NE
101	56	,	$,	$,
101	57	vel	FM	ADJA
101	58	alio	FM	NE
101	59	quovis	FM	NE
101	60	durissimo	FM	NE
101	61	.	$.	$.
102	1	Nam	FM	NE
102	2	licet	FM	NE
102	3	aqua	FM	NE
102	4	ex	FM	FM
102	5	his	FM	PPOSAT
102	6	concrescat	FM	NN
102	7	,	$,	$,
102	8	nihil	FM	ADJD
102	9	ex	FM	FM
102	10	his	FM	PPOSAT
102	11	sibi	FM	ADJA
102	12	assumit	FM	NN
102	13	,	$,	$,
102	14	quod	FM	NE
102	15	observatione	FM	NN
102	16	sit	FM	VVFIN
102	17	dignum	FM	NN
102	18	.	$.	$.
103	1	At	FM	APPR
103	2	si	FM	NE
103	3	in	FM	APPR
103	4	aliis	FM	NE
103	5	condensetur	FM	NN
103	6	,	$,	$,
103	7	terreo	FM	NE
103	8	corpore	FM	NE
103	9	,	$,	$,
103	10	succo	FM	NE
103	11	concreto	FM	NE
103	12	,	$,	$,
103	13	saxo	FM	NE
103	14	aliquo	FM	NE
103	15	vel	FM	VVFIN
103	16	metallo	FM	NE
103	17	molli	FM	NE
103	18	impuróve	FM	NN
103	19	,	$,	$,
103	20	sanè	FM	ADJA
103	21	permultum	FM	NN
103	22	ejus	FM	NE
103	23	qualitatis	FM	NE
103	24	&	$(	KON
103	25	naturæ	FM	NN
103	26	imbibit	FM	NN
103	27	.	$.	$.
104	1	ja	PTKANT	ADV
104	2	ob	KOUS	KOUS
104	3	gleich	ADV	ADJD
104	4	der	ART	ART
104	5	Brunnen	NN	NN
104	6	das	ART	ART
104	7	Gold	NN	NN
104	8	oder	KON	KON
104	9	Silber	NN	NN
104	10	leibhaftig	ADJD	ADJD
104	11	in	APPR	APPR
104	12	sich	PRF	PRF
104	13	hätte	VAFIN	VAFIN
104	14	/	$(	$(
104	15	so	ADV	ADV
104	16	könnte	VMFIN	VMFIN
104	17	er	PPER	PPER
104	18	doch	ADV	ADV
104	19	die	ART	ART
104	20	Kräfte	NN	NN
104	21	nicht	PTKNEG	PTKNEG
104	22	von	APPR	APPR
104	23	ihnen	PPER	PPER
104	24	haben	VAFIN	VAFIN
104	25	/	$(	$(
104	26	sintemal	KOUS	ADV
104	27	die	ART	ART
104	28	Chymici	NE	NE
104	29	selber	ADV	ADV
104	30	bekennen	VVFIN	VVINF
104	31	/	$(	$(
104	32	dass	KOUS	KOUS
104	33	das	ART	ART
104	34	Gold	NN	NN
104	35	/	$(	$(
104	36	wenn	KOUS	KOUS
104	37	man	PIS	PIS
104	38	es	PPER	PPER
104	39	schon	ADV	ADV
104	40	in	APPR	APPR
104	41	Leib	NN	NN
104	42	nimmt	VVFIN	VVFIN
104	43	/	$(	$(
104	44	doch	ADV	ADV
104	45	nicht	PTKNEG	PTKNEG
104	46	von	APPR	APPR
104	47	unserer	PPOSAT	PPOSAT
104	48	natürlichen	ADJA	ADJA
104	49	Wärme	NN	NN
104	50	bezwungen	VVPP	VVPP
104	51	und	KON	KON
104	52	verdaut	VVFIN	VVPP
104	53	werden	VAINF	VAINF
104	54	könne	VMFIN	VMFIN
104	55	.	$.	$.
105	1	Aurum	FM	NN
105	2	,	$,	$,
105	3	inquiunt	FM	NN
105	4	,	$,	$,
105	5	init	FM	ADJA
105	6	;	$.	$.
105	7	aurum	FM	NN
105	8	exit	FM	VVFIN
105	9	,	$,	$,
105	10	si	FM	VVFIN
105	11	sit	FM	VVFIN
105	12	minerale	FM	NN
105	13	&	$(	KON
105	14	nisi	FM	ADJA
105	15	vegetabile	FM	ADJA
105	16	fiat	FM	NN
105	17	,	$,	$,
105	18	quod	FM	NE
105	19	sit	FM	VVFIN
105	20	per	FM	APPR
105	21	solutionem	FM	ADJA
105	22	ejus	FM	NE
105	23	Spagyricam	FM	NN
105	24	.	$.	$.
106	1	das	ART	ART
106	2	Gold	NN	NN
106	3	/	$(	$(
106	4	sagen	VVINF	VVFIN
106	5	sie	PPER	PPER
106	6	/	$(	$(
106	7	geht	VVFIN	VVFIN
106	8	in	APPR	APPR
106	9	den	ART	ART
106	10	Leib	NN	NN
106	11	/	$(	$(
106	12	und	KON	KON
106	13	geht	VVFIN	VVFIN
106	14	unversehrt	ADJD	ADJD
106	15	wieder	ADV	ADV
106	16	heraus	PTKVZ	PTKVZ
106	17	/	$(	$(
106	18	alldieweil	KOUS	VVFIN
106	19	es	PPER	PPER
106	20	noch	ADV	ADV
106	21	mineralisch	ADJD	ADJD
106	22	/	$(	$(
106	23	und	KON	KON
106	24	durch	APPR	APPR
106	25	die	ART	ART
106	26	spagirische	ADJA	ADJA
106	27	Kunst	NN	NN
106	28	noch	ADV	ADV
106	29	nicht	PTKNEG	PTKNEG
106	30	gleichsam	ADJD	ADJD
106	31	lebendig	ADJD	ADJD
106	32	gemacht	VVPP	VVPP
106	33	worden	VAPP	VAPP
106	34	ist	VAFIN	VAFIN
106	35	.	$.	$.
107	1	belangend	NN	ADJD
107	2	aber	ADV	ADV
107	3	die	ART	ART
107	4	Gründe	NN	NN
107	5	/	$(	$(
107	6	so	ADV	ADV
107	7	oben	ADV	ADV
107	8	zur	APPRART	APPRART
107	9	Beweisung	NN	NN
107	10	angezogen	VVPP	VVPP
107	11	worden	VAPP	VAPP
107	12	/	$(	$(
107	13	dass	KOUS	KOUS
107	14	dieser	PDAT	PDAT
107	15	Brunnen	NN	NN
107	16	seine	PPOSAT	PPOSAT
107	17	Mineram	NN	NN
107	18	vom	APPRART	APPRART
107	19	Gold	NN	NN
107	20	/	$(	$(
107	21	oder	KON	KON
107	22	Silber	NN	NN
107	23	habe	VAFIN	VAFIN
107	24	/	$(	$(
107	25	so	ADV	ADV
107	26	ist	VAFIN	VAFIN
107	27	auf	APPR	APPR
107	28	dieselbige	PDAT	ADJA
107	29	kürzlich	ADV	ADJD
107	30	meine	PPOSAT	PPOSAT
107	31	Antwort	NN	NN
107	32	?	$.	$.
108	1	1.	NE	CARD
109	1	dass	KOUS	KOUS
109	2	es	PPER	PPER
109	3	nicht	PTKNEG	PTKNEG
109	4	folge	VVFIN	VVFIN
109	5	/	$(	$(
109	6	weil	KOUS	KOUS
109	7	dieser	PDAT	PDAT
109	8	Brunnen	NN	NN
109	9	die	ART	ART
109	10	Lähme	NN	NN
109	11	heilt	VVFIN	VVFIN
109	12	/	$(	$(
109	13	es	PPER	PPER
109	14	derowegen	ADV	VVFIN
109	15	von	APPR	APPR
109	16	Gold	NN	NN
109	17	sei	VAFIN	VAFIN
109	18	/	$(	$(
109	19	sintemal	KOUS	ADV
109	20	solches	PIAT	PIAT
109	21	nicht	PTKNEG	PTKNEG
109	22	weniger	ADV	ADV
109	23	den	ART	ART
109	24	Bituminibus	NE	NN
109	25	wie	KOKOM	KOKOM
109	26	unten	ADV	ADV
109	27	wird	VAFIN	VAFIN
109	28	gemeldet	VVPP	VVPP
109	29	werden	VAINF	VAINF
109	30	/	$(	$(
109	31	zuzuschreiben	VVIZU	VVIZU
109	32	,	$,	$,
109	33	2.	CARD	CARD
110	1	dass	KOUS	KOUS
110	2	aber	ADV	ADV
110	3	der	ART	ART
110	4	Brunnen	NN	NN
110	5	keinen	PIAT	PIAT
110	6	sonderlichen	ADJA	ADJA
110	7	Geschmack	NN	NN
110	8	/	$(	$(
110	9	geschieht	VVFIN	VVFIN
110	10	nicht	PTKNEG	PTKNEG
110	11	wegen	APPR	APPR
110	12	des	ART	ART
110	13	Goldes	NN	NN
110	14	/	$(	$(
110	15	oder	KON	KON
110	16	Silbers	NN	NN
110	17	/	$(	$(
110	18	sondern	KON	KON
110	19	von	APPR	APPR
110	20	wegen	APPR	APPR
110	21	der	ART	ART
110	22	Menge	NN	NN
110	23	des	ART	ART
110	24	Wassers	NN	NN
110	25	wird	VAFIN	VAFIN
110	26	der	ART	ART
110	27	Geschmack	NN	NN
110	28	des	ART	ART
110	29	Bituminis	NN	NN
110	30	obtundirt	NE	VVFIN
110	31	und	KON	KON
110	32	gedämpft	VVPP	VVPP
110	33	/	$(	$(
110	34	welches	PRELS	PWS
110	35	weil	KOUS	KOUS
110	36	es	PPER	PPER
110	37	auch	ADV	ADV
110	38	in	APPR	APPR
110	39	Nitro	NE	NE
110	40	,	$,	$,
110	41	und	KON	KON
110	42	Atramento	NE	NE
110	43	geschieht	VVFIN	VVFIN
110	44	/	$(	$(
110	45	wie	PWAV	KOKOM
110	46	Solenander	NE	NE
110	47	bezeigt	VVPP	VVFIN
110	48	lib.	NN	NE
110	49	2.	ADJA	ADJA
110	50	de	NE	NE
110	51	Temp.	NN	NE
110	52	font.	NN	VVFIN
110	53	cap.	NN	ADJA
110	54	4.	ADJA	ADJA
110	55	p.	NN	APPR
110	56	166.	ADJA	ADJA
110	57	ist	VAFIN	VAFIN
110	58	kein	PIAT	PIAT
110	59	Wunder	NN	NN
110	60	/	$(	$(
110	61	dass	KOUS	KOUS
110	62	sich	PRF	PRF
110	63	solches	PIAT	PIS
110	64	auch	ADV	ADV
110	65	mit	APPR	APPR
110	66	dem	ART	ART
110	67	Bitumine	NE	NN
110	68	zuträgt	VVFIN	VVFIN
110	69	/	$(	$(
110	70	sondern	KON	KON
110	71	ist	VAFIN	VAFIN
110	72	dass	KOUS	KOUS
110	73	dieser	PDAT	PDAT
110	74	Brunnen	NN	NN
110	75	gleich	ADV	APPR
110	76	ein	ART	ART
110	77	wenig	PIS	PIAT
110	78	süßlichen	ADJA	ADJA
110	79	und	KON	KON
110	80	pfülenschenden	NE	ADJA
110	81	Geschmack	NN	NN
110	82	hat	VAFIN	VAFIN
110	83	/	$(	$(
110	84	gar	ADV	ADV
110	85	genug	ADV	ADV
110	86	.	$.	$.
111	1	3.	NE	ADJA
111	2	lasse	VVIMP	VVFIN
111	3	ich	PPER	PPER
111	4	in	APPR	APPR
111	5	seinem	PPOSAT	PPOSAT
111	6	Wert	ADJD	NN
111	7	und	KON	KON
111	8	Unwert	NN	NN
111	9	beruhen	VVFIN	VVFIN
111	10	/	$(	$(
111	11	dass	KOUS	KOUS
111	12	dieser	PDAT	PDAT
111	13	Brunnen	NN	NN
111	14	Gold	NN	NN
111	15	mit	APPR	APPR
111	16	sich	PRF	PRF
111	17	bringe	VVFIN	VVFIN
111	18	/	$(	$(
111	19	es	PPER	PPER
111	20	folgt	VVFIN	VVFIN
111	21	aber	ADV	ADV
111	22	nicht	PTKNEG	PTKNEG
111	23	daraus	PAV	PAV
111	24	/	$(	$(
111	25	dass	KOUS	KOUS
111	26	die	ART	ART
111	27	Minera	NN	NE
111	28	von	APPR	APPR
111	29	Gold	NN	NN
111	30	sei	VAFIN	VAFIN
111	31	/	$(	$(
111	32	wie	KOKOM	KOUS
111	33	aus	APPR	APPR
111	34	unsern	PPOSAT	PPOSAT
111	35	/	$(	$(
111	36	wider	APPR	APPR
111	37	diese	PDAT	PDAT
111	38	Meinung	NN	NN
111	39	/	$(	$(
111	40	obangezogenem	ADJA	ADJA
111	41	dritten	ADJA	ADJA
111	42	Argument	NN	NN
111	43	weitläufiger	NN	ADJD
111	44	zu	PTKZU	PTKZU
111	45	sehen	VVINF	VVINF
111	46	.	$.	$.
112	1	4.	NE	ADJA
113	1	die	ART	ART
113	2	rötlichen	ADJA	ADJA
113	3	Steinlein	NN	NN
113	4	aber	ADV	ADV
113	5	/	$(	$(
113	6	so	ADV	ADV
113	7	wider	APPR	APPR
113	8	die	ART	ART
113	9	schwere	ADJA	ADJA
113	10	Not	NN	NN
113	11	dienen	VVINF	VVINF
113	12	/	$(	$(
113	13	sind	VAFIN	VAFIN
113	14	nicht	PTKNEG	PTKNEG
113	15	vom	APPRART	APPRART
113	16	Gold	NN	NN
113	17	/	$(	$(
113	18	sondern	KON	KON
113	19	vielmehr	ADV	ADV
113	20	Stücklein	NN	NN
113	21	eines	ART	ART
113	22	Bituminis	NN	NN
113	23	,	$,	$,
113	24	irgend	ADV	ADV
113	25	der	ART	ART
113	26	Ambra	NN	NE
113	27	,	$,	$,
113	28	welche	PWAT	PRELS
113	29	/	$(	$(
113	30	wie	KOKOM	KOKOM
113	31	jetzo	ADV	ADJD
113	32	wird	VAFIN	VAFIN
113	33	gemeldet	VVPP	VVPP
113	34	werden	VAINF	VAINF
113	35	/	$(	$(
113	36	solche	PIAT	PIAT
113	37	Farbe	NN	NN
113	38	auch	ADV	ADV
113	39	in	APPR	APPR
113	40	sich	PRF	PRF
113	41	hat	VAFIN	VAFIN
113	42	/	$(	$(
113	43	oder	KON	KON
113	44	des	ART	ART
113	45	Agtsteins	NN	NN
113	46	/	$(	$(
113	47	welcher	PWAT	PWS
113	48	auch	ADV	ADV
113	49	eine	ART	ART
113	50	Art	NN	NN
113	51	des	ART	ART
113	52	Erdpechs	NN	NN
113	53	ist	VAFIN	VAFIN
113	54	/	$(	$(
113	55	und	KON	KON
113	56	hat	VAFIN	VAFIN
113	57	man	PIS	PIS
113	58	in	APPR	APPR
113	59	diesem	PDAT	PDAT
113	60	Brunnen	NN	NN
113	61	etlichen	ADJA	PIAT
113	62	Riss	NN	NN
113	63	gefunden	VVFIN	VVPP
113	64	/	$(	$(
113	65	der	ART	ART
113	66	sich	PRF	PRF
113	67	schneiden	VVFIN	VVINF
113	68	lässt	VVFIN	VVFIN
113	69	/	$(	$(
113	70	und	KON	KON
113	71	dem	ART	ART
113	72	weißen	ADJA	ADJA
113	73	Bern-	NE	TRUNC
113	74	oder	KON	KON
113	75	Agtstein	NN	NN
113	76	gar	ADV	ADV
113	77	ähnlich	ADJD	ADJD
113	78	ist	VAFIN	VAFIN
113	79	.	$.	$.
114	1	5.	NE	CARD
115	1	das	ART	ART
115	2	letzte	ADJA	ADJA
115	3	Argument	NN	NN
115	4	/	$(	$(
115	5	hat	VAFIN	VAFIN
115	6	zwar	ADV	ADV
115	7	ein	ART	ART
115	8	feines	ADJD	ADJA
115	9	Ansehen	NN	NN
115	10	/	$(	$(
115	11	aber	ADV	KON
115	12	wann	PWAV	PWAV
115	13	man	PIS	PIS
115	14	es	PPER	PPER
115	15	recht	ADJD	ADJD
115	16	anschaut	VVFIN	VVFIN
115	17	/	$(	$(
115	18	ist	VAFIN	VAFIN
115	19	es	PPER	PPER
115	20	zu	PTKZU	PTKA
115	21	schwach	ADJD	ADJD
115	22	/	$(	$(
115	23	dieweil	KOUS	ADV
115	24	nicht	PTKNEG	PTKNEG
115	25	flugs	ADV	ADJD
115	26	folgt	VVFIN	VVFIN
115	27	:	$.	$(
115	28	das	ART	ART
115	29	Sedimentum	NE	NN
115	30	ist	VAFIN	VAFIN
115	31	rötlich	ADJD	ADJD
115	32	mit	APPR	APPR
115	33	weißen	ADJA	ADJA
115	34	Pünktlein	NN	NN
115	35	vermischt	VVFIN	VVPP
115	36	.	$.	$.
116	1	darum	PAV	PAV
116	2	ist	VAFIN	VAFIN
116	3	es	PPER	PPER
116	4	Gold	NN	NN
116	5	und	KON	KON
116	6	Silber	NN	NN
116	7	:	$.	$.
117	1	dann	ADV	ADV
117	2	nicht	PTKNEG	PTKNEG
117	3	alles	PIS	PIS
117	4	was	PWS	PIS
117	5	da	ADV	ADV
117	6	gleißt	VVFIN	VVFIN
117	7	Gold	NN	NN
117	8	ist	VAFIN	VAFIN
117	9	.	$.	$.
118	1	sondern	KON	KON
118	2	viel	ADV	ADV
118	3	mehr	ADV	ADV
118	4	wollte	VMFIN	VMFIN
118	5	ich	PPER	PPER
118	6	argumentieren	VVFIN	VVINF
118	7	/	$(	$(
118	8	das	ART	ART
118	9	Sedimentum	NE	NN
118	10	brennt	VVFIN	VVFIN
118	11	/	$(	$(
118	12	ist	VAFIN	VAFIN
118	13	rötlich	ADJD	ADJD
118	14	et cetera	ADV	FM
119	1	ergo	NE	NE
119	2	so	ADV	ADV
119	3	ist	VAFIN	VAFIN
119	4	es	PPER	PPER
119	5	eine	ART	ART
119	6	Art	NN	NN
119	7	einer	ART	ART
119	8	Ambra	NN	NE
119	9	,	$,	$,
119	10	die	ART	PRELS
119	11	da	ADV	ADV
119	12	rot	ADJD	ADJD
119	13	ist	VAFIN	VAFIN
119	14	/	$(	$(
119	15	gleich	ADV	ADJD
119	16	wie	KOKOM	KOKOM
119	17	die	ART	ART
119	18	gewesen	VAPP	VAPP
119	19	/	$(	$(
119	20	welche	PWAT	PRELS
119	21	von	APPR	APPR
119	22	Kaiser	NN	NE
119	23	Caroli	NE	NE
119	24	5.	NE	ADJA
119	25	Tochter	NN	NN
119	26	/	$(	$(
119	27	des	ART	ART
119	28	Kaisers	NN	NN
119	29	Maximiliani	NE	NE
119	30	Gemahl	NN	NN
119	31	/	$(	$(
119	32	dem	ART	ART
119	33	vornehmen	VVINF	ADJA
119	34	Medico	NE	NE
119	35	Cratoni	NE	NE
119	36	ist	VAFIN	VAFIN
119	37	verehrt	VVFIN	VVPP
119	38	worden	VAPP	VAPP
119	39	/	$(	$(
119	40	welche	PWAT	PRELS
119	41	er	PPER	PPER
119	42	schreibt	VVFIN	VVFIN
119	43	dass	KOUS	KOUS
119	44	sie	PPER	PPER
119	45	gebrannt	VVPP	VVPP
119	46	/	$(	$(
119	47	schweflige	ADJA	ADJA
119	48	/	$(	$(
119	49	das	ART	PDS
119	50	ist	VAFIN	VAFIN
119	51	rötliche	ADJA	ADJA
119	52	/	$(	$(
119	53	oder	KON	KON
119	54	gelbliche	ADJA	ADJA
119	55	Pünktlein	NN	NN
119	56	gehabt	VAPP	VAPP
119	57	/	$(	$(
119	58	und	KON	KON
119	59	die	ART	ART
119	60	man	PIS	PIS
119	61	sonst	ADV	ADV
119	62	nicht	PTKNEG	PTKNEG
119	63	zu	PTKZU	PTKZU
119	64	kaufen	NN	VVINF
119	65	/	$(	$(
119	66	bekommen	VVINF	VVINF
119	67	könne	VMFIN	VMFIN
119	68	.	$.	$.
120	1	Hæc	FM	NE
120	2	Ambra	FM	NE
120	3	&	$(	KON
120	4	c.	FM	VVFIN
120	5	vulgo	FM	NE
120	6	non	FM	ADJA
120	7	venditur	FM	NE
120	8	.	$.	$.
120	9	lib.	FM	NE
120	10	de	FM	NE
120	11	Peste	FM	NN
120	12	latino	FM	NE
120	13	p.	FM	APPR
120	14	548.	FM	ADJA
120	15	besiehe	FM	VVFIN
120	16	von	FM	APPR
120	17	der	FM	ART
120	18	Ambra	FM	NE
120	19	Libavium	FM	NN
120	20	in	FM	APPR
120	21	tertia	FM	NE
120	22	parte	FM	ADJA
120	23	singularium	FM	NN
120	24	,	$,	$,
120	25	lib.	FM	NE
120	26	4.	FM	ADJA
120	27	cap.	FM	ADJA
120	28	2.	FM	ADJA
120	29	und	FM	KON
120	30	so	FM	ADV
120	31	viel	FM	ADV
120	32	von	FM	APPR
120	33	dieser	FM	PDAT
120	34	Meinung	FM	NN
120	35	.	$.	$.
121	1	die	ART	ART
121	2	andere	ADJA	PIAT
121	3	Meinung	NN	NN
121	4	ist	VAFIN	VAFIN
121	5	diese	PDAT	PDAT
121	6	/	$(	$(
121	7	dass	KOUS	KOUS
121	8	dieser	PDAT	PDAT
121	9	Brunnen	NN	NN
121	10	in	APPR	APPR
121	11	sich	PRF	PRF
121	12	habe	VAFIN	VAFIN
121	13	Sulfur	NN	NN
121	14	,	$,	$,
121	15	das	ART	PDS
121	16	ist	VAFIN	VAFIN
121	17	/	$(	$(
121	18	Schwefel	NN	NN
121	19	und	KON	KON
121	20	Nitrum	NE	NN
121	21	Salpeter	NN	NN
121	22	/	$(	$(
121	23	welche	PWAT	PRELS
121	24	Meinung	NN	NN
121	25	zwar	ADV	ADV
121	26	auch	ADV	ADV
121	27	oben	ADV	ADV
121	28	angezogenes	ADJA	ADJA
121	29	Argument	NN	NN
121	30	/	$(	$(
121	31	so	ADV	ADV
121	32	wir	PPER	PPER
121	33	daher	PAV	PAV
121	34	genommen	VVPP	VVPP
121	35	/	$(	$(
121	36	dass	KOUS	KOUS
121	37	das	ART	ART
121	38	Sedimentum	NE	NN
121	39	brenne	VVFIN	VVFIN
121	40	/	$(	$(
121	41	für	APPR	APPR
121	42	sich	PRF	PRF
121	43	hat	VAFIN	VAFIN
121	44	/	$(	$(
121	45	sintemal	KOUS	ADV
121	46	das	ART	ART
121	47	Sulfur	NN	NN
121	48	gerne	ADV	ADV
121	49	brennt	NE	VVFIN
121	50	.	$.	$.
122	1	aber	KON	KON
122	2	diese	PDAT	PDAT
122	3	Communis	NE	NN
122	4	ratio	NE	NE
122	5	ist	VAFIN	VAFIN
122	6	allein	ADV	ADV
122	7	zu	PTKZU	PTKA
122	8	schwach	ADJD	ADJD
122	9	/	$(	$(
122	10	dann	ADV	ADV
122	11	wie	KOKOM	KOKOM
122	12	gesagt	VVPP	VVPP
122	13	/	$(	$(
122	14	und	KON	KON
122	15	sonst	ADV	ADV
122	16	bewusst	ADJD	ADJD
122	17	/	$(	$(
122	18	so	ADV	ADV
122	19	brennt	VVFIN	VVFIN
122	20	das	ART	ART
122	21	Bitumen	NN	NN
122	22	ja	ADV	ADV
122	23	so	ADV	ADV
122	24	bald	ADV	ADV
122	25	/	$(	$(
122	26	als	KOKOM	KOKOM
122	27	Sulfur	NN	NE
122	28	,	$,	$,
122	29	sonderlich	ADJD	ADJD
122	30	die	ART	ART
122	31	Naphtha	NN	NN
122	32	,	$,	$,
122	33	wie	KOKOM	KOUS
122	34	Solenander	NE	NE
122	35	sagt	VVFIN	VVFIN
122	36	libr.	NN	NE
122	37	1.	ADJA	ADJA
122	38	de	NE	NE
122	39	font.	NN	NE
122	40	cal.	NN	NE
122	41	causa.	NN	NE
122	42	in	APPR	APPR
122	43	fine.	NN	ADJA
122	44	cap.	NN	ADJA
122	45	5.	ADJA	ADJA
122	46	Est	NE	NE
122	47	quædam	NE	NE
122	48	bituminis	NE	ADJA
122	49	species	NE	NE
122	50	&	$(	KON
122	51	præsertim	NE	ADJA
122	52	Naphtha	NN	NE
122	53	,	$,	$,
122	54	cui	NE	NE
122	55	est	FM	ADJA
122	56	sane	NE	ADJA
122	57	magna	NE	NE
122	58	cognatio	NE	NE
122	59	,	$,	$,
122	60	&	$(	KON
122	61	quasi	ADV	ADV
122	62	quædam	NE	NE
122	63	vis	NE	ADJA
122	64	ignium	NE	NN
122	65	rapax	NE	NN
122	66	,	$,	$,
122	67	ita	NE	NE
122	68	ut	FM	ADJA
122	69	is	FM	VVFIN
122	70	protinus	NE	NN
122	71	in	APPR	APPR
122	72	eam	NE	ADJA
122	73	transiliat	NE	NN
122	74	.	$.	$.
123	1	hergegen	ADV	VVFIN
123	2	aber	ADV	ADV
123	3	/	$(	$(
123	4	dass	KOUS	KOUS
123	5	kein	PIAT	PIAT
123	6	Sulfur	NN	NN
123	7	des	ART	ART
123	8	Brunnens	NN	NN
123	9	Minera	NN	NE
123	10	sei	VAFIN	VAFIN
123	11	/	$(	$(
123	12	ist	VAFIN	VAFIN
123	13	daher	PAV	PAV
123	14	sonnenklar	NN	ADJD
123	15	/	$(	$(
123	16	dass	KOUS	KOUS
123	17	nicht	PTKNEG	PTKNEG
123	18	allein	ADV	ADV
123	19	das	ART	ART
123	20	Wasser	NN	NN
123	21	/	$(	$(
123	22	sondern	KON	KON
123	23	auch	ADV	ADV
123	24	das	ART	ART
123	25	angezündete	ADJA	ADJA
123	26	Sedimentum	NE	NN
123	27	im	APPRART	APPRART
123	28	Geringsten	ADJA	NN
123	29	keinen	PIAT	PIAT
123	30	schwefligen	ADJA	ADJA
123	31	Geruch	NN	NN
123	32	von	APPR	APPR
123	33	sich	PRF	PRF
123	34	gibt	VVFIN	VVFIN
123	35	/	$(	$(
123	36	da	ADV	KOUS
123	37	doch	ADV	ADV
123	38	solches	PIAT	PIS
123	39	wider	APPR	APPR
123	40	die	ART	ART
123	41	Natur	NN	NN
123	42	des	ART	ART
123	43	Schwefels	NN	NN
123	44	/	$(	$(
123	45	welcher	PWAT	PWS
123	46	nicht	PTKNEG	PTKNEG
123	47	allein	ADV	ADV
123	48	gar	ADV	ADV
123	49	stark	ADJD	ADJD
123	50	riecht	VVFIN	VVFIN
123	51	/	$(	$(
123	52	sondern	KON	KON
123	53	auch	ADV	ADV
123	54	mit	APPR	APPR
123	55	Gewalt	NN	NN
123	56	in	APPR	APPR
123	57	die	ART	ART
123	58	Nase	NN	NN
123	59	kriecht	VVFIN	VVFIN
123	60	/	$(	$(
123	61	dass	KOUS	KOUS
123	62	einer	ART	PIS
123	63	schier	ADJD	ADJD
123	64	ersticken	VVINF	VVINF
123	65	möchte	VMFIN	VMFIN
123	66	/	$(	$(
123	67	wie	KOKOM	KOUS
123	68	solches	PIAT	PIS
123	69	neben	APPR	APPR
123	70	der	ART	ART
123	71	täglichen	ADJA	ADJA
123	72	Erfahrung	NN	NN
123	73	bezeugen	VVFIN	VVINF
123	74	:	$.	$(
123	75	Solenander	NE	NE
123	76	lib.	NN	NE
123	77	1.	ADJA	ADJA
123	78	de	NE	NE
123	79	Font	NN	NE
123	80	:	$.	$(
123	81	cal.	NN	NE
123	82	causa.	NN	NE
123	83	cap.	NN	ADJA
123	84	11.	ADJA	ADJA
123	85	p.	NN	APPR
123	86	104.	ADJA	ADJA
123	87	Odor	NN	NN
123	88	sulfuris	NE	ADJA
123	89	injucundus	NE	NN
123	90	est	FM	ADJA
123	91	&	$(	KON
123	92	gravis	NN	NE
123	93	,	$,	$,
123	94	suusq̒ue	NE	NN
123	95	peculiaris	NE	NE
123	96	,	$,	$,
123	97	quique	NE	NE
123	98	vehementius	NE	NE
123	99	nares	NE	ADJA
123	100	ferit	NE	NE
123	101	,	$,	$,
123	102	cum	NE	NN
123	103	accenditur	NE	NN
123	104	.	$.	$.
124	1	Et	FM	FM
124	2	mox	FM	NN
124	3	:	$.	$(
124	4	Odor	FM	NN
124	5	in	FM	APPR
124	6	fulmine	FM	ADJA
124	7	ei	FM	ADJA
124	8	similis	FM	ADJA
124	9	cognoscitur	FM	NN
124	10	.	$.	$.
125	1	und	FM	KON
125	2	Johannes	FM	NE
125	3	Gorrhaeus	FM	NE
125	4	desin.	FM	NE
125	5	medic.	FM	NE
125	6	titulo	FM	NE
125	7	[	$(	$(
125	8	Griech.	FM	NN
125	9	]	$(	$(
125	10	p.	FM	APPR
125	11	177.	FM	ADJA
125	12	Odore	FM	NN
125	13	sulfur	FM	NE
125	14	est	FM	ADJA
125	15	gravi	FM	NE
125	16	fulminis	FM	NN
125	17	&	$(	KON
125	18	fulguris	FM	NN
125	19	,	$,	$,
125	20	cumque	FM	NN
125	21	uritur	FM	NN
125	22	,	$,	$,
125	23	nares	FM	ADJA
125	24	ferit	FM	NE
125	25	aurâ	FM	NE
125	26	acri	FM	NE
125	27	&	$(	KON
125	28	igneä	FM	NE
125	29	.	$.	$.
126	1	über	FM	APPR
126	2	das	FM	ART
126	3	/	$(	$(
126	4	so	FM	ADV
126	5	schreibt	FM	VVFIN
126	6	Paulus	FM	NE
126	7	Ägineta	FM	NE
126	8	lib.	FM	NE
126	9	1.	FM	ADJA
126	10	de	FM	NE
126	11	arte	FM	ADJA
126	12	med.	FM	NE
126	13	cap	FM	ADJA
126	14	:	$.	$(
126	15	52.	FM	ADJA
126	16	Quæ	FM	NN
126	17	vero	FM	NE
126	18	aquæ	FM	$.
126	19	sulfuris	FM	ADJA
126	20	vim	FM	$.
126	21	possident	FM	NN
126	22	,	$,	$,
126	23	stomachum	FM	NN
126	24	non	FM	ADJA
126	25	effæminant	FM	ADJA
126	26	tantum	FM	NN
126	27	,	$,	$,
126	28	verum	FM	NN
126	29	etiam	FM	NE
126	30	subvertunt	FM	VVFIN
126	31	.	$.	$.
127	1	das	ART	PDS
127	2	ist	VAFIN	VAFIN
127	3	:	$.	$.
128	1	die	ART	ART
128	2	schwefligen	ADJA	ADJA
128	3	Wasser	NN	NN
128	4	schwächen	VVINF	VVFIN
128	5	nicht	PTKNEG	PTKNEG
128	6	allein	ADV	ADV
128	7	den	ART	ART
128	8	Magen	NN	NN
128	9	/	$(	$(
128	10	sondern	KON	KON
128	11	sie	PPER	PPER
128	12	verderben	VVFIN	VVFIN
128	13	ihn	PPER	PPER
128	14	auch	ADV	ADV
128	15	ganz	ADV	ADV
128	16	und	KON	KON
128	17	gar	ADV	ADV
128	18	.	$.	$.
129	1	dessen	PDS	PDAT
129	2	Gegenteil	NN	NN
129	3	aber	ADV	ADV
129	4	in	APPR	APPR
129	5	diesem	PDAT	PDAT
129	6	Brunnen	NN	NN
129	7	erscheint	VVFIN	VVFIN
129	8	/	$(	$(
129	9	in	APPR	APPR
129	10	dem	ART	ART
129	11	niemand	PIS	PIS
129	12	jemals	ADV	ADV
129	13	/	$(	$(
129	14	der	ART	PRELS
129	15	ihn	PPER	PPER
129	16	zu	PTKZU	APPR
129	17	rechter	ADJA	ADJA
129	18	Zeit	NN	NN
129	19	getrunken	VVPP	VVPP
129	20	/	$(	$(
129	21	dass	KOUS	KOUS
129	22	er	PPER	PPER
129	23	dem	ART	ART
129	24	Magen	NN	NN
129	25	geschadet	VVPP	VVPP
129	26	/	$(	$(
129	27	geklagt	VVPP	VVPP
129	28	/	$(	$(
129	29	sondern	KON	KON
129	30	viel	ADV	ADV
129	31	mehr	ADV	ADV
129	32	/	$(	$(
129	33	die	ART	ART
129	34	so	ADV	ADV
129	35	blöde	ADJA	ADJA
129	36	/	$(	$(
129	37	verschleimte	VVFIN	ADJA
129	38	Magen	NN	NN
129	39	/	$(	$(
129	40	und	KON	KON
129	41	[	$(	$(
129	42	Griech.	NN	NE
129	43	]	$(	$(
129	44	,	$,	$,
129	45	oder	KON	KON
129	46	Drücken	VVINF	NN
129	47	am	APPRART	APPRART
129	48	Herzen	NN	NN
129	49	gehabt	VAPP	VAPP
129	50	/	$(	$(
129	51	dass	KOUS	KOUS
129	52	sie	PPER	PPER
129	53	durch	APPR	APPR
129	54	den	ART	ART
129	55	Brunnen	NN	NN
129	56	seien	VAINF	VAFIN
129	57	wieder	ADV	ADV
129	58	zu	PTKZU	PTKA
129	59	recht	ADJD	ADJD
129	60	gebracht	VVPP	VVPP
129	61	worden	VAPP	VAPP
129	62	/	$(	$(
129	63	empfunden	VVPP	VVPP
129	64	und	KON	KON
129	65	ausgesagt	VVPP	VVPP
129	66	.	$.	$.
130	1	das	ART	ART
130	2	endlich	ADV	ADV
130	3	auch	ADV	ADV
130	4	dieser	PDAT	PDAT
130	5	Brunnen	NN	NN
130	6	kein	PIAT	PIAT
130	7	Nitrum	NE	NN
130	8	oder	KON	KON
130	9	Salpeter	NN	NN
130	10	bei	APPR	APPR
130	11	ihm	PPER	PPER
130	12	oder	KON	KON
130	13	in	APPR	APPR
130	14	sich	PRF	PRF
130	15	habe	VAFIN	VAFIN
130	16	/	$(	$(
130	17	darf	VMFIN	VMFIN
130	18	nicht	PTKNEG	PTKNEG
130	19	viel	ADV	PIAT
130	20	Beweisens	NN	NN
130	21	/	$(	$(
130	22	sintemal	KOUS	ADV
130	23	/	$(	$(
130	24	wo	PWAV	PWAV
130	25	dessen	PDS	PDAT
130	26	echtes	ADJA	ADJA
130	27	vorhanden	ADJD	ADJD
130	28	/	$(	$(
130	29	das	ART	ART
130	30	Sedimentum	NE	NN
130	31	/	$(	$(
130	32	wann	PWAV	PWAV
130	33	man	PIS	PIS
130	34	es	PPER	PPER
130	35	bei	APPR	APPR
130	36	das	ART	ART
130	37	Feuer	NN	NN
130	38	hielte	VVFIN	VVFIN
130	39	/	$(	$(
130	40	nach	APPR	APPR
130	41	des	ART	ART
130	42	Nitri	NE	NE
130	43	Natur	NN	NN
130	44	/	$(	$(
130	45	wie	KOKOM	KOUS
130	46	jedermann	PIS	PIS
130	47	bekannt	ADJD	ADJD
130	48	/	$(	$(
130	49	zu	PTKZU	PTKZU
130	50	funkeln	VVINF	VVINF
130	51	/	$(	$(
130	52	zu	PTKZU	PTKZU
130	53	knacken	VVINF	VVINF
130	54	/	$(	$(
130	55	oder	KON	KON
130	56	zu	PTKZU	PTKZU
130	57	krachen	VVFIN	VVINF
130	58	und	KON	KON
130	59	zu	PTKZU	PTKZU
130	60	brutzeln	VVINF	VVINF
130	61	anfinge	VVFIN	VVFIN
130	62	/	$(	$(
130	63	welches	PRELS	PWS
130	64	doch	ADV	ADV
130	65	hie	ADV	ADV
130	66	nicht	PTKNEG	PTKNEG
130	67	geschieht	VVFIN	VVFIN
130	68	.	$.	$.
131	1	die	ART	ART
131	2	dritte	ADJA	ADJA
131	3	Meinung	NN	NN
131	4	steht	VVFIN	VVFIN
131	5	in	APPR	APPR
131	6	nachgesetzter	ADJA	ADJA
131	7	historischer	NN	ADJA
131	8	Beschreibung	NN	NN
131	9	/	$(	$(
131	10	das	ART	PRELS
131	11	dieser	PDAT	PDAT
131	12	Brunnen	NN	NN
131	13	in	APPR	APPR
131	14	sich	PRF	PRF
131	15	habe	VAFIN	VAFIN
131	16	Kupfererz	NN	NN
131	17	/	$(	$(
131	18	Steinbrocken	NN	NN
131	19	/	$(	$(
131	20	und	KON	KON
131	21	Vitriol	NE	NE
131	22	.	$.	$.
132	1	aber	KON	KON
132	2	Kupfererz	NN	NN
132	3	und	KON	KON
132	4	Steinbrocken	NN	NN
132	5	können	VMFIN	VMFIN
132	6	wegen	APPR	APPR
132	7	ihrer	PPOSAT	PPOSAT
132	8	Härtigkeit	NE	NN
132	9	von	APPR	APPR
132	10	ihrer	PPOSAT	PPOSAT
132	11	Substanz	NN	NN
132	12	dem	ART	ART
132	13	kalten	ADJA	ADJA
132	14	Wasser	NN	NN
132	15	keine	PIAT	PIAT
132	16	Kraft	NN	NN
132	17	mitteilen	VVINF	VVINF
132	18	/	$(	$(
132	19	wie	KOKOM	KOUS
132	20	oben	ADV	ADV
132	21	von	APPR	APPR
132	22	Gold	NN	NN
132	23	gesagt	VVPP	VVPP
132	24	/	$(	$(
132	25	wenn	KOUS	KOUS
132	26	auch	ADV	ADV
132	27	Vitriol	NE	NE
132	28	oder	KON	KON
132	29	Kupferwasser	NN	NN
132	30	dabei	PAV	PAV
132	31	wäre	VAFIN	VAFIN
132	32	/	$(	$(
132	33	müsste	VMFIN	VMFIN
132	34	der	ART	ART
132	35	Brunnen	NN	NN
132	36	sauer	ADJD	ADJD
132	37	sein	VAINF	VAINF
132	38	/	$(	$(
132	39	und	KON	KON
132	40	würde	VAFIN	VAFIN
132	41	/	$(	$(
132	42	wenn	KOUS	KOUS
132	43	er	PPER	PPER
132	44	in	APPR	APPR
132	45	kupfernen	VVINF	ADJA
132	46	Gefäßen	NN	NN
132	47	gesotten	VVPP	VVPP
132	48	würde	VAFIN	VAFIN
132	49	/	$(	$(
132	50	anlaufen	VVINF	VVINF
132	51	/	$(	$(
132	52	und	KON	KON
132	53	wenn	KOUS	KOUS
132	54	Gallus	NE	NE
132	55	hinein	APZR	ADV
132	56	getan	VVPP	VVPP
132	57	würde	VAFIN	VAFIN
132	58	/	$(	$(
132	59	eine	ART	ART
132	60	schwarze	ADJA	ADJA
132	61	Farbe	NN	NN
132	62	oder	KON	KON
132	63	Tinte	VVFIN	NN
132	64	geben	VVINF	VVINF
132	65	.	$.	$.
133	1	derentwegen	PAV	NN
133	2	so	ADV	ADV
133	3	bleibt	VVFIN	VVFIN
133	4	es	PPER	PPER
133	5	nun	ADV	ADV
133	6	gewiss	ADV	ADJD
133	7	dabei	PAV	PAV
133	8	/	$(	$(
133	9	dass	KOUS	KOUS
133	10	dieses	PDAT	PDAT
133	11	Brunnens	NN	NN
133	12	Natur	NN	NN
133	13	und	KON	KON
133	14	Minera	NN	NE
133	15	sei	VAFIN	VAFIN
133	16	ein	ART	ART
133	17	Bitumen	NN	NN
133	18	oder	KON	KON
133	19	Erdwachs	NN	NN
133	20	/	$(	$(
133	21	oder	KON	KON
133	22	Erdpech	NN	NN
133	23	/	$(	$(
133	24	nämlich	ADV	ADV
133	25	/	$(	$(
133	26	wie	KOKOM	KOUS
133	27	ob	KOUS	KOUS
133	28	gemeldet	VVPP	VVPP
133	29	/	$(	$(
133	30	zum	APPRART	APPRART
133	31	Teil	NN	NN
133	32	ein	ART	ART
133	33	irdisches	ADJA	ADJA
133	34	und	KON	KON
133	35	steinhartes	ADJA	ADJA
133	36	/	$(	$(
133	37	wie	KOKOM	KOUS
133	38	die	ART	ART
133	39	Steinkohlen	NN	NN
133	40	sein	VAINF	VAINF
133	41	/	$(	$(
133	42	zum	APPRART	APPRART
133	43	Teil	NN	NN
133	44	aber	ADV	ADV
133	45	flüssig	ADJD	ADJD
133	46	wie	KOKOM	KOKOM
133	47	ein	ART	ART
133	48	Öl	NE	NN
133	49	/	$(	$(
133	50	als	KOKOM	KOKOM
133	51	ein	ART	ART
133	52	Petroleum	FM	NN
133	53	oder	KON	KON
133	54	Naphtha	NN	NN
133	55	/	$(	$(
133	56	zum	APPRART	APPRART
133	57	Teil	NN	NN
133	58	ein	ART	ART
133	59	mittelmäßiges	ADJA	ADJA
133	60	als	KOKOM	KOKOM
133	61	eine	ART	ART
133	62	Ambra	NN	NE
133	63	/	$(	$(
133	64	oder	KON	KON
133	65	derselben	PDAT	PDAT
133	66	gleichen	ADJA	ADJA
133	67	und	KON	KON
133	68	Analogum	NE	NN
133	69	.	$.	$.
134	1	und	KON	KON
134	2	sei	VAFIN	VAFIN
134	3	also	ADV	ADV
134	4	hiermit	PAV	PAV
134	5	von	APPR	APPR
134	6	der	ART	ART
134	7	Natur	NN	NN
134	8	dieses	PDAT	PDAT
134	9	Brunnens	NE	NN
134	10	genug	ADV	ADV
134	11	gesagt	VVPP	VVPP
134	12	.	$.	$.
135	1	das	ART	ART
135	2	andere	ADJD	PIAT
135	3	Kapitel	NN	NN
135	4	.	$.	$.
136	1	von	APPR	APPR
136	2	Komplexion	NN	NN
136	3	oder	KON	KON
136	4	Temperament	NN	NN
136	5	dieses	PDAT	PDAT
136	6	Brunnens	NN	NN
136	7	.	$.	$.
137	1	nun	ADV	ADV
137	2	ferner	ADV	ADJD
137	3	von	APPR	APPR
137	4	seiner	PPOSAT	PPOSAT
137	5	Komplexion	NN	NN
137	6	oder	KON	KON
137	7	Qualitäten	NN	NN
137	8	.	$.	$.
138	1	weil	KOUS	KOUS
138	2	aber	ADV	ADV
138	3	ausgeführt	VVPP	VVPP
138	4	/	$(	$(
138	5	das	ART	PRELS
138	6	dies	PDS	PDS
138	7	Wasser	NN	NN
138	8	seine	PPOSAT	PPOSAT
138	9	Mineram	NN	NN
138	10	von	APPR	APPR
138	11	den	ART	ART
138	12	Bituminibus	NE	NN
138	13	habe	VAFIN	VAFIN
138	14	/	$(	$(
138	15	als	KOKOM	KOKOM
138	16	folgt	VVFIN	VVFIN
138	17	/	$(	$(
138	18	dass	KOUS	KOUS
138	19	es	PPER	PPER
138	20	eben	ADV	ADV
138	21	dergleichen	PIS	PIS
138	22	Komplexion	NN	NN
138	23	sei	VAFIN	VAFIN
138	24	/	$(	$(
138	25	und	KON	KON
138	26	eben	ADV	ADV
138	27	die	ART	ART
138	28	Qualitäten	NN	NN
138	29	ihm	PPER	PPER
138	30	imprimiert	VVPP	VVFIN
138	31	sein	VAINF	VAINF
138	32	/	$(	$(
138	33	welche	PWAT	PRELS
138	34	die	ART	ART
138	35	Bitumina	NE	NN
138	36	haben	VAFIN	VAFIN
138	37	.	$.	$.
139	1	welches	PWS	PWS
139	2	aber	ADV	ADV
139	3	zuuerstehen	VVINF	VVFIN
139	4	nicht	PTKNEG	PTKNEG
139	5	von	APPR	APPR
139	6	der	ART	ART
139	7	Qualität	NN	NN
139	8	oder	KON	KON
139	9	Fakultät	NN	NN
139	10	/	$(	$(
139	11	welche	PWAT	PRELS
139	12	für	APPR	APPR
139	13	sich	PRF	PRF
139	14	in	APPR	APPR
139	15	dem	ART	ART
139	16	Wasser	NN	NN
139	17	ist	VAFIN	VAFIN
139	18	/	$(	$(
139	19	und	KON	KON
139	20	die	ART	ART
139	21	man	PIS	PIS
139	22	fühlt	VVFIN	VVFIN
139	23	/	$(	$(
139	24	sondern	KON	KON
139	25	von	APPR	APPR
139	26	der	ART	ART
139	27	jenigen	PIAT	PDAT
139	28	/	$(	$(
139	29	die	ART	PRELS
139	30	es	PPER	PPER
139	31	hat	VAFIN	VAFIN
139	32	gegen	APPR	APPR
139	33	des	ART	ART
139	34	Menschen	NN	NN
139	35	Leib	NN	NN
139	36	gerechnet	VVPP	VVPP
139	37	/	$(	$(
139	38	und	KON	KON
139	39	wann	PWAV	PWAV
139	40	es	PPER	PPER
139	41	in	APPR	APPR
139	42	demselben	PDAT	PDS
139	43	gebraucht	VVPP	VVPP
139	44	wird	VAFIN	VAFIN
139	45	.	$.	$.
140	1	denn	FM	KON
140	2	Galenus	FM	NE
140	3	spricht	FM	VVFIN
140	4	:	$.	$(
140	5	r.	FM	ADJA
140	6	Simplic	FM	NE
140	7	.	$.	$.
140	8	Medicam.	FM	NE
140	9	c.	FM	NE
140	10	ult.	FM	NE
140	11	:	$.	$(
140	12	Non	FM	NN
140	13	quale	FM	NN
140	14	per	FM	APPR
140	15	se	FM	ADV
140	16	,	$,	$,
140	17	&	$(	KON
140	18	ad	FM	FM
140	19	totam	FM	NE
140	20	naturam	FM	NN
140	21	Medicamentum	FM	NN
140	22	sit	FM	VVFIN
140	23	,	$,	$,
140	24	confideramus	FM	NN
140	25	(	$(	$(
140	26	patet	FM	NN
140	27	enim	FM	NE
140	28	ita	FM	NE
140	29	nec	FM	NE
140	30	acetum	FM	NN
140	31	nee	FM	NE
140	32	mare	FM	NE
140	33	dici	FM	NE
140	34	,	$,	$,
140	35	quod	FM	NE
140	36	nos	FM	VVFIN
140	37	exiccet	FM	NN
140	38	,	$,	$,
140	39	aut	FM	ADJA
140	40	siccum	FM	ADJA
140	41	sit	FM	ADJA
140	42	facultate	FM	NN
140	43	,	$,	$,
140	44	cùm	FM	NN
140	45	actu	FM	ADJA
140	46	horum	FM	NN
140	47	utrumq̒ue	FM	NN
140	48	sit	FM	ADJA
140	49	humidum	FM	NN
140	50	)	$(	$(
140	51	verum	FM	NN
140	52	si	FM	VVFIN
140	53	nos	FM	VVFIN
140	54	siccare	FM	ADJA
140	55	appareat	FM	NN
140	56	,	$,	$,
140	57	sicca	FM	NE
140	58	dicentur	FM	NN
140	59	,	$,	$,
140	60	ad	FM	FM
140	61	nos	FM	NE
140	62	videlicet	FM	ADJA
140	63	&	$(	KON
140	64	naturam	FM	NN
140	65	nostram	FM	NN
140	66	,	$,	$,
140	67	perinde	FM	VVFIN
140	68	ac	FM	VVFIN
140	69	si	FM	VVFIN
140	70	dicas	FM	NE
140	71	exiccantia	FM	NE
140	72	.	$.	$.
141	1	Et	FM	FM
141	2	mox	FM	NN
141	3	:	$.	$(
141	4	Nobis	FM	NN
141	5	non	FM	ADJA
141	6	quale	FM	ADJA
141	7	secundum	FM	NN
141	8	naturam	FM	ADJD
141	9	sit	FM	VVFIN
141	10	Medicamentum	FM	NN
141	11	,	$,	$,
141	12	quærere	FM	NN
141	13	est	FM	ADJA
141	14	propositum	FM	NN
141	15	,	$,	$,
141	16	sed	FM	VVFIN
141	17	quid	FM	ADJD
141	18	in	FM	APPR
141	19	nos	FM	NE
141	20	efficere	FM	NN
141	21	aptum	FM	NN
141	22	sit	FM	VVFIN
141	23	.	$.	$.
142	1	dann	ADV	ADV
142	2	gleich	ADV	ADJD
142	3	wenn	KOUS	KOUS
142	4	man	PIS	PIS
142	5	fragt	VVFIN	VVFIN
142	6	/	$(	$(
142	7	was	PWS	PRELS
142	8	der	ART	ART
142	9	Wein	NN	NN
142	10	für	APPR	APPR
142	11	eine	ART	ART
142	12	Qualität	NN	NN
142	13	habe	VAFIN	VAFIN
142	14	/	$(	$(
142	15	so	ADV	ADV
142	16	versteht	VVFIN	VVFIN
142	17	man	PIS	PIS
142	18	es	PPER	PPER
142	19	nicht	PTKNEG	PTKNEG
142	20	von	APPR	APPR
142	21	der	ART	ART
142	22	/	$(	$(
142	23	welche	PWAT	PRELS
142	24	er	PPER	PPER
142	25	an	APPR	APPR
142	26	sich	PRF	PRF
142	27	selbst	ADV	ADV
142	28	in	APPR	APPR
142	29	den	ART	ART
142	30	Fässern	NN	NN
142	31	hat	VAFIN	VAFIN
142	32	/	$(	$(
142	33	nämlich	ADV	ADV
142	34	dass	KOUS	KOUS
142	35	er	PPER	PPER
142	36	kalt	ADJD	ADJD
142	37	und	KON	KON
142	38	feucht	ADJA	ADJD
142	39	ist	VAFIN	VAFIN
142	40	/	$(	$(
142	41	sondern	KON	KON
142	42	man	PIS	PIS
142	43	meint	VVFIN	VVFIN
142	44	/	$(	$(
142	45	was	PWS	PRELS
142	46	er	PPER	PPER
142	47	für	APPR	APPR
142	48	eine	ART	ART
142	49	Fakultät	NN	NN
142	50	oder	KON	KON
142	51	Komplexion	NN	NN
142	52	sei	VAFIN	VAFIN
142	53	/	$(	$(
142	54	weil	KOUS	KOUS
142	55	er	PPER	PPER
142	56	uns	PPER	PRF
142	57	/	$(	$(
142	58	so	ADV	ADV
142	59	wir	PPER	PPER
142	60	ihn	PPER	PPER
142	61	trinken	VVFIN	VVINF
142	62	/	$(	$(
142	63	hitzt	VVFIN	ADJD
142	64	und	KON	KON
142	65	wärmt	VVFIN	VVFIN
142	66	/	$(	$(
142	67	ob	KOUS	KOUS
142	68	er	PPER	PPER
142	69	gleich	ADV	ADJD
142	70	an	APPR	PTKVZ
142	71	und	KON	KON
142	72	für	APPR	APPR
142	73	sich	PRF	PRF
142	74	selbst	ADV	ADV
142	75	kalt	ADJD	ADJD
142	76	und	KON	KON
142	77	frisch	ADJD	ADJD
142	78	ist	VAFIN	VAFIN
142	79	/	$(	$(
142	80	wie	PWAV	KOUS
142	81	wir	PPER	PPER
142	82	Deutschen	ADJA	NN
142	83	singen	VVINF	VVINF
142	84	:	$.	$.
143	1	beim	APPRART	APPRART
143	2	kühlen	ADJA	ADJA
143	3	Wein	NN	NN
143	4	.	$.	$.
144	1	also	ADV	ADV
144	2	auch	ADV	ADV
144	3	/	$(	$(
144	4	wann	PWAV	PWAV
144	5	wir	PPER	PPER
144	6	hier	ADV	ADV
144	7	von	APPR	APPR
144	8	des	ART	ART
144	9	Brunnens	NN	NN
144	10	Qualitäten	NN	NN
144	11	und	KON	KON
144	12	Komplexion	NN	NN
144	13	sagen	VVINF	VVINF
144	14	/	$(	$(
144	15	meinen	VVFIN	VVFIN
144	16	wir	PPER	PPER
144	17	nicht	PTKNEG	PTKNEG
144	18	die	ART	ART
144	19	jenigen	PIAT	ADJA
144	20	/	$(	$(
144	21	welche	PWAT	PRELS
144	22	er	PPER	PPER
144	23	für	APPR	APPR
144	24	sich	PRF	PRF
144	25	hat	VAFIN	VAFIN
144	26	/	$(	$(
144	27	und	KON	KON
144	28	die	ART	PRELS
144	29	wir	PPER	PPER
144	30	fühlen	VVFIN	VVINF
144	31	/	$(	$(
144	32	nämlich	ADV	ADV
144	33	dass	KOUS	KOUS
144	34	er	PPER	PPER
144	35	kalt	ADJD	ADJD
144	36	und	KON	KON
144	37	feucht	ADJA	ADJD
144	38	ist	VAFIN	VAFIN
144	39	/	$(	$(
144	40	sondern	KON	KON
144	41	wir	PPER	PPER
144	42	verstehen	VVINF	VVFIN
144	43	es	PPER	PPER
144	44	von	APPR	APPR
144	45	der	ART	ART
144	46	Qualität	NN	NN
144	47	oder	KON	KON
144	48	Fakultät	NN	NN
144	49	/	$(	$(
144	50	die	ART	PRELS
144	51	er	PPER	PPER
144	52	hat	VAFIN	VAFIN
144	53	in	APPR	APPR
144	54	unseren	PPOSAT	PPOSAT
144	55	Leibern	NN	NN
144	56	/	$(	$(
144	57	wann	PWAV	PWAV
144	58	wir	PPER	PPER
144	59	denselben	PDAT	PDS
144	60	entweder	KON	KON
144	61	inwendig	ADJD	ADJD
144	62	oder	KON	KON
144	63	auswendig	ADJD	ADJD
144	64	gebrauchen	VVINF	VVINF
144	65	.	$.	$.
145	1	solches	PIAT	PIS
145	2	habe	VAFIN	VAFIN
145	3	ich	PPER	PPER
145	4	von	APPR	APPR
145	5	wegen	APPR	APPR
145	6	der	ART	ART
145	7	jenigen	PIAT	ADJA
145	8	so	ADV	ADV
145	9	der	ART	ART
145	10	Terminorum	NE	NN
145	11	Medicorum	NE	NN
145	12	nicht	PTKNEG	PTKNEG
145	13	kundig	VVIMP	ADJD
145	14	/	$(	$(
145	15	damit	PAV	KOUS
145	16	sie	PPER	PPER
145	17	nicht	PTKNEG	PTKNEG
145	18	irre	NN	ADJD
145	19	gemacht	VVPP	VVPP
145	20	werden	VAINF	VAINF
145	21	/	$(	$(
145	22	gleichsam	ADJD	ADJD
145	23	beiläufig	NE	ADJD
145	24	erinnern	VVINF	VVINF
145	25	müssen	VMFIN	VMINF
145	26	.	$.	$.
146	1	nun	ADV	ADV
146	2	aber	ADV	ADV
146	3	ist	VAFIN	VAFIN
146	4	alles	PIS	PIAT
146	5	Bitumen	NN	NN
146	6	warm	ADJD	ADJD
146	7	und	KON	KON
146	8	trocken	ADJD	ADJD
146	9	/	$(	$(
146	10	wie	PWAV	KOUS
146	11	Aëtius	NE	NE
146	12	schreibt	VVFIN	VVFIN
146	13	Tetrabibl	NE	NE
146	14	.	$.	$.
147	1	4.	FM	ADJA
147	2	serm.	FM	ADJA
147	3	2.	FM	ADJA
147	4	sub	FM	ADJA
147	5	finem	FM	ADJA
147	6	ferè	FM	NE
147	7	cap.	FM	ADJA
147	8	28.	FM	ADJA
147	9	Bitumen	FM	NN
147	10	præclarè	FM	VVFIN
147	11	calefacit	FM	NE
147	12	,	$,	$,
147	13	&	$(	KON
147	14	siccat	FM	NE
147	15	.	$.	$.
148	1	und	KON	KON
148	2	Tetrabibl	NE	NN
148	3	.	$.	$.
149	1	1.	ADJA	ADJA
149	2	serm.	NN	ADJA
149	3	2.	ADJA	ADJA
149	4	e.	ADJA	ART
149	5	49	CARD	CARD
149	6	.	$.	$.
150	1	Vis	FM	NN
150	2	est	FM	ADJA
150	3	omni	FM	ADJA
150	4	Bituminicalfactoria	FM	NN
150	5	&	$(	KON
150	6	siccatoria	FM	NE
150	7	.	$.	$.
151	1	und	KON	KON
151	2	zwar	ADV	ADV
151	3	wie	KOKOM	KOKOM
151	4	eben	ADV	ADV
151	5	dieser	PDAT	PDAT
151	6	Aëtius	NE	NE
151	7	an	APPR	APPR
151	8	diesem	PDAT	PDAT
151	9	letzt	ADV	ADJD
151	10	angezogenem	ADJA	ADJA
151	11	Ort	NN	NN
151	12	will	VMFIN	VMFIN
151	13	/	$(	$(
151	14	im	APPRART	APPRART
151	15	anderen	ADJA	PIS
151	16	Grad	NN	NN
151	17	oder	KON	KON
151	18	Stufen	NN	NN
151	19	/	$(	$(
151	20	mit	APPR	APPR
151	21	welchem	PWAT	PRELS
151	22	auch	ADV	ADV
151	23	Paulus	NE	NE
151	24	Ägineta	NE	NE
151	25	überein	PTKVZ	PTKVZ
151	26	stimmt	VVFIN	VVFIN
151	27	/	$(	$(
151	28	da	ADV	KOUS
151	29	er	PPER	PPER
151	30	spricht	VVFIN	VVFIN
151	31	lib.	NN	NE
151	32	7.	ADJA	ADJA
151	33	de	NE	NE
151	34	arte	VVFIN	NE
151	35	med.	NN	NE
151	36	pagin	NN	VVFIN
151	37	346.	ADJA	ADJA
151	38	Bitumen	NN	NN
151	39	secundi	NE	ADJA
151	40	ordinis	NE	NE
151	41	arefacientium	NE	NN
151	42	&	$(	KON
151	43	calefacientium	NE	NN
151	44	est	FM	ADJD
151	45	:	$.	$.
152	1	oder	KON	KON
152	2	wie	KOKOM	KOUS
152	3	Johannes	NE	NE
153	1	Gorrhæus	NE	NE
153	2	in	APPR	APPR
153	3	definit	ADJD	NE
153	4	.	$.	$.
154	1	Medicis	FM	NE
154	2	,	$,	$,
154	3	titulo	FM	NE
154	4	[	$(	$(
154	5	Griech.	FM	NN
154	6	]	$(	$(
154	7	schreibt	FM	VVFIN
154	8	/	$(	$(
154	9	im	FM	APPRART
154	10	dritten	FM	ADJA
154	11	Graduale	FM	NN
154	12	:	$.	$(
154	13	Omne	FM	NN
154	14	Bitumen	FM	NN
154	15	,	$,	$,
154	16	sagt	FM	VVFIN
154	17	er	FM	PPER
154	18	/	$(	$(
154	19	in	FM	APPR
154	20	tertio	FM	NE
154	21	ordine	FM	NE
154	22	calidissimum	FM	NN
154	23	&	$(	KON
154	24	siccissimum	FM	ADJA
154	25	est	FM	ADJD
154	26	.	$.	$.
155	1	welcher	PWAT	PWS
155	2	Streit	NN	NN
155	3	doch	ADV	ADV
155	4	leichtlich	ADJD	ADV
155	5	hin	PTKVZ	PTKVZ
155	6	zu	PTKZU	PTKZU
155	7	legen	VVINF	VVINF
155	8	/	$(	$(
155	9	so	ADV	ADV
155	10	man	PIS	PIS
155	11	sagt	VVFIN	VVFIN
155	12	/	$(	$(
155	13	dass	KOUS	KOUS
155	14	Aëtius	NE	NE
155	15	und	KON	KON
155	16	die	ART	PRELS
155	17	seiner	PPOSAT	PPOSAT
155	18	Meinung	NN	NN
155	19	sein	VAINF	VAINF
155	20	/	$(	$(
155	21	verstehen	VVINF	VVFIN
155	22	das	ART	ART
155	23	Ende	NN	NN
155	24	des	ART	ART
155	25	anderen	ADJA	PIAT
155	26	Grads	NN	NN
155	27	/	$(	$(
155	28	dagegen	PAV	PAV
155	29	aber	ADV	ADV
155	30	Gorrhaeus	NE	NE
155	31	den	ART	ART
155	32	Anfang	NN	NN
155	33	des	ART	ART
155	34	dritten	ADJA	ADJA
155	35	Grads	NN	NN
155	36	meint	VVFIN	VVFIN
155	37	/	$(	$(
155	38	und	KON	KON
155	39	derowegen	ADV	VVFIN
155	40	nicht	PTKNEG	PTKNEG
155	41	weit	ADJD	ADJD
155	42	voneinander	ADV	ADV
155	43	sein	VAINF	VAINF
155	44	/	$(	$(
155	45	sintemal	KOUS	ADV
155	46	ein	ART	ART
155	47	jeglicher	PIAT	PIAT
155	48	Gradus	NE	NN
155	49	noch	ADV	KON
155	50	seine	PPOSAT	PPOSAT
155	51	Latitudines	NE	NN
155	52	habe	VAFIN	VAFIN
155	53	/	$(	$(
155	54	und	KON	KON
155	55	den	ART	ART
155	56	Medizis	NE	NE
155	57	,	$,	$,
155	58	welche	PWAT	PRELS
155	59	Artifices	NE	NN
155	60	sensati	NE	NE
155	61	sein	VAINF	VAINF
155	62	/	$(	$(
155	63	und	KON	KON
155	64	die	ART	ART
155	65	gar	ADV	ADV
155	66	geringe	ADJA	ADJA
155	67	Unterschiede	NN	NN
155	68	/	$(	$(
155	69	welche	PWAT	PRELS
155	70	keinen	PIAT	PIAT
155	71	Nutzen	NN	NN
155	72	haben	VAFIN	VAFIN
155	73	/	$(	$(
155	74	nicht	PTKNEG	PTKNEG
155	75	achten	ADJA	VVINF
155	76	/	$(	$(
155	77	fast	ADV	ADV
155	78	gleich	ADV	ADJD
155	79	gölte	VVFIN	ADJD
155	80	/	$(	$(
155	81	wenn	KOUS	KOUS
155	82	ein	ART	ART
155	83	Ding	NN	NN
155	84	in	APPR	APPR
155	85	sine	FM	NE
155	86	secundi	NE	NE
155	87	oder	KON	KON
155	88	in	APPR	APPR
155	89	Principio	NE	NN
155	90	Tertiigradus	NE	NE
155	91	und	KON	KON
155	92	Ordinis	NE	NN
155	93	zu	PTKZU	PTKZU
155	94	sein	VAINF	VAINF
155	95	gesagt	VVPP	VVPP
155	96	wird	VAFIN	VAFIN
155	97	.	$.	$.
156	1	weil	KOUS	KOUS
156	2	dann	ADV	ADV
156	3	nun	ADV	ADV
156	4	die	ART	ART
156	5	Bitumina	NN	NN
156	6	in	APPR	APPR
156	7	dem	ART	ART
156	8	Grad	NN	NN
156	9	warmer	ADJA	ADJA
156	10	und	KON	KON
156	11	trockner	NN	ADJA
156	12	Komplexion	NN	NN
156	13	sein	VAINF	VAINF
156	14	/	$(	$(
156	15	so	ADV	ADV
156	16	wird	VAFIN	VAFIN
156	17	desgleichen	ADV	ADV
156	18	Temperament	NN	NN
156	19	oder	KON	KON
156	20	Qualitäten	NN	NN
156	21	auch	ADV	ADV
156	22	der	ART	ART
156	23	Brunnen	NN	NN
156	24	in	APPR	APPR
156	25	sich	PRF	PRF
156	26	haben	VAFIN	VAFIN
156	27	/	$(	$(
156	28	ob	KOUS	KOUS
156	29	gleich	ADV	ADJD
156	30	etwas	PIS	ADV
156	31	von	APPR	APPR
156	32	wegen	APPR	APPR
156	33	des	ART	ART
156	34	vielfältigen	ADJA	ADJA
156	35	Wassers	NN	NN
156	36	beiwesender	NE	ADJA
156	37	kalter	ADJA	ADJA
156	38	und	KON	KON
156	39	feuchter	ADJA	ADJA
156	40	Qualität	NN	NN
156	41	davon	PAV	PAV
156	42	geringert	VVPP	ADJD
156	43	wird	VAFIN	VAFIN
156	44	.	$.	$.
157	1	das	ART	ART
157	2	dritte	ADJA	ADJA
157	3	Kapitel	NN	NN
157	4	.	$.	$.
158	1	von	APPR	APPR
158	2	den	ART	ART
158	3	Tugenden	NN	NN
158	4	/	$(	$(
158	5	Kräften	NN	NN
158	6	und	KON	KON
158	7	Wirkungen	NN	NN
158	8	dieses	PDAT	PDAT
158	9	Brunnens	NN	NN
158	10	.	$.	$.
159	1	aus	NE	APPR
159	2	diesem	PDAT	PDS
159	3	folgt	VVFIN	VVFIN
159	4	nun	ADV	ADV
159	5	/	$(	$(
159	6	dass	KOUS	KOUS
159	7	dieser	PDAT	PDAT
159	8	Brunnen	NN	NN
159	9	zu	PTKZU	APPR
159	10	allen	PIAT	PIAT
159	11	kalten	ADJA	ADJA
159	12	/	$(	$(
159	13	und	KON	KON
159	14	von	APPR	APPR
159	15	übriger	ADJA	ADJA
159	16	Kälte	NN	NN
159	17	und	KON	KON
159	18	Feuchtigkeit	NN	NN
159	19	herrührenden	ADJA	ADJA
159	20	Krankheiten	NN	NN
159	21	dienlich	ADJD	ADJD
159	22	sei	VAFIN	VAFIN
159	23	/	$(	$(
159	24	dass	KOUS	KOUS
159	25	er	PPER	PPER
159	26	kuriere	NN	VVFIN
159	27	die	ART	ART
159	28	wässerige	ADJA	ADJA
159	29	Geschwulst	NN	NN
159	30	/	$(	$(
159	31	die	ART	ART
159	32	feuchte	ADJA	ADJA
159	33	fließende	ADJA	ADJA
159	34	Krätze	NN	NN
159	35	und	KON	KON
159	36	alle	PIAT	PIAT
159	37	wässerigen	ADJA	ADJA
159	38	Tumore	NE	NN
159	39	und	KON	KON
159	40	Beulen	NN	NN
159	41	.	$.	$.
160	1	weil	KOUS	KOUS
160	2	auch	ADV	ADV
160	3	das	ART	ART
160	4	Erdpech	NN	NN
160	5	/	$(	$(
160	6	über	APPR	APPR
160	7	das	ART	ART
160	8	dass	KOUS	KOUS
160	9	es	PPER	PPER
160	10	hitzig	ADJD	ADJD
160	11	und	KON	KON
160	12	trucken	ADJD	VVFIN
160	13	/	$(	$(
160	14	auch	ADV	ADV
160	15	tenuissimae	NE	NE
160	16	substantiae	NE	NE
160	17	,	$,	$,
160	18	das	ART	PDS
160	19	ist	VAFIN	VAFIN
160	20	einer	ART	ART
160	21	durchdringenden	ADJA	ADJA
160	22	Art	NN	NN
160	23	ist	VAFIN	VAFIN
160	24	/	$(	$(
160	25	so	ADV	ADV
160	26	folgt	VVFIN	VVFIN
160	27	/	$(	$(
160	28	dass	KOUS	KOUS
160	29	er	PPER	PPER
160	30	auch	ADV	ADV
160	31	die	ART	ART
160	32	Verstopfung	NN	NN
160	33	der	ART	ART
160	34	Leber	NN	NN
160	35	eröffnet	VVPP	VVFIN
160	36	/	$(	$(
160	37	die	ART	ART
160	38	monatliche	ADJA	ADJA
160	39	Reinigung	NN	NN
160	40	bei	APPR	APPR
160	41	Weibspersonen	NN	NN
160	42	/	$(	$(
160	43	auch	ADV	ADV
160	44	das	ART	ART
160	45	Wasser	NN	NN
160	46	und	KON	KON
160	47	Harn	NN	NN
160	48	befördere	VVFIN	VVFIN
160	49	/	$(	$(
160	50	den	ART	ART
160	51	Stein	NN	NN
160	52	fort	PTKVZ	ADV
160	53	treibe	VVFIN	VVFIN
160	54	/	$(	$(
160	55	alle	PIAT	PIAT
160	56	dünnen	ADJA	ADJA
160	57	wässerigen	ADJA	ADJA
160	58	Feuchtigkeiten	NN	NN
160	59	auch	ADV	ADV
160	60	durch	APPR	APPR
160	61	den	ART	ART
160	62	Schweiß	NN	NN
160	63	mit	APPR	APPR
160	64	Gewalt	NN	NN
160	65	austreibe	VVFIN	VVFIN
160	66	/	$(	$(
160	67	die	ART	ART
160	68	dicke	ADJA	ADJA
160	69	und	KON	KON
160	70	zähe	NN	ADJA
160	71	Materie	NN	NN
160	72	dünne	ADJA	ADJD
160	73	mache	VVFIN	VVFIN
160	74	und	KON	KON
160	75	zerteile	VVFIN	VVFIN
160	76	.	$.	$.
161	1	dannenher	PAV	VVFIN
161	2	es	PPER	PPER
161	3	/	$(	$(
161	4	weil	KOUS	KOUS
161	5	es	PPER	PPER
161	6	nämlich	ADV	ADV
161	7	die	ART	ART
161	8	dicken	ADJA	ADJA
161	9	und	KON	KON
161	10	zähen	CARD	ADJA
161	11	Flüsse	NN	NN
161	12	und	KON	KON
161	13	Schleim	NN	NN
161	14	auf	APPR	APPR
161	15	der	ART	ART
161	16	Brust	NN	NN
161	17	und	KON	KON
161	18	in	APPR	APPR
161	19	der	ART	ART
161	20	Lunge	NN	NN
161	21	zerteilt	VVFIN	VVFIN
161	22	und	KON	KON
161	23	verzehrt	VVFIN	VVFIN
161	24	/	$(	$(
161	25	den	ART	ART
161	26	Asthmaticis	NE	NN
161	27	oder	KON	KON
161	28	dumpfigen	ADJA	ADJA
161	29	Leuten	NN	NN
161	30	so	ADV	ADV
161	31	wohl	ADV	ADV
161	32	bekömmt	VVFIN	VVFIN
161	33	/	$(	$(
161	34	dass	ART	KOUS
161	35	/	$(	$(
161	36	wie	KOKOM	KOUS
161	37	ich	PPER	PPER
161	38	es	PPER	PPER
161	39	bei	APPR	APPR
161	40	etlichen	ADJA	PIAT
161	41	Personen	NN	NN
161	42	in	APPR	APPR
161	43	umliegenden	ADJA	ADJA
161	44	Städtlein	NN	NN
161	45	und	KON	KON
161	46	Dörfern	ADJD	NN
161	47	/	$(	$(
161	48	insonderheit	ADV	NN
161	49	bei	APPR	APPR
161	50	der	ART	ART
161	51	Müllerin	NN	NN
161	52	zu	PTKZU	APPR
161	53	Triptis	NE	NN
161	54	/	$(	$(
161	55	erfahren	VVINF	VVPP
161	56	/	$(	$(
161	57	nach	APPR	APPR
161	58	dem	ART	ART
161	59	viele	ADV	PIAT
161	60	andere	ADJA	PIS
161	61	Mittel	NN	NN
161	62	vergeblich	ADJD	ADJD
161	63	und	KON	KON
161	64	ohne	APPR	APPR
161	65	Nutzen	NN	NN
161	66	gebraucht	VVPP	VVPP
161	67	worden	VAPP	VAPP
161	68	/	$(	$(
161	69	sie	PPER	PPER
161	70	endlich	ADV	ADV
161	71	durch	APPR	APPR
161	72	diesen	PDAT	PDAT
161	73	Brunnen	NN	NN
161	74	zu	PTKZU	APPR
161	75	vollständiger	ADJA	ADJA
161	76	Gesundheit	NN	NN
161	77	gekommen	VVFIN	VVPP
161	78	sind	VAFIN	VAFIN
161	79	.	$.	$.
162	1	es	PPER	PPER
162	2	ist	VAFIN	VAFIN
162	3	auch	ADV	ADV
162	4	dieser	PDAT	PDAT
162	5	Brunnen	NN	NN
162	6	eine	ART	ART
162	7	gewisse	ADJA	ADJA
162	8	und	KON	KON
162	9	herrliche	ADJA	ADJA
162	10	Arznei	NN	NN
162	11	wider	APPR	APPR
162	12	das	ART	ART
162	13	Zipperlein	NN	NN
162	14	und	KON	KON
162	15	Podagram	NE	NN
162	16	/	$(	$(
162	17	also	ADV	ADV
162	18	das	ART	ART
162	19	auch	ADV	ADV
162	20	die	ART	ART
162	21	Beulen	NN	NN
162	22	und	KON	KON
162	23	Knoten	NN	NN
162	24	etlicher	ADJA	PIAT
162	25	massen	NN	NN
162	26	zerteilt	VVFIN	VVFIN
162	27	/	$(	$(
162	28	inmassen	KOUS	VVFIN
162	29	allhier	ADV	ADJA
162	30	zur	APPRART	APPRART
162	31	Neustadt	NN	NE
162	32	eine	ART	ART
162	33	Person	NN	NN
162	34	/	$(	$(
162	35	so	ADV	ADV
162	36	vom	APPRART	APPRART
162	37	Zipperlein	NN	NN
162	38	an	APPR	APPR
162	39	Händen	NN	NN
162	40	und	KON	KON
162	41	Füßen	NN	NN
162	42	gar	ADV	ADV
162	43	lahm	NE	ADJD
162	44	gerissen	VVPP	VVPP
162	45	worden	VAPP	VAPP
162	46	/	$(	$(
162	47	nunmehr	ADV	ADV
162	48	nicht	PTKNEG	PTKNEG
162	49	allein	ADV	ADV
162	50	gehen	VVINF	VVINF
162	51	und	KON	KON
162	52	stehen	VVFIN	VVFIN
162	53	/	$(	$(
162	54	sondern	KON	KON
162	55	auch	ADV	ADV
162	56	wieder	ADV	ADV
162	57	auf	APPR	APPR
162	58	der	ART	ART
162	59	Laute	NN	NN
162	60	schlagen	VVFIN	VVINF
162	61	kann	VMFIN	VMFIN
162	62	.	$.	$.
163	1	kürzlich	ADV	ADJD
163	2	zu	PTKZU	PTKZU
163	3	melden	VVINF	VVINF
163	4	/	$(	$(
163	5	dient	VVFIN	VVFIN
163	6	er	PPER	PPER
163	7	wider	APPR	APPR
163	8	alle	PIAT	PIAT
163	9	kalten	ADJA	ADJA
163	10	und	KON	KON
163	11	feuchten	ADJA	ADJA
163	12	Flüsse	NN	NN
163	13	oder	KON	KON
163	14	Krankheiten	NN	NN
163	15	/	$(	$(
163	16	wie	KOKOM	KOUS
163	17	Aëtius	NE	NE
163	18	bezeugt	VVFIN	VVFIN
163	19	Tetrabibl.	NN	NE
163	20	serm.	NN	NE
163	21	3.	ADJA	ADJA
163	22	cap.	NN	ADJA
163	23	167.	ADJA	ADJA
163	24	da	ADV	KOUS
163	25	er	PPER	PPER
163	26	spricht	VVFIN	VVFIN
163	27	:	$.	$.
164	1	Omnia	FM	NE
164	2	autem	FM	NN
164	3	(	$(	$(
164	4	unter	FM	APPR
164	5	denen	FM	PRELS
164	6	er	FM	PPER
164	7	auch	FM	ADV
164	8	die	FM	ART
164	9	Balnea	FM	NE
164	10	bituminosa	FM	NE
164	11	begreift	FM	VVFIN
164	12	)	$(	$(
164	13	sunt	FM	VVFIN
164	14	commoda	FM	NE
164	15	humidis	FM	NE
164	16	&	$(	KON
164	17	frigidis	FM	NE
164	18	præter	FM	VVFIN
164	19	naturam	FM	ADJA
164	20	corporibus	FM	NN
164	21	,	$,	$,
164	22	&	$(	KON
164	23	talibus	FM	NN
164	24	morbis	FM	NE
164	25	diuturnis	FM	NE
164	26	.	$.	$.
165	1	Quapropter	FM	NN
165	2	conveniunt	FM	NN
165	3	morbo	FM	NE
165	4	articulari	FM	NE
165	5	,	$,	$,
165	6	podagræ	FM	NE
165	7	,	$,	$,
165	8	resolutionibus	FM	NN
165	9	,	$,	$,
165	10	nephritidi	FM	NE
165	11	,	$,	$,
165	12	anhelosis	FM	NE
165	13	.	$.	$.
166	1	&	$(	KON
166	2	cetera	NE	NE
166	3	über	APPR	APPR
166	4	diese	PDAT	PDAT
166	5	Tugenden	NN	NN
166	6	so	ADV	ADV
166	7	dient	VVFIN	VVFIN
166	8	dieser	PDAT	PDAT
166	9	Brunnen	NN	NN
166	10	auch	ADV	ADV
166	11	zum	APPRART	APPRART
166	12	Gehör	NN	NN
166	13	/	$(	$(
166	14	so	ADV	ADV
166	15	von	APPR	APPR
166	16	kalten	ADJA	ADJA
166	17	Flüssen	NN	NN
166	18	/	$(	$(
166	19	oder	KON	KON
166	20	von	APPR	APPR
166	21	der	ART	ART
166	22	kühlen	ADJA	ADJA
166	23	intemperie	NE	NN
166	24	verderbt	VVFIN	VVFIN
166	25	/	$(	$(
166	26	ja	ADV	ADV
166	27	auch	ADV	ADV
166	28	für	APPR	APPR
166	29	die	ART	ART
166	30	Felle	NN	NN
166	31	in	APPR	APPR
166	32	Augen	NN	NN
166	33	/	$(	$(
166	34	welche	PWAT	PRELS
166	35	zwar	ADV	ADV
166	36	nichts	PIS	PIS
166	37	anderes	ADV	PIS
166	38	sein	VAINF	VAINF
166	39	/	$(	$(
166	40	als	KOKOM	KOKOM
166	41	ein	ART	ART
166	42	dickes	ADJD	ADJA
166	43	böses	ADJD	ADJA
166	44	Geblüt	NN	NN
166	45	/	$(	$(
166	46	so	ADV	ADV
166	47	zur	APPRART	APPRART
166	48	Tunica	NE	NE
166	49	adnata	NE	NE
166	50	fließt	VVFIN	VVFIN
166	51	/	$(	$(
166	52	und	KON	KON
166	53	daselbst	PAV	ADV
166	54	zu	PTKZU	APPR
166	55	einer	ART	ART
166	56	Haut	NN	NN
166	57	wird	VAFIN	VAFIN
166	58	/	$(	$(
166	59	die	ART	ART
166	60	Sehe	VVFIN	NN
166	61	verdunkelt	VVPP	VVPP
166	62	/	$(	$(
166	63	und	KON	KON
166	64	also	ADV	ADV
166	65	dem	ART	ART
166	66	Gesicht	NN	NN
166	67	schadet	VVFIN	VVFIN
166	68	.	$.	$.
167	1	welche	PWAT	PRELS
167	2	Tugend	NN	NN
167	3	des	ART	ART
167	4	Brunnens	NN	NN
167	5	unter	APPR	APPR
167	6	anderen	ADJA	PIS
167	7	unlängst	ADJA	ADV
167	8	in	APPR	APPR
167	9	Franken	NN	NE
167	10	an	APPR	APPR
167	11	einem	ART	ART
167	12	Mägdlein	NN	NN
167	13	probiert	VVFIN	VVPP
167	14	/	$(	$(
167	15	von	APPR	APPR
167	16	dessen	PDS	PRELAT
167	17	Augen	NN	NN
167	18	die	ART	ART
167	19	Felle	NN	NN
167	20	durch	APPR	APPR
167	21	diesen	PDAT	PDAT
167	22	Brunnen	NN	NN
167	23	mit	APPR	APPR
167	24	Gottes	NN	NN
167	25	Hilfe	NN	NN
167	26	innerhalb	APPR	APPR
167	27	weniger	PIS	PIAT
167	28	Tage	NN	NN
167	29	sind	VAFIN	VAFIN
167	30	abgetrieben	VVPP	VVPP
167	31	worden	VAPP	VAPP
167	32	.	$.	$.
168	1	deswegen	PAV	PAV
168	2	denn	KON	KON
168	3	dem	ART	ART
168	4	Kärrner	NN	NN
168	5	/	$(	$(
168	6	so	ADV	ADV
168	7	solchen	PIAT	PIAT
168	8	Brunnen	NN	NN
168	9	dahin	PAV	PAV
168	10	geführt	VVPP	VVPP
168	11	/	$(	$(
168	12	von	APPR	APPR
168	13	des	ART	ART
168	14	Mägdleins	NN	NN
168	15	Vater	NN	NN
168	16	etliche	PIAT	PIAT
168	17	Franken	NN	NN
168	18	sind	VAFIN	VAFIN
168	19	verehrt	VVFIN	VVPP
168	20	worden	VAPP	VAPP
168	21	/	$(	$(
168	22	welches	PWS	PWS
168	23	alles	PIS	PIS
168	24	ich	PPER	PPER
168	25	von	APPR	APPR
168	26	glaubwürdigen	ADJA	ADJA
168	27	Leuten	NN	NN
168	28	berichtet	VVFIN	VVPP
168	29	.	$.	$.
169	1	und	KON	KON
169	2	tragen	VVINF	VVFIN
169	3	sich	PRF	PRF
169	4	dergleichen	PIS	PIS
169	5	Exempel	NN	NN
169	6	fast	ADV	ADV
169	7	täglich	ADJD	ADJD
169	8	zu	PTKZU	PTKVZ
169	9	/	$(	$(
169	10	wie	KOKOM	KOUS
169	11	den	ART	ART
169	12	jenigen	PIAT	PDS
169	13	bewusst	ADJD	ADJD
169	14	/	$(	$(
169	15	so	ADV	ADV
169	16	diesen	PDAT	PDAT
169	17	Brunnen	NN	NN
169	18	persönlich	ADJD	ADJD
169	19	besuchen	VVINF	VVINF
169	20	.	$.	$.
170	1	so	ADV	ADV
170	2	ist	VAFIN	VAFIN
170	3	auch	ADV	ADV
170	4	nicht	PTKNEG	PTKNEG
170	5	unglaublich	ADJD	ADJD
170	6	/	$(	$(
170	7	dass	KOUS	KOUS
170	8	auch	ADV	ADV
170	9	etliche	PIAT	PIAT
170	10	Suffusiones	NE	NN
170	11	oder	KON	KON
170	12	Star	NN	NN
170	13	in	APPR	APPR
170	14	Augen	NN	NN
170	15	durch	APPR	APPR
170	16	dieses	PDAT	PDAT
170	17	Wasser	NN	NN
170	18	zerteilt	VVFIN	VVPP
170	19	werden	VAINF	VAINF
170	20	können	VMFIN	VMFIN
170	21	/	$(	$(
170	22	inmassen	KOUS	VVFIN
170	23	beym	APPRART	VVFIN
170	24	Dioscoride	NE	NE
170	25	Naptha	NE	NE
170	26	als	KOKOM	KOKOM
170	27	zum	APPRART	APPRART
170	28	Star	NN	NN
170	29	dienlich	ADJD	ADJD
170	30	/	$(	$(
170	31	gerühmt	VVPP	VVPP
170	32	wird	VAFIN	VAFIN
170	33	.	$.	$.
171	1	ferner	ADV	ADJD
171	2	weil	KOUS	KOUS
171	3	die	ART	ART
171	4	Ambra	NN	NE
171	5	oder	KON	KON
171	6	derselben	PDAT	PDAT
171	7	Analogum	NE	NN
171	8	auch	ADV	ADV
171	9	in	APPR	APPR
171	10	diesem	PDAT	PDAT
171	11	Brunnen	NN	NN
171	12	vorhanden	ADJD	ADJD
171	13	/	$(	$(
171	14	wie	KOKOM	KOKOM
171	15	oben	ADV	ADV
171	16	erwiesen	VVPP	VVPP
171	17	/	$(	$(
171	18	und	KON	KON
171	19	aber	ADV	ADV
171	20	dieselbige	PDAT	ADJA
171	21	über	APPR	APPR
171	22	diese	PDAT	PDAT
171	23	manifestas	NE	NN
171	24	qualitates	NE	NN
171	25	,	$,	$,
171	26	dass	KOUS	KOUS
171	27	sie	PPER	PPER
171	28	trucken	ADJD	VVFIN
171	29	/	$(	$(
171	30	hitzig	ADJD	ADJD
171	31	und	KON	KON
171	32	durchdringend	ADJD	ADJD
171	33	ist	VAFIN	VAFIN
171	34	/	$(	$(
171	35	noch	ADV	ADV
171	36	andere	ADJD	PIAT
171	37	sonderbare	ADJA	ADJA
171	38	Specificas	NE	NE
171	39	Proprietates	NE	NN
171	40	und	KON	KON
171	41	Tugenden	NN	NN
171	42	hat	VAFIN	VAFIN
171	43	/	$(	$(
171	44	als	KOKOM	KOKOM
171	45	folgt	VVFIN	VVFIN
171	46	/	$(	$(
171	47	dass	KOUS	KOUS
171	48	dieser	PDAT	PDAT
171	49	Brunnen	NN	NN
171	50	gleichfalls	ADV	ADV
171	51	mit	APPR	APPR
171	52	denselben	PDAT	PDAT
171	53	Tugenden	NN	NN
171	54	begabt	ADJD	ADJD
171	55	sei	VAFIN	VAFIN
171	56	.	$.	$.
172	1	und	KON	KON
172	2	erstlich	ADV	ADJD
172	3	ist	VAFIN	VAFIN
172	4	die	ART	ART
172	5	Ambra	NN	NE
172	6	eine	ART	ART
172	7	sehr	ADV	ADV
172	8	kräftige	ADJA	ADJA
172	9	und	KON	KON
172	10	herrliche	ADJA	ADJA
172	11	Arznei	NN	NN
172	12	in	APPR	APPR
172	13	Schwachheiten	NN	NN
172	14	des	ART	ART
172	15	Gehirns	NN	NN
172	16	/	$(	$(
172	17	welches	PRELS	PWS
172	18	sie	PPER	PPER
172	19	mehr	ADV	ADV
172	20	denn	KON	KON
172	21	sonsten	ADV	ADV
172	22	irgend	ADV	ADV
172	23	etwas	PIS	ADV
172	24	anderes	ADV	PIS
172	25	stärkt	VVFIN	VVFIN
172	26	/	$(	$(
172	27	wie	PWAV	KOUS
172	28	der	ART	ART
172	29	vornehme	ADJA	ADJA
172	30	Medikus	NN	NN
172	31	Crato	NE	NE
172	32	sagt	VVFIN	VVFIN
172	33	/	$(	$(
172	34	Consilio	NE	NE
172	35	174.	ADJA	ADJA
172	36	posterioris	NE	NN
172	37	editionis	NE	NE
172	38	:	$.	$(
172	39	Inter	NN	NE
172	40	ea	NE	NE
172	41	,	$,	$,
172	42	quæ	NE	NE
172	43	cerebrum	NE	NN
172	44	roborant	NE	ADJD
172	45	,	$,	$,
172	46	magnam	NE	NE
172	47	vim	NE	VVFIN
172	48	Ambræ	NN	NE
172	49	orientali	NE	NE
172	50	tribuo	NE	NE
172	51	.	$.	$.
173	1	und	KON	KON
173	2	Nicolaus	NN	NE
173	3	Monardis	NE	NE
173	4	in	APPR	APPR
173	5	histor.	NN	ADJA
173	6	simpl.	NN	ADJA
173	7	med.	NN	NE
173	8	ex	APPR	FM
173	9	novo	NE	ADJA
173	10	orbe	NE	ADJA
173	11	delatorum	NE	NN
173	12	pag.	NN	VVFIN
173	13	10.	ADJA	ADJA
173	14	sagt	VVFIN	VVFIN
173	15	:	$.	$.
174	1	Ambarum	FM	ADJA
174	2	cum	FM	NN
174	3	oleo	FM	ADJA
174	4	florum	FM	NN
174	5	mali	FM	NE
174	6	Atantii	FM	NE
174	7	sive	FM	VVFIN
174	8	Assyrii	FM	NE
174	9	in	FM	APPR
174	10	calente	FM	NE
174	11	mortario	FM	NE
174	12	permixtum	FM	NN
174	13	,	$,	$,
174	14	&	$(	KON
174	15	unguenti	FM	ADJA
174	16	modo	FM	NE
174	17	capiti	FM	NE
174	18	illitum	FM	NN
174	19	,	$,	$,
174	20	illius	FM	NE
174	21	dolorem	FM	NE
174	22	levat	FM	ADJD
174	23	,	$,	$,
174	24	cerebrum	FM	NN
174	25	roborat	FM	NN
174	26	&	$(	KON
174	27	nervos	FM	NN
174	28	,	$,	$,
174	29	&	$(	KON
174	30	frigidos	FM	NN
174	31	,	$,	$,
174	32	qui	FM	NE
174	33	infarcti	FM	NE
174	34	sunt	FM	VVFIN
174	35	,	$,	$,
174	36	humores	FM	NN
174	37	resolvit	FM	ADJD
174	38	:	$.	$(
174	39	ad	FM	FM
174	40	eadem	FM	ADJA
174	41	efficax	FM	NN
174	42	emplastri	FM	NN
174	43	modo	FM	NE
174	44	cum	FM	NN
174	45	alipta	FM	NE
174	46	moschata	FM	NE
174	47	assiduè	FM	NE
174	48	gestatum	FM	NN
174	49	.	$.	$.
175	1	Ejus	FM	NE
175	2	solius	FM	NE
175	3	.	$.	$.
175	4	aut	FM	ADJA
175	5	cum	FM	NN
175	6	moscho	FM	ADJD
175	7	&	$(	KON
175	8	ligno	FM	NE
175	9	aloës	FM	NE
175	10	permixti	FM	NN
175	11	,	$,	$,
175	12	olfactu	FM	ADJA
175	13	cerebrum	FM	NN
175	14	roboratur	FM	NN
175	15	,	$,	$,
175	16	memoria	FM	NE
175	17	augetur	FM	NN
175	18	.	$.	$.
176	1	&	$(	KON
176	2	cetera	NE	NE
176	3	ja	PTKANT	ADV
176	4	sie	PPER	PPER
176	5	stärkt	VVFIN	VVFIN
176	6	nicht	PTKNEG	PTKNEG
176	7	allein	ADV	ADV
176	8	das	ART	ART
176	9	Gehirn	NN	NN
176	10	/	$(	$(
176	11	sondern	KON	KON
176	12	auch	ADV	ADV
176	13	die	ART	ART
176	14	Sehnenadern	NN	NN
176	15	/	$(	$(
176	16	die	ART	ART
176	17	Gelenke	NE	NN
176	18	und	KON	KON
176	19	Glieder	NN	NN
176	20	/	$(	$(
176	21	die	ART	ART
176	22	Gicht	NN	NN
176	23	/	$(	$(
176	24	Reißen	VVFIN	NN
176	25	in	APPR	APPR
176	26	Gliedern	NN	NN
176	27	/	$(	$(
176	28	Lähme	NN	$.
176	29	/	$(	$(
176	30	dahero	PAV	PAV
176	31	jetzt	ADV	ADV
176	32	gedachter	ADJA	ADJA
176	33	Monardis	NE	NN
176	34	im	APPRART	APPRART
176	35	angezogenen	ADJA	ADJA
176	36	Buch	NN	NN
176	37	am	APPRART	APPRART
176	38	11.	ADJA	ADJA
176	39	Blatt	NN	NN
176	40	sagt	VVFIN	VVFIN
176	41	/	$(	$(
176	42	Convenit	NE	NE
176	43	etiam	NE	NE
176	44	Paralyticis	NE	NE
176	45	,	$,	$,
176	46	si	NE	VVFIN
176	47	eo	NE	NE
176	48	,	$,	$,
176	49	aut	NE	FM
176	50	ejus	NE	NE
176	51	mixtura	NE	NE
176	52	suffiantur	NE	NN
176	53	,	$,	$,
176	54	aut	NE	FM
176	55	cerebrum	NE	NN
176	56	totaq̒ue	NE	NN
176	57	spina	NE	NE
176	58	eo	NE	ADJA
176	59	inungantur	NE	NN
176	60	.	$.	$.
177	1	Etenim	FM	NE
177	2	Ambra	FM	NE
177	3	præ	FM	VVFIN
177	4	cæteris	FM	NE
177	5	cerebrum	FM	NN
177	6	&	$(	KON
177	7	nervos	FM	ADJD
177	8	roborat	FM	NN
177	9	.	$.	$.
178	1	ferner	ADV	ADJD
178	2	so	ADV	ADV
178	3	dient	VVFIN	VVFIN
178	4	sie	PPER	PPER
178	5	wider	APPR	APPR
178	6	den	ART	ART
178	7	Schlag	NN	NN
178	8	/	$(	$(
178	9	wie	KOKOM	KOKOM
178	10	aus	APPR	APPR
178	11	dem	ART	ART
178	12	Schlagsälblein	NE	NN
178	13	/	$(	$(
178	14	und	KON	KON
178	15	aus	APPR	APPR
178	16	der	ART	ART
178	17	Komposition	NN	NN
178	18	in	APPR	APPR
178	19	der	ART	ART
178	20	Apotheke	NN	NN
178	21	so	ADV	ADV
178	22	von	APPR	APPR
178	23	der	ART	ART
178	24	Ambra	NN	NE
178	25	den	ART	ART
178	26	Namen	NN	NN
178	27	hat	VAFIN	VAFIN
178	28	/	$(	$(
178	29	abzunehmen	VVINF	VVIZU
178	31	.	$.	$.
179	1	sie	PPER	PPER
179	2	ist	VAFIN	VAFIN
179	3	auch	ADV	ADV
179	4	eine	ART	ART
179	5	herrliche	ADJA	ADJA
179	6	Arznei	NN	NN
179	7	wider	APPR	APPR
179	8	die	ART	ART
179	9	schwere	ADJA	ADJA
179	10	Not	NN	NN
179	11	/	$(	$(
179	12	wie	KOKOM	KOKOM
179	13	obberührter	ADJA	ADJA
179	14	Monardis	NE	NE
179	15	meldet	VVFIN	VVFIN
179	16	Seite	NN	NN
179	17	12.	ADJA	ADJA
179	18	und	KON	KON
179	19	Gesnerus	NE	NE
179	20	zeugt	VVFIN	VVFIN
179	21	in	APPR	APPR
179	22	gemein	ADJD	ADJD
179	23	von	APPR	APPR
179	24	allem	PIS	PIS
179	25	Erdpech	NN	NN
179	26	/	$(	$(
179	27	dass	KOUS	KOUS
179	28	es	PPER	PPER
179	29	nicht	PTKNEG	PTKNEG
179	30	allein	ADV	ADV
179	31	die	ART	ART
179	32	jenige	PIAT	ADJA
179	33	/	$(	$(
179	34	so	ADV	ADV
179	35	mit	APPR	APPR
179	36	der	ART	ART
179	37	schweren	ADJA	ADJA
179	38	Not	NN	NN
179	39	behaftet	VVPP	ADJD
179	40	/	$(	$(
179	41	wie	KOKOM	KOUS
179	42	Dioscorides	NE	NE
179	43	libr.	NN	NE
179	44	r.	NN	NE
179	45	cap.	NN	ADJA
179	46	85.	ADJA	ADJA
179	47	durch	APPR	APPR
179	48	den	ART	ART
179	49	Rauch	NN	NN
179	50	meldet	VVFIN	VVFIN
179	51	und	KON	KON
179	52	an	APPR	APPR
179	53	Tag	NN	NN
179	54	gibt	VVFIN	VVFIN
179	55	/	$(	$(
179	56	sondern	KON	KON
179	57	auch	ADV	ADV
179	58	zu	PTKZU	APPR
179	59	sich	PRF	PRF
179	60	selbst	ADV	ADV
179	61	wieder	ADV	ADV
179	62	bringt	VVFIN	VVFIN
179	63	und	KON	KON
179	64	heilt	VVFIN	VVFIN
179	65	.	$.	$.
180	1	sie	PPER	PPER
180	2	ist	VAFIN	VAFIN
180	3	auch	ADV	ADV
180	4	gut	ADJD	ADJD
180	5	den	ART	ART
180	6	blöden	ADJA	ADJA
180	7	Magen	NN	NN
180	8	/	$(	$(
180	9	erwärmt	VVFIN	VVFIN
180	10	denselbigen	PDAT	ADJA
180	11	/	$(	$(
180	12	fördert	VVFIN	VVFIN
180	13	die	ART	ART
180	14	Däuung	NE	NN
180	15	/	$(	$(
180	16	zerteilt	VVPP	VVFIN
180	17	die	ART	ART
180	18	Winde	NN	NN
180	19	und	KON	KON
180	20	Blähung	NN	NN
180	21	/	$(	$(
180	22	wie	PWAV	KOUS
180	23	Crato	NE	NE
180	24	an	APPR	APPR
180	25	unterschiedenen	ADJA	ADJA
180	26	Orten	NN	NN
180	27	gedenkt	VVFIN	VVFIN
180	28	/	$(	$(
180	29	und	KON	KON
180	30	bei	APPR	APPR
180	31	Monardi	NE	NE
180	32	,	$,	$,
180	33	Matthiolo	NE	NE
180	34	,	$,	$,
180	35	und	KON	KON
180	36	anderen	ADJA	PIS
180	37	zu	PTKZU	PTKZU
180	38	lesen	VVINF	VVINF
180	39	/	$(	$(
180	40	und	KON	KON
180	41	dient	VVFIN	VVFIN
180	42	sonderlich	ADJD	ADJD
180	43	auch	ADV	ADV
180	44	wider	APPR	APPR
180	45	das	ART	ART
180	46	Drücken	NN	NN
180	47	im	APPRART	APPRART
180	48	Magen	NN	NN
180	49	/	$(	$(
180	50	oder	KON	KON
180	51	/	$(	$(
180	52	wie	KOKOM	KOUS
180	53	der	ART	ART
180	54	gemeine	ADJA	ADJA
180	55	Mann	PIS	NN
180	56	sagt	VVFIN	VVFIN
180	57	/	$(	$(
180	58	am	APPRART	APPRART
180	59	Herzen	NN	NN
180	60	/	$(	$(
180	61	wie	PWAV	KOUS
180	62	Aetius	NE	NE
180	63	sagt	VVFIN	VVFIN
180	64	/	$(	$(
180	65	Tetrabibl	NE	NE
180	66	.	$.	$.
181	1	1.	FM	ADJA
181	2	serm.	FM	NN
181	3	2.	FM	ADJA
181	4	cap.	FM	ADJA
181	5	49.	FM	ADJA
181	6	Potum	FM	NN
181	7	bitumen	FM	ADJA
181	8	nucis	FM	NE
181	9	ponticæ	FM	NN
181	10	aut	FM	ADJA
181	11	fabæ	FM	NE
181	12	magnitudine	FM	ADJA
181	13	cum	FM	NN
181	14	vino	FM	NE
181	15	tritum	FM	NN
181	16	cardiacis	FM	NE
181	17	,	$,	$,
181	18	qui	FM	NE
181	19	animo	FM	NE
181	20	linquuntur	FM	NE
181	21	,	$,	$,
181	22	magnopere	FM	NN
181	23	&	$(	KON
181	24	è	FM	NN
181	25	vestigio	FM	NE
181	26	prodest	FM	NN
181	27	.	$.	$.
182	1	den	ART	ART
182	2	Weibspersonen	NN	NN
182	3	ist	VAFIN	VAFIN
182	4	sie	PPER	PPER
182	5	auch	ADV	ADV
182	6	eine	ART	ART
182	7	gute	ADJA	ADJA
182	8	Arznei	NN	NN
182	9	/	$(	$(
182	10	|	$(	XY
182	11	sintemal	KOUS	ADV
182	12	sie	PPER	PPER
182	13	von	APPR	APPR
182	14	unten	ADV	ADV
182	15	auf	APPR	APPR
182	16	gebraucht	VVPP	VVPP
182	17	/	$(	$(
182	18	dient	VVFIN	VVFIN
182	19	wider	APPR	APPR
182	20	das	ART	ART
182	21	Aufsteigen	VVINF	NN
182	22	der	ART	ART
182	23	Mutter	NN	NN
182	24	/	$(	$(
182	25	und	KON	KON
182	26	alle	PIAT	PIAT
182	27	andere	ADJA	PIS
182	28	Beschwerung	NN	NN
182	29	/	$(	$(
182	30	so	ADV	ADV
182	31	von	APPR	APPR
182	32	derselben	PDAT	PDS
182	33	entstehen	VVINF	VVINF
182	34	.	$.	$.
183	1	ja	PTKANT	ADV
183	2	oft	ADV	ADV
183	3	gedachter	ADJA	ADJA
183	4	Monardes	NE	NN
183	5	kuriert	VVPP	VVFIN
183	6	die	ART	ART
183	7	Unfruchtbarkeit	NN	NN
183	8	/	$(	$(
183	9	so	ADV	ADV
183	10	von	APPR	APPR
183	11	kalten	ADJA	ADJA
183	12	bösen	ADJA	ADJA
183	13	Feuchtigkeiten	NN	NN
183	14	verursacht	VVFIN	VVPP
183	15	wird	VAFIN	VAFIN
183	16	mit	APPR	APPR
183	17	einem	ART	ART
183	18	Pflaster	NN	NN
183	19	zum	APPRART	APPRART
183	20	Nabel	NN	NN
183	21	/	$(	$(
183	22	und	KON	KON
183	23	einem	ART	ART
183	24	Mutterzäpflein	NE	NN
183	25	von	APPR	APPR
183	26	Ambra	NN	NE
183	27	gemacht	VVPP	VVPP
183	28	/	$(	$(
183	29	wie	PWAV	KOKOM
183	30	an	APPR	APPR
183	31	oft	ADV	ADV
183	32	angezogenem	ADJA	ADJA
183	33	Ort	NN	NN
183	34	zu	PTKZU	PTKZU
183	35	lesen	VVINF	VVINF
183	36	.	$.	$.
184	1	endlich	ADV	ADV
184	2	/	$(	$(
184	3	damit	PAV	KOUS
184	4	wir	PPER	PPER
184	5	anderer	ADJA	PIS
184	6	der	ART	ART
184	7	Ambra	NN	NE
184	8	Tugenden	NN	NN
184	9	geschweigen	VVINF	VVINF
184	10	/	$(	$(
184	11	so	ADV	ADV
184	12	dient	VVFIN	VVFIN
184	13	sie	PPER	PPER
184	14	gewaltig	ADJD	ADJD
184	15	wider	APPR	APPR
184	16	die	ART	ART
184	17	Ohnmacht	NN	NN
184	18	/	$(	$(
184	19	und	KON	KON
184	20	ist	VAFIN	VAFIN
184	21	eine	ART	ART
184	22	fürnehme	ADJA	ADJA
184	23	Herzstärkung	NN	NN
184	24	/	$(	$(
184	25	daher	PAV	PAV
184	26	Garzias	NE	NE
184	27	ab	PTKVZ	APPR
184	28	Orto	NE	NE
184	29	lib.	NN	NE
184	30	1.	ADJA	ADJA
184	31	aromatum	NE	NN
184	32	Inditorum	NN	NN
184	33	cap.	NN	NE
184	34	r.	NN	NE
184	35	sagt	VVFIN	VVFIN
184	36	:	$.	$(
184	37	Quod	NE	NN
184	38	ambarum	NE	NN
184	39	sit	NE	VVFIN
184	40	ex	APPR	FM
184	41	eorum	NE	NN
184	42	numero	NE	NE
184	43	,	$,	$,
184	44	quæ	NE	NE
184	45	maximæ	NE	NE
184	46	cordis	NE	NE
184	47	vires	NE	NE
184	48	reficiunt	NE	ADJD
184	49	.	$.	$.
185	1	und	KON	KON
185	2	Monardes	NE	NN
185	3	spricht	VVFIN	VVFIN
185	4	:	$.	$.
186	1	Ambræ	FM	NE
186	2	olfactu	FM	NE
186	3	spiritus	FM	NE
186	4	&	$(	KON
186	5	vigor	FM	ADJA
186	6	cordis	FM	NE
186	7	reficiuntur	FM	NN
186	8	:	$.	$(
186	9	ideoq̒ue	FM	NN
186	10	in	FM	APPR
186	11	pestis	FM	ADJA
186	12	contagiis	FM	NE
186	13	ejus	FM	NN
186	14	odor	FM	NE
186	15	apprimè	FM	NE
186	16	utilis	FM	NE
186	17	.	$.	$.
187	1	insonderheit	ADV	NN
187	2	bekommt	VVFIN	VVFIN
187	3	sie	PPER	PPER
187	4	den	ART	ART
187	5	alten	ADJA	ADJA
187	6	Leuten	NN	NN
187	7	trefflich	ADJD	ADJD
187	8	wohl	ADV	ADV
187	9	/	$(	$(
187	10	wie	PWAV	KOUS
187	11	Matthiolus	NE	NE
187	12	ad	FM	FM
187	13	cap.	NN	ADJA
187	14	20.	ADJA	ADJA
187	15	lib.	NN	NE
187	16	1.	ADJA	ADJA
187	17	Dioscoridis	NE	NE
187	18	,	$,	$,
187	19	und	KON	KON
187	20	Crato	NE	NE
187	21	an	APPR	APPR
187	22	vielen	PIAT	PIAT
187	23	unterschiedenen	ADJA	ADJA
187	24	Orten	NN	NN
187	25	gedenkt	VVFIN	VVFIN
187	26	.	$.	$.
188	1	dessen	PDS	PDAT
188	2	Ursache	NN	NN
188	3	Monardes	NE	NN
188	4	klärlich	ADV	ADJD
188	5	hat	VAFIN	VAFIN
188	6	/	$(	$(
188	7	da	ADV	KOUS
188	8	er	PPER	PPER
188	9	sagt	VVFIN	VVFIN
188	10	lib.	NN	NE
188	11	citato	NE	ADJA
188	12	.	$.	$.
188	13	pagin	NN	NE
188	14	.	$.	$.
189	1	11	FM	CARD
189	2	Maximè	FM	NN
189	3	prodest	FM	ADJA
189	4	Senibus	FM	NN
189	5	,	$,	$,
189	6	quod	FM	NN
189	7	illorum	FM	NN
189	8	spiritus	FM	NE
189	9	vegetet	FM	VVFIN
189	10	,	$,	$,
189	11	cor	FM	ADJA
189	12	&	$(	KON
189	13	cerebrum	FM	NN
189	14	roboret	FM	NN
189	15	,	$,	$,
189	16	&	$(	KON
189	17	crassos	FM	NN
189	18	lentosque	FM	NE
189	19	humores	FM	NE
189	20	,	$,	$,
189	21	quibus	FM	NN
189	22	plurimum	FM	NN
189	23	abundant	FM	NN
189	24	,	$,	$,
189	25	extenuet	FM	ADJD
189	26	,	$,	$,
189	27	sive	FM	VVFIN
189	28	cibis	FM	NE
189	29	indatur	FM	NN
189	30	,	$,	$,
189	31	sive	FM	ADJA
189	32	vestes	FM	ADJA
189	33	suffiantur	FM	NN
189	34	,	$,	$,
189	35	sive	FM	ADJA
189	36	cerebro	FM	NE
189	37	cordisq̒ue	FM	NN
189	38	regioni	FM	NE
189	39	applicetur	FM	NN
189	40	,	$,	$,
189	41	sive	FM	ADJA
189	42	vino	FM	NE
189	43	,	$,	$,
189	44	quo	FM	NE
189	45	sibi	FM	NE
189	46	faciem	FM	NE
189	47	&	$(	KON
189	48	manus	FM	NE
189	49	abluunt	FM	NN
189	50	,	$,	$,
189	51	permisceatur	FM	NN
189	52	.	$.	$.
190	1	eben	ADV	ADV
190	2	diese	PDAT	PDAT
190	3	gedachte	VVFIN	ADJA
190	4	/	$(	$(
190	5	und	KON	KON
190	6	dergleichen	PIS	PIS
190	7	Wirkungen	NN	NN
190	8	hat	VAFIN	VAFIN
190	9	auch	ADV	ADV
190	10	dieser	PDAT	PDAT
190	11	Brunnen	NE	NN
190	12	.	$.	$.
191	1	denn	KON	KON
191	2	wie	KOKOM	KOUS
191	3	oben	ADV	ADV
191	4	gemeldet	VVPP	VVPP
191	5	er	PPER	PPER
191	6	nicht	PTKNEG	PTKNEG
191	7	alleine	ADV	ADV
191	8	/	$(	$(
191	9	alle	PIAT	PIAT
191	10	wässerige	ADJA	ADJA
191	11	Geschwulst	NN	NN
191	12	/	$(	$(
191	13	Drüsen	NN	NN
191	14	/	$(	$(
191	15	Beulen	NN	NN
191	16	/	$(	$(
191	17	die	ART	ART
191	18	Krätze	NN	NN
191	19	/	$(	$(
191	20	und	KON	KON
191	21	alle	PIAT	PIAT
191	22	kalten	ADJA	ADJA
191	23	Flüsse	NN	NN
191	24	/	$(	$(
191	25	das	ART	ART
191	26	Zipperlein	NN	NN
191	27	/	$(	$(
191	28	das	ART	ART
191	29	verderbte	ADJA	ADJA
191	30	Gehör	NN	NN
191	31	von	APPR	APPR
191	32	kalten	ADJA	ADJA
191	33	Flüssen	NN	NN
191	34	/	$(	$(
191	35	die	ART	ART
191	36	Felle	NN	NN
191	37	der	ART	ART
191	38	Augen	NN	NN
191	39	/	$(	$(
191	40	so	ADV	ADV
191	41	möglich	ADJD	ADJD
191	42	zu	PTKZU	PTKZU
191	43	kurieren	VVINF	VVINF
191	44	sein	VAINF	VAINF
191	45	/	$(	$(
191	46	heilt	VVFIN	VVFIN
191	47	.	$.	$.
192	1	item	NN	ADV
192	2	den	ART	ART
192	3	Harn	NN	NN
192	4	den	ART	ART
192	5	Stein	NN	NN
192	6	fördert	VVFIN	VVFIN
192	7	/	$(	$(
192	8	und	KON	KON
192	9	eine	ART	ART
192	10	gewisse	ADJA	ADJA
192	11	Arznei	NN	NN
192	12	wider	APPR	APPR
192	13	den	ART	ART
192	14	Dumpf	ADJD	NN
192	15	ist	VAFIN	VAFIN
192	16	/	$(	$(
192	17	sondern	KON	KON
192	18	er	PPER	PPER
192	19	stärkt	VVFIN	VVFIN
192	20	auch	ADV	ADV
192	21	das	ART	ART
192	22	Haupt	NN	NN
192	23	/	$(	$(
192	24	die	ART	ART
192	25	Glieder	NN	NN
192	26	/	$(	$(
192	27	die	ART	ART
192	28	Sehnenader	NN	NN
192	29	/	$(	$(
192	30	und	KON	KON
192	31	welches	PRELS	PWS
192	32	seiner	PPOSAT	PPOSAT
192	33	vornehmen	VVINF	ADJA
192	34	und	KON	KON
192	35	gewissen	ADJA	ADJA
192	36	Tugenden	NN	NN
192	37	auch	ADV	ADV
192	38	eine	ART	PIS
192	39	ist	VAFIN	VAFIN
192	40	/	$(	$(
192	41	so	ADV	ADV
192	42	restituiert	VVPP	VVFIN
192	43	er	PPER	PPER
192	44	die	ART	ART
192	45	Paralysis	NN	NN
192	46	,	$,	$,
192	47	das	ART	PDS
192	48	ist	VAFIN	VAFIN
192	49	eine	ART	ART
192	50	solche	PIAT	PIAT
192	51	Lähme	NN	NN
192	52	/	$(	$(
192	53	darinnen	ADV	VVFIN
192	54	die	ART	ART
192	55	Sehnenadern	NN	NN
192	56	/	$(	$(
192	57	durch	APPR	APPR
192	58	welche	PWAT	PRELS
192	59	den	ART	ART
192	60	Gliedern	NN	NN
192	61	die	ART	ART
192	62	Bewegung	NN	NN
192	63	/	$(	$(
192	64	und	KON	KON
192	65	das	ART	ART
192	66	Fühlen	VVFIN	NN
192	67	mit	APPR	ADV
192	68	getheilet	VVPP	VVPP
192	69	wird	VAFIN	VAFIN
192	70	/	$(	$(
192	71	durch	APPR	APPR
192	72	die	ART	ART
192	73	kalten	ADJA	ADJA
192	74	Flüsse	NN	NN
192	75	verstopft	VVFIN	VVPP
192	76	sind	VAFIN	VAFIN
192	77	/	$(	$(
192	78	dass	KOUS	KOUS
192	79	den	ART	ART
192	80	Gliedern	NN	NN
192	81	ob	KOUS	KON
192	82	angedeutete	ADJA	ADJA
192	83	Kräfte	NN	NN
192	84	nicht	PTKNEG	PTKNEG
192	85	zukommen	VVINF	VVINF
192	86	mögen	VMFIN	VMFIN
192	87	/	$(	$(
192	88	sondern	KON	KON
192	89	dieselben	PDAT	PDS
192	90	gleichsam	ADJD	ADJD
192	91	tot	NN	ADJD
192	92	sein	VAINF	VAINF
192	93	/	$(	$(
192	94	dass	KOUS	KOUS
192	95	man	PIS	PIS
192	96	solche	PIAT	PIS
192	97	zu	PTKZU	APPR
192	98	nichts	PIS	PIAT
192	99	sonderliches	ADJA	ADJA
192	100	brauchen	VVFIN	VVINF
192	101	kann	VMFIN	VMFIN
192	102	.	$.	$.
193	1	solche	PIAT	PIAT
193	2	Kraft	NN	NN
193	3	haben	VAFIN	VAFIN
193	4	/	$(	$(
193	5	Gott	NN	NN
193	6	Lob	NN	NN
193	7	/	$(	$(
193	8	sehr	ADV	ADV
193	9	viele	ADV	PIS
193	10	in	APPR	APPR
193	11	dem	ART	ART
193	12	Brunnen	NN	NN
193	13	erfahren	VVINF	VVPP
193	14	/	$(	$(
193	15	wie	PWAV	KOUS
193	16	dann	ADV	ADV
193	17	nur	ADV	ADV
193	18	vor	APPR	APPR
193	19	etlichen	ADJA	PIAT
193	20	Tagen	NN	NN
193	21	ein	ART	ART
193	22	Paralyticus	NE	NN
193	23	welcher	PWAT	PIS
193	24	etliche	PIAT	PIS
193	25	jahrlang	ADJD	ADJD
193	26	nicht	PTKNEG	PTKNEG
193	27	gehen	VVINF	VVINF
193	28	können	VMFIN	VMINF
193	29	/	$(	$(
193	30	als	KOKOM	KOUS
193	31	er	PPER	PPER
193	32	diesen	PDAT	PDAT
193	33	Brunnen	NN	NN
193	34	nicht	PTKNEG	PTKNEG
193	35	lange	ADV	ADV
193	36	getrunken	VVPP	VVPP
193	37	/	$(	$(
193	38	und	KON	KON
193	39	sich	PRF	PRF
193	40	darinnen	ADV	VVFIN
193	41	gebadet	VVPP	VVPP
193	42	/	$(	$(
193	43	wieder	ADV	ADV
193	44	frisch	ADJD	ADJD
193	45	und	KON	KON
193	46	gesund	ADJD	ADJD
193	47	davon	PAV	PAV
193	48	gegangen	VVPP	VVPP
193	49	.	$.	$.
194	1	und	KON	KON
194	2	ein	ART	ART
194	3	Anderer	NE	PIS
194	4	/	$(	$(
194	5	welcher	PWAT	PWS
194	6	zuvor	ADV	ADV
194	7	an	APPR	APPR
194	8	einer	ART	ART
194	9	Krücke	NN	NN
194	10	gehunken	NE	VVPP
194	11	/	$(	$(
194	12	hernach	ADV	ADV
194	13	aber	ADV	ADV
194	14	/	$(	$(
194	15	als	KOKOM	KOUS
194	16	er	PPER	PPER
194	17	diesen	PDAT	PDAT
194	18	Brunnen	NN	NN
194	19	gebraucht	VVPP	VVPP
194	20	/	$(	$(
194	21	ohne	APPR	APPR
194	22	Krücken	NN	NN
194	23	davon	PAV	PAV
194	24	gegangen	VVPP	VVPP
194	25	/	$(	$(
194	26	und	KON	KON
194	27	zum	APPRART	APPRART
194	28	Zeichen	NN	NN
194	29	seiner	PPOSAT	PPOSAT
194	30	Gesundheit	NN	NN
194	31	früh	ADJD	ADJD
194	32	/	$(	$(
194	33	ehe	KOUS	KOUS
194	34	er	PPER	PPER
194	35	wieder	ADV	ADV
194	36	nach	APPR	APPR
194	37	Hause	NN	NE
194	38	gereist	VVPP	VVPP
194	39	/	$(	$(
194	40	die	ART	ART
194	41	Krücken	NN	NN
194	42	zerhackt	VVFIN	VVPP
194	43	/	$(	$(
194	44	und	KON	KON
194	45	ihm	PPER	PPER
194	46	bei	APPR	APPR
194	47	derselben	PDAT	PDS
194	48	eine	ART	ART
194	49	Suppe	NN	NN
194	50	gekocht	VVPP	VVPP
194	51	.	$.	$.
195	1	ich	PPER	PPER
195	2	will	VMFIN	VMFIN
195	3	geschweigen	VVINF	VVFIN
195	4	anderer	ADJA	PIS
195	5	/	$(	$(
195	6	und	KON	KON
195	7	auch	ADV	ADV
195	8	des	ART	ART
195	9	jenigen	PIAT	ADJA
195	10	/	$(	$(
195	11	so	ADV	ADV
195	12	sich	PRF	PRF
195	13	in	APPR	APPR
195	14	einem	ART	ART
195	15	Backtrog	NN	NN
195	16	zum	APPRART	APPRART
195	17	Brunnen	NN	NN
195	18	führen	VVINF	VVINF
195	19	lassen	VVINF	VVINF
195	20	müssen	VMFIN	VMINF
195	21	/	$(	$(
195	22	und	KON	KON
195	23	hernach	ADV	ADV
195	24	als	KOKOM	KOKOM
195	25	er	PPER	PPER
195	26	gesund	ADJD	ADJD
195	27	worden	VAPP	VAPP
195	28	/	$(	$(
195	29	den	ART	ART
195	30	Backtrog	NN	NN
195	31	an	APPR	APPR
195	32	einen	ART	ART
195	33	Baum	NE	NN
195	34	aufgehängt	VVPP	VVPP
195	35	/	$(	$(
195	36	welcher	PWAT	PWS
195	37	noch	ADV	ADV
195	38	heutigen	ADJA	ADJA
195	39	Tages	NN	NN
195	40	daran	PAV	PAV
195	41	zu	PTKZU	PTKZU
195	42	sehen	VVINF	VVINF
195	43	.	$.	$.
196	1	es	PPER	PPER
196	2	möchte	VMFIN	VMFIN
196	3	aber	ADV	ADV
196	4	jemand	PIS	PIS
196	5	sagen	VVINF	VVINF
196	6	/	$(	$(
196	7	wann	PWAV	PWAV
196	8	dann	ADV	ADV
196	9	dieser	PDAT	PDAT
196	10	Brunnen	NN	NN
196	11	dem	ART	ART
196	12	Gehirn	NN	NN
196	13	/	$(	$(
196	14	und	KON	KON
196	15	den	ART	ART
196	16	Gliedern	NN	NN
196	17	so	ADV	ADV
196	18	gut	ADJD	ADJD
196	19	/	$(	$(
196	20	wie	KOKOM	KOUS
196	21	koͤmpt	VVFIN	VVFIN
196	22	es	PPER	PPER
196	23	/	$(	$(
196	24	dass	KOUS	KOUS
196	25	es	PPER	PPER
196	26	etlichen	ADJA	PIAT
196	27	Leuten	NN	NN
196	28	/	$(	$(
196	29	wann	PWAV	PWAV
196	30	sie	PPER	PPER
196	31	ihn	PPER	PPER
196	32	trinken	VVFIN	VVINF
196	33	/	$(	$(
196	34	so	ADV	ADV
196	35	beschwerlich	ADJD	ADJD
196	36	Reißen	VVFIN	NN
196	37	im	APPRART	APPRART
196	38	Kopf	NN	NN
196	39	/	$(	$(
196	40	und	KON	KON
196	41	in	APPR	APPR
196	42	Gliedern	NN	NN
196	43	etc.	ADV	ADV
196	44	erregt	VVFIN	VVPP
196	45	?	$.	$.
197	1	hierauf	PAV	PAV
197	2	ist	VAFIN	VAFIN
197	3	meine	PPOSAT	PPOSAT
197	4	Antwort	NN	NN
197	5	.	$.	$.
198	1	1.	ADJA	ADV
198	2	dass	KOUS	KOUS
198	3	entweder	KON	KON
198	4	solches	PIAT	PIS
198	5	nicht	PTKNEG	PTKNEG
198	6	von	APPR	APPR
198	7	allem	PIS	PIS
198	8	Brunnen	NN	NN
198	9	geschehe	VVFIN	VVFIN
198	10	/	$(	$(
198	11	sondern	KON	KON
198	12	wenn	KOUS	KOUS
198	13	etwan	ADV	ADV
198	14	einer	ART	PIS
198	15	des	ART	ART
198	16	Teils	NN	NN
198	17	des	ART	ART
198	18	Brunnens	NN	NN
198	19	etwas	PIS	ADV
198	20	zu	PTKZU	PTKA
198	21	viel	ADV	ADV
198	22	bekömmt	VVFIN	VVFIN
198	23	/	$(	$(
198	24	darinnen	ADV	VVFIN
198	25	fast	ADV	ADV
198	26	lauter	PIAT	ADJD
198	27	irdisches	ADJD	ADJA
198	28	Bitumen	NN	NN
198	29	/	$(	$(
198	30	oder	KON	KON
198	31	Steinkohlen	NN	NN
198	32	sein	VAINF	VAINF
198	33	/	$(	$(
198	34	welches	PRELS	PWS
198	35	Geschlecht	NN	NN
198	36	des	ART	ART
198	37	Bituminis	NE	NN
198	38	sonderlich	ADJD	ADJD
198	39	die	ART	ART
198	40	Art	NN	NN
198	41	hat	VAFIN	VAFIN
198	42	/	$(	$(
198	43	dass	KOUS	KOUS
198	44	es	PPER	PPER
198	45	in	APPR	APPR
198	46	den	ART	ART
198	47	Kopf	NN	NN
198	48	steige	VVFIN	VVFIN
198	49	/	$(	$(
198	50	und	KON	KON
198	51	daselbst	PAV	ADV
198	52	Beschweren	NE	NN
198	53	anrichte	VVFIN	VVFIN
198	54	/	$(	$(
198	55	davon	PAV	PAV
198	56	Solenander	NE	NE
198	57	lib.	NN	NE
198	58	1.	ADJA	ADJA
198	59	defont.	NN	ADJA
198	60	cal.	NN	NE
198	61	cans.	NN	NE
198	62	cap.	NN	ADJA
198	63	10.	ADJA	ADJA
198	64	p.	NN	APPR
198	65	83.	ADJA	ADJA
198	66	sagt	VVFIN	VVFIN
198	67	:	$.	$(
198	68	Nigrum	NE	NN
198	69	,	$,	$,
198	70	quod	NE	NE
198	71	crassius	NE	NE
198	72	,	$,	$,
198	73	fœtet	NE	NN
198	74	,	$,	$,
198	75	&	$(	KON
198	76	amarius	NE	NE
198	77	est	FM	ADJA
198	78	:	$.	$(
198	79	cætera	NE	NE
198	80	medio	ADV	NE
198	81	modo	NE	NE
198	82	se	FM	ADJD
198	83	habent	NE	VVFIN
198	84	.	$.	$.
199	1	2.	ADJA	ADV
199	2	oder	KON	KON
199	3	sage	VVFIN	VVFIN
199	4	darauf	PAV	PAV
199	5	/	$(	$(
199	6	das	ART	PRELS
199	7	solch	PIAT	PIAT
199	8	Reißen	NN	NN
199	9	nicht	PTKNEG	PTKNEG
199	10	dem	ART	ART
199	11	Brunnen	NE	NN
199	12	zuzumessen	VVIZU	VVIZU
199	13	sei	VAFIN	VAFIN
199	14	/	$(	$(
199	15	sondern	KON	KON
199	16	der	ART	ART
199	17	Unreinigkeit	NN	NN
199	18	des	ART	ART
199	19	Leibes	NN	NN
199	20	/	$(	$(
199	21	und	KON	KON
199	22	der	ART	ART
199	23	großen	ADJA	ADJA
199	24	Menge	VVIMP	NN
199	25	der	ART	ART
199	26	zähen	CARD	ADJA
199	27	pituitosischen	NE	ADJA
199	28	oder	KON	KON
199	29	tartarischen	ADJD	ADJA
199	30	Materien	NN	NN
199	31	/	$(	$(
199	32	welche	PWAT	PRELS
199	33	/	$(	$(
199	34	so	ADV	ADV
199	35	sie	PPER	PPER
199	36	von	APPR	APPR
199	37	dem	ART	ART
199	38	Brunnen	NN	NN
199	39	angegriffen	VVPP	VVPP
199	40	wird	VAFIN	VAFIN
199	41	/	$(	$(
199	42	und	KON	KON
199	43	doch	ADV	ADV
199	44	so	ADV	ADV
199	45	rebellisch	ADJD	ADJD
199	46	ist	VAFIN	VAFIN
199	47	/	$(	$(
199	48	dass	KOUS	KOUS
199	49	sie	PPER	PPER
199	50	sich	PRF	PRF
199	51	nicht	PTKNEG	PTKNEG
199	52	flugs	ADV	ADJD
199	53	zwingen	VVINF	VVINF
199	54	lässt	VVIMP	VVFIN
199	55	/	$(	$(
199	56	diese	PDAT	PDAT
199	57	Schmerzen	NN	NN
199	58	verursacht	VVPP	VVPP
199	59	.	$.	$.
200	1	und	KON	KON
200	2	solches	PIAT	PIS
200	3	sehen	VVINF	VVFIN
200	4	wir	PPER	PPER
200	5	auch	ADV	ADV
200	6	in	APPR	APPR
200	7	der	ART	ART
200	8	Colica	NE	NE
200	9	oder	KON	KON
200	10	Hefenmutter	NN	NN
200	11	/	$(	$(
200	12	so	ADV	ADV
200	13	von	APPR	APPR
200	14	dem	ART	ART
200	15	kalten	ADJA	ADJA
200	16	Schleim	NN	NN
200	17	/	$(	$(
200	18	oder	KON	KON
200	19	Tartaro	NE	NE
200	20	intestinorum	NE	NN
200	21	entsteht	VVFIN	VVFIN
200	22	/	$(	$(
200	23	in	APPR	APPR
200	24	welcher	PWAT	PIS
200	25	/	$(	$(
200	26	wenn	KOUS	KOUS
200	27	man	PIS	PIS
200	28	die	ART	ART
200	29	fomenta	NE	NN
200	30	,	$,	$,
200	31	und	KON	KON
200	32	wärmende	ADJA	ADJA
200	33	oder	KON	KON
200	34	zerteilende	ADJA	ADJA
200	35	Sachen	NN	NN
200	36	/	$(	$(
200	37	wie	KOKOM	KOUS
200	38	sich	PPER	PRF
200	39	es	PPER	PPER
200	40	gebührt	VVFIN	VVFIN
200	41	/	$(	$(
200	42	auflegt	VVFIN	VVFIN
200	43	/	$(	$(
200	44	im	APPRART	APPRART
200	45	Anfang	NN	NN
200	46	/	$(	$(
200	47	weil	KOUS	KOUS
200	48	die	ART	ART
200	49	Materia	NN	NN
200	50	zerteilt	NE	VVFIN
200	51	/	$(	$(
200	52	und	KON	KON
200	53	in	APPR	APPR
200	54	Flatus	NE	NN
200	55	vertiert	VVFIN	VVPP
200	56	wird	VAFIN	VAFIN
200	57	/	$(	$(
200	58	von	APPR	APPR
200	59	den	ART	ART
200	60	Fomentis	NE	NN
200	61	&	$(	KON
200	62	cetera	NE	NE
200	63	die	ART	ART
200	64	Schmerzen	NN	NN
200	65	sich	PRF	PRF
200	66	mehren	VVFIN	VVINF
200	67	/	$(	$(
200	68	aber	KON	KON
200	69	doch	ADV	KON
200	70	wann	PWAV	PWAV
200	71	man	PIS	PIS
200	72	mit	APPR	APPR
200	73	den	ART	ART
200	74	Anodynis	NE	NN
200	75	fortfährt	VVFIN	VVFIN
200	76	/	$(	$(
200	77	so	ADV	ADV
200	78	stillen	ADJA	VVFIN
200	79	sie	PPER	PPER
200	80	sich	PRF	PRF
200	81	.	$.	$.
201	1	desgleichen	KOUS	ADV
201	2	haben	VAFIN	VAFIN
201	3	wir	PPER	PPER
201	4	ein	ART	ART
201	5	Exempel	NN	NN
201	6	an	APPR	APPR
201	7	den	ART	ART
201	8	Sennesblättern	NE	NN
201	9	/	$(	$(
201	10	welche	PWAT	PRELS
201	11	für	APPR	APPR
201	12	sich	PRF	PRF
201	13	eine	ART	ART
201	14	gute	ADJA	ADJA
201	15	/	$(	$(
201	16	gelinde	ADJA	ADJD
201	17	/	$(	$(
201	18	und	KON	KON
201	19	derowegen	ADV	VVFIN
201	20	kein	PIAT	PIAT
201	21	Grimmen	NN	NN
201	22	verursachende	ADJA	ADJA
201	23	Arznei	NN	NN
201	24	sein	VAINF	VAINF
201	25	.	$.	$.
202	1	wann	PWAV	PWAV
202	2	sie	PPER	PPER
202	3	aber	ADV	ADV
202	4	in	APPR	APPR
202	5	einen	ART	ART
202	6	Leib	NN	NN
202	7	kommen	VVFIN	VVFIN
202	8	da	ADV	ADV
202	9	viel	ADV	PIAT
202	10	Schleims	NN	NN
202	11	/	$(	$(
202	12	und	KON	KON
202	13	denselben	PDAT	PDS
202	14	angreifen	VVINF	VVINF
202	15	/	$(	$(
202	16	aber	ADV	ADV
202	17	wegen	APPR	APPR
202	18	seiner	PPOSAT	PPOSAT
202	19	Zähe	NN	NN
202	20	und	KON	KON
202	21	Härtigkeit	NE	NN
202	22	ihn	PPER	PPER
202	23	nicht	PTKNEG	PTKNEG
202	24	stracks	ADV	ADJD
202	25	überwinden	VVINF	VVINF
202	26	/	$(	$(
202	27	oder	KON	KON
202	28	aus	APPR	APPR
202	29	dem	ART	ART
202	30	Leib	NN	NN
202	31	treiben	VVINF	VVINF
202	32	können	VMFIN	VMINF
202	33	/	$(	$(
202	34	so	ADV	ADV
202	35	entsteht	VVFIN	VVFIN
202	36	großes	ADJD	ADJA
202	37	Grimmen	NN	NN
202	38	und	KON	KON
202	39	Reißen	NN	NN
202	40	im	APPRART	APPRART
202	41	Leib	NN	NN
202	42	/	$(	$(
202	43	welches	PRELS	PWS
202	44	doch	ADV	ADV
202	45	nicht	PTKNEG	PTKNEG
202	46	der	ART	ART
202	47	Sennae	NE	NE
202	48	Schuld	NN	NN
202	49	ist	VAFIN	VAFIN
202	50	.	$.	$.
203	1	gleich	ADV	ADJD
203	2	wie	KOKOM	KOKOM
203	3	nun	ADV	ADV
203	4	von	APPR	APPR
203	5	niemand	PIS	PIS
203	6	/	$(	$(
203	7	der	ART	PRELS
203	8	die	ART	ART
203	9	Sachen	NN	NN
203	10	recht	ADJD	ADJD
203	11	versteht	VVFIN	VVFIN
203	12	/	$(	$(
203	13	deswegen	PAV	PAV
203	14	weder	KON	KON
203	15	die	ART	ART
203	16	Fomenta	NN	NN
203	17	in	APPR	APPR
203	18	der	ART	ART
203	19	Colica	NE	NE
203	20	,	$,	$,
203	21	vor	APPR	APPR
203	22	Unrecht	NN	NN
203	23	erkannt	VVPP	VVPP
203	24	/	$(	$(
203	25	noch	ADV	ADV
203	26	die	ART	ART
203	27	Senna	NE	NE
203	28	verdampft	VVPP	VVPP
203	29	/	$(	$(
203	30	oder	KON	KON
203	31	für	APPR	APPR
203	32	schädlich	ADJD	ADJD
203	33	erkannt	VVPP	VVPP
203	34	wird	VAFIN	VAFIN
203	35	/	$(	$(
203	36	als	KOKOM	KON
203	37	welche	PWAT	PIS
203	38	nicht	PTKNEG	PTKNEG
203	39	für	APPR	APPR
203	40	sich	PRF	PRF
203	41	/	$(	$(
203	42	sondern	KON	KON
203	43	zufälliger	ADJA	ADJA
203	44	Weise	VVFIN	NN
203	45	die	ART	ART
203	46	Beschwerung	NN	NN
203	47	verursachen	VVINF	VVINF
203	48	/	$(	$(
203	49	sonsten	ADV	VVFIN
203	50	aber	ADV	ADV
203	51	herrliche	ADJA	ADJA
203	52	/	$(	$(
203	53	und	KON	KON
203	54	gute	ADJA	ADJA
203	55	Arzneien	NN	NN
203	56	sein	VAINF	VAINF
203	57	/	$(	$(
203	58	also	ADV	ADV
203	59	auch	ADV	ADV
203	60	soll	VMFIN	VMFIN
203	61	solch	PIAT	PIAT
203	62	Reißen	NN	NN
203	63	/	$(	$(
203	64	nicht	PTKNEG	PTKNEG
203	65	dem	ART	ART
203	66	Wasser	NN	NN
203	67	/	$(	$(
203	68	sondern	KON	KON
203	69	der	ART	ART
203	70	Unreinigkeit	NN	NN
203	71	der	ART	ART
203	72	Leiber	NN	NN
203	73	/	$(	$(
203	74	Schuld	NN	NN
203	75	gegeben	VVPP	VVPP
203	76	werden	VAINF	VAINF
203	77	.	$.	$.
204	1	bleibt	VVFIN	VVFIN
204	2	demnach	PAV	ADV
204	3	das	ART	ART
204	4	Wasser	NN	NN
204	5	oder	KON	KON
204	6	Brunnen	NN	NN
204	7	für	APPR	APPR
204	8	sich	PRF	PRF
204	9	heilsam	ADJD	ADJD
204	10	/	$(	$(
204	11	herrlich	ADJD	ADJD
204	12	/	$(	$(
204	13	und	KON	KON
204	14	gut	ADJD	ADJD
204	15	.	$.	$.
205	1	desgleichen	KOUS	ADV
205	2	dass	KOUS	KOUS
205	3	er	PPER	PPER
205	4	auch	ADV	ADV
205	5	ein	ART	ART
205	6	herrlich	ADJD	ADJD
205	7	Mittel	NN	NN
205	8	wider	APPR	APPR
205	9	die	ART	ART
205	10	schwere	ADJA	ADJA
205	11	Not	NN	NN
205	12	sei	VAFIN	VAFIN
205	13	/	$(	$(
205	14	ist	VAFIN	VAFIN
205	15	/	$(	$(
205	16	dass	KOUS	KOUS
205	17	ich	PPER	PPER
205	18	anderer	ADJA	PIAT
205	19	viele	ADV	PIAT
205	20	Exempel	NN	NN
205	21	geschweige	KON	ADV
205	22	/	$(	$(
205	23	sonderlich	ADJD	ADJD
205	24	an	APPR	APPR
205	25	einer	ART	ART
205	26	Weibsperson	NN	NN
205	27	zum	APPRART	APPRART
205	28	Breitenbrunnen	NE	NN
205	29	probiert	VVPP	VVPP
205	30	/	$(	$(
205	31	welche	PWAT	PRELS
205	32	täglich	ADJD	ADJD
205	33	etliche	ADJD	PIAT
205	34	Male	NN	NN
205	35	mit	APPR	APPR
205	36	dieser	PDAT	PDAT
205	37	schweren	ADJA	ADJA
205	38	Krankheit	NN	NN
205	39	beladen	VVPP	VVPP
205	40	gewesen	VAPP	VAPP
205	41	/	$(	$(
205	42	aber	KON	KON
205	43	nach	APPR	APPR
205	44	dem	ART	ART
205	45	sie	PPER	PPER
205	46	diesen	PDAT	PDAT
205	47	Brunnen	NN	NN
205	48	gebraucht	VVPP	VVPP
205	49	/	$(	$(
205	50	durch	APPR	APPR
205	51	denselbigen	PDAT	ADJA
205	52	/	$(	$(
205	53	Gott	NN	NN
205	54	Lob	NN	NN
205	55	/	$(	$(
205	56	restituiert	VVPP	VVFIN
205	57	worden	VAPP	VAPP
205	58	insonderheit	ADV	NN
205	59	aber	ADV	KON
205	60	dienen	VVINF	VVFIN
205	61	hierzu	PAV	PAV
205	62	sehr	ADV	ADV
205	63	die	ART	ART
205	64	rötlichen	ADJA	ADJA
205	65	Steinlein	NN	NN
205	66	/	$(	$(
205	67	so	ADV	ADV
205	68	man	PIS	PIS
205	69	an	APPR	APPR
205	70	dem	ART	ART
205	71	Grunde	NN	NN
205	72	findet	VVFIN	VVFIN
205	73	/	$(	$(
205	74	mit	APPR	APPR
205	75	Lindenblütenwasser	NE	NN
205	76	/	$(	$(
205	77	oder	KON	KON
205	78	einem	ART	ART
205	79	anderen	ADJA	PIS
205	80	appropriata	NE	NE
205	81	epilepsiae	NE	NE
205	82	aqua	NE	NE
205	83	den	ART	ART
205	84	Kindern	NN	NN
205	85	eingegeben	VVPP	VVINF
205	86	.	$.	$.
206	1	es	PPER	PPER
206	2	ist	VAFIN	VAFIN
206	3	aber	ADV	ADV
206	4	zu	PTKZU	PTKZU
206	5	wissen	VVINF	VVINF
206	6	/	$(	$(
206	7	dass	KOUS	KOUS
206	8	wie	KOKOM	KOUS
206	9	andere	ADJA	PIS
206	10	Krankheiten	NN	NN
206	11	/	$(	$(
206	12	also	ADV	ADV
206	13	auch	ADV	ADV
206	14	die	ART	ART
206	15	Epilepsia	NE	NE
206	16	bisweilen	ADV	ADV
206	17	nicht	PTKNEG	PTKNEG
206	18	per	APPR	APPR
206	19	[	$(	$(
206	20	Griech.	NN	NN
206	21	]	$(	$(
206	22	ihren	PPOSAT	PPOSAT
206	23	Sitz	NN	NN
206	24	im	APPRART	APPRART
206	25	Gehirn	NN	NN
206	26	habe	VAFIN	VAFIN
206	27	/	$(	$(
206	28	sondern	KON	KON
206	29	es	PPER	PPER
206	30	geschieht	VVFIN	VVFIN
206	31	oft	ADV	ADV
206	32	per	APPR	APPR
206	33	[	$(	$(
206	34	Griech.	NN	NN
206	35	]	$(	$(
206	36	,	$,	$,
206	37	das	ART	PRELS
206	38	von	APPR	APPR
206	39	dem	ART	ART
206	40	Magen	NN	NN
206	41	/	$(	$(
206	42	von	APPR	APPR
206	43	den	ART	ART
206	44	Därmen	NN	NN
206	45	/	$(	$(
206	46	von	APPR	APPR
206	47	den	ART	ART
206	48	Würmern	NN	NN
206	49	/	$(	$(
206	50	von	APPR	APPR
206	51	der	ART	ART
206	52	Leber	NN	NN
206	53	/	$(	$(
206	54	bei	APPR	APPR
206	55	Weibspersonen	NN	NN
206	56	von	APPR	APPR
206	57	der	ART	ART
206	58	Mutter	NN	NN
206	59	/	$(	$(
206	60	oder	KON	KON
206	61	auch	ADV	ADV
206	62	von	APPR	APPR
206	63	einem	ART	ART
206	64	Arm	NN	NN
206	65	oder	KON	KON
206	66	Bein	NN	NN
206	67	etc.	ADV	ADV
206	68	böse	ADJA	ADJA
206	69	/	$(	$(
206	70	faule	ADJA	ADJA
206	71	/	$(	$(
206	72	und	KON	KON
206	73	giftige	ADJA	ADJA
206	74	Dünste	NN	NN
206	75	aufsteigen	VVINF	VVINF
206	76	/	$(	$(
206	77	und	KON	KON
206	78	also	ADV	ADV
206	79	die	ART	ART
206	80	Paroxismos	NE	NN
206	81	Epilepticos	NE	NE
206	82	verursachen	VVINF	VVINF
206	83	.	$.	$.
206	84	Galenus	NN	NE
206	85	lib.	NN	NE
206	86	3.	ADJA	ADJA
206	87	de	NE	NE
206	88	locis	NE	NE
206	89	aff.	NN	NE
206	90	cap.	NN	ADJA
206	91	7.	ADJA	ADJA
206	92	Aêtius	NE	NE
206	93	Tetrab	NE	NN
206	94	.	$.	$.
207	1	2.	ADJA	ADJA
207	2	serm.	NN	ADJA
207	3	2.	ADJA	ADJA
207	4	cap.	NN	ADJA
207	5	r	NE	NN
207	6	3.	ADJA	ADJA
207	7	Alexander	NE	NE
207	8	Trallian.	NN	NE
207	9	lib.	NN	NE
207	10	r-c.	NN	NN
207	11	21.	ADJA	ADJA
207	12	Avicenna	NE	NE
207	13	lib.	NN	NE
207	14	3.	ADJA	ADJA
207	15	tract.	NN	ADJA
207	16	5.	ADJA	ADJA
207	17	c.	NE	NN
207	18	8.	ADJA	ADJA
207	19	wann	PWAV	PWAV
207	20	nun	ADV	ADV
207	21	dem	ART	ART
207	22	also	ADV	ADV
207	23	/	$(	$(
207	24	so	ADV	ADV
207	25	muss	VMFIN	VMFIN
207	26	man	PIS	PIS
207	27	zuvor	ADV	ADV
207	28	von	APPR	APPR
207	29	einem	ART	ART
207	30	verständigen	ADJA	ADJA
207	31	Medico	NE	NE
207	32	die	ART	ART
207	33	Würmer	NN	NN
207	34	/	$(	$(
207	35	die	ART	ART
207	36	böse	ADJA	ADJA
207	37	Materiam	NE	NE
207	38	&	$(	KON
207	39	cetera	NE	NE
207	40	austreiben	VVINF	VVINF
207	41	/	$(	$(
207	42	die	ART	ART
207	43	Mutter	NN	NN
207	44	reinigen	VVINF	VVINF
207	45	/	$(	$(
207	46	des	ART	ART
207	47	Magens	NN	NN
207	48	/	$(	$(
207	49	der	ART	ART
207	50	Leber	NN	NN
207	51	Intemperiem	NE	NN
207	52	korrigieren	VVINF	VVINF
207	53	und	KON	KON
207	54	alterieren	VVINF	VVFIN
207	55	/	$(	$(
207	56	oder	KON	KON
207	57	was	PWS	PRELS
207	58	sonsten	ADV	ADV
207	59	die	ART	ART
207	60	Indicantia	NE	NE
207	61	erfordern	VVINF	VVINF
207	62	und	KON	KON
207	63	einem	ART	ART
207	64	Medico	NE	NE
207	65	gebührt	VVFIN	VVFIN
207	66	tun	VVINF	VVINF
207	67	lassen	VVINF	VVINF
207	68	/	$(	$(
207	69	als	KOKOM	KOKOM
207	70	dann	ADV	ADV
207	71	mag	VMFIN	VMFIN
207	72	man	PIS	PIS
207	73	wohl	ADV	ADV
207	74	zu	PTKZU	APPR
207	75	Stärkung	NN	NN
207	76	des	ART	ART
207	77	Gehirns	NN	NN
207	78	etc.	ADV	ADV
207	79	dies	PDS	PDS
207	80	specificum	NN	ADJA
207	81	epilepsiae	NE	NE
207	82	,	$,	$,
207	83	den	ART	ART
207	84	Brunnen	NN	NN
207	85	gebrauchen	VVINF	VVINF
207	86	/	$(	$(
207	87	so	ADV	ADV
207	88	wird	VAFIN	VAFIN
207	89	es	PPER	PPER
207	90	als	KOKOM	KOKOM
207	91	dann	ADV	ADV
207	92	/	$(	$(
207	93	da	ADV	ADV
207	94	sonsten	ADV	NN
207	95	in	APPR	APPR
207	96	Verbleibung	NN	NN
207	97	gedachter	ADJA	ADJA
207	98	Sachen	NN	NN
207	99	der	ART	ART
207	100	Brunnen	NN	NN
207	101	wenig	PIS	ADV
207	102	fruchten	VVINF	VVINF
207	103	würde	VAFIN	VAFIN
207	104	/	$(	$(
207	105	mit	APPR	APPR
207	106	göttlicher	ADJD	ADJA
207	107	Hilfe	NN	NN
207	108	ohne	APPR	APPR
207	109	Frucht	NN	NN
207	110	nicht	PTKNEG	PTKNEG
207	111	abgehen	VVINF	VVINF
207	112	/	$(	$(
207	113	so	ADV	ADV
207	114	fern	ADJA	ADJD
207	115	die	ART	ART
207	116	Krankheit	NN	NN
207	117	möglich	ADJD	ADJD
207	118	zu	PTKZU	PTKZU
207	119	kurieren	VVINF	VVINF
207	120	/	$(	$(
207	121	und	KON	KON
207	122	die	ART	ART
207	123	Person	NN	NN
207	124	nicht	PTKNEG	PTKNEG
207	125	zu	PTKZU	PTKA
207	126	alt	ADJD	ADJD
207	127	.	$.	$.
208	1	dann	ADV	ADV
208	2	wie	KOKOM	KOKOM
208	3	Hippocrates	NN	NN
208	4	sagt	VVFIN	VVFIN
208	5	libr.	NN	ADJA
208	6	5.	ADJA	ADJA
208	7	Aphoris	NE	NN
208	8	.	$.	$.
209	1	7.	FM	ADJA
209	2	Comitiales	FM	NN
209	3	morbi	FM	NE
209	4	,	$,	$,
209	5	aut	FM	ADJA
209	6	convulsiones	FM	NN
209	7	Epilepticæ	FM	NN
209	8	,	$,	$,
209	9	quibus	FM	NN
209	10	ante	FM	VVFIN
209	11	pubertatem	FM	NN
209	12	eveniunt	FM	NE
209	13	,	$,	$,
209	14	curationem	FM	ADJA
209	15	recipiunt	FM	NN
209	16	,	$,	$,
209	17	At	FM	NE
209	18	quibus	FM	NN
209	19	eæ	FM	NE
209	20	eveniunt	FM	NE
209	21	vigesimo	FM	NE
209	22	quinto	FM	NE
209	23	ætatis	FM	NN
209	24	anno	FM	NE
209	25	,	$,	$,
209	26	maximam	FM	NN
209	27	partem	FM	ADJA
209	28	commoriuntur	FM	NN
209	29	:	$.	$.
210	1	Vel	FM	NE
210	2	,	$,	$,
210	3	ut	FM	ADJA
210	4	Galenus	FM	NE
210	5	paulò	FM	NN
210	6	aliter	FM	NN
210	7	in	FM	APPR
210	8	Comment	FM	NE
210	9	.	$.	$.
210	10	hujus	FM	NE
210	11	Aphorismi	FM	NN
210	12	reddidit	FM	NE
210	13	:	$.	$.
211	1	Comitiales	FM	ADJA
211	2	affectus	FM	ADJA
211	3	qui	FM	NE
211	4	ante	FM	VVFIN
211	5	pubertatem	FM	ADJA
211	6	ortum	FM	NN
211	7	habent	FM	VVFIN
211	8	.	$.	$.
211	9	pubertatis	FM	VVFIN
211	10	tempore	FM	ADJA
211	11	solvuntur	FM	NN
211	12	;	$.	$.
211	13	qui	FM	NE
211	14	vero	FM	NE
211	15	ultra	FM	NE
211	16	pubertatem	FM	VVFIN
211	17	longius	FM	NE
211	18	sunt	FM	VVFIN
211	19	progressi	FM	NE
211	20	,	$,	$,
211	21	ferè	FM	NE
211	22	commoriuntur	FM	NN
211	23	.	$.	$.
212	1	dass	KOUS	KOUS
212	2	ferner	ADV	ADJD
212	3	dieser	PDAT	PDAT
212	4	Brunnen	NN	NN
212	5	dem	ART	ART
212	6	Magen	NN	NN
212	7	nicht	PTKNEG	PTKNEG
212	8	schädlich	ADJD	ADJD
212	9	/	$(	$(
212	10	sondern	KON	KON
212	11	nützlich	ADJD	ADJD
212	12	sei	VAFIN	VAFIN
212	13	/	$(	$(
212	14	ist	VAFIN	VAFIN
212	15	daher	PAV	PAV
212	16	leichtlich	ADJD	ADV
212	17	abzunehmen	VVINF	VVIZU
212	18	/	$(	$(
212	19	das	ART	PRELS
212	20	/	$(	$(
212	21	wann	PWAV	PWAV
212	22	einer	ART	PIS
212	23	/	$(	$(
212	24	der	ART	PRELS
212	25	schon	ADV	ADV
212	26	einen	ART	ART
212	27	blöden	ADJA	ADJA
212	28	Magen	NN	NN
212	29	hat	VAFIN	VAFIN
212	30	/	$(	$(
212	31	dieses	PDAT	PDAT
212	32	Wassers	NN	NN
212	33	gleich	ADV	APPR
212	34	eine	ART	ART
212	35	gute	ADJA	ADJA
212	36	Notdurft	NN	NN
212	37	trinkt	VVFIN	VVFIN
212	38	/	$(	$(
212	39	doch	ADV	ADV
212	40	kein	PIAT	PIAT
212	41	Blähen	NN	NN
212	42	oder	KON	KON
212	43	Tension	NN	NN
212	44	in	APPR	APPR
212	45	den	ART	ART
212	46	Weichen	VVINF	NN
212	47	oder	KON	KON
212	48	Hypochondriis	NE	NN
212	49	fühlt	VVFIN	VVFIN
212	50	/	$(	$(
212	51	ja	ADV	ADV
212	52	viele	ADV	PIAT
212	53	Leute	NN	NN
212	54	/	$(	$(
212	55	so	ADV	ADV
212	56	Unlust	NN	NN
212	57	zum	APPRART	APPRART
212	58	Essen	NE	NN
212	59	/	$(	$(
212	60	Undäuen	NE	NN
212	61	/	$(	$(
212	62	Drückung	NN	NN
212	63	und	KON	KON
212	64	Beschwerung	NN	NN
212	65	des	ART	ART
212	66	Magens	NN	NN
212	67	gehabt	VAPP	VAPP
212	68	/	$(	$(
212	69	vom	APPRART	APPRART
212	70	Gebrauch	NN	NN
212	71	dieses	PDAT	PDAT
212	72	Brunnens	NN	NN
212	73	sein	VAINF	PPOSAT
212	74	wieder	ADV	ADV
212	75	zu	PTKZU	PTKA
212	76	recht	ADJD	ADJD
212	77	kommen	VVFIN	VVINF
212	78	.	$.	$.
213	1	wie	PWAV	KOUS
213	2	dann	ADV	ADV
213	3	dies	PDS	PDS
213	4	nicht	PTKNEG	PTKNEG
213	5	allein	ADV	ADV
213	6	zu	PTKZU	PTKZU
213	7	beweisen	VVINF	VVINF
213	8	/	$(	$(
213	9	sondern	KON	KON
213	10	es	PPER	PPER
213	11	bekennen	VVFIN	VVFIN
213	12	auch	ADV	ADV
213	13	alte	ADJA	ADJA
213	14	Leute	NN	NN
213	15	/	$(	$(
213	16	das	ART	PRELS
213	17	da	ADV	KOUS
213	18	sie	PPER	PPER
213	19	vorhin	ADV	ADV
213	20	matt	PTKVZ	ADJD
213	21	/	$(	$(
213	22	müde	ADJD	ADJD
213	23	/	$(	$(
213	24	und	KON	KON
213	25	ganz	ADV	ADV
213	26	unlustig	ADJD	ADJD
213	27	gewesen	VAPP	VAPP
213	28	/	$(	$(
213	29	nach	APPR	APPR
213	30	diesem	PDAT	PDAT
213	31	Brunnen	NN	NN
213	32	aber	ADV	ADV
213	33	frisch	ADJD	ADJD
213	34	/	$(	$(
213	35	hurtig	ADJD	ADJD
213	36	/	$(	$(
213	37	lustig	ADJD	ADJD
213	38	/	$(	$(
213	39	und	KON	KON
213	40	wie	KOKOM	KOUS
213	41	sie	PPER	PPER
213	42	sagen	VVINF	VVINF
213	43	/	$(	$(
213	44	gleich	ADV	ADJD
213	45	als	KOKOM	KOKOM
213	46	wären	VAFIN	VAFIN
213	47	sie	PPER	PPER
213	48	neu	ADJD	ADJD
213	49	geboren	VVPP	VVPP
213	50	/	$(	$(
213	51	worden	VAPP	VAPP
213	52	sein	VAINF	VAINF
213	53	.	$.	$.
214	1	dannenher	NE	ADV
214	2	das	ART	PRELS
214	3	dieser	PDAT	PDAT
214	4	Brunnen	NN	NN
214	5	das	ART	ART
214	6	Herz	NN	NN
214	7	stärke	NN	VVFIN
214	8	/	$(	$(
214	9	den	ART	ART
214	10	vigorem	NE	NN
214	11	und	KON	KON
214	12	die	ART	ART
214	13	Spiritus	NE	NN
214	14	cordis	NE	NE
214	15	reficire	NE	NN
214	16	,	$,	$,
214	17	von	APPR	APPR
214	18	welchem	PWAT	PRELS
214	19	fonte	NE	NN
214	20	vitae	NE	NE
214	21	&	$(	KON
214	22	caloris	NE	$.
214	23	danach	PAV	PAV
214	24	in	APPR	APPR
214	25	alle	PIAT	PIAT
214	26	Glieder	NN	NN
214	27	der	ART	ART
214	28	calor	NE	NE
214	29	influens	NE	NN
214	30	abgeteilt	VVPP	VVPP
214	31	wird	VAFIN	VAFIN
214	32	/	$(	$(
214	33	und	KON	KON
214	34	sonderlich	ADJD	ADJD
214	35	alten	ADJA	ADJA
214	36	Leuten	NN	NN
214	37	wohl	ADV	ADV
214	38	bekomme	VVFIN	VVFIN
214	39	/	$(	$(
214	40	genugsam	ADJD	ADV
214	41	abzunehmen	VVINF	VVIZU
214	42	ist	VAFIN	VAFIN
214	43	.	$.	$.
215	1	letztlich	ADV	ADV
215	2	so	ADV	ADV
215	3	dient	VVFIN	VVFIN
215	4	er	PPER	PPER
215	5	auch	ADV	ADV
215	6	den	ART	ART
215	7	Weibspersonen	NN	NN
215	8	sehr	ADV	ADV
215	9	wohl	ADV	ADV
215	10	/	$(	$(
215	11	wider	APPR	APPR
215	12	das	ART	ART
215	13	Aufsteigen	VVINF	NN
215	14	/	$(	$(
215	15	und	KON	KON
215	16	andere	ADJA	PIS
215	17	Beschwerung	NN	NN
215	18	der	ART	ART
215	19	Mutter	NN	NN
215	20	.	$.	$.
216	1	dann	ADV	ADV
216	2	ihr	PPOSAT	PPOSAT
216	3	viel	ADV	ADV
216	4	/	$(	$(
216	5	so	ADV	ADV
216	6	über	APPR	APPR
216	7	das	ART	ART
216	8	Herz	NN	NN
216	9	/	$(	$(
216	10	auch	ADV	ADV
216	11	Seiten	NN	NN
216	12	geklagt	VVPP	VVPP
216	13	/	$(	$(
216	14	bleiche	ADJA	ADJA
216	15	Farbe	NN	NN
216	16	/	$(	$(
216	17	Unlust	NN	NN
216	18	zum	APPRART	APPRART
216	19	Essen	NE	NN
216	20	gehabt	VAPP	VAPP
216	21	/	$(	$(
216	22	mit	APPR	APPR
216	23	Mattigkeit	NN	NN
216	24	und	KON	KON
216	25	schweren	ADJA	ADJA
216	26	Atem	NN	NN
216	27	/	$(	$(
216	28	wann	PWAV	PWAV
216	29	sie	PPER	PPER
216	30	irgend	ADV	ADV
216	31	eine	ART	ART
216	32	Stiege	NN	NN
216	33	oder	KON	KON
216	34	Hügellein	NN	NN
216	35	steigen	VVINF	VVINF
216	36	wollen	VMFIN	VMFIN
216	37	/	$(	$(
216	38	beladen	VVPP	VVPP
216	39	gewesen	VAPP	VAPP
216	40	/	$(	$(
216	41	von	APPR	APPR
216	42	diesem	PDAT	PDAT
216	43	Brunnen	NN	NN
216	44	merkliche	ADJA	ADJA
216	45	Hilfe	NN	NN
216	46	gespürt	VVPP	VVPP
216	47	haben	VAFIN	VAFIN
216	48	.	$.	$.
217	1	aber	KON	KON
217	2	hier	ADV	ADV
217	3	steht	VVFIN	VVFIN
217	4	uns	PPER	PRF
217	5	noch	ADV	ADV
217	6	etwas	PIS	ADV
217	7	im	APPRART	APPRART
217	8	Wege	NN	NN
217	9	/	$(	$(
217	10	welches	PRELS	PRELS
217	11	/	$(	$(
217	12	wo	PWAV	PWAV
217	13	es	PPER	PPER
217	14	nicht	PTKNEG	PTKNEG
217	15	daraus	PAV	PAV
217	16	geräumt	VVPP	VVPP
217	17	/	$(	$(
217	18	diesen	PDAT	PDAT
217	19	Brunnen	NN	NN
217	20	etwas	PIS	ADV
217	21	verdunkeln	VVINF	VVINF
217	22	möchte	VMFIN	VMFIN
217	23	.	$.	$.
218	1	dann	ADV	ADV
218	2	/	$(	$(
218	3	wie	KOKOM	KOUS
218	4	ich	PPER	PPER
218	5	vernommen	VVPP	VVPP
218	6	/	$(	$(
218	7	trägt	VVFIN	VVFIN
218	8	es	PPER	PPER
218	9	sich	PRF	PRF
218	10	bei	APPR	APPR
218	11	etlichen	ADJA	PIAT
218	12	Weibspersonen	NN	NN
218	13	zu	PTKZU	PTKVZ
218	14	/	$(	$(
218	15	das	ART	PRELS
218	16	wann	PWAV	PWAV
218	17	sie	PPER	PPER
218	18	vor	APPR	APPR
218	19	das	ART	ART
218	20	Herzpochen	NN	NN
218	21	diesen	PDAT	PDAT
218	22	Brunnen	NN	NN
218	23	trinken	VVFIN	VVINF
218	24	/	$(	$(
218	25	eine	ART	ART
218	26	Geschwulst	NN	NN
218	27	sich	PRF	PRF
218	28	findet	VVFIN	VVFIN
218	29	/	$(	$(
218	30	welche	PWAT	PRELS
218	31	so	ADV	ADV
218	32	es	PPER	PPER
218	33	von	APPR	APPR
218	34	diesem	PDAT	PDAT
218	35	Brunnen	NN	NN
218	36	herkäme	VVFIN	VVFIN
218	37	/	$(	$(
218	38	ja	ADV	ADV
218	39	derselbe	PDAT	PDS
218	40	den	ART	ART
218	41	Weibsbildern	NN	NN
218	42	hierinnen	PAV	NN
218	43	nicht	PTKNEG	PTKNEG
218	44	dienlich	ADJD	ADJD
218	45	/	$(	$(
218	46	sondern	KON	KON
218	47	viel	ADV	ADV
218	48	mehr	ADV	ADV
218	49	schädlich	ADJD	ADJD
218	50	wäre	VAFIN	VAFIN
218	51	.	$.	$.
219	1	hierauf	PAV	PAV
219	2	ist	VAFIN	VAFIN
219	3	nun	ADV	ADV
219	4	meine	PPOSAT	PPOSAT
219	5	Antwort	NN	NN
219	6	/	$(	$(
219	7	das	ART	ART
219	8	in	APPR	APPR
219	9	der	ART	ART
219	10	Kur	NN	NN
219	11	des	ART	ART
219	12	Herzpochens	NN	NN
219	13	nicht	PTKNEG	PTKNEG
219	14	so	ADV	ADV
219	15	fast	ADV	ADV
219	16	auf	APPR	APPR
219	17	das	ART	ART
219	18	verhaltene	ADJA	ADJA
219	19	Geblüt	NN	NN
219	20	in	APPR	APPR
219	21	den	ART	ART
219	22	Adern	NN	NN
219	23	der	ART	ART
219	24	Mutter	NN	NN
219	25	/	$(	$(
219	26	als	KOKOM	KOKOM
219	27	auf	APPR	APPR
219	28	die	ART	ART
219	29	Verstopfung	NN	NN
219	30	der	ART	ART
219	31	Venarum	NE	NN
219	32	mesaraicarum	NE	NN
219	33	oder	KON	KON
219	34	der	ART	ART
219	35	Adern	NN	NN
219	36	/	$(	$(
219	37	welche	PWAT	PRELS
219	38	die	ART	ART
219	39	Nahrung	NN	NN
219	40	von	APPR	APPR
219	41	dem	ART	ART
219	42	Magen	NN	NN
219	43	und	KON	KON
219	44	Därmen	NN	NN
219	45	zur	APPRART	APPRART
219	46	Leber	NN	NN
219	47	führen	VVINF	VVINF
219	48	/	$(	$(
219	49	und	KON	KON
219	50	auf	APPR	APPR
219	51	die	ART	ART
219	52	Leber	NN	NN
219	53	selbsten	ADV	VVFIN
219	54	/	$(	$(
219	55	welche	PWAT	PRELS
219	56	verderbt	ADJD	VVFIN
219	57	/	$(	$(
219	58	und	KON	KON
219	59	kein	PIAT	PIAT
219	60	gutes	ADJD	ADJA
219	61	/	$(	$(
219	62	sondern	KON	KON
219	63	wässriges	ADJD	ADJA
219	64	und	KON	KON
219	65	phlegmatisches	ADJD	ADJA
219	66	Geblüt	NN	NN
219	67	wirkt	VVFIN	VVFIN
219	68	/	$(	$(
219	69	zu	PTKZU	PTKZU
219	70	sehen	VVINF	VVINF
219	71	:	$.	$(
219	72	daher	PAV	PAV
219	73	der	ART	ART
219	74	fürnehme	ADJA	ADJA
219	75	Medikus	NN	NN
219	76	zu	PTKZU	APPR
219	77	Basel	NE	NE
219	78	Felix	NE	NE
219	79	Platerus	NE	NN
219	80	wohl	ADV	ADV
219	81	von	APPR	APPR
219	82	dieser	PDAT	PDAT
219	83	Cachexia	NE	NN
219	84	im	APPRART	APPRART
219	85	Herzpochen	NE	NN
219	86	/	$(	$(
219	87	weißen	ADJA	ADJA
219	88	Fieber	NN	NN
219	89	/	$(	$(
219	90	oder	KON	KON
219	91	morbo	NE	NE
219	92	virgineo	NE	NE
219	93	gesagt	VVPP	VVPP
219	94	:	$.	$.
220	1	Nos	FM	NE
220	2	non	FM	ADJA
220	3	amplectimur	FM	NN
220	4	sententiam	FM	ADJA
220	5	eorum	FM	NN
220	6	,	$,	$,
220	7	qui	FM	NE
220	8	dicunt	FM	NN
220	9	,	$,	$,
220	10	quod	FM	NN
220	11	ex	FM	FM
220	12	mensibus	FM	NN
220	13	suppressis	FM	ADJA
220	14	causetur	FM	NN
220	15	Cachexia	FM	NE
220	16	:	$.	$(
220	17	cum	FM	NN
220	18	Cachexia	FM	NN
220	19	ipsa	FM	NE
220	20	pariat	FM	NN
220	21	hanc	FM	NE
220	22	mensium	FM	NN
220	23	suppressionem	FM	ADJD
220	24	,	$,	$,
220	25	quod	FM	NE
220	26	diligenter	FM	ADJA
220	27	notandum	FM	NN
220	28	contra	FM	VVFIN
220	29	opinionem	FM	NN
220	30	vulgi	FM	NE
220	31	huic	FM	NE
220	32	nostræ	FM	NE
220	33	contrariam	FM	NN
220	34	.	$.	$.
221	1	Nos	FM	NE
221	2	dicimus	FM	NN
221	3	;	$.	$.
221	4	Quia	FM	NE
221	5	sanguis	FM	NE
221	6	non	FM	ADJA
221	7	generatur	FM	NN
221	8	in	FM	APPR
221	9	Epate	FM	NE
221	10	:	$.	$(
221	11	ideo	FM	NE
221	12	menstrua	FM	NN
221	13	supprimuntur	FM	NN
221	14	:	$.	$(
221	15	ideoq̒ue	FM	NN
221	16	tunc	FM	VVFIN
221	17	frustra	FM	NE
221	18	laborant	FM	NE
221	19	Medici	FM	NE
221	20	in	FM	APPR
221	21	promovendis	FM	NE
221	22	mensibus	FM	NN
221	23	.	$.	$.
222	1	Nam	FM	NE
222	2	nisi	FM	NE
222	3	adsit	FM	NE
222	4	sanguinis	FM	NE
222	5	copia	FM	NE
222	6	,	$,	$,
222	7	menses	FM	VVFIN
222	8	non	FM	ADJA
222	9	fluunt	FM	NN
222	10	,	$,	$,
222	11	quicquid	FM	NE
222	12	etiam	FM	NE
222	13	moliantur	FM	NN
222	14	.	$.	$.
223	1	weil	KOUS	KOUS
223	2	denn	KON	KON
223	3	dem	ART	PDS
223	4	also	ADV	ADV
223	5	/	$(	$(
223	6	und	KON	KON
223	7	bei	APPR	APPR
223	8	denen	PRELS	PDS
223	9	Personen	NN	NN
223	10	/	$(	$(
223	11	so	ADV	ADV
223	12	mit	APPR	APPR
223	13	dem	ART	ART
223	14	Herzpochen	NN	NN
223	15	beladen	VVPP	VVPP
223	16	/	$(	$(
223	17	keine	PIAT	PIAT
223	18	tüchtige	ADJA	ADJA
223	19	genugsame	ADJA	ADJA
223	20	purgationes	NE	NN
223	21	vorher	ADV	ADV
223	22	gegangen	VVPP	VVPP
223	23	/	$(	$(
223	24	welche	PWAT	PRELS
223	25	die	ART	ART
223	26	Materiam	NE	NE
223	27	aus	APPR	APPR
223	28	dem	ART	ART
223	29	Magen	NN	NN
223	30	und	KON	KON
223	31	primis	NE	NE
223	32	viis	NE	NE
223	33	ausgetrieben	VVPP	VVPP
223	34	/	$(	$(
223	35	viel	ADV	ADV
223	36	weniger	ADV	ADV
223	37	die	ART	ART
223	38	Verstopfung	NN	NN
223	39	der	ART	ART
223	40	Leber	NN	NN
223	41	und	KON	KON
223	42	gedachter	ADJA	ADJA
223	43	Ader	NN	NN
223	44	des	ART	ART
223	45	Gekröses	NN	NN
223	46	eröffnet	VVPP	VVPP
223	47	/	$(	$(
223	48	als	KOKOM	KOKOM
223	49	ist	VAFIN	VAFIN
223	50	es	PPER	PPER
223	51	nicht	PTKNEG	PTKNEG
223	52	Wunder	NN	NN
223	53	/	$(	$(
223	54	dass	KOUS	KOUS
223	55	dieser	PDAT	PDAT
223	56	Brunnen	NN	NN
223	57	die	ART	ART
223	58	böse	ADJA	ADJA
223	59	Materiam	NE	NE
223	60	aus	APPR	APPR
223	61	gedachten	VVFIN	ADJA
223	62	Örtern	VVINF	NN
223	63	genommen	VVPP	VVPP
223	64	/	$(	$(
223	65	in	APPR	APPR
223	66	das	ART	ART
223	67	Abdomen	NN	NN
223	68	zwischen	APPR	APPR
223	69	Fell	NN	NN
223	70	und	KON	KON
223	71	Fleisch	NN	NN
223	72	/	$(	$(
223	73	und	KON	KON
223	74	in	APPR	APPR
223	75	die	ART	ART
223	76	Beine	NN	NN
223	77	/	$(	$(
223	78	als	KOKOM	KOKOM
223	79	partes	NE	NN
223	80	ignobiliores	NE	NE
223	81	&	$(	KON
223	82	longissimè	NE	NE
223	83	à	NE	FM
223	84	corde	NE	NE
223	85	caloris	NE	NE
223	86	nativi	NE	VVFIN
223	87	domicilio	NE	NE
223	88	sitas	NE	NE
223	89	getrieben	VVPP	VVPP
223	90	hat	VAFIN	VAFIN
223	91	.	$.	$.
224	1	derowegen	ADV	VVFIN
224	2	die	ART	ART
224	3	Schuld	NN	NN
224	4	hierin	ADV	PAV
224	5	dem	ART	ART
224	6	Brunnen	NN	NN
224	7	nicht	PTKNEG	PTKNEG
224	8	gegeben	VVPP	VVPP
224	9	werden	VAINF	VAINF
224	10	soll	VMFIN	VMFIN
224	11	/	$(	$(
224	12	sondern	KON	KON
224	13	es	PPER	PPER
224	14	sind	VAFIN	VAFIN
224	15	die	ART	ART
224	16	Personen	NN	NN
224	17	so	ADV	ADV
224	18	den	ART	ART
224	19	Brunnen	NN	NN
224	20	zu	PTKZU	APPR
224	21	unrechter	ADJA	ADJA
224	22	Zeit	NN	NN
224	23	gebraucht	VVPP	VVPP
224	24	/	$(	$(
224	25	und	KON	KON
224	26	gleich	ADV	ADJD
224	27	die	ART	ART
224	28	Pferde	NN	NN
224	29	hinten	ADV	ADV
224	30	an	APPR	APPR
224	31	Wagen	NN	NN
224	32	gespannt	ADJD	VVPP
224	33	/	$(	$(
224	34	Ursache	NN	NN
224	35	dran	PAV	PTKVZ
224	36	.	$.	$.
225	1	und	KON	KON
225	2	ist	VAFIN	VAFIN
225	3	solches	PIAT	PIS
225	4	nichts	PIS	PIAT
225	5	Neues	ADJA	NN
225	6	/	$(	$(
225	7	sintemal	KOUS	ADV
225	8	in	APPR	APPR
225	9	anderen	ADJA	PIS
225	10	vornehmen	VVINF	ADJA
225	11	Mitteln	NN	NN
225	12	dergleichen	PIS	PIS
225	13	geschieht	VVFIN	VVFIN
225	14	.	$.	$.
226	1	als	KOKOM	KOKOM
226	2	zum	APPRART	APPRART
226	3	Exempel	NN	NN
226	4	;	$.	$.
226	5	die	ART	ART
226	6	Wurzel	NN	NN
226	7	Sarsa	NE	NE
226	8	parillae	NE	NE
226	9	,	$,	$,
226	10	und	KON	KON
226	11	das	ART	ART
226	12	Lignum	NE	NN
226	13	Guaiacum	NE	NN
226	14	,	$,	$,
226	15	item	NN	ADV
226	16	die	ART	ART
226	17	Radix	NE	NN
226	18	Chinae	ADJA	NE
226	19	,	$,	$,
226	20	sind	VAFIN	VAFIN
226	21	herrliche	ADJA	ADJA
226	22	Dinge	NN	NN
226	23	alle	PIAT	PIAT
226	24	alte	ADJA	ADJA
226	25	Verstopfung	NN	NN
226	26	zu	PTKZU	PTKZU
226	27	eröffnen	VVINF	VVINF
226	28	/	$(	$(
226	29	und	KON	KON
226	30	insonderheit	ADV	NN
226	31	auch	ADV	ADV
226	32	die	ART	ART
226	33	Wassersucht	NN	NN
226	34	zu	PTKZU	PTKZU
226	35	kurieren	VVINF	VVINF
226	36	.	$.	$.
227	1	wann	PWAV	PWAV
227	2	man	PIS	PIS
227	3	aber	ADV	ADV
227	4	diese	PDAT	PDAT
227	5	Mittel	NN	NN
227	6	braucht	VVFIN	VVFIN
227	7	in	APPR	APPR
227	8	einem	ART	ART
227	9	unreinem	ADJA	ADJA
227	10	Leib	NN	NN
227	11	/	$(	$(
227	12	der	ART	ART
227	13	nicht	PTKNEG	PTKNEG
227	14	zuvor	ADV	ADV
227	15	genugsam	ADJD	ADV
227	16	purgiert	VVFIN	VVFIN
227	17	/	$(	$(
227	18	so	ADV	ADV
227	19	werden	VAINF	VAFIN
227	20	die	ART	ART
227	21	Verstopfungen	NN	NN
227	22	nicht	PTKNEG	PTKNEG
227	23	allein	ADV	ADV
227	24	nicht	PTKNEG	PTKNEG
227	25	eröffnet	VVPP	VVPP
227	26	/	$(	$(
227	27	sondern	KON	KON
227	28	noch	ADV	ADV
227	29	ärger	ADJD	ADJD
227	30	/	$(	$(
227	31	in	APPR	APPR
227	32	dem	ART	ART
227	33	die	ART	ART
227	34	Materia	NN	NN
227	35	/	$(	$(
227	36	so	ADV	ADV
227	37	noch	ADV	ADV
227	38	im	APPRART	APPRART
227	39	Magen	NN	NN
227	40	und	KON	KON
227	41	primis	NE	NE
227	42	viis	NE	NE
227	43	,	$,	$,
227	44	oder	KON	KON
227	45	noch	ADV	ADV
227	46	in	APPR	APPR
227	47	venis	NE	NE
227	48	ist	VAFIN	VAFIN
227	49	/	$(	$(
227	50	weiter	ADV	ADV
227	51	und	KON	KON
227	52	in	APPR	APPR
227	53	habitum	NE	NN
227	54	totius	NE	NE
227	55	corporis	NE	NE
227	56	auch	ADV	ADV
227	57	darzu	PAV	ADV
227	58	geführt	VVPP	VVPP
227	59	wird	VAFIN	VAFIN
227	60	/	$(	$(
227	61	ja	ADV	ADV
227	62	es	PPER	PPER
227	63	entsteht	VVFIN	VVFIN
227	64	wohl	ADV	ADV
227	65	ein	ART	ART
227	66	Fieber	NN	NN
227	67	oder	KON	KON
227	68	Wassersucht	NN	NN
227	69	/	$(	$(
227	70	oder	KON	KON
227	71	zum	APPRART	APPRART
227	72	Wenigsten	PIAT	NN
227	73	eine	ART	ART
227	74	Cachexia	NE	NN
227	75	daraus	PAV	PAV
227	76	.	$.	$.
228	1	das	ART	ART
228	2	vierte	ADJA	ADJA
228	3	und	KON	KON
228	4	letzte	ADJA	ADJA
228	5	Kapitel	NN	NN
228	6	.	$.	$.
229	1	wie	PWAV	KOUS
229	2	man	PIS	PIS
229	3	solchen	PIAT	PIAT
229	4	Brunnen	NN	NN
229	5	recht	ADJD	ADJD
229	6	und	KON	KON
229	7	nützlich	ADJD	ADJD
229	8	gebrauchen	VVINF	VVINF
229	9	solle	VMFIN	VMFIN
229	10	.	$.	$.
230	1	demnach	PAV	ADV
230	2	nun	ADV	ADV
230	3	angezeigt	VVPP	VVPP
230	4	/	$(	$(
230	5	das	ART	ART
230	6	aus	APPR	APPR
230	7	unrechtem	ADJA	ADJA
230	8	Brauch	NN	NN
230	9	dieses	PDAT	PDAT
230	10	Brunnens	NN	NN
230	11	ja	ADV	ADV
230	12	so	ADV	ADV
230	13	bald	ADV	ADV
230	14	was	PWS	PIAT
230	15	Böses	NN	NN
230	16	/	$(	$(
230	17	als	KOKOM	KOKOM
230	18	Gutes	NN	NN
230	19	entstehe	VVFIN	VVFIN
230	20	/	$(	$(
230	21	als	KOKOM	KOKOM
230	22	wird	VAFIN	VAFIN
230	23	hiermit	PAV	PAV
230	24	jedermänniglich	ADJD	PIS
230	25	erinnert	VVFIN	VVPP
230	26	/	$(	$(
230	27	dass	KOUS	KOUS
230	28	er	PPER	PPER
230	29	sich	PRF	PRF
230	30	zuvor	ADV	ADV
230	31	wohl	ADV	ADV
230	32	in	APPR	APPR
230	33	Acht	CARD	NN
230	34	nehme	VVFIN	VVFIN
230	35	/	$(	$(
230	36	damit	PAV	KOUS
230	37	nicht	PTKNEG	PTKNEG
230	38	durch	APPR	APPR
230	39	solchen	PIAT	PIAT
230	40	Missbrauch	NN	NN
230	41	der	ART	ART
230	42	Brunnen	NN	NN
230	43	in	APPR	APPR
230	44	Verdacht	NN	NN
230	45	gezogen	VVPP	VVPP
230	46	werde	VAFIN	VAFIN
230	47	/	$(	$(
230	48	oder	KON	KON
230	49	man	PIS	PIS
230	50	ihm	PPER	PPER
230	51	selbsten	ADV	ADJA
230	52	Geschwulst	NN	NN
230	53	/	$(	$(
230	54	Reißen	NN	NN
230	55	/	$(	$(
230	56	und	KON	KON
230	57	andere	ADJA	PIS
230	58	Beschwerung	NN	NN
230	59	auf	APPR	APPR
230	60	den	ART	ART
230	61	Hals	NN	NN
230	62	ziehe	VVFIN	VVFIN
230	63	/	$(	$(
230	64	wie	PWAV	KOKOM
230	65	ohne	APPR	APPR
230	66	das	ART	PDS
230	67	des	ART	ART
230	68	gemeinen	ADJA	ADJA
230	69	unverständigen	ADJA	ADJA
230	70	Pöbels	NN	NN
230	71	Brauch	NN	NN
230	72	ist	VAFIN	VAFIN
230	73	dass	KOUS	KOUS
230	74	er	PPER	PPER
230	75	anfänglich	NE	ADJD
230	76	/	$(	$(
230	77	wenn	KOUS	KOUS
230	78	solche	PIAT	PIAT
230	79	Brunnen	NN	NN
230	80	und	KON	KON
230	81	Bäder	NN	NN
230	82	neu	ADJD	ADJD
230	83	sein	VAINF	VAINF
230	84	/	$(	$(
230	85	mit	APPR	APPR
230	86	Gewalt	NN	NN
230	87	zuläuft	VVFIN	VVFIN
230	88	/	$(	$(
230	89	ohne	APPR	APPR
230	90	alle	PIAT	PIAT
230	91	nötige	ADJA	ADJA
230	92	Vorbereitung	NN	NN
230	93	/	$(	$(
230	94	als	KOKOM	KOKOM
230	95	dienten	VVFIN	VVFIN
230	96	dieselbigen	PDAT	ADJA
230	97	allein	ADV	ADV
230	98	vor	APPR	APPR
230	99	alle	PIAT	PIAT
230	100	Krankheiten	NN	NN
230	101	/	$(	$(
230	102	hernach	ADV	ADV
230	103	aber	ADV	ADV
230	104	/	$(	$(
230	105	wenn	KOUS	KOUS
230	106	es	PPER	PPER
230	107	nicht	PTKNEG	PTKNEG
230	108	nach	APPR	APPR
230	109	ihren	PPOSAT	PPOSAT
230	110	Willen	NN	NN
230	111	geht	VVFIN	VVFIN
230	112	/	$(	$(
230	113	mit	APPR	APPR
230	114	gleicher	ADJA	ADJA
230	115	Unbedachtsamkeit	NN	NN
230	116	/	$(	$(
230	117	als	KOKOM	KOUS
230	118	sie	PPER	PPER
230	119	zu	PTKZU	PTKZU
230	120	gelauffen	VVPP	VVINF
230	121	/	$(	$(
230	122	hinweg	APZR	ADV
230	123	gelaufen	VVFIN	VVPP
230	124	/	$(	$(
230	125	und	KON	KON
230	126	dieselbige	PDAT	ADJA
230	127	liegen	VVFIN	VVFIN
230	128	lassen	VVINF	VVINF
230	129	.	$.	$.
231	1	wie	PWAV	KOUS
231	2	der	ART	ART
231	3	Herr	NN	NN
231	4	Chyträus	NE	NE
231	5	erzählt	VVFIN	VVFIN
231	6	in	APPR	APPR
231	7	seiner	PPOSAT	PPOSAT
231	8	Chronico	NE	NE
231	9	,	$,	$,
231	10	dass	KOUS	KOUS
231	11	es	PPER	PPER
231	12	Anno	NN	NE
231	13	1556	CARD	ADJA
231	14	.	$.	$.
231	15	geschehen	VVPP	VVPP
231	16	sei	VAFIN	VAFIN
231	17	bei	APPR	APPR
231	18	einem	ART	ART
231	19	Brunnen	NN	NN
231	20	in	APPR	APPR
231	21	dem	ART	ART
231	22	Herzogtum	NN	NN
231	23	Braunschweig	NE	NE
231	24	an	APPR	APPR
231	25	der	ART	ART
231	26	Weser	NE	NE
231	27	über	APPR	APPR
231	28	Hameln	NE	NE
231	29	/	$(	$(
231	30	dessen	PDS	PDS
231	31	auch	ADV	ADV
231	32	Herr	NN	NN
231	33	Johann	NE	NE
231	34	Becherer	NN	NN
231	35	in	APPR	APPR
231	36	seiner	PPOSAT	PPOSAT
231	37	Thüringischen	NN	NN
231	38	Chronica	NE	NN
231	39	Anno	NN	NE
231	40	1602	CARD	CARD
231	41	zu	PTKZU	APPR
231	42	Mühlhausen	NE	NE
231	43	gedruckt	VVPP	ADJD
231	44	Meldung	NN	NN
231	45	tut	VVFIN	VVFIN
231	46	.	$.	$.
232	1	und	KON	KON
232	2	ist	VAFIN	VAFIN
232	3	beides	PIS	PIS
232	4	unrecht	NN	ADJD
232	5	/	$(	$(
232	6	wenn	KOUS	KOUS
232	7	man	PIS	PIS
232	8	entweder	KON	KON
232	9	aus	APPR	APPR
232	10	Unbedacht	ADJD	NN
232	11	zu	PTKZU	PTKA
232	12	viele	ADV	PIAT
232	13	Kräfte	NN	NN
232	14	diesen	PDAT	PDAT
232	15	und	KON	KON
232	16	anderen	ADJA	PIS
232	17	natürlichen	ADJA	ADJA
232	18	Mitteln	NN	NN
232	19	zuschreibt	VVFIN	VVFIN
232	20	/	$(	$(
232	21	oder	KON	KON
232	22	aus	APPR	APPR
232	23	Leichtfertigkeit	NN	NN
232	24	dieselbe	PDAT	PDS
232	25	bald	ADV	ADV
232	26	ganz	ADV	ADV
232	27	und	KON	KON
232	28	gar	ADV	ADV
232	29	fahren	VVINF	VVINF
232	30	lässt	VVFIN	VVFIN
232	31	und	KON	KON
232	32	vernichtet	VVPP	VVPP
232	33	.	$.	$.
233	1	derowegen	ADV	VVFIN
233	2	so	ADV	ADV
233	3	nun	ADV	ADV
233	4	jemand	PIS	PIS
233	5	diesen	PDAT	PDAT
233	6	Brunnen	NN	NN
233	7	recht	ADJD	ADJD
233	8	brauchen	VVFIN	VVINF
233	9	will	VMFIN	VMFIN
233	10	/	$(	$(
233	11	oder	KON	KON
233	12	denselben	PDAT	PDS
233	13	zu	PTKZU	PTKZU
233	14	brauchen	VVFIN	VVFIN
233	15	ihn	PPER	PPER
233	16	die	ART	ART
233	17	Not	NN	NN
233	18	zwingt	VVFIN	VVFIN
233	19	/	$(	$(
233	20	der	ART	PRELS
233	21	soll	VMFIN	VMFIN
233	22	erstlich	ADV	ADJD
233	23	wissen	VVINF	VVINF
233	24	/	$(	$(
233	25	dass	KOUS	KOUS
233	26	dieser	PDAT	PDAT
233	27	Brunnen	NN	NN
233	28	vor	APPR	APPR
233	29	sich	PRF	PRF
233	30	selbst	ADV	ADV
233	31	/	$(	$(
233	32	die	ART	ART
233	33	Natur	NN	NN
233	34	zu	PTKZU	PTKZU
233	35	purgieren	VVINF	VVINF
233	36	nicht	PTKNEG	PTKNEG
233	37	hat	VAFIN	VAFIN
233	38	/	$(	$(
233	39	sintemal	KOUS	ADV
233	40	er	PPER	PPER
233	41	unter	APPR	APPR
233	42	hundert	CARD	CARD
233	43	Personen	NN	NN
233	44	kaum	ADV	ADV
233	45	eine	ART	PIS
233	46	purgiert	VVFIN	VVFIN
233	47	/	$(	$(
233	48	und	KON	KON
233	49	ob	KOUS	KOUS
233	50	gleich	ADV	ADJD
233	51	bei	APPR	APPR
233	52	etlichen	ADJA	PIAT
233	53	purgationes	NE	NN
233	54	erfolgen	VVINF	VVINF
233	55	/	$(	$(
233	56	so	ADV	ADV
233	57	geschieht	VVFIN	VVFIN
233	58	es	PPER	PPER
233	59	doch	ADV	ADV
233	60	nur	ADV	ADV
233	61	zufälliger	ADJA	ADJA
233	62	Weise	NN	NN
233	63	/	$(	$(
233	64	weil	KOUS	KOUS
233	65	durch	APPR	APPR
233	66	diesen	PDAT	PDAT
233	67	Brunnen	NN	NN
233	68	entweder	KON	KON
233	69	die	ART	ART
233	70	bösen	ADJA	ADJA
233	71	Feuchtigkeiten	NN	NN
233	72	erweicht	VVFIN	VVPP
233	73	und	KON	KON
233	74	zubereitet	VVPP	VVPP
233	75	werden	VAINF	VAINF
233	76	/	$(	$(
233	77	dass	KOUS	KOUS
233	78	sie	PPER	PPER
233	79	hernach	ADV	ADV
233	80	von	APPR	APPR
233	81	der	ART	ART
233	82	Natur	NN	NN
233	83	ausgetrieben	VVPP	VVPP
233	84	/	$(	$(
233	85	oder	KON	KON
233	86	die	ART	ART
233	87	Natur	NN	NN
233	88	durch	APPR	APPR
233	89	denselben	PDAT	PDS
233	90	gestärkt	VVPP	VVPP
233	91	wird	VAFIN	VAFIN
233	92	/	$(	$(
233	93	dass	KOUS	KOUS
233	94	sie	PPER	PPER
233	95	solche	PIAT	PIAT
233	96	böse	ADJA	ADJA
233	97	Feuchtigkeit	NN	NN
233	98	angreift	VVFIN	VVFIN
233	99	/	$(	$(
233	100	und	KON	KON
233	101	durch	APPR	APPR
233	102	bequeme	ADJA	ADJA
233	103	/	$(	$(
233	104	oder	KON	KON
233	105	sonsten	ADV	VVFIN
233	106	ihr	PPOSAT	PPER
233	107	vor	APPR	APPR
233	108	dessen	PDS	PDAT
233	109	gewöhnliche	ADJA	ADJA
233	110	Wege	NN	NN
233	111	ausführt	VVFIN	VVFIN
233	112	.	$.	$.
234	1	dergleichen	PIS	PIS
234	2	weiß	VVFIN	VVFIN
234	3	ich	PPER	PPER
234	4	dass	KOUS	KOUS
234	5	sich	PPER	PRF
234	6	es	PPER	PPER
234	7	auch	ADV	ADV
234	8	mit	APPR	APPR
234	9	dem	ART	ART
234	10	lapidaren	NE	ADJA
234	11	Bezoar	NN	NN
234	12	oder	KON	KON
234	13	Giftstein	NN	NN
234	14	zugetragen	VVPP	VVPP
234	15	/	$(	$(
234	16	dass	KOUS	KOUS
234	17	/	$(	$(
234	18	da	ADV	KOUS
234	19	man	PIS	PIS
234	20	denselben	PDAT	PDS
234	21	einem	ART	ART
234	22	Patienten	NN	NN
234	23	eingegeben	VVPP	VVINF
234	24	/	$(	$(
234	25	gleich	ADV	ADJD
234	26	so	ADV	ADV
234	27	viel	ADV	ADV
234	28	/	$(	$(
234	29	Salva	NE	NE
234	30	reverentia	NE	NE
234	31	,	$,	$,
234	32	Stuhlgänge	NN	NN
234	33	darauf	PAV	PAV
234	34	erfolgten	VVFIN	VVFIN
234	35	/	$(	$(
234	36	so	ADV	ADV
234	37	viele	ADV	PIAT
234	38	Gerstenkörner	NN	NN
234	39	schwer	ADJD	ADJD
234	40	desselben	PDS	PDS
234	41	eingenommen	VVPP	VVPP
234	42	worden	VAPP	VAPP
234	43	/	$(	$(
234	44	welches	PRELS	PWS
234	45	doch	ADV	ADV
234	46	ganz	ADV	ADV
234	47	und	KON	KON
234	48	gar	ADV	ADV
234	49	wider	APPR	APPR
234	50	die	ART	ART
234	51	Natur	NN	NN
234	52	des	ART	ART
234	53	Steins	NN	NN
234	54	läuft	VVFIN	VVFIN
234	55	/	$(	$(
234	56	sintemal	KOUS	ADV
234	57	derselbe	PDAT	PDS
234	58	den	ART	ART
234	59	Schweiß	NN	NN
234	60	treibt	VVFIN	VVFIN
234	61	/	$(	$(
234	62	und	KON	KON
234	63	also	ADV	ADV
234	64	viel	ADV	ADV
234	65	mehr	ADV	ADV
234	66	verstopft	VVFIN	VVPP
234	67	.	$.	$.
235	1	dieweil	KOUS	ADV
235	2	auch	ADV	ADV
235	3	bisweilen	ADV	ADV
235	4	/	$(	$(
235	5	wenn	KOUS	KOUS
235	6	man	PIS	PIS
235	7	diesen	PDAT	PDAT
235	8	Brunnen	NN	NN
235	9	braucht	VVFIN	VVFIN
235	10	/	$(	$(
235	11	ein	ART	ART
235	12	Reißen	NN	NN
235	13	oder	KON	KON
235	14	andere	ADJA	PIS
235	15	Angelegenheit	NN	NN
235	16	entsteht	VVFIN	VVFIN
235	17	/	$(	$(
235	18	wann	PWAV	PWAV
235	19	der	ART	ART
235	20	Leib	NN	NN
235	21	nicht	PTKNEG	PTKNEG
235	22	zuvor	ADV	ADV
235	23	purgiert	VVFIN	VVFIN
235	24	oder	KON	KON
235	25	gereinigt	VVPP	VVPP
235	26	/	$(	$(
235	27	als	KOKOM	KOKOM
235	28	ist	VAFIN	VAFIN
235	29	von	APPR	APPR
235	30	Nöten	VVINF	NN
235	31	/	$(	$(
235	32	dass	KOUS	KOUS
235	33	ein	ART	ART
235	34	jeder	PIAT	PIS
235	35	zuvor	ADV	ADV
235	36	sich	PRF	PRF
235	37	prüfe	VVFIN	VVFIN
235	38	/	$(	$(
235	39	oder	KON	KON
235	40	eines	ART	ART
235	41	verständigen	VVINF	ADJA
235	42	/	$(	$(
235	43	treuen	ADJA	ADJA
235	44	Medizi	NE	NN
235	45	Rat	NN	NN
235	46	brauche	VVFIN	VVFIN
235	47	/	$(	$(
235	48	denn	KON	KON
235	49	da	ADV	ADV
235	50	keine	PIAT	PIAT
235	51	übrige	ADJA	ADJA
235	52	böse	ADJA	ADJA
235	53	Feuchtigkeit	NN	NN
235	54	im	APPRART	APPRART
235	55	Leib	NN	NN
235	56	vorhanden	ADJD	ADJD
235	57	/	$(	$(
235	58	oder	KON	KON
235	59	sonsten	ADV	ADV
235	60	keine	PIAT	PIAT
235	61	Hinderung	NN	NN
235	62	vorfällt	VVFIN	VVFIN
235	63	/	$(	$(
235	64	darf	VMFIN	VMFIN
235	65	es	PPER	PPER
235	66	keiner	PIS	PIAT
235	67	Zubereitung	NN	NN
235	68	oder	KON	KON
235	69	Purgation	NN	NN
235	70	.	$.	$.
236	1	wann	PWAV	PWAV
236	2	aber	ADV	ADV
236	3	der	ART	ART
236	4	Leib	NN	NN
236	5	voller	ADJA	ADJA
236	6	Unreinigkeit	NN	NN
236	7	steckt	VVFIN	VVFIN
236	8	/	$(	$(
236	9	oder	KON	KON
236	10	sonsten	ADV	ADV
236	11	eine	ART	ART
236	12	Krankheit	NN	NN
236	13	vorhanden	ADJD	ADJD
236	14	/	$(	$(
236	15	deren	PRELAT	PRELAT
236	16	rechte	ADJA	ADJA
236	17	Ursache	NN	NN
236	18	dem	ART	ART
236	19	Patienten	NN	NN
236	20	verborgen	VVPP	VVPP
236	21	/	$(	$(
236	22	oder	KON	KON
236	23	nicht	PTKNEG	PTKNEG
236	24	eigentlich	ADV	ADV
236	25	bewusst	ADJD	ADJD
236	26	/	$(	$(
236	27	der	ART	PRELS
236	28	erhole	VVFIN	VVFIN
236	29	sich	PRF	PRF
236	30	zuvor	ADV	ADV
236	31	Rat	NN	NN
236	32	bei	APPR	APPR
236	33	einem	ART	ART
236	34	Medico	NE	NE
236	35	,	$,	$,
236	36	lasse	VVFIN	VVFIN
236	37	sich	PRF	PRF
236	38	präparieren	VVINF	VVINF
236	39	und	KON	KON
236	40	purgieren	VVINF	VVFIN
236	41	/	$(	$(
236	42	und	KON	KON
236	43	brauche	VVFIN	VVFIN
236	44	denn	KON	ADV
236	45	im	APPRART	APPRART
236	46	Namen	NN	NN
236	47	Gottes	NN	NN
236	48	den	ART	ART
236	49	Brunnen	NN	NN
236	50	/	$(	$(
236	51	wie	KOKOM	KOKOM
236	52	folgt	VVFIN	ADJD
236	53	:	$.	$(
236	54	erstlich	ADV	ADJD
236	55	in	APPR	APPR
236	56	Hauptbeschwerung	NN	NN
236	57	/	$(	$(
236	58	Dumpf	ADJD	NN
236	59	/	$(	$(
236	60	und	KON	KON
236	61	im	APPRART	APPRART
236	62	Stein	NN	NN
236	63	/	$(	$(
236	64	braucht	VVFIN	VVFIN
236	65	man	PIS	PIS
236	66	ihn	PPER	PPER
236	67	nur	ADV	ADV
236	68	zum	APPRART	APPRART
236	69	Trinken	VVFIN	NN
236	70	/	$(	$(
236	71	wiewohl	KOUS	KOUS
236	72	man	PIS	PIS
236	73	in	APPR	APPR
236	74	Hauptbeschwerung	NN	NN
236	75	und	KON	KON
236	76	im	APPRART	APPRART
236	77	Stein	NN	NN
236	78	ihn	PPER	PPER
236	79	auch	ADV	ADV
236	80	von	APPR	APPR
236	81	außen	NN	ADV
236	82	/	$(	$(
236	83	umzuschlagen	VVIZU	VVIZU
236	84	und	KON	KON
236	85	aufzulegen	APPR	VVIZU
236	86	brauchen	VVFIN	VVINF
236	87	kann	VMFIN	VMFIN
236	88	.	$.	$.
237	1	allhier	ADV	ADJA
237	2	entsteht	VVFIN	VVFIN
237	3	bald	ADV	ADV
237	4	eine	ART	ART
237	5	Frage	NN	NN
237	6	/	$(	$(
237	7	ob	KOUS	KOUS
237	8	man	PIS	PIS
237	9	ihn	PPER	PPER
237	10	kalt	ADJD	ADJD
237	11	/	$(	$(
237	12	und	KON	KON
237	13	wie	KOKOM	KOUS
237	14	man	PIS	PIS
237	15	zukommt	VVFIN	VVFIN
237	16	/	$(	$(
237	17	oder	KON	KON
237	18	aber	ADV	ADV
237	19	warm	ADJD	ADJD
237	20	und	KON	KON
237	21	auf	APPR	APPR
237	22	gewisse	ADJA	ADJA
237	23	Masse	NN	NN
237	24	trinken	VVFIN	VVINF
237	25	solle	VMFIN	VMFIN
237	26	?	$.	$.
238	1	zwar	ADV	ADV
238	2	die	ART	ART
238	3	Kälte	NN	NN
238	4	oder	KON	KON
238	5	Wärme	NN	NN
238	6	betreffend	ADJD	ADJD
238	7	/	$(	$(
238	8	halte	VVFIN	VVFIN
238	9	ich	PPER	PPER
238	10	dafür	PAV	PAV
238	11	/	$(	$(
238	12	dass	KOUS	KOUS
238	13	er	PPER	PPER
238	14	warm	ADJD	ADJD
238	15	besser	ADJD	ADJD
238	16	zu	PTKZU	PTKZU
238	17	trinken	VVFIN	VVINF
238	18	sei	VAFIN	VAFIN
238	19	/	$(	$(
238	20	denn	KON	KON
238	21	kalt	ADJD	ADJD
238	22	/	$(	$(
238	23	aus	APPR	APPR
238	24	folgenden	ADJA	ADJA
238	25	Ursachen	NN	NN
238	26	:	$.	$(
238	27	erstlich	ADV	ADJD
238	28	/	$(	$(
238	29	dieweil	KOUS	ADV
238	30	die	ART	ART
238	31	Kräfte	NN	NN
238	32	dieses	PDAT	PDAT
238	33	Wassers	NN	NN
238	34	mehr	ADV	ADV
238	35	in	APPR	APPR
238	36	einer	ART	ART
238	37	corporalischen	ADJA	ADJA
238	38	denn	KON	KON
238	39	spiritualischen	ADJD	ADJA
238	40	oder	KON	KON
238	41	dünstigen	ADJA	ADJA
238	42	Minera	NN	NE
238	43	bestehen	VVFIN	VVFIN
238	44	/	$(	$(
238	45	dass	KOUS	KOUS
238	46	also	ADV	ADV
238	47	nicht	PTKNEG	PTKNEG
238	48	/	$(	$(
238	49	wie	KOKOM	KOUS
238	50	in	APPR	APPR
238	51	meistes	PIAT	PIAT
238	52	Teils	NN	NN
238	53	Sauerbrunnen	NN	NN
238	54	/	$(	$(
238	55	zu	PTKZU	PTKZU
238	56	befahren	VVPP	VVINF
238	57	/	$(	$(
238	58	dass	KOUS	KOUS
238	59	durch	APPR	APPR
238	60	das	ART	ART
238	61	Wärmen	VVFIN	NN
238	62	die	ART	ART
238	63	Kräfte	NN	NN
238	64	weg	PTKVZ	ADV
238	65	gehen	VVINF	VVINF
238	66	und	KON	KON
238	67	verrauchen	VVINF	VVINF
238	68	möchten	VMFIN	VMFIN
238	69	.	$.	$.
239	1	hergegen	ADV	VVFIN
239	2	aber	ADV	ADV
239	3	durch	APPR	APPR
239	4	die	ART	ART
239	5	Wärme	NN	NN
239	6	und	KON	KON
239	7	actualem	NE	ADJA
239	8	caliditatem	NE	NN
239	9	1.	NE	CARD
240	1	die	ART	ART
240	2	cruditates	NE	NN
240	3	des	ART	ART
240	4	Wassers	NN	NN
240	5	/	$(	$(
240	6	sonderlich	ADJD	ADJD
240	7	die	ART	ART
240	8	jenigen	PIAT	NN
240	9	/	$(	$(
240	10	welche	PWAT	PRELS
240	11	von	APPR	APPR
240	12	den	ART	ART
240	13	wilden	ADJA	ADJA
240	14	Quellen	NN	NN
240	15	dazu	PAV	PAV
240	16	kommen	VVFIN	VVINF
240	17	/	$(	$(
240	18	etwas	PIS	ADV
240	19	korrigiert	VVPP	VVPP
240	20	werden	VAINF	VAINF
240	21	.	$.	$.
241	1	2.	NE	ADV
241	2	wegen	APPR	APPR
241	3	der	ART	ART
241	4	Wärme	NN	NN
241	5	dies	PDS	PDS
241	6	Wasser	NN	NN
241	7	dem	ART	ART
241	8	Magen	NN	NN
241	9	bequemer	ADJD	ADJD
241	10	und	KON	KON
241	11	dienlicher	ADJA	ADJD
241	12	.	$.	$.
242	1	3.	NE	CARD
243	1	das	ART	ART
243	2	irdische	ADJA	ADJA
243	3	und	KON	KON
243	4	grobe	ADJA	ADJA
243	5	Erdpech	NN	NN
243	6	/	$(	$(
243	7	wenn	KOUS	KOUS
243	8	dessen	PDS	PDS
243	9	zu	PTKZU	PTKA
243	10	viel	ADV	ADV
243	11	dabei	PAV	PAV
243	12	ist	VAFIN	VAFIN
243	13	/	$(	$(
243	14	sich	PRF	PRF
243	15	etwas	PIS	ADV
243	16	sondert	VVFIN	VVFIN
243	17	und	KON	KON
243	18	zu	PTKZU	APPR
243	19	Grunde	NN	NN
243	20	setzt	VVFIN	VVFIN
243	21	/	$(	$(
243	22	damit	PAV	KOUS
243	23	dasselbe	PDAT	PDS
243	24	wegen	APPR	APPR
243	25	großer	ADJA	ADJA
243	26	Menge	NN	NN
243	27	nicht	PTKNEG	PTKNEG
243	28	ins	APPRART	APPRART
243	29	Haupt	NN	NN
243	30	steige	VVFIN	VVFIN
243	31	/	$(	$(
243	32	und	KON	KON
243	33	Wehtag	NN	NN
243	34	darin	PAV	PAV
243	35	verursache	VVFIN	VVFIN
243	36	.	$.	$.
244	1	4.	NE	ADJA
245	1	der	ART	ART
245	2	Brunnen	NN	NN
245	3	desto	ADV	KON
245	4	besser	ADJD	ADJD
245	5	durchdringt	VVFIN	VVFIN
245	6	/	$(	$(
245	7	und	KON	KON
245	8	seine	PPOSAT	PPOSAT
245	9	Wirkung	NN	NN
245	10	desto	ADV	KON
245	11	schleiniger	NN	ADJD
245	12	verrichtet	VVPP	VVFIN
245	13	/	$(	$(
245	14	insonderheit	ADV	NN
245	15	den	ART	ART
245	16	Schweiß	NN	NN
245	17	desto	ADV	KON
245	18	ehe	KOUS	KOUS
245	19	und	KON	KON
245	20	besser	ADJD	ADJD
245	21	fördert	VVFIN	VVFIN
245	22	.	$.	$.
246	1	doch	KON	KON
246	2	mag	VMFIN	VMFIN
246	3	man	PIS	PIS
246	4	über	APPR	APPR
246	5	der	ART	ART
246	6	Mahlzeit	NN	NN
246	7	vor	APPR	APPR
246	8	den	ART	ART
246	9	Durst	NN	NN
246	10	denselben	PDAT	PDS
246	11	auch	ADV	ADV
246	12	wohl	ADV	ADV
246	13	kalt	ADJD	ADJD
246	14	trinken	VVFIN	VVINF
246	15	.	$.	$.
247	1	was	PWS	PWS
247	2	aber	ADV	ADV
247	3	die	ART	ART
247	4	Maß	NN	NN
247	5	und	KON	KON
247	6	Menge	NN	NN
247	7	belangt	VVFIN	VVFIN
247	8	/	$(	$(
247	9	halte	VVFIN	VVFIN
247	10	ich	PPER	PPER
247	11	es	PPER	PPER
247	12	nicht	PTKNEG	PTKNEG
247	13	vonnoͤhten	ADV	ADJD
247	14	/	$(	$(
247	15	dass	KOUS	KOUS
247	16	man	PIS	PIS
247	17	wie	KOKOM	KOKOM
247	18	in	APPR	APPR
247	19	Sauerbrunnen	NN	NN
247	20	und	KON	KON
247	21	warmen	ADJA	ADJA
247	22	Bädern	NN	NN
247	23	an	APPR	APPR
247	24	einer	ART	ART
247	25	geringen	ADJA	ADJA
247	26	Quantität	NN	NN
247	27	anfahe	VVFIN	VVFIN
247	28	/	$(	$(
247	29	damit	PAV	KOUS
247	30	täglich	ADJD	ADJD
247	31	steige	VVFIN	VVFIN
247	32	/	$(	$(
247	33	und	KON	KON
247	34	hernach	ADV	ADV
247	35	wieder	ADV	ADV
247	36	gemachsam	ADJD	ADJD
247	37	nachlasse	VVFIN	VVFIN
247	38	/	$(	$(
247	39	dieweil	KOUS	ADV
247	40	in	APPR	APPR
247	41	warmen	ADJA	ADJA
247	42	Bädern	NN	NN
247	43	das	ART	ART
247	44	Wasser	NN	NN
247	45	so	ADV	ADV
247	46	stark	ADJD	ADJD
247	47	/	$(	$(
247	48	und	KON	KON
247	49	unserer	PPOSAT	PPOSAT
247	50	Natur	NN	NN
247	51	so	ADV	ADV
247	52	sehr	ADV	ADV
247	53	zuwider	ADJD	PTKVZ
247	54	/	$(	$(
247	55	dass	KOUS	KOUS
247	56	man	PIS	PIS
247	57	der	ART	ART
247	58	plötzlichen	ADJA	ADJA
247	59	Änderung	NN	NN
247	60	wegen	APPR	APPO
247	61	/	$(	$(
247	62	welche	PWAT	PRELS
247	63	nicht	PTKNEG	PTKNEG
247	64	ohne	APPR	APPR
247	65	Gefahr	NN	NN
247	66	ist	VAFIN	VAFIN
247	67	/	$(	$(
247	68	sich	PRF	PRF
247	69	billig	ADJD	ADJD
247	70	befahren	VVPP	VVINF
247	71	/	$(	$(
247	72	und	KON	KON
247	73	derowegen	ADV	VVFIN
247	74	des	ART	ART
247	75	Wassers	NN	NN
247	76	allmählich	ADJD	ADJD
247	77	gewohnen	VVINF	VVPP
247	78	/	$(	$(
247	79	und	KON	KON
247	80	wiederum	ADV	ADV
247	81	entwohnen	VVINF	VVINF
247	82	muss	VMFIN	VMFIN
247	83	/	$(	$(
247	84	welches	PWS	PWS
247	85	aber	ADV	ADV
247	86	in	APPR	APPR
247	87	diesem	PDAT	PDAT
247	88	Brunnen	NN	NN
247	89	nicht	PTKNEG	PTKNEG
247	90	zu	PTKZU	PTKZU
247	91	besorgen	VVINF	VVINF
247	92	/	$(	$(
247	93	sintemal	KOUS	ADV
247	94	die	ART	ART
247	95	Erfahrung	NN	NN
247	96	bezeugt	VVFIN	VVFIN
247	97	/	$(	$(
247	98	dass	KOUS	KOUS
247	99	ein	ART	ART
247	100	scheinbarlicher	ADJA	ADJA
247	101	Unterschied	NN	NN
247	102	der	ART	ART
247	103	Wirkung	NN	NN
247	104	daher	PAV	PAV
247	105	verursacht	VVPP	VVPP
247	106	/	$(	$(
247	107	dass	KOUS	KOUS
247	108	etliche	PIAT	PIS
247	109	viel	ADV	ADV
247	110	/	$(	$(
247	111	etliche	PIAT	PIAT
247	112	wenig	PIS	ADV
247	113	dieses	PDAT	PDAT
247	114	Wassers	NN	NN
247	115	gebraucht	VVPP	VVPP
247	116	/	$(	$(
247	117	menniglichen	ADJA	ADJA
247	118	aber	ADV	ADV
247	119	dahin	PAV	PAV
247	120	gesehen	VVPP	VVPP
247	121	/	$(	$(
247	122	was	PWS	PRELS
247	123	eines	ART	ART
247	124	jeden	PIAT	PIAT
247	125	Natur	NN	NN
247	126	leiden	VVINF	VVINF
247	127	und	KON	KON
247	128	ertragen	VVINF	VVINF
247	129	könnte	VMFIN	VMFIN
247	130	/	$(	$(
247	131	welches	PRELS	PWS
247	132	dann	ADV	ADV
247	133	meines	PPOSAT	PPOSAT
247	134	Erachtens	NN	NN
247	135	fürnehmlich	ADJD	ADJD
247	136	in	APPR	APPR
247	137	Acht	CARD	NN
247	138	zu	PTKZU	PTKZU
247	139	nehmen	VVINF	VVINF
247	140	/	$(	$(
247	141	und	KON	KON
247	142	ein	ART	ART
247	143	jeder	PIAT	PIS
247	144	sich	PRF	PRF
247	145	danach	PAV	PAV
247	146	richten	VVFIN	VVINF
247	147	soll	VMFIN	VMFIN
247	148	.	$.	$.
248	1	jedoch	ADV	ADV
248	2	kann	VMFIN	VMFIN
248	3	man	PIS	PIS
248	4	auf	APPR	APPR
248	5	eines	ART	ART
248	6	jeden	PIAT	PIAT
248	7	Komplexion	NN	NN
248	8	,	$,	$,
248	9	Alter	NN	NN
248	10	/	$(	$(
248	11	Langwierigkeit	NN	NN
248	12	der	ART	ART
248	13	Krankheit	NN	NN
248	14	und	KON	KON
248	15	andere	ADJD	PIS
248	16	Umstände	NN	NN
248	17	ein	ART	ART
248	18	Auge	NN	NN
248	19	haben	VAFIN	VAINF
248	20	.	$.	$.
249	1	zum	APPRART	APPRART
249	2	Anderen	ADJA	PIS
249	3	im	APPRART	APPRART
249	4	Zipperlein	NN	NN
249	5	/	$(	$(
249	6	Lähme	NN	NN
249	7	/	$(	$(
249	8	Krätze	NN	NN
249	9	/	$(	$(
249	10	äußerlichen	ADJA	ADJA
249	11	Schäden	NN	NN
249	12	/	$(	$(
249	13	in	APPR	APPR
249	14	Augenfellen	NN	NN
249	15	ist	VVFIN	VAFIN
249	16	es	PPER	PPER
249	17	nicht	PTKNEG	PTKNEG
249	18	genug	ADV	ADV
249	19	/	$(	$(
249	20	dass	KOUS	KOUS
249	21	man	PIS	PIS
249	22	den	ART	ART
249	23	Brunnen	NE	NN
249	24	allein	ADV	ADV
249	25	trinke	VVFIN	VVFIN
249	26	/	$(	$(
249	27	sondern	KON	KON
249	28	man	PIS	PIS
249	29	muss	VMFIN	VMFIN
249	30	die	ART	ART
249	31	Glieder	NN	NN
249	32	auch	ADV	ADV
249	33	damit	PAV	PAV
249	34	befeuchten	VVINF	VVINF
249	35	/	$(	$(
249	36	streichen	VVINF	VVFIN
249	37	/	$(	$(
249	38	waschen	VVINF	VVINF
249	39	/	$(	$(
249	40	reiben	VVFIN	VVINF
249	41	/	$(	$(
249	42	und	KON	KON
249	43	baden	VVINF	VVFIN
249	44	/	$(	$(
249	45	damit	PAV	KOUS
249	46	die	ART	ART
249	47	Materia	NN	NN
249	48	auch	ADV	ADV
249	49	von	APPR	APPR
249	50	außen	NN	ADV
249	51	zerteilt	VVFIN	VVFIN
249	52	/	$(	$(
249	53	verzehrt	VVFIN	VVFIN
249	54	/	$(	$(
249	55	und	KON	KON
249	56	ausgetrucknet	ADJD	VVPP
249	57	/	$(	$(
249	58	und	KON	KON
249	59	die	ART	ART
249	60	natürliche	ADJA	ADJA
249	61	Wärme	NN	NN
249	62	der	ART	ART
249	63	Glieder	NN	NN
249	64	wieder	ADV	ADV
249	65	erweckt	VVPP	VVPP
249	66	werde	VAFIN	VAINF
249	67	/	$(	$(
249	68	wie	KOKOM	KOUS
249	69	ich	PPER	PPER
249	70	denn	KON	ADV
249	71	weiß	VVFIN	VVFIN
249	72	/	$(	$(
249	73	das	ART	PRELS
249	74	eine	ART	ART
249	75	Person	NN	NN
249	76	/	$(	$(
249	77	welche	PWAT	PRELS
249	78	diesen	PDAT	PDAT
249	79	Brunnen	NN	NN
249	80	eine	ART	ART
249	81	Zeitlang	NN	NN
249	82	gebraucht	VVPP	VVPP
249	83	/	$(	$(
249	84	nach	APPR	APPR
249	85	dem	ART	ART
249	86	sie	PPER	PPER
249	87	gespürt	VVPP	VVPP
249	88	/	$(	$(
249	89	dass	KOUS	KOUS
249	90	das	ART	ART
249	91	Zipperlein	NN	NN
249	92	wieder	APPR	ADV
249	93	anklopfte	VVFIN	VVFIN
249	94	/	$(	$(
249	95	also	ADV	ADV
249	96	das	ART	PRELS
249	97	ihr	PPOSAT	PPER
249	98	die	ART	ART
249	99	Glieder	NN	NN
249	100	allbereits	ADV	ADJD
249	101	wie	KOKOM	KOKOM
249	102	sonsten	ADV	ADJD
249	103	/	$(	$(
249	104	sparrten	VVFIN	VVFIN
249	105	/	$(	$(
249	106	so	ADV	ADV
249	107	bald	ADV	ADV
249	108	sie	PPER	PPER
249	109	sich	PRF	PRF
249	110	von	APPR	APPR
249	111	außen	NN	ADJD
249	112	mit	APPR	APPR
249	113	diesem	PDAT	PDAT
249	114	Brunnen	NN	NN
249	115	warm	ADJD	ADJD
249	116	gewaschen	VVPP	VVPP
249	117	/	$(	$(
249	118	schleunige	ADJA	ADJA
249	119	Linderung	NN	NN
249	120	empfunden	VVPP	VVPP
249	121	.	$.	$.
250	1	wie	PWAV	KOKOM
250	2	dann	ADV	ADV
250	3	auch	ADV	ADV
250	4	kurz	ADJD	ADJD
250	5	hernach	ADV	ADV
250	6	geschehen	VVPP	VVINF
250	7	/	$(	$(
250	8	da	ADV	KOUS
250	9	ihr	PPOSAT	PPER
250	10	ein	ART	ART
250	11	Fluss	NN	NN
250	12	in	APPR	APPR
250	13	den	ART	ART
250	14	Hals	NN	NN
250	15	gefallen	VVPP	VVPP
250	16	dass	KOUS	KOUS
250	17	sie	PPER	PPER
250	18	sich	PRF	PRF
250	19	nicht	PTKNEG	PTKNEG
250	20	umwenden	VVINF	VVINF
250	21	können	VMFIN	VMINF
250	22	/	$(	$(
250	23	denn	KON	KON
250	24	so	ADV	ADV
250	25	bald	ADV	ADV
250	26	sie	PPER	PPER
250	27	von	APPR	APPR
250	28	außen	NN	ADV
250	29	diesen	PDAT	PDAT
250	30	Brunnen	NE	NN
250	31	warm	ADJD	ADJD
250	32	umgeschlagen	VVPP	VVPP
250	33	und	KON	KON
250	34	den	ART	ART
250	35	Hals	NN	NN
250	36	damit	PAV	PAV
250	37	reiben	VVFIN	VVINF
250	38	lassen	VVINF	VVINF
250	39	/	$(	$(
250	40	ist	VAFIN	VAFIN
250	41	die	ART	ART
250	42	Beschwerung	NN	NN
250	43	vergangen	VVPP	VVPP
250	44	,	$,	$,
250	45	ja	PTKANT	ADV
250	46	es	PPER	PPER
250	47	will	VMFIN	VMFIN
250	48	bisweilen	ADV	ADV
250	49	die	ART	ART
250	50	Notdurft	NN	NN
250	51	mehr	ADV	ADV
250	52	erfordern	VVINF	VVINF
250	53	/	$(	$(
250	54	denn	KON	KON
250	55	Waschen	VVINF	NN
250	56	und	KON	KON
250	57	Baden	VVINF	NE
250	58	/	$(	$(
250	59	wie	KOKOM	KOKOM
250	60	aus	APPR	APPR
250	61	folgendem	ADJA	ADJA
250	62	Exempel	NN	NN
250	63	abzunehmen	VVIZU	VVIZU
250	64	.	$.	$.
251	1	ein	ART	ART
251	2	Weib	NN	NN
251	3	in	APPR	APPR
251	4	einem	ART	ART
251	5	nah	ADJD	ADJD
251	6	gelegenem	ADJA	ADJA
251	7	Städtlein	NN	NN
251	8	lag	VVFIN	VVFIN
251	9	am	APPRART	APPRART
251	10	Zipperlein	NN	NN
251	11	hart	ADJD	ADJD
251	12	darnieder	PAV	ADV
251	13	/	$(	$(
251	14	diese	PDAT	PDS
251	15	trank	VVFIN	VVFIN
251	16	den	ART	ART
251	17	Brunnen	NE	NN
251	18	/	$(	$(
251	19	badete	VVFIN	VVFIN
251	20	darin	PAV	PAV
251	21	und	KON	KON
251	22	wusch	VVFIN	VVFIN
251	23	sich	PRF	PRF
251	24	damit	PAV	PAV
251	25	/	$(	$(
251	26	empfand	VVFIN	VVFIN
251	27	aber	ADV	ADV
251	28	keine	PIAT	PIAT
251	29	Linderung	NN	NN
251	30	/	$(	$(
251	31	bis	VVFIN	KON
251	32	sie	PPER	PPER
251	33	heiße	VVFIN	ADJA
251	34	Kieselsteine	NN	NN
251	35	in	APPR	APPR
251	36	den	ART	ART
251	37	Brunnen	NE	NN
251	38	warf	VVFIN	VVFIN
251	39	/	$(	$(
251	40	den	ART	ART
251	41	Dampf	NN	NN
251	42	und	KON	KON
251	43	warmen	ADJA	ADJA
251	44	Brodem	NN	NN
251	45	an	APPR	APPR
251	46	die	ART	ART
251	47	Füße	NN	NN
251	48	gehen	VVINF	VVINF
251	49	ließ	VVFIN	VVFIN
251	50	/	$(	$(
251	51	so	ADV	ADV
251	52	lang	ADJD	ADJD
251	53	dass	KOUS	KOUS
251	54	sie	PPER	PPER
251	55	anfingen	VVFIN	VVFIN
251	56	zu	PTKZU	PTKZU
251	57	schwitzen	VVINF	VVINF
251	58	/	$(	$(
251	59	da	ADV	ADV
251	60	denn	KON	ADV
251	61	alsbald	ADV	ADV
251	62	die	ART	ART
251	63	Schmerzen	NN	NN
251	64	nachließen	VVFIN	VVINF
251	65	und	KON	KON
251	66	sich	PRF	PRF
251	67	verschlichen	VVFIN	VVFIN
251	68	.	$.	$.
252	1	gleich	ADV	ADJD
252	2	wie	KOKOM	KOKOM
252	3	nun	ADV	ADV
252	4	dieses	PDAT	PDS
252	5	der	ART	ART
252	6	rechte	ADJA	ADJA
252	7	Brauch	NN	NN
252	8	ist	VAFIN	VAFIN
252	9	dieses	PDAT	PDAT
252	10	Brunnens	NN	NN
252	11	/	$(	$(
252	12	also	ADV	ADV
252	13	ist	VAFIN	VAFIN
252	14	es	PPER	PPER
252	15	hingegen	ADV	ADV
252	16	ein	ART	ART
252	17	großer	ADJA	ADJA
252	18	Missbrauch	NN	NN
252	19	und	KON	KON
252	20	grober	ADJA	ADJA
252	21	Unverstand	NN	NN
252	22	/	$(	$(
252	23	dass	KOUS	KOUS
252	24	ihr	PPOSAT	PPOSAT
252	25	viel	ADV	ADV
252	26	nicht	PTKNEG	PTKNEG
252	27	allein	ADV	ADV
252	28	ohne	APPR	APPR
252	29	einige	PIAT	PIAT
252	30	gebührliche	ADJA	ADJA
252	31	Vorbereitung	NN	NN
252	32	und	KON	KON
252	33	Purgation	NN	NN
252	34	denselben	PDAT	PDS
252	35	nutzen	VVINF	VVINF
252	36	wollen	VMFIN	VMFIN
252	37	/	$(	$(
252	38	sondern	KON	KON
252	39	auch	ADV	ADV
252	40	in	APPR	APPR
252	41	denen	PRELS	PDS
252	42	Krankheiten	NN	NN
252	43	/	$(	$(
252	44	welche	PWAT	PRELS
252	45	entweder	KON	KON
252	46	vor	APPR	APPR
252	47	sich	PRF	PRF
252	48	durch	APPR	APPR
252	49	solche	PIAT	PIAT
252	50	natürliche	ADJA	ADJA
252	51	Mittel	NN	NN
252	52	/	$(	$(
252	53	oder	KON	KON
252	54	doch	ADV	ADV
252	55	/	$(	$(
252	56	weil	KOUS	KOUS
252	57	sie	PPER	PPER
252	58	so	ADV	ADV
252	59	weit	ADJD	ADJD
252	60	eingerissen	VVPP	VVPP
252	61	/	$(	$(
252	62	dass	KOUS	KOUS
252	63	die	ART	ART
252	64	temperies	NE	NN
252	65	partium	NE	NN
252	66	tota	NE	NE
252	67	vitiata	NE	NE
252	68	&	$(	KON
252	69	abolita	NE	NE
252	70	ist	VAFIN	VAFIN
252	71	zu	PTKZU	PTKZU
252	72	heilen	VVINF	VVINF
252	73	unmöglich	ADJD	ADJD
252	74	/	$(	$(
252	75	inmassen	KOUS	VVFIN
252	76	man	PIS	PIS
252	77	nicht	PTKNEG	PTKNEG
252	78	allein	ADV	ADV
252	79	von	APPR	APPR
252	80	Natur	NN	NN
252	81	blinde	ADJA	ADJA
252	82	/	$(	$(
252	83	taube	ADJA	ADJA
252	84	/	$(	$(
252	85	stumme	ADJA	ADJA
252	86	/	$(	$(
252	87	und	KON	KON
252	88	von	APPR	APPR
252	89	der	ART	ART
252	90	Geburt	NN	NN
252	91	lahme	ADJA	ADJA
252	92	Leute	NN	NN
252	93	/	$(	$(
252	94	zu	PTKZU	APPR
252	95	diesem	PDAT	PDAT
252	96	Brunnen	NE	NN
252	97	führt	VVFIN	VVFIN
252	98	/	$(	$(
252	99	sondern	KON	KON
252	100	auch	ADV	ADV
252	101	die	ART	ART
252	102	jenigen	PIAT	NN
252	103	/	$(	$(
252	104	welche	PWAT	PRELS
252	105	einen	ART	ART
252	106	Arm	NN	NN
252	107	oder	KON	KON
252	108	Schenkel	NN	NN
252	109	zerfallen	VVINF	VVINF
252	110	oder	KON	KON
252	111	zerbrochen	VVPP	VVPP
252	112	/	$(	$(
252	113	und	KON	KON
252	114	danach	PAV	PAV
252	115	unrecht	NN	ADJD
252	116	geheilt	VVPP	VVPP
252	117	/	$(	$(
252	118	also	ADV	ADV
252	119	das	ART	ART
252	120	der	ART	ART
252	121	situs	NE	NN
252	122	partium	NE	NN
252	123	vitiert	NE	VVFIN
252	124	ist	VAFIN	VAFIN
252	125	.	$.	$.
253	1	welches	PWS	PWS
253	2	alles	PIS	PIS
253	3	doch	ADV	ADV
253	4	dieser	PDAT	PDAT
253	5	Brunnen	NE	NN
253	6	/	$(	$(
253	7	als	KOKOM	KOKOM
253	8	der	ART	ART
253	9	ein	ART	ART
253	10	natürliches	ADV	ADJA
253	11	Ding	NN	NN
253	12	/	$(	$(
253	13	und	KON	KON
253	14	dennoch	ADV	ADV
253	15	nicht	PTKNEG	PTKNEG
253	16	allmächtig	ADJD	ADJD
253	17	/	$(	$(
253	18	sondern	KON	KON
253	19	seine	PPOSAT	PPOSAT
253	20	umschriebene	ADJA	ADJA
253	21	und	KON	KON
253	22	umzirkelte	VVFIN	ADJA
253	23	Kraft	NN	NN
253	24	hat	VAFIN	VAFIN
253	25	/	$(	$(
253	26	zu	PTKZU	PTKZU
253	27	tun	VVINF	VVINF
253	28	nicht	PTKNEG	PTKNEG
253	29	vermag	VVFIN	VVFIN
253	30	/	$(	$(
253	31	wie	KOKOM	KOUS
253	32	ein	ART	ART
253	33	jeglicher	PIAT	PIAT
253	34	Vernünftiger	NN	NN
253	35	leichtlich	ADJD	ADV
253	36	erachten	VVINF	VVINF
253	37	und	KON	KON
253	38	verstehen	VVINF	VVINF
253	39	kann	VMFIN	VMFIN
253	40	.	$.	$.
254	1	welches	PWS	PWS
254	2	ich	PPER	PPER
254	3	auch	ADV	ADV
254	4	allhier	ADV	ADJA
254	5	anzeigen	VVINF	VVINF
254	6	wollen	VMFIN	VMFIN
254	7	/	$(	$(
254	8	ob	KOUS	KOUS
254	9	vielleicht	ADV	ADV
254	10	zn	PTKZU	ADJA
254	11	verhuͤten	VVINF	NN
254	12	wäre	VAFIN	VAFIN
254	13	/	$(	$(
254	14	dass	KOUS	KOUS
254	15	nicht	PTKNEG	PTKNEG
254	16	so	ADV	ADV
254	17	viele	ADV	PIAT
254	18	Leute	NN	NN
254	19	sich	PRF	PRF
254	20	selbst	ADV	ADV
254	21	betrögen	VVFIN	VVFIN
254	22	/	$(	$(
254	23	Unkosten	NN	NN
254	24	/	$(	$(
254	25	Mühe	NN	NN
254	26	und	KON	KON
254	27	Arbeit	NN	NN
254	28	vergebens	ADV	ADV
254	29	anwendeten	VVFIN	VVFIN
254	30	/	$(	$(
254	31	auch	ADV	ADV
254	32	wohl	ADV	ADV
254	33	an	APPR	APPR
254	34	ihrer	PPOSAT	PPOSAT
254	35	Gesundheit	NN	NN
254	36	Schaden	VVINF	NN
254	37	nehmen	VVINF	VVINF
254	38	/	$(	$(
254	39	und	KON	KON
254	40	dem	ART	ART
254	41	Brunnen	NN	NN
254	42	einen	ART	ART
254	43	bösen	ADJA	ADJA
254	44	Namen	NN	NN
254	45	machten	VVFIN	VVFIN
254	46	.	$.	$.
255	1	sei	VAFIN	VAFIN
255	2	demnach	PAV	ADV
255	3	also	ADV	ADV
255	4	von	APPR	APPR
255	5	dieses	PDAT	PDAT
255	6	Brunnens	NN	NN
255	7	Natur	NN	NN
255	8	/	$(	$(
255	9	Eigenschaft	NN	NN
255	10	/	$(	$(
255	11	Wirkung	NN	NN
255	12	und	KON	KON
255	13	Gebrauch	NN	NN
255	14	/	$(	$(
255	15	so	ADV	ADV
255	16	viel	ADV	ADV
255	17	sich	PPER	PRF
255	18	es	PPER	PPER
255	19	leiden	VVINF	VVINF
255	20	wollen	VMFIN	VMFIN
255	21	/	$(	$(
255	22	jetzo	ADV	ADJD
255	23	genug	ADV	ADV
255	24	gesagt	VVPP	VVPP
255	25	.	$.	$.
256	1	der	ART	ART
256	2	allmächtige	NN	ADJA
256	3	Gott	NN	NN
256	4	/	$(	$(
256	5	als	KOKOM	KOKOM
256	6	der	ART	ART
256	7	rechte	ADJA	ADJA
256	8	Meister	NN	NN
256	9	zu	PTKZU	PTKZU
256	10	helfen	VVINF	VVINF
256	11	/	$(	$(
256	12	von	APPR	APPR
256	13	dem	ART	ART
256	14	alle	PIAT	PIAT
256	15	Hilfe	NN	NN
256	16	kommt	VVFIN	VVFIN
256	17	/	$(	$(
256	18	so	ADV	ADV
256	19	auf	APPR	APPR
256	20	Erden	NN	NN
256	21	geschieht	VVFIN	VVFIN
256	22	/	$(	$(
256	23	wolle	VMFIN	VMFIN
256	24	/	$(	$(
256	25	wie	KOKOM	KOUS
256	26	zu	PTKZU	APPR
256	27	anderen	ADJA	PIS
256	28	von	APPR	APPR
256	29	ihm	APPRART	PPER
256	30	geschaffenen	ADJA	ADJA
256	31	Mitteln	NN	NN
256	32	/	$(	$(
256	33	welche	PWAT	PRELS
256	34	auch	ADV	ADV
256	35	der	ART	ART
256	36	Heide	NE	NE
256	37	manus	NE	NE
256	38	Deorum	NE	NN
256	39	nennt	VVFIN	VVFIN
256	40	/	$(	$(
256	41	also	ADV	ADV
256	42	auch	ADV	ADV
256	43	zu	PTKZU	APPR
256	44	diesem	PDAT	PDAT
256	45	heilsamen	ADJA	ADJA
256	46	Brunnen	NE	NN
256	47	seine	PPOSAT	PPOSAT
256	48	Gnade	NN	NN
256	49	und	KON	KON
256	50	Segen	NN	NN
256	51	verleihen	VVINF	VVINF
256	52	/	$(	$(
256	53	damit	PAV	KOUS
256	54	er	PPER	PPER
256	55	vielen	PIAT	PIAT
256	56	Leuten	VVFIN	NN
256	57	zu	PTKZU	APPR
256	58	Wiederbringung	NN	NN
256	59	ihrer	PPOSAT	PPOSAT
256	60	Gesundheit	NN	NN
256	61	/	$(	$(
256	62	und	KON	KON
256	63	Erhaltung	NN	NN
256	64	ihres	PPOSAT	PPOSAT
256	65	Lebens	NN	NN
256	66	fruchtbarlich	ADJD	ADJD
256	67	gedeihen	VVINF	VVINF
256	68	/	$(	$(
256	69	und	KON	KON
256	70	Gottes	NN	NN
256	71	Wundertaten	NN	NN
256	72	dadurch	PAV	PAV
256	73	gepriesen	VVPP	VVPP
256	74	werden	VAINF	VAINF
256	75	mögen	VMFIN	VMFIN
256	76	/	$(	$(
256	77	um	APPR	APPR
256	78	Christi	NE	NE
256	79	unseres	PPOSAT	PPOSAT
256	80	Heilands	NN	NN
256	81	und	KON	KON
256	82	Mittlers	NN	NN
256	83	Willen	NN	APPO
256	84	/	$(	$(
256	85	Amen	NN	NE
256	86	.	$.	$.
257	1	Extrakt	NN	NN
257	2	historischer	NN	ADJA
257	3	Beschreibung	NN	NN
257	4	des	ART	ART
257	5	neuen	ADJA	ADJA
257	6	Brunnens	NN	NN
257	7	/	$(	$(
257	8	welcher	PWAT	PWS
257	9	unlängst	ADJD	ADV
257	10	in	APPR	APPR
257	11	Meißen	NE	NE
257	12	/	$(	$(
257	13	nicht	PTKNEG	PTKNEG
257	14	weit	ADJD	ADJD
257	15	vom	APPRART	APPRART
257	16	böhmischen	NN	ADJA
257	17	Gebirge	NN	NN
257	18	wunderbarlich	ADJD	ADJD
257	19	wieder	ADV	ADV
257	20	ans	APPRART	APPRART
257	21	Licht	NN	NN
257	22	gebracht	VVFIN	VVPP
257	23	/	$(	$(
257	24	und	KON	KON
257	25	wegen	APPR	APPR
257	26	seiner	PPOSAT	PPOSAT
257	27	heilsamen	ADJA	ADJA
257	28	Art	NN	NN
257	29	durch	APPR	APPR
257	30	das	ART	ART
257	31	allgemeine	ADJA	ADJA
257	32	Geschrei	NN	NN
257	33	in	APPR	APPR
257	34	Beruf	NN	NN
257	35	kommen	VVFIN	VVINF
257	36	.	$.	$.
258	1	unlängst	ADJD	VVFIN
258	2	von	APPR	APPR
258	3	Meißen	NE	NE
259	1	Martino	NE	NE
259	2	Pfuntelio	NE	NN
259	3	von	APPR	APPR
259	4	Plauen	NN	NE
259	5	/	$(	$(
259	6	der	ART	ART
259	7	Schule	NN	NN
259	8	daselbst	PAV	ADV
259	9	Rectore	NN	NN
259	10	in	APPR	APPR
259	11	Latein	NN	NN
259	12	verfertigt	VVFIN	VVPP
259	13	/	$(	$(
259	14	und	KON	KON
259	15	in	APPR	APPR
259	16	Druck	NN	NN
259	17	gegeben	VVPP	VVPP
259	18	.	$.	$.
260	1	jetzo	ADV	ADJD
260	2	aber	ADV	ADV
260	3	verdeutscht	VVFIN	VVPP
260	4	/	$(	$(
260	5	und	KON	KON
260	6	dem	ART	ART
260	7	vorigem	ADJA	ADJA
260	8	Traktat	NN	NN
260	9	mehr	PIAT	PIAT
260	10	Nachrichtung	NN	NN
260	11	halben	ADJA	ADJA
260	12	mit	APPR	ADV
260	13	einverleibt	NE	VVPP
260	14	.	$.	$.
260	15	in	APPR	APPR
260	16	diesem	PDAT	PDAT
260	17	Jahr	NN	NN
260	18	nach	APPR	APPR
260	19	Christi	NE	NE
260	20	Geburt	NN	NN
260	21	1608	CARD	ADJA
260	22	.	$.	$.
260	23	am	APPRART	APPRART
260	24	Ende	NN	NN
260	25	des	ART	ART
260	26	Monats	NN	NN
260	27	Aprilis	NE	NE
260	28	,	$,	$,
260	29	ist	VAFIN	VAFIN
260	30	ein	ART	ART
260	31	Brunnen	NN	NN
260	32	in	APPR	APPR
260	33	Meißen	NE	NE
260	34	in	APPR	APPR
260	35	großen	ADJA	ADJA
260	36	Beruf	NN	NN
260	37	gekommen	VVFIN	VVPP
260	38	.	$.	$.
261	1	dieser	PDAT	PDS
261	2	entspringt	VVFIN	VVFIN
261	3	über	APPR	APPR
261	4	der	ART	ART
261	5	Mulde	NN	NN
261	6	/	$(	$(
261	7	bei	APPR	APPR
261	8	Schneeberg	NE	NE
261	9	/	$(	$(
261	10	gegen	APPR	APPR
261	11	der	ART	ART
261	12	Sonne	NN	NN
261	13	Aufgang	NN	NN
261	14	/	$(	$(
261	15	mitten	ADV	ADV
261	16	auf	APPR	APPR
261	17	einer	ART	ART
261	18	sumpfigen	ADJA	ADJA
261	19	Wiese	NN	NN
261	20	/	$(	$(
261	21	welche	PWAT	PRELS
261	22	zu	PTKZU	PTKA
261	23	rings	ADV	ADV
261	24	herum	APZR	APZR
261	25	mit	APPR	APPR
261	26	Holz	NN	NN
261	27	umgeben	VVPP	VVPP
261	28	/	$(	$(
261	29	und	KON	KON
261	30	gegen	APPR	APPR
261	31	Mittag	NN	NN
261	32	hart	ADJD	ADJD
261	33	an	APPR	APPR
261	34	das	ART	ART
261	35	Dorf	NN	NN
261	36	Niederzwönitz	NE	NE
261	37	stößt	VVFIN	VVFIN
261	38	/	$(	$(
261	39	eine	ART	ART
261	40	halbe	ADJA	ADJA
261	41	Meile	NN	NN
261	42	vom	APPRART	APPRART
261	43	Städtlein	NN	NN
261	44	Leisnig	NE	NE
261	45	/	$(	$(
261	46	und	KON	KON
261	47	von	APPR	APPR
261	48	der	ART	ART
261	49	Bergstadt	ADJD	NN
261	50	Schneeberg	NN	NE
261	51	anderthalb	NE	ADJA
261	52	Meilen	NN	NN
261	53	entlegen	ADJD	VVINF
261	54	.	$.	$.
262	1	dannenher	PAV	ADV
262	2	offenbar	ADJD	ADJD
262	3	/	$(	$(
262	4	dass	KOUS	KOUS
262	5	dieser	PDAT	PDAT
262	6	Brunnen	NN	NN
262	7	in	APPR	APPR
262	8	diesem	PDAT	PDAT
262	9	Teil	NN	NN
262	10	meißnischen	ADJA	ADJA
262	11	Landes	NN	NN
262	12	liegt	VVFIN	VVFIN
262	13	/	$(	$(
262	14	welches	PRELS	PWS
262	15	an	APPR	APPR
262	16	die	ART	ART
262	17	Sudeten	NN	NN
262	18	Gebirge	NN	NN
262	19	stößt	VVFIN	VVFIN
262	20	/	$(	$(
262	21	so	ADV	ADV
262	22	Meißen	NE	NE
262	23	und	KON	KON
262	24	Böhmen	NN	NE
262	25	unterscheiden	VVINF	VVINF
262	26	.	$.	$.
263	1	hart	NE	ADJD
263	2	bei	APPR	APPR
263	3	diesem	PDAT	PDAT
263	4	Brunnen	NN	NN
263	5	sind	VAFIN	VAFIN
263	6	drei	CARD	CARD
263	7	Tannen	NN	NN
263	8	/	$(	$(
263	9	daher	PAV	PAV
263	10	dieser	PDAT	PDAT
263	11	Brunnen	NN	NN
263	12	vorzeiten	ADV	ADV
263	13	genannt	VVPP	VVPP
263	14	worden	VAPP	VAPP
263	15	/	$(	$(
263	16	der	ART	ART
263	17	Brunnen	NN	NN
263	18	zun	APPRART	APPRART
263	19	dreien	CARD	CARD
263	20	Tannen	NN	NN
263	21	/	$(	$(
263	22	welchen	PWAT	PIAT
263	23	Namen	NN	NN
263	24	/	$(	$(
263	25	so	ADV	ADV
263	26	er	PPER	PPER
263	27	von	APPR	APPR
263	28	Alters	NN	NN
263	29	her	APZR	APZR
263	30	gehabt	VAPP	VAPP
263	31	/	$(	$(
263	32	er	PPER	PPER
263	33	noch	ADV	ADV
263	34	behält	VVFIN	VVFIN
263	35	.	$.	$.
264	1	die	ART	ART
264	2	Wiese	NN	NN
264	3	/	$(	$(
264	4	darauf	PAV	PAV
264	5	dieser	PDAT	PDAT
264	6	Brunnen	NN	NN
264	7	quillt	VVFIN	VVFIN
264	8	/	$(	$(
264	9	ist	VAFIN	VAFIN
264	10	jetziger	ADJA	ADJA
264	11	Zeit	NN	NN
264	12	eines	ART	ART
264	13	Bauern	NN	NN
264	14	in	APPR	APPR
264	15	jetzt	ADV	ADV
264	16	gedachtem	ADJA	ADJA
264	17	Dorf	NN	NN
264	18	Niederzwönitz	NE	NE
264	19	/	$(	$(
264	20	mit	APPR	APPR
264	21	Namen	NN	NN
264	22	Nickel	NE	NE
264	23	Grommers	NE	NN
264	24	/	$(	$(
264	25	unter	APPR	APPR
264	26	der	ART	ART
264	27	Botmäßigkeit	NN	NN
264	28	eines	ART	ART
264	29	Edelmannes	NN	NN
264	30	/	$(	$(
264	31	des	ART	ART
264	32	von	APPR	APPR
264	33	Gelenau	NE	NE
264	34	/	$(	$(
264	35	welcher	PWAT	PWS
264	36	unseres	PPOSAT	PPOSAT
264	37	gnädigsten	ADJA	ADJA
264	38	Herrn	NN	NN
264	39	/	$(	$(
264	40	des	ART	ART
264	41	Kurfürsten	NN	NN
264	42	zu	PTKZU	APPR
264	43	Sachsen	NE	NE
264	44	Lehnsmann	NN	NN
264	45	ist	VAFIN	VAFIN
264	46	.	$.	$.
265	1	welches	PWS	PWS
265	2	derentwegen	PAV	NN
265	3	gemeldet	VVPP	VVPP
265	4	wird	VAFIN	VAFIN
265	5	/	$(	$(
265	6	das	ART	ART
265	7	menniglich	ADJD	ADJD
265	8	wissen	VVINF	VVINF
265	9	möge	VMFIN	VMFIN
265	10	/	$(	$(
265	11	dass	KOUS	KOUS
265	12	der	ART	ART
265	13	Herzog	NE	NN
265	14	und	KON	KON
265	15	Kurfürst	NN	NN
265	16	zu	PTKZU	APPR
265	17	Sachsen	NE	NE
265	18	über	APPR	APPR
265	19	den	ART	ART
265	20	Ort	NN	NN
265	21	/	$(	$(
265	22	da	ADV	KOUS
265	23	dieser	PDAT	PDAT
265	24	Brunnen	NN	NN
265	25	entspringt	VVFIN	VVFIN
265	26	/	$(	$(
265	27	die	ART	ART
265	28	höchste	ADJA	ADJA
265	29	Gewalt	NN	NN
265	30	habe	VAFIN	VAFIN
265	31	/	$(	$(
265	32	da	ADV	KOUS
265	33	doch	ADV	ADV
265	34	der	ART	ART
265	35	unerfahrene	ADJA	ADJA
265	36	Pöbel	NN	NN
265	37	anderen	ADJA	PIS
265	38	/	$(	$(
265	39	weiß	VVFIN	VVFIN
265	40	nicht	PTKNEG	PTKNEG
265	41	wem	PWS	PIS
265	42	/	$(	$(
265	43	dieselbe	PDAT	PDS
265	44	zuschreibt	VVFIN	VVFIN
265	45	.	$.	$.
266	1	dass	KOUS	KOUS
266	2	dieser	PDAT	PDAT
266	3	Brunnen	NN	NN
266	4	nicht	PTKNEG	PTKNEG
266	5	allein	ADV	ADV
266	6	mit	APPR	APPR
266	7	dem	ART	ART
266	8	Namen	NN	NN
266	9	/	$(	$(
266	10	sondern	KON	KON
266	11	auch	ADV	ADV
266	12	wegen	APPR	APPR
266	13	eiliger	ADJA	ADJA
266	14	Auszeigung	NE	NN
266	15	seiner	PPOSAT	PPOSAT
266	16	Kräfte	NN	NN
266	17	und	KON	KON
266	18	Tugenden	NN	NN
266	19	vorzeiten	ADV	ADV
266	20	auch	ADV	ADV
266	21	bekannt	ADJD	ADJD
266	22	gewesen	VAPP	VAPP
266	23	/	$(	$(
266	24	ist	VAFIN	VAFIN
266	25	kein	PIAT	PIAT
266	26	Zweifel	NN	NN
266	27	/	$(	$(
266	28	sintemal	KOUS	ADV
266	29	er	PPER	PPER
266	30	/	$(	$(
266	31	wie	KOKOM	KOKOM
266	32	gesagt	VVPP	VVPP
266	33	/	$(	$(
266	34	seinen	PPOSAT	PPOSAT
266	35	alten	ADJA	ADJA
266	36	Namen	NN	NN
266	37	noch	ADV	ADV
266	38	behält	VVFIN	VVFIN
266	39	/	$(	$(
266	40	auch	ADV	ADV
266	41	viele	ADV	PIAT
266	42	alte	ADJA	ADJA
266	43	Leute	NN	NN
266	44	/	$(	$(
266	45	so	ADV	ADV
266	46	umher	PTKVZ	ADV
266	47	wohnen	VVINF	VVFIN
266	48	/	$(	$(
266	49	seine	PPOSAT	PPOSAT
266	50	Eigenschaft	NN	NN
266	51	und	KON	KON
266	52	vorigen	ADJA	ADJA
266	53	Kräfte	NN	NN
266	54	/	$(	$(
266	55	in	APPR	APPR
266	56	frischer	ADJA	ADJA
266	57	Gedächtnis	NN	NN
266	58	haben	VAFIN	VAFIN
266	59	/	$(	$(
266	60	wie	KOKOM	KOUS
266	61	sie	PPER	PPER
266	62	solches	PIAT	PIS
266	63	von	APPR	APPR
266	64	ihren	PPOSAT	PPOSAT
266	65	Vorfahren	NN	NN
266	66	gehört	VVFIN	VVFIN
266	67	.	$.	$.
267	1	es	PPER	PPER
267	2	möchte	VMFIN	VMFIN
267	3	sich	PRF	PRF
267	4	aber	ADV	ADV
267	5	jemand	PIS	PIS
267	6	wundern	VVINF	VVINF
267	7	/	$(	$(
267	8	aus	APPR	APPR
267	9	was	PWS	PIS
267	10	Ursachen	NN	NN
267	11	dieser	PDAT	PDAT
267	12	Brunnen	NN	NN
267	13	vorzeiten	ADV	ADV
267	14	außen	ADV	ADJD
267	15	geblieben	VVFIN	VVPP
267	16	/	$(	$(
267	17	und	KON	KON
267	18	bis	APPR	KON
267	19	daher	PAV	PAV
267	20	von	APPR	APPR
267	21	den	ART	ART
267	22	umliegenden	ADJA	ADJA
267	23	nicht	PTKNEG	PTKNEG
267	24	geachtet	VVPP	VVPP
267	25	worden	VAPP	VAPP
267	26	/	$(	$(
267	27	da	ADV	KOUS
267	28	man	PIS	PIS
267	29	doch	ADV	ADV
267	30	solche	PIAT	PIAT
267	31	heilsamen	ADJA	ADJA
267	32	Brunnen	NN	NN
267	33	sonsten	ADV	ADV
267	34	in	APPR	APPR
267	35	hohem	ADJA	ADJA
267	36	Wert	NN	NN
267	37	zu	PTKZU	PTKZU
267	38	halten	VVINF	VVINF
267	39	/	$(	$(
267	40	und	KON	KON
267	41	wider	APPR	APPR
267	42	allen	PIAT	PIAT
267	43	Schaden	NN	NN
267	44	fleißig	ADJD	ADJD
267	45	zu	PTKZU	PTKZU
267	46	verwahren	VVINF	VVINF
267	47	pflegt	VVFIN	VVFIN
267	48	.	$.	$.
268	1	welche	PWAT	PRELS
268	2	hart	ADJD	ADJD
268	3	bei	APPR	APPR
268	4	diesem	PDAT	PDAT
268	5	Brunnen	NN	NN
268	6	wohnen	VVINF	VVFIN
268	7	/	$(	$(
268	8	sagen	VVINF	VVFIN
268	9	dies	PDS	PDS
268	10	sei	VAFIN	VAFIN
268	11	die	ART	ART
268	12	Ursache	NN	NN
268	13	/	$(	$(
268	14	dieser	PDAT	PDAT
268	15	Brunnen	NN	NN
268	16	sei	VAFIN	VAFIN
268	17	vor	APPR	APPR
268	18	50	CARD	CARD
268	19	Jahren	NN	NN
268	20	durch	APPR	APPR
268	21	einen	ART	ART
268	22	großen	ADJA	ADJA
268	23	ungestümen	ADJA	ADJA
268	24	Platzregen	NN	NN
268	25	und	KON	KON
268	26	Ungewitter	NN	NN
268	27	verschlemmt	VVFIN	VVPP
268	28	und	KON	KON
268	29	versenkt	VVFIN	VVPP
268	30	worden	VAPP	VAPP
268	31	/	$(	$(
268	32	dass	KOUS	KOUS
268	33	er	PPER	PPER
268	34	bis	APPR	KON
268	35	daher	PAV	PAV
268	36	seinen	PPOSAT	PPOSAT
268	37	verborgenen	ADJA	ADJA
268	38	Gang	NN	NN
268	39	unter	APPR	APPR
268	40	der	ART	ART
268	41	Erde	NN	NN
268	42	gehabt	VAPP	VAPP
268	43	/	$(	$(
268	44	bis	VVFIN	KON
268	45	unlängst	ADJD	ADV
268	46	die	ART	ART
268	47	Quelle	NE	NN
268	48	wieder	ADV	ADV
268	49	geöffnet	VVPP	VVPP
268	50	/	$(	$(
268	51	und	KON	KON
268	52	der	ART	ART
268	53	Brunnen	NN	NN
268	54	wieder	ADV	ADV
268	55	zu	PTKZU	PTKZU
268	56	springen	VVINF	VVINF
268	57	und	KON	KON
268	58	hell	ADJD	ADJD
268	59	zu	PTKZU	PTKZU
268	60	werden	VAINF	VAINF
268	61	angefangen	VVPP	VVPP
268	62	.	$.	$.
269	1	wie	PWAV	KOUS
269	2	solches	PIAT	PIS
269	3	zugegangen	VVPP	VVPP
269	4	/	$(	$(
269	5	will	VMFIN	VMFIN
269	6	ich	PPER	PPER
269	7	mit	APPR	APPR
269	8	dreien	CARD	CARD
269	9	Worten	NN	NN
269	10	anzeigen	VVINF	VVINF
269	11	/	$(	$(
269	12	damit	PAV	KOUS
269	13	menniglich	ADJD	ADJD
269	14	wissen	VVINF	VVINF
269	15	möge	VMFIN	VMFIN
269	16	/	$(	$(
269	17	wie	KOKOM	KOUS
269	18	es	PPER	PPER
269	19	in	APPR	APPR
269	20	der	ART	ART
269	21	Wahrheit	NN	NN
269	22	darum	PAV	PAV
269	23	gewandt	NN	VVPP
269	24	/	$(	$(
269	25	und	KON	KON
269	26	auch	NE	ADV
269	27	anderes	ADJD	PIAT
269	28	erdichtetes	ADJA	ADJA
269	29	Fabelwerk	NN	NN
269	30	sich	PRF	PRF
269	31	nicht	PTKNEG	PTKNEG
269	32	kehren	VVFIN	VVINF
269	33	dürfe	VMFIN	VMFIN
269	34	.	$.	$.
270	1	gegen	APPR	APPR
270	2	Mitternacht	NN	NN
270	3	eine	ART	ART
270	4	halbe	ADJA	ADJA
270	5	Meile	NN	NN
270	6	von	APPR	APPR
270	7	diesem	PDAT	PDAT
270	8	neuem	ADJA	ADJA
270	9	Brunnen	NN	NN
270	10	liegt	VVFIN	VVFIN
270	11	ein	ART	ART
270	12	Städtlein	NN	NN
270	13	Zwönitz	NN	NE
270	14	/	$(	$(
270	15	und	KON	KON
270	16	nahe	APPR	APPR
270	17	dabei	PAV	PAV
270	18	ein	ART	ART
270	19	Dorf	NN	NN
270	20	/	$(	$(
270	21	mit	APPR	APPR
270	22	Namen	NN	NN
270	23	Grünheide	NE	NE
270	24	/	$(	$(
270	25	in	APPR	APPR
270	26	welchem	PWAT	PRELS
270	27	eine	ART	ART
270	28	Bäuerin	NE	NN
270	29	bei	APPR	APPR
270	30	acht	CARD	CARD
270	31	Jahren	NN	NN
270	32	ganz	ADV	ADV
270	33	übel	ADV	ADJD
270	34	auf	APPR	PTKVZ
270	35	gewesen	VAPP	VAPP
270	36	/	$(	$(
270	37	wegen	APPR	APPR
270	38	eines	ART	ART
270	39	alten	ADJA	ADJA
270	40	bösen	ADJA	ADJA
270	41	Schadens	NN	NN
270	42	an	APPR	APPR
270	43	einem	ART	ART
270	44	Schenkel	NN	NN
270	45	/	$(	$(
270	46	welcher	PWAT	PWS
270	47	dermaßen	ADV	ADV
270	48	bei	APPR	APPR
270	49	ihr	PPOSAT	PPER
270	50	eingewurzelt	VVPP	VVPP
270	51	und	KON	KON
270	52	sie	PPER	PPER
270	53	also	ADV	ADV
270	54	abgemattet	VVPP	VVPP
270	55	/	$(	$(
270	56	dass	KOUS	KOUS
270	57	es	PPER	PPER
270	58	sich	PRF	PRF
270	59	ansehen	VVINF	VVINF
270	60	ließ	VVFIN	VVFIN
270	61	/	$(	$(
270	62	als	KOKOM	KOUS
270	63	möchte	VMFIN	VMFIN
270	64	es	PPER	PPER
270	65	ihr	PPOSAT	PPER
270	66	am	APPRART	APPRART
270	67	Leben	NN	NN
270	68	schaden	VVINF	VVINF
270	69	/	$(	$(
270	70	diese	PDAT	PDAT
270	71	Bäuerin	NN	NN
270	72	/	$(	$(
270	73	dieweil	KOUS	KOUS
270	74	sie	PPER	PPER
270	75	gern	ADV	ADV
270	76	wieder	ADV	ADV
270	77	zur	APPRART	APPRART
270	78	Gesundheit	NN	NN
270	79	und	KON	KON
270	80	ihren	PPOSAT	PPOSAT
270	81	vorigen	ADJA	ADJA
270	82	Kräften	NN	NN
270	83	kommen	VVFIN	VVINF
270	84	wäre	VAFIN	VAFIN
270	85	/	$(	$(
270	86	fragte	VVFIN	VVFIN
270	87	ihre	PPOSAT	PPOSAT
270	88	Nachbarin	NN	NN
270	89	um	APPR	APPR
270	90	Rat	NN	NN
270	91	/	$(	$(
270	92	was	PWS	PWS
270	93	sie	PPER	PPER
270	94	wider	APPR	APPR
270	95	diese	PDAT	PDAT
270	96	große	ADJA	ADJA
270	97	und	KON	KON
270	98	langwierige	ADJA	ADJA
270	99	Beschwerung	NN	NN
270	100	tun	VVINF	VVINF
270	101	solle	VMFIN	VMFIN
270	102	/	$(	$(
270	103	weil	KOUS	KOUS
270	104	die	ART	ART
270	105	Schmerzen	NN	NN
270	106	heftig	ADJD	ADJD
270	107	anhielten	VVFIN	VVFIN
270	108	/	$(	$(
270	109	und	KON	KON
270	110	keine	PIAT	PIAT
270	111	Arznei	NN	NN
270	112	helfen	VVINF	VVINF
270	113	wollte	VMFIN	VMFIN
270	114	.	$.	$.
271	1	darauf	PAV	PAV
271	2	wird	VAFIN	VAFIN
271	3	ihr	PPOSAT	PPER
271	4	geraten	VVPP	VVPP
271	5	/	$(	$(
271	6	sie	PPER	PPER
271	7	soll	VMFIN	VMFIN
271	8	den	ART	ART
271	9	Brunnen	NN	NN
271	10	zun	APPRART	APPRART
271	11	drei	CARD	CARD
271	12	Tannen	NN	NN
271	13	brauchen	VVFIN	VVINF
271	14	/	$(	$(
271	15	sintemal	KOUS	ADV
271	16	bei	APPR	APPR
271	17	Mannes	NN	NN
271	18	Gedenken	NN	NN
271	19	ihr	PPOSAT	PPER
271	20	viel	ADV	ADV
271	21	dadurch	PAV	PAV
271	22	geheilt	VVPP	VVPP
271	23	wären	VAFIN	VAFIN
271	24	.	$.	$.
272	1	die	ART	ART
272	2	Frau	NN	NN
272	3	/	$(	$(
272	4	welche	PWAT	PRELS
272	5	nun	ADV	ADV
272	6	gar	ADV	ADV
272	7	von	APPR	APPR
272	8	Kräften	NN	NN
272	9	gekommen	VVFIN	VVPP
272	10	/	$(	$(
272	11	folgt	VVFIN	VVFIN
272	12	diesem	PDAT	PDAT
272	13	Rat	NN	NN
272	14	/	$(	$(
272	15	versucht	VVPP	VVFIN
272	16	was	PWS	PIS
272	17	der	ART	ART
272	18	Brunnen	NN	NN
272	19	vermag	VVFIN	VVFIN
272	20	/	$(	$(
272	21	welcher	PWAT	PWS
272	22	damals	ADV	ADV
272	23	eine	ART	ART
272	24	kleine	ADJA	ADJA
272	25	enge	ADJA	ADJA
272	26	Quelle	NE	NN
272	27	hatte	VAFIN	VAFIN
272	28	/	$(	$(
272	29	von	APPR	APPR
272	30	den	ART	ART
272	31	Grashauern	NN	NN
272	32	eröffnet	VVPP	VVPP
272	33	/	$(	$(
272	34	wusch	VVFIN	VVFIN
272	35	etliche	PIAT	PIAT
272	36	Tage	NN	NN
272	37	den	ART	ART
272	38	bösen	ADJA	ADJA
272	39	Schenkel	NN	NN
272	40	damit	PAV	PAV
272	41	/	$(	$(
272	42	und	KON	KON
272	43	wurde	VAFIN	VAFIN
272	44	nächst	APPR	APPR
272	45	Gott	NN	NN
272	46	/	$(	$(
272	47	allein	ADV	ADV
272	48	durch	APPR	APPR
272	49	diesen	PDAT	PDAT
272	50	Brunnen	NN	NN
272	51	ihrer	PPOSAT	PPOSAT
272	52	achtjährigen	ADJA	ADJA
272	53	Beschwerung	NN	NN
272	54	entledigt	VVPP	VVPP
272	55	.	$.	$.
273	1	dieses	PDAT	PDAT
273	2	Wissen	NN	NN
273	3	nach	APPR	APPR
273	4	dem	ART	ART
273	5	sie	PPER	PPER
273	6	also	ADV	ADV
273	7	vermittels	ADJD	VVFIN
273	8	göttlicher	ADJD	ADJA
273	9	Verleihung	NN	NN
273	10	wieder	ADV	ADV
273	11	zu	PTKZU	PTKA
273	12	voriger	ADJA	ADJA
273	13	Gesundheit	NN	NN
273	14	und	KON	KON
273	15	Stärke	NN	NN
273	16	gekommen	VVFIN	VVPP
273	17	/	$(	$(
273	18	lässt	VVFIN	VVFIN
273	19	unserem	PPOSAT	PPOSAT
273	20	Herrn	NN	NN
273	21	Gott	NN	NN
273	22	öffentlich	ADJD	ADJD
273	23	in	APPR	APPR
273	24	der	ART	ART
273	25	Kirche	NN	NN
273	26	für	APPR	APPR
273	27	solche	PIAT	PIAT
273	28	gnädige	ADJA	ADJA
273	29	Wohltat	NN	NN
273	30	danken	VVINF	VVINF
273	31	/	$(	$(
273	32	rühmt	VVFIN	VVFIN
273	33	dieselbe	PDAT	PDS
273	34	allenthalben	ADV	ADV
273	35	.	$.	$.
274	1	dannenhero	PAV	NE
274	2	erfolgt	VVFIN	VVPP
274	3	/	$(	$(
274	4	dass	KOUS	KOUS
274	5	ein	ART	ART
274	6	großes	ADJD	ADJA
274	7	Geschrei	NN	NN
274	8	von	APPR	APPR
274	9	diesem	PDAT	PDAT
274	10	heilsamen	ADJA	ADJA
274	11	Brunnen	NE	NN
274	12	in	APPR	APPR
274	13	der	ART	ART
274	14	Nähe	NN	NN
274	15	/	$(	$(
274	16	und	KON	KON
274	17	hin	PTKVZ	ADV
274	18	und	KON	KON
274	19	wieder	ADV	ADV
274	20	erschollen	VVPP	VVPP
274	21	und	KON	KON
274	22	ausgebreitet	VVPP	VVPP
274	23	/	$(	$(
274	24	auch	ADV	ADV
274	25	ein	ART	ART
274	26	großer	ADJA	ADJA
274	27	Zulauf	NN	NN
274	28	von	APPR	APPR
274	29	gemeinen	ADJA	ADJA
274	30	und	KON	KON
274	31	fürnehmen	ADJA	ADJA
274	32	Leuten	NN	NN
274	33	/	$(	$(
274	34	nicht	PTKNEG	PTKNEG
274	35	allein	ADV	ADV
274	36	aus	APPR	APPR
274	37	nahen	ADJA	ADJA
274	38	/	$(	$(
274	39	sondern	KON	KON
274	40	auch	ADV	ADV
274	41	aus	APPR	APPR
274	42	fernen	ADJA	ADJA
274	43	Orten	VVINF	NN
274	44	gewesen	VAPP	VAPP
274	45	/	$(	$(
274	46	und	KON	KON
274	47	noch	ADV	ADV
274	48	täglich	ADJD	ADJD
274	49	ist	VAFIN	VAFIN
274	50	/	$(	$(
274	51	wie	KOKOM	KOUS
274	52	ich	PPER	PPER
274	53	selbst	ADV	ADV
274	54	bezeugen	VVFIN	VVINF
274	55	kann	VMFIN	VMFIN
274	56	/	$(	$(
274	57	der	ART	PRELS
274	58	ich	PPER	PPER
274	59	beneben	APPR	VVFIN
274	60	meinem	VVFIN	PPOSAT
274	61	Collega	NE	NE
274	62	diesen	PDAT	PDAT
274	63	Brunnen	NE	NN
274	64	besichtigt	VVFIN	VVPP
274	65	,	$,	$,
274	66	und	KON	KON
274	67	uns	PPER	PRF
274	68	über	APPR	APPR
274	69	der	ART	ART
274	70	großen	ADJA	ADJA
274	71	Menge	VVIMP	NN
274	72	anwesender	ADJA	ADJA
274	73	Leute	NN	NN
274	74	heftig	ADJD	ADJD
274	75	verwundert	VVFIN	VVPP
274	76	haben	VAFIN	VAFIN
274	77	.	$.	$.
275	1	und	KON	KON
275	2	geht	VVFIN	VVFIN
275	3	nun	ADV	ADV
275	4	dieser	PDAT	PDAT
275	5	Brunnen	NE	NN
275	6	/	$(	$(
275	7	dieweil	KOUS	ADV
275	8	seine	PPOSAT	PPOSAT
275	9	vor	APPR	APPR
275	10	dessen	PDS	PDAT
275	11	verstopfte	ADJA	ADJA
275	12	Gänge	NN	NN
275	13	wiederum	NE	ADV
275	14	eröffnet	VVPP	VVPP
275	15	/	$(	$(
275	16	und	KON	KON
275	17	mit	APPR	APPR
275	18	vierecketem	NN	ADJA
275	19	Gebäude	NN	NN
275	20	auf	APPR	APPR
275	21	eine	ART	ART
275	22	Zeitlang	NN	NN
275	23	gefasst	VVPP	VVPP
275	24	/	$(	$(
275	25	so	ADV	ADV
275	26	stark	ADJD	ADJD
275	27	/	$(	$(
275	28	dass	KOUS	KOUS
275	29	es	PPER	PPER
275	30	ihm	PPER	PPER
275	31	niemals	ADV	ADV
275	32	an	APPR	APPR
275	33	springenden	ADJA	ADJA
275	34	frischen	ADJA	ADJA
275	35	Wasser	NN	NN
275	36	mangelt	VVFIN	VVFIN
275	37	/	$(	$(
275	38	ob	KOUS	KOUS
275	39	gleich	ADV	ADJD
275	40	alle	PIAT	PIAT
275	41	und	KON	KON
275	42	jede	PIAT	PIAT
275	43	Stunde	NN	NN
275	44	mehr	ADV	ADV
275	45	als	KOKOM	KOKOM
275	46	vier	CARD	CARD
275	47	Fuder	NN	NN
275	48	daraus	PAV	PAV
275	49	geschöpft	VVPP	VVPP
275	50	wird	VAFIN	VAFIN
275	51	.	$.	$.
276	1	das	ART	ART
276	2	Wasser	NN	NN
276	3	so	ADV	ADV
276	4	aus	APPR	APPR
276	5	diesem	PDAT	PDAT
276	6	Brunnen	NN	NN
276	7	geschöpft	VVPP	VVPP
276	8	wird	VAFIN	VAFIN
276	9	/	$(	$(
276	10	scheint	VVFIN	VVFIN
276	11	Blaufarbe	NN	NN
276	12	zu	PTKZU	PTKZU
276	13	sein	VAINF	VAINF
276	14	/	$(	$(
276	15	und	KON	KON
276	16	eines	ART	ART
276	17	süßen	ADJA	ADJA
276	18	Geschmacks	NN	NN
276	19	/	$(	$(
276	20	welches	PRELS	PWS
276	21	beides	PIS	PIS
276	22	es	PPER	PPER
276	23	/	$(	$(
276	24	wenn	KOUS	KOUS
276	25	es	PPER	PPER
276	26	anderswo	ADV	ADV
276	27	hin	PTKVZ	ADV
276	28	geführt	VVPP	VVPP
276	29	wird	VAFIN	VAFIN
276	30	/	$(	$(
276	31	allmählich	ADJD	ADJD
276	32	verändert	VVFIN	VVPP
276	33	/	$(	$(
276	34	sonderlich	ADJD	ADJD
276	35	/	$(	$(
276	36	wenn	KOUS	KOUS
276	37	man	PIS	PIS
276	38	es	PPER	PPER
276	39	wie	KOKOM	KOKOM
276	40	gemeiniglich	ADV	ADJD
276	41	zu	PTKZU	PTKZU
276	42	geschehen	VVPP	VVINF
276	43	pflegt	VVFIN	VVFIN
276	44	/	$(	$(
276	45	in	APPR	APPR
276	46	gepichten	ADJA	ADJA
276	47	und	KON	KON
276	48	anderen	ADJA	PIS
276	49	dergleichen	PIS	PIS
276	50	Fässern	NN	NN
276	51	führt	VVFIN	VVFIN
276	52	.	$.	$.
277	1	von	APPR	APPR
277	2	den	ART	ART
277	3	Eigenschaften	NN	NN
277	4	und	KON	KON
277	5	Temperament	NN	NN
277	6	dieses	PDAT	PDAT
277	7	Wassers	NN	NN
277	8	/	$(	$(
277	9	weil	KOUS	KOUS
277	10	dasselbe	PDAT	PDS
277	11	gar	ADV	ADV
277	12	neulich	ADV	ADJD
277	13	von	APPR	APPR
277	14	dem	ART	ART
277	15	anderen	ADJA	PIAT
277	16	pfülenschenden	NE	ADJA
277	17	Wasser	NN	NN
277	18	abgeschieden	ADJD	VVPP
277	19	/	$(	$(
277	20	hat	VAFIN	VAFIN
277	21	man	PIS	PIS
277	22	bisher	ADV	ADV
277	23	wenig	PIS	ADV
277	24	gewusst	VVPP	VVPP
277	25	/	$(	$(
277	26	allein	ADV	ADV
277	27	dass	KOUS	KOUS
277	28	man	PIS	PIS
277	29	es	PPER	PPER
277	30	probiert	VVFIN	VVFIN
277	31	und	KON	KON
277	32	befunden	VVPP	VVPP
277	33	/	$(	$(
277	34	es	PPER	PPER
277	35	habe	VAFIN	VAFIN
277	36	Kupfererz	NN	NN
277	37	/	$(	$(
277	38	Steinbrücken	NN	NN
277	39	/	$(	$(
277	40	und	KON	KON
277	41	etwas	PIS	ADV
277	42	von	APPR	APPR
277	43	Kupferwasser	NN	NN
277	44	oder	KON	KON
277	45	Victril	NE	NN
277	46	in	APPR	APPR
277	47	sich	PRF	PRF
277	48	/	$(	$(
277	49	sonst	ADV	ADV
277	50	aber	ADV	ADV
277	51	nicht	PTKNEG	PTKNEG
277	52	schwerer	ADJA	ADJD
277	53	/	$(	$(
277	54	als	KOKOM	KOKOM
277	55	anderes	ADJD	PIAT
277	56	Brunnenwasser	NE	NN
277	57	.	$.	$.
278	1	ob	KOUS	KOUS
278	2	aber	ADV	ADV
278	3	wohl	ADV	ADV
278	4	etliche	PIAT	PIS
278	5	in	APPR	APPR
278	6	der	ART	ART
278	7	Meinung	NN	NN
278	8	/	$(	$(
278	9	dies	PDS	PDS
278	10	Wasser	NN	NN
278	11	sei	VAFIN	VAFIN
278	12	ein	ART	ART
278	13	rohes	ADJA	ADJA
278	14	Wasser	NN	NN
278	15	/	$(	$(
278	16	welches	PRELS	PWS
278	17	nichts	PIS	PIS
278	18	oder	KON	KON
278	19	ja	ADV	ADV
278	20	wenig	PIS	ADV
278	21	vermöge	VVFIN	VVFIN
278	22	/	$(	$(
278	23	so	ADV	ADV
278	24	kann	VMFIN	VMFIN
278	25	und	KON	KON
278	26	soll	VMFIN	VMFIN
278	27	es	PPER	PPER
278	28	doch	ADV	ADV
278	29	nicht	PTKNEG	PTKNEG
278	30	gänzlich	ADJD	ADJD
278	31	aller	PIAT	PIAT
278	32	Kräfte	NN	NN
278	33	beraubt	VVFIN	VVPP
278	34	werden	VAINF	VAINF
278	35	.	$.	$.
279	1	denn	KON	KON
279	2	die	ART	ART
279	3	jenigen	PIAT	ADJA
279	4	/	$(	$(
279	5	so	ADV	ADV
279	6	bisher	ADV	ADV
279	7	hie	ADV	ADV
279	8	und	KON	KON
279	9	anderswo	ADV	ADV
279	10	durch	APPR	APPR
279	11	kräftige	ADJA	ADJA
279	12	Arznei	NN	NN
279	13	nicht	PTKNEG	PTKNEG
279	14	haben	VAFIN	VAFIN
279	15	können	VMFIN	VMFIN
279	16	zu	PTKZU	PTKA
279	17	recht	ADJD	ADJD
279	18	gebracht	VVPP	VVPP
279	19	werden	VAINF	VAINF
279	20	/	$(	$(
279	21	die	ART	PRELS
279	22	sind	VAFIN	VAFIN
279	23	nächst	APPR	APPR
279	24	Gott[14]	NE	NN
279	25	Gott[14]	NE	NN
279	26	Gott[14]	NE	NN
279	27	Gott[14]	NE	NN
279	28	allein	ADV	ADV
279	29	durch	APPR	APPR
279	30	dies	PDS	PDS
279	31	Wasser	NN	NN
279	32	von	APPR	APPR
279	33	etlichen	ADJA	PIAT
279	34	Krankheiten	NN	NN
279	35	und	KON	KON
279	36	Leibsbeschwerungen	NN	NN
279	37	entledigt	VVPP	VVPP
279	38	/	$(	$(
279	39	und	KON	KON
279	40	wieder	ADV	ADV
279	41	zu	PTKZU	APPR
279	42	ihren	PPOSAT	PPOSAT
279	43	vorigen	ADJA	ADJA
279	44	Kräften	NN	NN
279	45	gekommen	VVFIN	VVPP
279	46	.	$.	$.
280	1	ein	ART	ART
280	2	edler	NN	ADJA
280	3	Knabe	NN	NN
280	4	in	APPR	APPR
280	5	dieser	PDAT	PDAT
280	6	Schule	NN	NN
280	7	zu	PTKZU	APPR
280	8	Plauen	NN	NE
280	9	/	$(	$(
280	10	von	APPR	APPR
280	11	17.	ADJA	ADJA
280	12	Jahren	NN	NN
280	13	/	$(	$(
280	14	hat	VAFIN	VAFIN
280	15	an	APPR	APPR
280	16	einem	ART	ART
280	17	dreitägigem	ADJA	ADJA
280	18	Fieber	NN	NN
280	19	krank	ADJD	ADJD
280	20	gelegen	VVPP	VVPP
280	21	/	$(	$(
280	22	welches	PRELS	PWS
280	23	durch	APPR	APPR
280	24	Arznei	NN	NN
280	25	sich	PRF	PRF
280	26	nicht	PTKNEG	PTKNEG
280	27	hat	VAFIN	VAFIN
280	28	vertreiben	VVINF	VVINF
280	29	lassen	VVINF	VVINF
280	30	wollen	VMFIN	VMFIN
280	31	.	$.	$.
281	1	da	ADV	KOUS
281	2	er	PPER	PPER
281	3	aber	ADV	ADV
281	4	dieses	PDAT	PDAT
281	5	Wasser	NN	NN
281	6	getrunken	VVPP	VVPP
281	7	/	$(	$(
281	8	hat	VAFIN	VAFIN
281	9	es	PPER	PPER
281	10	bald	ADV	ADV
281	11	nachgelassen	VVPP	VVINF
281	12	/	$(	$(
281	13	und	KON	KON
281	14	ist	VAFIN	VAFIN
281	15	durch	APPR	APPR
281	16	dies	PDS	PDAT
281	17	Wasser	NN	NN
281	18	vertrieben	VVPP	VVPP
281	19	und	KON	KON
281	20	gleichsam	ADJD	ADJD
281	21	ersäuft	VVFIN	VVPP
281	22	worden	VAPP	VAPP
281	23	.	$.	$.
282	1	eines	PIS	ART
282	2	hiesigen	ADV	ADJA
282	3	Bürgers	NN	NN
282	4	Töchterlein	NN	NN
282	5	von	APPR	APPR
282	6	elf	CARD	CARD
282	7	Jahren	NN	NN
282	8	hat	VAFIN	VAFIN
282	9	ein	ART	ART
282	10	Bergweh	NN	NN
282	11	gehabt	VAPP	VAPP
282	12	/	$(	$(
282	13	nicht	PTKNEG	PTKNEG
282	14	ohne	APPR	APPR
282	15	Lebensgefahr	NN	NN
282	16	/	$(	$(
282	17	welches	PRELS	PWS
282	18	aber	ADV	ADV
282	19	durch	APPR	APPR
282	20	dies	PDS	PDAT
282	21	Wasser	NN	NN
282	22	wieder	ADV	ADV
282	23	zu	PTKZU	APPR
282	24	Kräften	NN	NN
282	25	gekommen	VVFIN	VVPP
282	26	/	$(	$(
282	27	und	KON	KON
282	28	von	APPR	APPR
282	29	seinen	PPOSAT	PPOSAT
282	30	Schmerzen	NN	NN
282	31	entledigt	VVPP	VVPP
282	32	worden	VAPP	VAPP
282	33	.	$.	$.
283	1	desgleichen	KOUS	ADV
283	2	eine	ART	ART
283	3	Witwe	NN	NN
283	4	bei	APPR	APPR
283	5	uns	PPER	PRF
283	6	/	$(	$(
283	7	war	VAFIN	VAFIN
283	8	nur	ADV	ADV
283	9	dem	ART	ART
283	10	einem	ART	ART
283	11	Auge	NN	NN
283	12	blind	ADJD	ADJD
283	13	/	$(	$(
283	14	und	KON	KON
283	15	hatte	VAFIN	VAFIN
283	16	große	ADJA	ADJA
283	17	Hauptwehtag	NN	NN
283	18	/	$(	$(
283	19	welche	PWAT	PRELS
283	20	Schwachheiten	NN	NN
283	21	sich	PRF	PRF
283	22	verloren	VVPP	VVPP
283	23	/	$(	$(
283	24	nach	APPR	APPR
283	25	dem	ART	ART
283	26	sie	PPER	PPER
283	27	nur	ADV	ADV
283	28	diesem	PDAT	PDAT
283	29	Wasser	NN	NN
283	30	alle	PIAT	PIAT
283	31	ihre	PPOSAT	PPOSAT
283	32	Speise	NN	NN
283	33	kochte	VVFIN	VVFIN
283	34	.	$.	$.
284	1	es	PPER	PPER
284	2	dient	VVFIN	VVFIN
284	3	auch	ADV	ADV
284	4	dies	PDS	PDAT
284	5	Wasser	NN	NN
284	6	denen	PRELS	PDS
284	7	/	$(	$(
284	8	so	ADV	ADV
284	9	dumpfig	ADJD	ADJD
284	10	und	KON	KON
284	11	taub	ADJD	ADJD
284	12	sind	VAFIN	VAFIN
284	13	/	$(	$(
284	14	inmassen	KOUS	VVFIN
284	15	dieses	PDAT	PDAT
284	16	Wasser	NN	NN
284	17	getrunken	VVPP	VVPP
284	18	ein	ART	ART
284	19	Vornehmer	ADJA	NN
284	20	von	APPR	APPR
284	21	Adel	NN	NN
284	22	im	APPRART	APPRART
284	23	Amt	NN	NN
284	24	Plauen	NN	NE
284	25	/	$(	$(
284	26	vom	APPRART	APPRART
284	27	Dumpf	ADJD	NN
284	28	kuriert	VVFIN	VVPP
284	29	und	KON	KON
284	30	zu	PTKZU	PTKA
284	31	recht	ADJD	ADJD
284	32	gebracht	VVFIN	VVPP
284	33	/	$(	$(
284	34	auch	ADV	ADV
284	35	viel	ADV	ADV
284	36	in	APPR	APPR
284	37	dieser	PDAT	PDAT
284	38	Gegend	NN	NN
284	39	/	$(	$(
284	40	nach	APPR	APPR
284	41	dem	ART	ART
284	42	sie	PPER	PPER
284	43	dies	PDS	PDAT
284	44	Wasser	NN	NN
284	45	in	APPR	APPR
284	46	die	ART	ART
284	47	Ohren	NN	NN
284	48	geträufelt	VVPP	VVPP
284	49	/	$(	$(
284	50	ihr	PPOSAT	PPOSAT
284	51	Gehör	NN	NN
284	52	wieder	ADV	ADV
284	53	erlangt	VVFIN	VVPP
284	54	haben	VAFIN	VAFIN
284	55	.	$.	$.
285	1	über	APPR	APPR
285	2	das	ART	PDS
285	3	hat	VAFIN	VAFIN
285	4	ein	ART	ART
285	5	Mann	PIS	NN
285	6	zu	PTKZU	APPR
285	7	Schneeberg	NE	NE
285	8	im	APPRART	APPRART
285	9	Zipperlein	NN	NN
285	10	dies	PDS	PDS
285	11	Wasser	NN	NN
285	12	von	APPR	APPR
285	13	außen	ADV	ADJD
285	14	um	APPR	APPR
285	15	die	ART	ART
285	16	Gelenke	NE	NN
285	17	geschlagen	VVPP	VVPP
285	18	/	$(	$(
285	19	und	KON	KON
285	20	also	ADV	ADV
285	21	die	ART	ART
285	22	Schmerzen	NN	NN
285	23	gestillt	VVPP	VVPP
285	24	.	$.	$.
286	1	die	ART	ART
286	2	nah	ADJD	ADJD
286	3	bei	APPR	APPR
286	4	diesem	PDAT	PDAT
286	5	Brunnen	NE	NN
286	6	wohnen	VVINF	VVFIN
286	7	/	$(	$(
286	8	berichten	VVFIN	VVFIN
286	9	dass	KOUS	KOUS
286	10	dies	PDS	PDS
286	11	Wasser	NN	NN
286	12	vorzeiten	ADV	ADV
286	13	die	ART	ART
286	14	Krätze	NN	NN
286	15	und	KON	KON
286	16	alte	ADJA	ADJA
286	17	Schäden	NN	NN
286	18	geheilt	VVPP	VVPP
286	19	/	$(	$(
286	20	welche	PWAT	PRELS
286	21	Kraft	NN	NN
286	22	es	PPER	PPER
286	23	noch	ADV	ADV
286	24	hat	VAFIN	VAFIN
286	25	/	$(	$(
286	26	und	KON	KON
286	27	schon	ADV	ADV
286	28	vielen	PIAT	PIAT
286	29	geholfen	VVPP	VVPP
286	30	.	$.	$.
287	1	dass	KOUS	KOUS
287	2	er	PPER	PPER
287	3	aber	ADV	ADV
287	4	für	APPR	APPR
287	5	allerlei	PIAT	PIAT
287	6	Krankheit	NN	NN
287	7	dienen	VVINF	VVINF
287	8	soll	VMFIN	VMFIN
287	9	/	$(	$(
287	10	ist	VAFIN	VAFIN
287	11	nichts	PIS	PIS
287	12	/	$(	$(
287	13	darum	PAV	PAV
287	14	sehe	VVFIN	VVFIN
287	15	sich	PRF	PRF
287	16	ein	ART	ART
287	17	jeder	PIAT	PIS
287	18	wohl	ADV	ADV
287	19	für	APPR	APPR
287	20	dass	KOUS	KOUS
287	21	er	PPER	PPER
287	22	ihn	PPER	PPER
287	23	zu	PTKZU	APPR
287	24	seiner	PPOSAT	PPOSAT
287	25	Gesundheit	NN	NN
287	26	recht	ADJD	ADJD
287	27	gebrauche	VVFIN	VVFIN
287	28	.	$.	$.
288	1	Deo	FM	NE
288	2	soli	FM	NE
288	3	gloria	FM	NE
288	4	.	$.	$.
