1	kurzer	ADJA
2	/	$(
3	doch	ADV
4	gründlicher	ADJD
5	Bericht	NN
6	/	$(
7	von	APPR
8	Natur	NN
9	/	$(
10	Eigenschaft	NN
11	/	$(
12	Kraft	NN
13	/	$(
14	Wirkung	NN
15	/	$(
16	und	KON
17	rechtmäßigem	ADJA
18	Gebrauch	NN
19	des	ART
20	neu	ADJD
21	erfundenen	ADJA
22	Brunnens	NN
23	/	$(
24	zun	APPRART
25	dreien	CARD
26	Tannen	NN
27	in	APPR
28	Meißen	NE
29	bei	APPR
30	der	ART
31	Zwönitz	NN
32	gelegen	VVPP
33	.	$.
1	gestellt	VVPP
2	durch	APPR
3	Medikus	NE
1	Joannem	FM.la
2	Philippum	FM.la
3	Brendelium	FM.la
4	,	$,
5	Medicum	FM.la
6	jetzo	FM.la
7	zur	FM.la
8	Neustadt	FM.la
9	an	FM.la
10	der	FM.la
11	Orla	FM.la
12	.	$.
1	samt	APPR
2	angehängtem	ADJA
3	Extract	NN
4	/	$(
5	verdeutschter	NN
6	historischer	NN
7	Beschreibung	NN
8	desselben	PDS
9	Brunnens	NN
10	/	$(
11	unlängst	ADJD
12	von	APPR
13	Medikus	NE
1	Martino	NE
2	Pfuntelio	NE
3	,	$,
4	Rectore	NN
5	zu	PTKZU
6	Plauen	NN
7	in	FM
8	Latein	NN
9	geschrieben	VVPP
10	/	$(
11	und	KON
12	in	APPR
13	Druck	NN
14	verfertigt	VVFIN
15	.	$.
16	1608	CARD
17	.	$.
1	gedruckt	VVPP
2	zu	PTKZU
3	Jena	NE
4	/	$(
5	durch	APPR
6	Johann	NE
7	Weidnern	NE
8	.	$.
1	den	ART
2	durchlauchtigen	NN
3	/	$(
4	hochgeborenen	NN
5	Fürsten	NN
6	und	KON
7	Herren	NN
8	:	$.
1	Herrn	NN
2	Johann	NE
3	Philpen	NE
4	/	$(
5	Herrn	NN
6	Friedrichen	NE
7	/	$(
8	Herrn	NN
9	Johann	NE
10	Wilhelmen	NE
11	/	$(
12	Gebrüdern	NN
13	/	$(
14	Herzögen	NE
15	zu	PTKZU
16	Sachsen	NE
17	/	$(
18	Landgrafen	NN
19	in	APPR
20	Thüringen	NE
21	/	$(
22	Markgrafen	NN
23	zu	PTKZU
24	Meißen	NE
25	/	$(
26	et cetera	ADV
1	meinen	VVFIN
2	gnädigen	ADJA
3	Fürsten	NN
4	und	KON
5	Herren	NN
6	.	$.
1	durchleuchtige	NN
2	/	$(
3	hochgeborene	NN
4	Fürsten	NN
5	/	$(
6	euren	NN
7	fürstlichen	NN
8	Gnaden	NN
9	sind	VAFIN
10	meine	PPOSAT
11	untertänigen	ADJA
12	Dienste	NN
13	jederzeit	ADV
14	ganz	ADV
15	willig	ADJD
16	zuvor	ADV
17	:	$.
1	gnädige	NN
2	Fürsten	NN
3	und	KON
4	Herren	NN
5	/	$(
6	der	ART
7	Engel	NE
8	Raphael	NE
9	sagt	VVFIN
10	im	APPRART
11	Buch	NN
12	Tobias	NE
13	am	APPRART
14	12.	ADJA
15	Kapitel	NN
16	/	$(
17	der	ART
18	Könige	NN
19	und	KON
20	Fürsten	NN
21	Rat	NN
22	und	KON
23	Heimlichkeit	NN
24	soll	VMFIN
25	man	PIS
26	verschweigen	VVINF
27	/	$(
28	aber	KON
29	Gottes	NN
30	Werk	NN
31	soll	VMFIN
32	man	PIS
33	herrlich	ADJD
34	preisen	VVFIN
35	und	KON
36	offenbaren	VVINF
37	.	$.
1	welches	PWS
2	ob	KOUS
3	es	PPER
4	wohl	ADV
5	in	APPR
6	gemein	ADJD
7	von	APPR
8	allen	PIAT
9	Werken	NN
10	und	KON
11	Wohltaten	NN
12	Gottes	NN
13	/	$(
14	sie	PPER
15	seien	VAINF
16	allgemein	ADJD
17	oder	KON
18	sonderbar	ADJD
19	/	$(
20	in	APPR
21	allen	PIAT
22	Ständen	NN
23	geredet	VVPP
24	wird	VAFIN
25	/	$(
26	so	ADV
27	kann	VMFIN
28	es	PPER
29	doch	ADV
30	nicht	PTKNEG
31	unbillig	ADJD
32	auch	ADV
33	insonderheit	ADV
34	auf	APPR
35	diese	PDAT
36	Werke	NN
37	und	KON
38	Gaben	NN
39	Gottes	NN
40	gezogen	VVPP
41	werden	VAINF
42	/	$(
43	welche	PWAT
44	zu	PTKZU
45	Erlangung	NN
46	und	KON
47	Erhaltung	NN
48	der	ART
49	Gesundheit	NN
50	des	ART
51	Menschen	NN
52	ersprießlich	ADJD
53	seien	VAINF
54	/	$(
55	inmassen	KOUS
56	denn	KON
57	der	ART
58	Engel	NE
59	Raphael	NE
60	eben	ADV
61	daher	PAV
62	seinen	PPOSAT
63	Namen	NN
64	hat	VAFIN
65	/	$(
66	dass	KOUS
67	er	PPER
68	ein	ART
69	Arzt	NN
70	Gottes	NN
71	genannt	VVPP
72	wird	VAFIN
73	/	$(
74	auch	ADV
75	solchen	PIAT
76	seinen	PPOSAT
77	Namen	NN
78	in	APPR
79	der	ART
80	Historie	NN
81	Tobias	NE
82	auf	APPR
83	viele	ADV
84	Wege	NN
85	in	APPR
86	der	ART
87	Tat	NN
88	erwiesen	VVPP
89	.	$.
1	geht	VVFIN
2	demnach	PAV
3	allhier	ADV
4	der	ART
5	Engel	NE
6	Raphael	NE
7	allen	PIAT
8	christlichen	ADJA
9	Ärzten	NN
10	mit	APPR
11	gutem	ADJA
12	Exempel	NN
13	für	APPR
14	/	$(
15	dieselben	PDAT
16	dadurch	PAV
17	anzumahnen	VVIZU
18	/	$(
19	dass	KOUS
20	sie	PPER
21	Gottes	NN
22	milde	ADJA
23	reiche	VVFIN
24	Güte	NN
25	in	APPR
26	Offenbarung	NN
27	und	KON
28	Ausbreitung	NN
29	vieler	PIAT
30	heilsamer	ADJA
31	/	$(
32	und	KON
33	zur	APPRART
34	Gesundheit	NN
35	dienlicher	ADJA
36	Mittel	NN
37	/	$(
38	so	ADV
39	viel	ADV
40	immer	ADV
41	müglich	ADJD
42	/	$(
43	rühmen	VVINF
44	/	$(
45	loben	VVFIN
46	und	KON
47	preisen	VVFIN
48	.	$.
1	dazu	PAV
2	auch	ADV
3	der	ART
4	weise	VVFIN
5	Man	PIS
6	Jesus	NE
7	Sirach	NE
8	/	$(
9	welcher	PWAT
10	in	APPR
11	seinem	PPOSAT
12	Buch	NN
13	den	ART
14	Arzt	NN
15	und	KON
16	die	ART
17	Arznei	NN
18	als	KOKOM
19	von	APPR
20	Gott	NN
21	geschaffen	VVPP
22	/	$(
23	hoch	ADJD
24	rühmt	VVFIN
25	/	$(
26	und	KON
27	ausdrücklich	ADJD
28	anzeigt	VVFIN
29	/	$(
30	dass	KOUS
31	der	ART
32	Herr	NN
33	eben	ADV
34	darum	PAV
35	solche	PIAT
36	Kunst	NN
37	den	ART
38	Menschen	NN
39	gegeben	VVPP
40	habe	VAFIN
41	/	$(
42	dass	KOUS
43	er	PPER
44	gepriesen	VVPP
45	würde	VAFIN
46	in	APPR
47	seinen	PPOSAT
48	Wundertaten	NN
49	/	$(
50	sie	PPER
51	und	KON
52	alle	PIAT
53	Christen	NN
54	vermahnt	VVFIN
55	/	$(
56	in	APPR
57	dem	ART
58	er	PPER
59	sagt	VVFIN
60	am	APPRART
61	drei	CARD
62	und	KON
63	vierzigsten	ADJA
64	Kapitel	NN
1	lobt	VVFIN
2	und	KON
3	preist	VVFIN
4	den	ART
5	Herrn	NN
6	/	$(
7	so	ADV
8	hoch	ADJD
9	ihr	PPOSAT
10	vermögt	VVFIN
11	/	$(
12	er	PPER
13	ist	VAFIN
14	doch	ADV
15	noch	ADV
16	höher	ADJD
17	/	$(
18	preist	NN
19	ihn	PPER
20	aus	APPR
21	allen	PIAT
22	Kräften	NN
23	/	$(
24	und	KON
25	lasst	VVFIN
26	nicht	PTKNEG
27	ab	PTKVZ
28	/	$(
29	noch	ADV
30	werdet	VAFIN
31	ihr	PPOSAT
32	es	PPER
33	nicht	PTKNEG
34	erreichen	VVINF
35	et cetera	ADV
1	wir	PPER
2	sehen	VVINF
3	seiner	PPOSAT
4	Werke	NN
5	das	ART
6	Wenigste	ADJA
7	/	$(
8	denn	KON
9	viel	ADV
10	größere	ADJA
11	sind	VAFIN
12	uns	PPER
13	noch	ADV
14	verborgen	VVPP
15	.	$.
1	wann	PWAV
2	dann	ADV
3	unter	APPR
4	solchen	PIAT
5	heilsamen	ADJA
6	/	$(
7	und	KON
8	zur	APPRART
9	Gesundheit	NN
10	dienlichen	ADJA
11	Werken	NN
12	und	KON
13	Geschöpfen	NN
14	Gottes	NN
15	nicht	PTKNEG
16	die	ART
17	wenigsten	PIAT
18	sind	VAFIN
19	die	ART
20	warmen	NN
21	Bäder	NN
22	/	$(
23	Sauer	NN
24	und	KON
25	andere	ADJA
26	Brunnen	NN
27	/	$(
28	welche	PWAT
29	allerlei	PIAT
30	Mineralien	NN
31	und	KON
32	Bergarten	NN
33	/	$(
34	so	ADV
35	sie	PPER
36	führen	VVINF
37	/	$(
38	und	KON
39	damit	PAV
40	vermengt	VVFIN
41	seien	VAINF
42	/	$(
43	Kraft	NN
44	und	KON
45	Wirkung	NN
46	an	APPR
47	sich	PRF
48	haben	VAFIN
49	/	$(
50	ist	VAFIN
51	es	PPER
52	billig	ADJD
53	und	KON
54	christlich	ADJD
55	/	$(
56	dass	KOUS
57	alle	PIAT
58	gottfürchtigen	NE
59	Ärzte	NN
60	Gott	NN
61	dem	ART
62	Schöpfer	NN
63	zu	PTKZU
64	Ehren	NN
65	denselben	PDAT
66	nachdenken	VVINF
67	/	$(
68	fleißig	ADJD
69	erforschen	VVINF
70	und	KON
71	dartun	VVINF
72	/	$(
73	was	PWS
74	sie	PPER
75	für	APPR
76	Art	NN
77	und	KON
78	Eigenschaft	NN
79	an	APPR
80	sich	PRF
81	haben	VAFIN
82	/	$(
83	wozu	PWAV
84	sie	PPER
85	dienen	VVINF
86	/	$(
87	woher	PWAV
88	sie	PPER
89	ihre	PPOSAT
90	Kraft	NN
91	haben	VAFIN
92	/	$(
93	und	KON
94	welcher	PWAT
95	Gestalt	NN
96	sie	PPER
97	fruchtbarlich	ADJD
98	zu	PTKZU
99	gebrauchen	VVINF
100	.	$.
1	und	KON
2	dieweil	KOUS
3	dieses	PDAT
4	Jahr	NN
5	ein	ART
6	solcher	PIAT
7	heilsamer	ADJA
8	Brunnen	NN
9	im	APPRART
10	Lande	NN
11	zu	PTKZU
12	Meißen	NE
13	/	$(
14	dessen	PDS
15	man	PIS
16	eine	ART
17	Zeit	NN
18	her	APZR
19	nicht	PTKNEG
20	geachtet	VVPP
21	/	$(
22	wiederum	ADV
23	in	APPR
24	Beruf	NN
25	kommen	VVFIN
26	/	$(
27	habe	VAFIN
28	ich	PPER
29	zwar	ADV
30	bald	ADV
31	anfänglich	ADJD
32	dem	ART
33	selben	ADJA
34	nachgeforscht	VVPP
35	/	$(
36	seinen	PPOSAT
37	Halt	NN
38	und	KON
39	Mineram	NN
40	/	$(
41	so	ADV
42	viel	ADV
43	abwesend	ADJD
44	geschehen	VVPP
45	können	VMFIN
46	/	$(
47	probiert	VVFIN
48	/	$(
49	aber	KON
50	lange	ADV
51	Zeit	NN
52	in	APPR
53	Hoffnung	NN
54	gestanden	VVPP
55	/	$(
56	es	PPER
57	würde	VAFIN
58	jemand	PIS
59	anderes	ADV
60	/	$(
61	welcher	PWAT
62	mehr	ADV
63	Berufs	NN
64	und	KON
65	Ansehens	NN
66	hätte	VAFIN
67	/	$(
68	sich	PRF
69	der	ART
70	Sache	NN
71	unterwinden	VVINF
72	/	$(
73	und	KON
74	in	APPR
75	offenem	ADJA
76	Druck	NN
77	seine	PPOSAT
78	Natur	NN
79	/	$(
80	Kraft	NN
81	/	$(
82	Wirkung	NN
83	und	KON
84	Gebrauch	NN
85	/	$(
86	menniglichen	ADJA
87	zu	PTKZU
88	gute	ADJD
89	an	APPR
90	Tag	NN
91	geben	VVINF
92	.	$.
1	weil	KOUS
2	ich	PPER
3	aber	ADV
4	bis	VVFIN
5	daher	PAV
6	vergeblich	ADJD
7	gehofft	VVPP
8	/	$(
9	und	KON
10	gleichwohl	ADV
11	von	APPR
12	vielen	PIAT
13	gutherzigen	ADJA
14	Leuten	NN
15	/	$(
16	was	PWS
17	ich	PPER
18	davon	PAV
19	hielte	VVFIN
20	/	$(
21	oft	ADV
22	und	KON
23	vielmals	ADV
24	ersucht	VVFIN
25	und	KON
26	angelangt	VVFIN
27	worden	VAPP
28	/	$(
29	habe	NN
30	ich	PPER
31	mich	PPER
32	endlich	ADV
33	aus	APPR
34	Ursachen	NN
35	/	$(
36	so	ADV
37	ich	PPER
38	im	APPRART
39	Eingange	NN
40	dieses	PDAT
41	Traktätleins	NN
42	erzähle	VVFIN
43	/	$(
44	solches	PIAT
45	Werks	NN
46	unterfangen	NN
47	/	$(
48	und	KON
49	meine	PPOSAT
50	Meinung	NN
51	hiervon	PAV
52	in	APPR
53	diesem	PDAT
54	Traktätlein	NN
55	kurz	ADJD
56	begriffen	VVPP
57	.	$.
1	welches	PWS
2	euren	NN
3	fürstlichen	NE
1	Gnaden	NN
2	um	APPR
3	desto	ADV
4	mehrers	PIAT
5	Ansehens	NN
6	Willen	NN
7	/	$(
8	ich	PPER
9	in	APPR
10	Untertänigkeit	NN
11	hiermit	PAV
12	dediziere	VVFIN
13	und	KON
14	zuschreibe	VVFIN
15	/	$(
16	untertänig	ADJD
17	bittend	ADJA
18	/	$(
19	solch	PIAT
20	geringfügiges	ADJD
21	Werk	NN
22	in	APPR
23	Gnaden	NN
24	von	APPR
25	mir	PPER
26	auf-	APPR
27	und	KON
28	anzunehmen	VVIZU
29	/	$(
30	und	KON
31	meine	PPOSAT
32	gnädige	ADJA
33	Fürsten	NN
34	und	KON
35	Herren	NN
36	zu	PTKZU
37	sein	VAINF
38	und	KON
39	zu	PTKZU
40	bleiben	VVINF
41	.	$.
1	das	ART
2	bin	VAFIN
3	um	APPR
4	eure	NN
5	fürstliche	NE
6	Gnaden	NN
7	ich	PPER
8	mit	APPR
9	meinem	PPOSAT
10	andächtigem	ADJA
11	Gebet	NN
12	um	APPR
13	dero	PRELAT
14	beständige	ADJA
15	Gesundheit	NN
16	/	$(
17	langes	ADJA
18	Leben	NN
19	/	$(
20	und	KON
21	alle	PIAT
22	gedeihliche	NE
23	Wohlfahrt	NN
24	/	$(
25	beneben	APPR
26	meinen	VVFIN
27	untertänigen	ADJA
28	/	$(
29	wiewohl	KOUS
30	geringen	ADJA
31	Diensten	NN
32	zu	PTKZU
33	verdienen	VVFIN
34	/	$(
35	in	APPR
36	Untertänigkeit	NN
37	ganz	ADV
38	willig	ADJD
39	.	$.
1	Datum	NN
2	zur	APPRART
3	Neustadt	NN
4	an	APPR
5	der	ART
6	Orla	NE
7	/	$(
8	am	APPRART
9	Tage	NN
10	Michaelis	NE
11	/	$(
12	1608	CARD
13	.	$.
14	eurer	PPOSAT
15	fürstlichen	NN
16	Gnaden	NN
17	untertäniger	NN
18	M.	NE
19	Johannes	NE
20	Philippus	NE
21	Brendel	NE
22	/	$(
23	jetzt	ADV
24	Medikus	NN
25	daselbst	PAV
26	 .	$.
27	so	PTK
28	weit	ADJD
29	und	KON
30	breit	ADJD
31	nicht	PTKNEG
32	allein	ADV
33	in	APPR
34	dieser	PDAT
35	Gegend	NN
36	/	$(
37	sondern	KON
38	auch	ADV
39	fast	ADV
40	im	APPRART
41	ganzen	ADJA
42	Deutschen	ADJA
43	/	$(
44	auch	ADV
45	wohl	ADV
46	anderen	ADJA
47	Ländern	NN
48	der	ART
49	neuerfundene	ADJA
50	/	$(
51	oder	KON
52	jetzo	ADV
53	aufs	APPRART
54	Neue	ADJD
55	ausgeschriene	ADJA
56	und	KON
57	berühmte	ADJA
58	Brunnen	NN
59	in	APPR
60	Meißen	NE
61	/	$(
62	bei	APPR
63	der	ART
64	Zwönitz	NN
65	gelegen	VVPP
66	/	$(
67	bekannt	ADJD
68	ist	VAFIN
69	/	$(
70	so	ADV
71	sehr	ADV
72	wundert	VVFIN
73	mich	PPER
74	/	$(
75	das	ART
76	sich	PRF
77	noch	ADV
78	zur	APPRART
79	Zeit	NN
80	niemand	PIS
81	/	$(
82	welcher	PWAT
83	von	APPR
84	seiner	PPOSAT
85	Natur	NN
86	und	KON
87	Gebrauch	NN
88	etwas	PIS
89	Gründliches	ADJA
90	in	APPR
91	Druck	NN
92	verfertigt	VVFIN
93	/	$(
94	gefunden	VVFIN
95	.	$.
1	zwar	ADV
2	ich	PPER
3	muss	VMFIN
4	selber	ADV
5	bekennen	VVFIN
6	/	$(
7	dass	KOUS
8	ich	PPER
9	viel	ADV
10	lieber	ADV
11	einen	ART
12	anderen	ADJA
13	/	$(
14	welcher	PWAT
15	davon	PAV
16	seine	PPOSAT
17	Meinung	NN
18	an	APPR
19	Tag	NN
20	gegeben	VVPP
21	hätte	VAFIN
22	/	$(
23	lesen	VVINF
24	wollte	VMFIN
25	/	$(
26	als	KOKOM
27	dass	KOUS
28	ich	PPER
29	hiervon	PAV
30	etwas	PIS
31	schreiben	VVINF
32	und	KON
33	in	APPR
34	Druck	NN
35	gehen	VVINF
36	lassen	VVINF
37	soll	VMFIN
38	/	$(
39	besonders	ADV
40	jetziger	ADJA
41	Zeit	NN
42	Gelegenheit	NN
43	nach	APPR
44	/	$(
45	da	ADV
46	man	PIS
47	wenige	PIS
48	Leute	NN
49	findet	VVFIN
50	/	$(
51	die	ART
52	eines	ART
53	anderen	ADJA
54	Arbeit	NN
55	in	APPR
56	Gutem	ADJA
57	/	$(
58	wie	KOKOM
59	sie	PPER
60	gemeint	VVPP
61	aufnehmen	VVINF
62	/	$(
63	hergegen	ADV
64	aber	ADV
65	so	ADV
66	viele	ADV
67	Schmeißhummeln	NN
68	und	KON
69	Momi	NN
70	haufenweise	ADV
71	/	$(
72	wie	KOKOM
73	die	ART
74	Staren	NN
75	/	$(
76	sich	PRF
77	finden	VVINF
78	/	$(
79	welche	PWAT
80	/	$(
81	wenn	KOUS
82	sie	PPER
83	gleich	ADV
84	für	APPR
85	sich	PRF
86	selbst	ADV
87	nichts	PIS
88	Gutes	NN
89	tun	VVINF
90	/	$(
91	doch	ADV
92	alles	PIS
93	/	$(
94	was	PWS
95	ihnen	PPER
96	unter	APPR
97	ihre	PPOSAT
98	Krallen	NN
99	kommt	VVFIN
100	/	$(
101	es	PPER
102	sei	VAFIN
103	so	ADV
104	gut	ADJD
105	oder	KON
106	doch	ADV
107	wohlgemeint	ADJD
108	es	PPER
109	immer	ADV
110	wolle	VMFIN
111	/	$(
112	tadeln	VVINF
113	und	KON
114	vernichten	VVINF
115	.	$.
1	dessen	PDS
2	aber	ADV
3	ungeachtet	APPR
4	/	$(
5	dieweil	KOUS
6	gleichwohl	ADV
7	allerlei	PIAT
8	Ungelegenheiten	NN
9	aus	APPR
10	Mangel	NN
11	eines	ART
12	gründlichen	ADJA
13	Berichts	NN
14	von	APPR
15	dieses	PDAT
16	Brunnens	NN
17	Natur	NN
18	/	$(
19	Wirkung	NN
20	und	KON
21	nützlichem	ADJA
22	Brauch	NN
23	entstehen	VVINF
24	/	$(
25	in	APPR
26	dem	ART
27	der	ART
28	gemeine	ADJA
29	Mann	PIS
30	eine	ART
31	Panacaeam	NE
32	daraus	PAV
33	machen	VVINF
34	/	$(
35	und	KON
36	dafür	PAV
37	halten	VVINF
38	will	VMFIN
39	/	$(
40	dass	KOUS
41	er	PPER
42	alle	PIAT
43	Krankheiten	NN
44	heile	ADJA
45	/	$(
46	welches	PWS
47	/	$(
48	dieweil	KOUS
49	es	PPER
50	nicht	PTKNEG
51	geschieht	VVFIN
52	/	$(
53	nicht	PTKNEG
54	allein	ADV
55	die	ART
56	Zehrung	NN
57	oder	KON
58	Fuhrlohn	NN
59	umsonst	ADV
60	angewendet	VVPP
61	/	$(
62	welches	PRELS
63	noch	ADV
64	zu	PTKZU
65	vergessen	VVPP
66	wäre	VAFIN
67	/	$(
68	sondern	KON
69	auch	ADV
70	viele	ADV
71	Leute	NN
72	sich	PRF
73	damit	PAV
74	verderben	VVFIN
75	/	$(
76	wie	KOKOM
77	ich	PPER
78	selbst	ADV
79	weiß	VVFIN
80	/	$(
81	dass	KOUS
82	etliche	PIAT
83	/	$(
84	so	ADV
85	diesen	PDAT
86	Brunnen	NN
87	gebraucht	VVPP
88	/	$(
89	Hauptwehtage	NN
90	/	$(
91	Reißen	NN
92	in	APPR
93	Gliedern	NN
94	/	$(
95	Convulsiones	NE
96	und	KON
97	andere	ADJA
98	Beschwerung	NN
99	davon	PAV
100	erregt	VVPP
101	/	$(
102	und	KON
103	derowegen	ADV
104	Arznei	NN
105	brauchen	VVFIN
106	müssen	VMFIN
107	.	$.
1	dadurch	PAV
2	denn	KON
3	ferner	ADV
4	Ursache	NN
5	und	KON
6	Anlass	NN
7	gegeben	VVINF
8	wird	VAFIN
9	/	$(
10	das	ART
11	dieser	PDAT
12	Brunnen	NN
13	/	$(
14	welcher	PWAT
15	in	APPR
16	gewissen	ADJA
17	Krankheiten	NN
18	/	$(
19	und	KON
20	auf	APPR
21	gewisse	ADJA
22	Maß	NN
23	und	KON
24	Weise	NN
25	gebraucht	VVPP
26	/	$(
27	eine	ART
28	sonderliche	ADJA
29	Gabe	NN
30	/	$(
31	Werk	NN
32	und	KON
33	Geschöpf	NN
34	Gottes	NN
35	ist	VAFIN
36	/	$(
37	von	APPR
38	vielen	PIAT
39	vernichtet	VVPP
40	/	$(
41	ja	ADV
42	wohl	ADV
43	für	APPR
44	schädlich	ADJD
45	und	KON
46	giftig	ADJD
47	ausgeschrien	VVPP
48	wird	VAFIN
49	.	$.
1	zu	APPR
2	dem	ART
3	auch	ADV
4	allen	PIAT
5	Medizis	NE
6	,	$,
7	ja	ADV
8	allen	PIAT
9	Physicis	NE
10	oder	KON
11	Naturkündigern	NN
12	obliegen	VVINF
13	und	KON
14	gebühren	VVINF
15	will	VMFIN
16	/	$(
17	darob	PAV
18	zu	PTKZU
19	sein	VAINF
20	/	$(
21	dass	KOUS
22	dieses	PDAT
23	so	ADV
24	weit	ADJD
25	und	KON
26	hochberühmten	ADJA
27	Brunnens	NN
28	Art	NN
29	und	KON
30	Eigenschaft	NN
31	nicht	PTKNEG
32	verborgen	VVPP
33	bleibe	VVFIN
34	/	$(
35	sondern	KON
36	erkundigt	VVFIN
37	/	$(
38	und	KON
39	/	$(
40	wie	KOKOM
41	männiglich	ADJD
42	wünscht	VVFIN
43	/	$(
44	hofft	VVFIN
45	/	$(
46	und	KON
47	mit	APPR
48	Verlangen	NN
49	danach	PAV
50	wartet	VVFIN
51	/	$(
52	ans	APPRART
53	Licht	NN
54	gebracht	VVFIN
55	werde	VAFIN
56	:	$.
1	als	KOKOM
2	habe	VAFIN
3	ich	PPER
4	/	$(
5	sonderlich	ADJD
6	auf	APPR
7	vieler	PIAT
8	vornehmer	ADJA
9	und	KON
10	gutherziger	ADJA
11	Leute	NN
12	Anhalten	VVINF
13	/	$(
14	kürzlich	ADV
15	hiervon	PAV
16	meine	PPOSAT
17	Meinung	NN
18	/	$(
19	so	ADV
20	gut	ADJD
21	mir	PPER
22	es	PPER
23	unser	PPOSAT
24	Herr	NN
25	Gott	NN
26	beschert	VVPP
27	/	$(
28	niemands	PIS
29	vorgegriffen	VVPP
30	/	$(
31	öffentlich	ADJD
32	dartun	VVINF
33	wollen	VMFIN
34	.	$.
1	welches	PWS
2	der	ART
3	gutherzige	ADJA
4	Leser	NN
5	im	APPRART
6	Besten	ADJA
7	vormerken	VVINF
8	/	$(
9	und	KON
10	da	ADV
11	ich	PPER
12	verhoffentlich	ADJD
13	den	ART
14	Zweck	NN
15	getroffen	VVPP
16	/	$(
17	ihm	PPER
18	meine	PPOSAT
19	gutherzige	ADJA
20	Wohlmeinung	NN
21	gefallen	VVPP
22	lassen	VVINF
23	/	$(
24	da	ADV
25	er	PPER
26	aber	ADV
27	einer	ART
28	anderen	ADJA
29	Meinung	NN
30	/	$(
31	welche	PWAT
32	bas	NN
33	gegründet	VVPP
34	/	$(
35	dieselbige	PDAT
36	gemeines	ADJA
37	Nutzens	NN
38	halben	ADJA
39	nicht	PTKNEG
40	verhehlen	VVINF
41	wolle	VMFIN
42	.	$.
1	soll	VMFIN
2	als	KOKOM
3	dann	ADV
4	mir	PPER
5	genug	ADV
6	sein	VAINF
7	/	$(
8	dass	KOUS
9	/	$(
10	wo	PWAV
11	ich	PPER
12	durch	APPR
13	diese	PDAT
14	meine	PPOSAT
15	/	$(
16	wiewohl	KOUS
17	geringschätzige	ADJA
18	/	$(
19	Arbeit	NN
20	/	$(
21	nichts	PIS
22	anderes	ADV
23	ausgerichtet	VVPP
24	und	KON
25	erlangt	VVFIN
26	/	$(
27	doch	ADV
28	anderen	ADJA
29	den	ART
30	Sachen	NN
31	weiter	ADV
32	und	KON
33	besser	ADJD
34	nach	APPR
35	zu	PTKZU
36	denken	VVINF
37	/	$(
38	und	KON
39	die	ART
40	Wahrheit	NN
41	zu	PTKZU
42	erfinden	VVINF
43	/	$(
44	Ursache	NN
45	und	KON
46	Anleitung	NN
47	gegeben	VVPP
48	habe	VAFIN
49	.	$.
1	will	VMFIN
2	demnach	PAV
3	im	APPRART
4	Namen	NN
5	Gottes	NN
6	zum	APPRART
7	Handel	NN
8	schreiten	VVFIN
9	/	$(
10	und	KON
11	erstlich	ADV
12	von	APPR
13	der	ART
14	Natur	NN
15	/	$(
16	Art	NN
17	und	KON
18	Eigenschaft	NN
19	/	$(
20	oder	KON
21	Essentia	NN
22	und	KON
23	Minera	NN
24	,	$,
25	daher	PAV
26	dieser	PDAT
27	Brunnen	NN
28	seine	PPOSAT
29	Kraft	NN
30	hat	VAFIN
31	/	$(
32	berichten	VVFIN
33	/	$(
34	zum	APPRART
35	2.	ADJA
36	/	$(
37	was	PWS
38	von	APPR
39	der	ART
40	Komplexion	NN
41	oder	KON
42	Temperamento	NE
43	und	KON
44	Qualitäten	NN
45	dieses	PDAT
46	Brunnens	NN
47	andeuten	VVINF
48	/	$(
49	zum	APPRART
50	3.	ADJA
51	seine	PPOSAT
52	Kraft	NN
53	und	KON
54	Wirkungen	NN
55	/	$(
56	so	ADV
57	viel	ADV
58	mir	PPER
59	dieselben	PDAT
60	wissend	ADJD
61	/	$(
62	erzählen	VVINF
63	/	$(
64	und	KON
65	letztlich	ADV
66	von	APPR
67	seinem	PPOSAT
68	rechtmäßigen	ADJA
69	/	$(
70	heilsamen	ADJA
71	/	$(
72	und	KON
73	nützlichen	ADJA
74	Gebrauch	NN
75	/	$(
76	kurze	ADJA
77	Erinnerung	NN
78	tun	VVINF
79	.	$.
1	das	ART
2	erste	ADJA
3	Kapitel	NN
4	.	$.
1	von	APPR
2	der	ART
3	Natur	NN
4	/	$(
5	oder	KON
6	Minera	NN
7	und	KON
8	Essentia	NN
9	dieses	PDAT
10	Brunnens	NN
11	.	$.
1	anfänglich	ADJD
2	wann	PWAV
3	ein	ART
4	Wasser	NN
5	entweder	KON
6	stark	ADJD
7	reucht	VVFIN
8	/	$(
9	oder	KON
10	ist	VAFIN
11	trübe	ADJA
12	/	$(
13	oder	KON
14	salzig	NE
15	/	$(
16	oder	KON
17	sonsten	ADV
18	eine	ART
19	zur	APPRART
20	Arznei	NN
21	dienende	ADJA
22	Kraft	NN
23	hat	VAFIN
24	/	$(
25	so	ADV
26	heißt	VVFIN
27	es	PPER
28	der	ART
29	fürnehme	ADJA
30	Medikus	NN
31	Galenus	NN
32	recht	ADJD
33	und	KON
34	wohl	ADV
35	nicht	PTKNEG
36	nur	ADV
37	schlecht	ADJD
38	sondern	KON
39	ein	ART
40	vermischtes	ADJA
41	Wasser	NN
42	.	$.
1	nun	ADV
2	ist	VAFIN
3	dieser	PDAT
4	Brunnen	NN
5	etwas	PIS
6	süßlicher	ADJA
7	am	APPRART
8	Geschmack	NN
9	und	KON
10	etwas	PIS
11	pfülentzschichter	NE
12	/	$(
13	dann	ADV
14	andere	ADJD
15	gemeine	ADJD
16	Wasser	NN
17	/	$(
18	und	KON
19	an	APPR
20	der	ART
21	Farbe	NN
22	etwas	PIS
23	trüber	ADJD
24	und	KON
25	fast	ADV
26	einem	ART
27	Molken	NN
28	gleich	ADV
29	/	$(
30	wann	PWAV
31	er	PPER
32	sich	PRF
33	nicht	PTKNEG
34	abgeläutert	VVPP
35	und	KON
36	zu	PTKZU
37	Grunde	NN
38	gesetzt	VVPP
39	.	$.
1	item	NN
2	wann	PWAV
3	man	PIS
4	dessen	PDS
5	gleich	ADV
6	eine	ART
7	gute	ADJA
8	Notdurft	NN
9	trinkt	VVFIN
10	/	$(
11	so	ADV
12	fühlt	VVFIN
13	man	PIS
14	doch	ADV
15	in	APPR
16	Hypochondriis	NE
17	und	KON
18	Weichen	VVINF
19	leichtlich	ADJD
20	keine	PIAT
21	Beschwerung	NN
22	oder	KON
23	Blähung	NN
24	davon	PAV
25	.	$.
1	zu	APPR
2	dem	ART
3	hält	VVFIN
4	er	PPER
5	sich	PRF
6	lange	ADV
7	/	$(
8	dass	KOUS
9	er	PPER
10	nicht	PTKNEG
11	so	ADV
12	leichtlich	ADJD
13	stinkend	VVPP
14	wird	VAFIN
15	.	$.
1	letztlich	ADV
2	so	ADV
3	hat	VAFIN
4	er	PPER
5	/	$(
6	wie	KOKOM
7	die	ART
8	Erfahrung	NN
9	zeugt	VVFIN
10	/	$(
11	so	ADV
12	viel	ADV
13	zur	APPRART
14	Gesundheit	NN
15	dienliche	ADJA
16	Kräfte	NN
17	und	KON
18	Tugenden	NN
19	/	$(
20	dergleichen	PIS
21	ein	ART
22	schlechtes	ADJD
23	Wasser	NN
24	nicht	PTKNEG
25	haben	VAFIN
26	kann	VMFIN
27	.	$.
1	dannenher	PAV
2	dann	ADV
3	ein	ART
4	jeder	PIAT
5	leichtlich	ADJD
6	abzunehmen	VVINF
7	/	$(
8	dass	KOUS
9	dieser	PDAT
10	Brunnen	NE
11	mit	APPR
12	etwas	PIS
13	anderem	ADV
14	vermischt	VVFIN
15	sei	VAFIN
16	.	$.
1	weil	KOUS
2	aber	ADV
3	solches	PIAT
4	nicht	PTKNEG
5	/	$(
6	wie	KOKOM
7	in	APPR
8	den	ART
9	Sauer-	NN
10	und	KON
11	Salzbrunnen	NN
12	/	$(
13	durch	APPR
14	den	ART
15	Geschmack	NN
16	/	$(
17	oder	KON
18	durch	APPR
19	den	ART
20	Geruch	NN
21	/	$(
22	wie	KOKOM
23	in	APPR
24	den	ART
25	Schwefelwassern	NN
26	/	$(
27	viel	ADV
28	weniger	ADV
29	mit	APPR
30	dem	ART
31	Gesicht	NN
32	/	$(
33	als	KOKOM
34	bald	ADV
35	erkannt	VVFIN
36	/	$(
37	und	KON
38	unterschieden	VVPP
39	werden	VAINF
40	kann	VMFIN
41	/	$(
42	als	KOKOM
43	ist	VAFIN
44	von	APPR
45	Nöten	VVINF
46	/	$(
47	dass	KOUS
48	die	ART
49	wässerige	ADJA
50	Feuchtigkeit	NN
51	von	APPR
52	der	ART
53	corporalischen	ADJA
54	Bergart	NN
55	oder	KON
56	Minera	NN
57	/	$(
58	damit	PAV
59	sie	PPER
60	vermengt	VVFIN
61	/	$(
62	abgesondert	VVPP
63	werde	VAFIN
64	/	$(
65	welches	PRELS
66	denn	KON
67	geschieht	VVFIN
68	/	$(
69	wenn	KOUS
70	man	PIS
71	dieselbe	PDAT
72	entweder	KON
73	im	APPRART
74	Kochen	VVFIN
75	verrauchen	VVINF
76	und	KON
77	evaporieren	VVINF
78	lässt	VVFIN
79	/	$(
80	oder	KON
81	durch	APPR
82	einen	ART
83	Destillierkolben	NN
84	abzieht	NN
85	/	$(
86	dass	KOUS
87	die	ART
88	Minera	NN
89	sich	PRF
90	zu	PTKZU
91	Grunde	NN
92	setze	VVFIN
93	/	$(
94	und	KON
95	also	ADV
96	durch	APPR
97	gewisse	ADJA
98	Proben	NN
99	erkannt	VVPP
100	werden	VAINF
101	möge	VMFIN
102	.	$.
1	damit	PAV
2	nun	ADV
3	solches	PIAT
4	auch	ADV
5	bei	APPR
6	diesem	PDAT
7	Brunnen	NN
8	zu	PTKZU
9	Werk	NN
10	gerichtet	VVPP
11	werde	VAFIN
12	/	$(
13	so	ADV
14	musst	VMFIN
15	du	PPER
16	eigentlich	ADV
17	zusehen	VVINF
18	/	$(
19	dass	KOUS
20	du	PPER
21	des	ART
22	Brunnens	NN
23	halben	ADJA
24	nicht	PTKNEG
25	betrogen	VVPP
26	werdest	VAFIN
27	/	$(
28	sondern	KON
29	allenthalben	ADV
30	recht	ADJD
31	damit	PAV
32	gebarst	VVFIN
33	.	$.
1	und	KON
2	erstlich	ADV
3	musst	VMFIN
4	du	PPER
5	gewiss	ADV
6	|	$(
7	sein	VAINF
8	/	$(
9	dass	KOUS
10	es	PPER
11	der	ART
12	rechte	ADJA
13	unverfälschte	ADJA
14	Brunnen	NN
15	sei	VAFIN
16	/	$(
17	sintemal	KOUS
18	/	$(
19	wie	KOKOM
20	in	APPR
21	allen	PIAT
22	Sachen	NN
23	/	$(
24	also	ADV
25	auch	ADV
26	hierin	ADV
27	viel	ADV
28	Betrug	NN
29	mit	APPR
30	unter	APPR
31	läuft	VVFIN
32	/	$(
33	wie	KOKOM
34	ich	PPER
35	denn	KON
36	selber	ADV
37	gesehen	VVPP
38	/	$(
39	neben	APPR
40	anderen	ADJA
41	ehrlichen	ADJA
42	Leuten	NN
43	/	$(
44	dass	KOUS
45	einer	ART
46	in	APPR
47	einem	ART
48	Städtlein	NN
49	/	$(
50	da	ADV
51	er	PPER
52	zu	PTKZU
53	Nacht	NN
54	über	APPR
55	geherbergt	NE
56	/	$(
57	zwo	CARD
58	ganzer	ADJA
59	Wasserkannen	NN
60	voll	ADJD
61	aus	APPR
62	einem	ART
63	kleinen	ADJA
64	Fass	NN
65	verkauft	VVPP
66	/	$(
67	und	KON
68	hergegen	ADV
69	anderes	ADJD
70	Brunnenwasser	NE
71	aus	APPR
72	dem	ART
73	Röhrkasten	NN
74	eingefüllt	VVPP
75	.	$.
1	zum	APPRART
2	Anderen	ADJA
3	muss	VMFIN
4	zu	PTKZU
5	dieser	PDAT
6	Probe	NN
7	nicht	PTKNEG
8	nur	ADV
9	das	ART
10	Lautere	ADJA
11	oben	ADV
12	/	$(
13	davon	PAV
14	das	ART
15	Trübe	ADJA
16	sich	PRF
17	zu	PTKZU
18	Grunde	NN
19	gesetzt	VVPP
20	/	$(
21	genommen	VVPP
22	werden	VAINF
23	/	$(
24	damit	PAV
25	man	PIS
26	nicht	PTKNEG
27	ein	ART
28	leeres	VVIMP
29	Stroh	NN
30	dresche	VVFIN
31	.	$.
1	zum	APPRART
2	Dritten	ADJA
3	muss	VMFIN
4	der	ART
5	Brunnen	NN
6	nicht	PTKNEG
7	zu	PTKZU
8	lang	ADJD
9	verlegen	VVINF
10	sein	VAINF
11	/	$(
12	denn	KON
13	ob	KOUS
14	er	PPER
15	wohl	ADV
16	sich	PRF
17	(	$(
18	wenn	KOUS
19	er	PPER
20	recht	ADJD
21	verwahrt	VVFIN
22	wird	VAFIN
23	)	$(
24	lange	ADV
25	hält	VVFIN
26	/	$(
27	so	ADV
28	ist	VAFIN
29	doch	ADV
30	leicht	ADJD
31	zu	PTKZU
32	erachten	VVINF
33	/	$(
34	dass	KOUS
35	ihm	PPER
36	von	APPR
37	seinem	PPOSAT
38	Halt	VVFIN
39	/	$(
40	sonderlich	ADJD
41	was	PWS
42	subtil	ADJD
43	ist	VAFIN
44	/	$(
45	viel	ADV
46	abgehe	VVFIN
47	.	$.
1	inmassen	KOUS
2	er	PPER
3	denn	KON
4	derentwegen	PAV
5	im	APPRART
6	Führen	VVINF
7	von	APPR
8	der	ART
9	Luft	NN
10	/	$(
11	bevoraus	NE
12	in	APPR
13	großer	ADJA
14	Hitze	NN
15	oder	KON
16	Kälte	NN
17	/	$(
18	oder	KON
19	sonst	ADV
20	ungestümem	ADJA
21	Wetter	NN
22	/	$(
23	möglichen	ADJA
24	Fleißes	NN
25	verwahrt	VVFIN
26	werden	VAINF
27	muss	VMFIN
28	.	$.
1	desgleichen	KOUS
2	muss	VMFIN
3	das	ART
4	Fass	NN
5	oder	KON
6	Gefäß	NN
7	/	$(
8	darinnen	ADV
9	das	ART
10	Wasser	NN
11	geführt	VVPP
12	und	KON
13	behalten	VVINF
14	richtig	ADJD
15	sein	VAINF
16	/	$(
17	und	KON
18	keine	PIAT
19	fremde	ADJA
20	Qualität	NN
21	an	APPR
22	sich	PRF
23	haben	VAFIN
24	.	$.
1	wenn	KOUS
2	nun	ADV
3	solche	PIAT
4	Conditiones	NE
5	und	KON
6	Umstände	NN
7	in	APPR
8	Acht	CARD
9	genommen	VVPP
10	/	$(
11	so	ADV
12	kann	VMFIN
13	man	PIS
14	diesen	PDAT
15	Brunnen	NN
16	in	APPR
17	eine	ART
18	reine	ADJA
19	gläserne	ADJA
20	Kolbe	NN
21	tun	VVINF
22	/	$(
23	einen	ART
24	reinen	ADJA
25	gläsernen	ADJD
26	Helm	NN
27	darauf	PAV
28	setzen	VVINF
29	/	$(
30	den	ART
31	Rezipienten	NN
32	vorlegen	VVINF
33	/	$(
34	und	KON
35	alles	PIS
36	nach	APPR
37	der	ART
38	Gewohnheit	NN
39	und	KON
40	Kunst	NN
41	wohl	ADV
42	verwahren	VVINF
43	/	$(
44	und	KON
45	in	APPR
46	einem	ART
47	Balneo	NE
48	Mariæ	NE
49	ferventi	NE
50	das	ART
51	Wasser	NN
52	abziehen	VVINF
53	.	$.
1	als	KOKOM
2	dann	ADV
3	wird	VAFIN
4	am	APPRART
5	Grunde	NN
6	der	ART
7	Kolben	NN
8	eine	ART
9	dicke	ADJA
10	Materie	NN
11	bleiben	VVINF
12	.	$.
1	da	ADV
2	nun	ADV
3	bei	APPR
4	derselben	PDAT
5	noch	ADV
6	etwas	PIS
7	viel	ADV
8	wässeriger	ADJA
9	Feuchtigkeit	NN
10	übrig	PTKVZ
11	/	$(
12	kann	VMFIN
13	man	PIS
14	solch	PIAT
15	Sedimentum	NE
16	in	APPR
17	einem	ART
18	irdischen	ADJA
19	oder	KON
20	kupfernen	NN
21	Tiegel	NN
22	tun	VVINF
23	(	$(
24	denn	KON
25	hieran	PAV
26	nichts	PIS
27	gelegen	VVPP
28	/	$(
29	sintemal	KOUS
30	der	ART
31	Augenschein	NN
32	gibt	VVFIN
33	/	$(
34	das	ART
35	weder	KON
36	das	ART
37	Wasser	NN
38	/	$(
39	noch	ADV
40	das	ART
41	jenige	PIAT
42	/	$(
43	was	PWS
44	sich	PRF
45	nach	APPR
46	dem	ART
47	Destillieren	NN
48	in	APPR
49	der	ART
50	gläsernen	ADJD
51	Kolben	NN
52	gesetzt	VVPP
53	/	$(
54	sich	PRF
55	ändert	VVFIN
56	/	$(
57	man	PIS
58	siede	VVFIN
59	es	PPER
60	in	APPR
61	einem	ART
62	irdischen	ADJA
63	oder	KON
64	kupfernen	VVINF
65	Gefäß	NN
66	/	$(
67	welches	PRELS
68	sonsten	ADV
69	bei	APPR
70	vitriolischen	ADJD
71	oder	KON
72	anderen	ADJA
73	scharfen	ADJA
74	metallischen	ADJA
75	Wassern	NN
76	nicht	PTKNEG
77	zu	PTKZU
78	geschehen	VVPP
79	pflegt	VVFIN
80	)	$(
81	die	ART
82	wässerige	ADJA
83	Feuchtigkeit	NN
84	/	$(
85	|	$(
86	so	ADV
87	noch	ADV
88	hinterstellig	NE
89	/	$(
90	über	APPR
91	einem	ART
92	gelinden	ADJA
93	Kohlenfeuer	NE
94	verrauchen	VVINF
95	lassen	VVINF
96	.	$.
1	als	KOKOM
2	denn	KON
3	so	ADV
4	findet	VVFIN
5	sich	PRF
6	unten	ADV
7	im	APPRART
8	Tiegel	NN
9	eine	ART
10	rotschwärzliche	NE
11	Materi	NN
12	ex	APPR
13	ferrugineo	NE
14	colore	NE
15	nigricans	NE
16	,	$,
17	einem	ART
18	Pech	NN
19	ähnlich	ADJD
20	.	$.
1	damit	PAV
2	man	PIS
3	nun	ADV
4	ferner	ADV
5	dahinter	PAV
6	komme	VVFIN
7	/	$(
8	was	PWS
9	solche	PIAT
10	Materie	NN
11	sei	VAFIN
12	/	$(
13	so	ADV
14	kann	VMFIN
15	man	PIS
16	dieselbe	PDAT
17	in	APPR
18	drei	CARD
19	Teile	NN
20	teilen	VVFIN
21	/	$(
22	das	ART
23	eine	ART
24	kann	VMFIN
25	man	PIS
26	gar	ADV
27	hart	ADJD
28	austrucknen	VVINF
29	/	$(
30	dass	KOUS
31	es	PPER
32	gleichsam	ADJD
33	verbrenne	VVFIN
34	und	KON
35	zu	PTKZU
36	Asche	NN
37	werde	VAFIN
38	.	$.
1	das	ART
2	Andere	ADJA
3	nicht	PTKNEG
4	so	ADV
5	sehr	ADV
6	ausdörren	VVINF
7	/	$(
8	sondern	KON
9	mittelmäßig	ADJD
10	bleiben	VVINF
11	lassen	VVINF
12	.	$.
1	dem	ART
2	Dritten	ADJA
3	kann	VMFIN
4	man	PIS
5	noch	ADV
6	etwas	PIS
7	von	APPR
8	wässeriger	NN
9	Feuchtigkeit	NN
10	lassen	VVINF
11	.	$.
1	wenn	KOUS
2	dies	PDS
3	geschehen	VVPP
4	/	$(
5	und	KON
6	man	PIS
7	Feuer	NN
8	oder	KON
9	ein	ART
10	Licht	NN
11	an	APPR
12	das	ART
13	Teil	NN
14	/	$(
15	das	ART
16	noch	ADV
17	etwas	PIS
18	Wasser	NN
19	bei	APPR
20	sich	PRF
21	hat	VAFIN
22	/	$(
23	hält	VVFIN
24	/	$(
25	so	ADV
26	nimmt	VVFIN
27	es	PPER
28	zwar	ADV
29	von	APPR
30	wegen	APPR
31	der	ART
32	bei	APPR
33	sich	PRF
34	habenden	ADJA
35	wässerigen	ADJA
36	Feuchtigkeit	NN
37	das	ART
38	Feuer	NN
39	nicht	PTKNEG
40	bald	ADV
41	an	APPR
42	/	$(
43	aber	ADV
44	doch	ADV
45	fäht	VVFIN
46	es	PPER
47	zu	PTKZU
48	letzt	ADV
49	an	APPR
50	zu	PTKZU
51	brennen	VVINF
52	.	$.
1	das	ART
2	andere	ADJD
3	Teil	NN
4	aber	ADV
5	/	$(
6	so	ADV
7	fast	ADV
8	einer	ART
9	Asche	NN
10	gleich	ADV
11	worden	VAPP
12	/	$(
13	feht	VVFIN
14	als	KOKOM
15	bald	ADV
16	an	APPR
17	zu	PTKZU
18	glimmen	VVFIN
19	/	$(
20	wie	PWAV
21	dann	ADV
22	auch	ADV
23	das	ART
24	dritte	ADJA
25	Teil	NN
26	/	$(
27	welches	PRELS
28	weder	KON
29	zu	PTKZU
30	feucht	ADJA
31	/	$(
32	noch	ADV
33	zu	PTKZU
34	sehr	ADV
35	verbrannt	VVPP
36	/	$(
37	sondern	KON
38	in	APPR
39	mittelmäßigem	ADJA
40	Stand	NN
41	gelassen	VVPP
42	/	$(
43	bald	ADV
44	zu	PTKZU
45	brennen	VVINF
46	anfäht	VVFIN
47	.	$.
1	insonderheit	ADV
2	aber	ADV
3	räucht	VVFIN
4	dieses	PDAT
5	mittelmäßige	ADJA
6	Teil	NN
7	gar	ADV
8	lieblich	ADJD
9	/	$(
10	wie	KOKOM
11	ein	ART
12	Bisam	NN
13	oder	KON
14	Ambra	NN
15	/	$(
16	der	ART
17	Liquor	NE
18	Mercurialis	ADJA
19	aber	ADV
20	/	$(
21	oder	KON
22	das	ART
23	über	APPR
24	gezogene	ADJA
25	destillierte	VVFIN
26	Wasser	NN
27	in	APPR
28	dem	ART
29	Rezipienten	NN
30	/	$(
31	ist	VAFIN
32	hübsch	ADJD
33	hell	ADJA
34	/	$(
35	hat	VAFIN
36	keinen	PIAT
37	sonderlichen	ADJA
38	Geschmack	NN
39	/	$(
40	allein	ADV
41	von	APPR
42	wegen	APPR
43	der	ART
44	Spirituum	NE
45	,	$,
46	damit	PAV
47	der	ART
48	Liquor	NE
49	imprägniert	VVPP
50	ist	VAFIN
51	/	$(
52	weil	KOUS
53	sie	PPER
54	nicht	PTKNEG
55	evaporieren	VVINF
56	,	$,
57	sondern	KON
58	im	APPRART
59	Destillieren	VVINF
60	mit	APPR
61	herüber	APZR
62	steigen	VVINF
63	/	$(
64	reucht	VVFIN
65	er	PPER
66	auch	ADV
67	wie	KOKOM
68	ein	ART
69	Bisam	NN
70	oder	KON
71	Ambra	NN
72	/	$(
73	eben	ADV
74	wie	KOKOM
75	von	APPR
76	dem	ART
77	mittelmäßig	ADJD
78	gelassenem	ADJA
79	Teil	NN
80	des	ART
81	Sedimenti	NN
82	unlängst	ADJD
83	gesagt	VVPP
84	ist	VAFIN
85	.	$.
1	solches	PIAT
2	findet	VVFIN
3	sich	PRF
4	alles	PIS
5	in	APPR
6	der	ART
7	Destillation	NN
8	,	$,
9	wo	PWAV
10	damit	PAV
11	recht	ADJD
12	prozediert	VVFIN
13	und	KON
14	umgegangen	VVPP
15	wird	VAFIN
16	.	$.
1	dieser	PDAT
2	Weg	NN
3	durch	APPR
4	die	ART
5	Destillation	NN
6	das	ART
7	Sedimentum	NE
8	vom	APPRART
9	Wasser	NN
10	zu	PTKZU
11	sondern	KON
12	ist	VAFIN
13	besser	ADJD
14	/	$(
15	denn	KON
16	der	ART
17	nur	ADV
18	durch	APPR
19	das	ART
20	bloße	ADJA
21	Sieden	VVINF
22	verbracht	VVPP
23	wird	VAFIN
24	.	$.
1	Reinerus	NN
2	Solenander	NE
3	de	NE
4	fontib.	NE
5	temper.	NN
6	lib.	NN
7	2.	ADJA
8	cap.	NN
9	3.	ADJA
10	pag.	NN
11	208.	ADJA
12	wer	PWS
13	aber	ADV
14	aus	APPR
15	Mangel	NN
16	der	ART
17	Destillation	NN
18	diesen	PDAT
19	Brunnen	NN
20	nur	ADV
21	absieden	VVINF
22	/	$(
23	und	KON
24	also	ADV
25	seine	PPOSAT
26	Natur	NN
27	erkundigen	VVINF
28	will	VMFIN
29	/	$(
30	der	ART
31	mag	VMFIN
32	diesen	PDAT
33	Brunnen	NN
34	in	APPR
35	verglasten	VVFIN
36	Töpfen	NN
37	zum	APPRART
38	Feuer	NN
39	setzen	VVINF
40	/	$(
41	und	KON
42	als	KOKOM
43	denn	KON
44	werden	VAINF
45	sich	PRF
46	nachfolgende	ADJA
47	Dinge	NN
48	ereignen	VVINF
49	.	$.
1	erstlich	ADV
2	wird	VAFIN
3	es	PPER
4	durch	APPR
5	die	ART
6	Töpfe	NN
7	dringen	VVFIN
8	/	$(
9	wie	KOKOM
10	ein	ART
11	Öl	NE
12	.	$.
1	zum	APPRART
2	Anderen	ADJA
3	wird	VAFIN
4	die	ART
5	Fettigkeit	NN
6	auswendig	ADJD
7	an	APPR
8	den	ART
9	Töpfen	NN
10	beim	APPRART
11	Feuer	NN
12	verharschen	VVINF
13	und	KON
14	anlaufen	VVINF
15	.	$.
1	zum	APPRART
2	Dritten	ADJA
3	wird	VAFIN
4	es	PPER
5	/	$(
6	dieweil	KOUS
7	man	PIS
8	es	PPER
9	beim	APPRART
10	Feuer	NN
11	hat	VAFIN
12	/	$(
13	von	APPR
14	fern	ADJA
15	einen	ART
16	Nidorem	NE
17	oder	KON
18	Geruch	NN
19	von	APPR
20	sich	PRF
21	geben	VVINF
22	/	$(
23	als	KOKOM
24	wenn	KOUS
25	etwas	PIS
26	Fettes	NN
27	im	APPRART
28	Tiegel	NN
29	verbrannt	VVPP
30	wird	VAFIN
31	.	$.
1	zum	APPRART
2	Vierten	ADJA
3	/	$(
4	wenn	KOUS
5	man	PIS
6	eine	ART
7	Hand	NN
8	im	APPRART
9	Sieden	VVINF
10	erstlich	ADV
11	vor	APPR
12	die	ART
13	Töpfe	NN
14	/	$(
15	und	KON
16	geschwind	ADJD
17	drauf	PTKVZ
18	vor	APPR
19	die	ART
20	Nase	NN
21	hält	VVFIN
22	/	$(
23	so	ADV
24	wird	VAFIN
25	dieselbe	PDAT
26	gleichsam	ADJD
27	harzig	ADJD
28	oder	KON
29	pechig	VVFIN
30	riechen	VVINF
31	.	$.
1	folgend	VVPP
2	wenn	KOUS
3	das	ART
4	Wasser	NN
5	fast	ADV
6	gar	ADV
7	eingesotten	ADJD
8	/	$(
9	lassen	VVINF
10	sich	PRF
11	kleine	ADJA
12	Tröpflein	NN
13	/	$(
14	wie	KOKOM
15	Öl	NE
16	sehen	VVINF
17	/	$(
18	und	KON
19	endlich	ADV
20	bleibt	VVFIN
21	auf	APPR
22	dem	ART
23	Grunde	NN
24	eine	ART
25	pechige	VVFIN
26	Materie	NN
27	/	$(
28	aller	PIAT
29	Dinge	NN
30	/	$(
31	wie	KOKOM
32	in	APPR
33	der	ART
34	Destillation	NN
35	geschehen	VVPP
36	.	$.
1	ja	PTKANT
2	wenn	KOUS
3	man	PIS
4	gleich	ADV
5	mit	APPR
6	den	ART
7	geläuterten	ADJA
8	Brunnen	NN
9	siedet	VAFIN
10	/	$(
11	findet	VVFIN
12	sich	PRF
13	unten	ADV
14	wiewohl	KOUS
15	wenig	PIS
16	eine	ART
17	schwarze	ADJA
18	Materie	NN
19	/	$(
20	welche	PWAT
21	das	ART
22	Feuer	NN
23	annimmt	VVFIN
24	/	$(
25	brennt	VVFIN
26	und	KON
27	glimmt	VVFIN
28	/	$(
29	und	KON
30	gleich	ADV
31	weißliche	ADJA
32	silberne	ADJA
33	Pünktlein	NN
34	bekommt	VVFIN
35	.	$.
1	weil	KOUS
2	demnach	PAV
3	erstlich	ADV
4	das	ART
5	Sedimentum	NE
6	das	ART
7	ist	VAFIN
8	das	ART
9	jenige	PIAT
10	/	$(
11	was	PWS
12	sich	PRF
13	in	APPR
14	der	ART
15	Destillation	NN
16	und	KON
17	Sieden	VVINF
18	zu	PTKZU
19	Grunde	NN
20	setzt	VVFIN
21	/	$(
22	einem	ART
23	Bitumini	NE
24	oder	KON
25	Erdpech	NN
26	oder	KON
27	Erdwachs	NN
28	gar	ADV
29	gleich	ADV
30	und	KON
31	ähnlich	ADJD
32	ist	VAFIN
33	/	$(
34	vors	APPRART
35	Andere	ADJD
36	/	$(
37	weil	KOUS
38	es	PPER
39	brennt	VVFIN
40	/	$(
41	und	KON
42	zwar	ADV
43	auch	ADV
44	im	APPRART
45	Wasser	NN
46	/	$(
47	und	KON
48	nicht	PTKNEG
49	bald	ADV
50	verlischt	VVFIN
51	.	$.
1	(	$(
2	Ardere	FM.la
3	in	FM.la
4	aquis	FM.la
5	,	$,
6	amiciss	FM.la
7	.	$.
8	esse	FM.la
9	igni	FM.la
10	,	$,
11	cumq̒ue	FM.la
12	facilè	FM.la
13	conceptum	FM.la
14	non	FM.la
15	facilè	FM.la
16	dimittere	FM.la
17	bitumini	FM.la
18	peculiare	FM.la
19	est	FM.la
20	.	$.
21	Solenander	FM.la
22	lib.	FM.la
23	1.	FM.la
24	de	FM.la
25	font	FM.la
26	.	$.
1	Cal	FM.la
2	.	$.
3	causa	FM.la
4	cap.	FM.la
5	10.	FM.la
6	pag.	FM.la
7	90.	FM.la
8	&	$(
9	ibidem	FM.la
10	pag.	FM.la
11	97.	FM.la
12	Bitumen	FM.la
13	,	$,
14	facilè	FM.la
15	inflammatur	FM.la
16	,	$,
17	pertinaciter	FM.la
18	ignem	FM.la
19	retinet	FM.la
20	,	$,
21	&	$(
22	difficulter	FM.la
23	aut	FM.la
24	nunquam	FM.la
25	aqua	FM.la
26	extinguitur	FM.la
27	.	$.
1	)	$(
2	zum	APPRART
3	Dritten	ADJA
4	/	$(
5	weil	KOUS
6	das	ART
7	Wasser	NN
8	/	$(
9	in	APPR
10	dem	ART
11	es	PPER
12	gesotten	VVPP
13	/	$(
14	und	KON
15	das	ART
16	Sedimentum	NE
17	,	$,
18	wenn	KOUS
19	es	PPER
20	verbrannt	VVPP
21	wird	VAFIN
22	/	$(
23	einen	ART
24	Geruch	NN
25	/	$(
26	wie	KOKOM
27	ein	ART
28	Pech	NN
29	/	$(
30	von	APPR
31	sich	PRF
32	gibt	VVFIN
33	.	$.
1	(	$(
2	Picem	FM.la
3	reddere	FM.la
4	videri	FM.la
5	commune	FM.la
6	est	FM.la
7	omnibus	FM.la
8	his	FM.la
9	,	$,
10	quæ	FM.la
11	ex	FM.la
12	bitumine	FM.la
13	suam	FM.la
14	originem	FM.la
15	trahunt	FM.la
16	.	$.
17	Solenander	FM.la
18	cap.	FM.la
19	citato.	FM.la
20	pag.	FM.la
21	97	FM.la
22	.	$.
1	)	$(
2	zum	APPRART
3	Vierten	ADJA
4	/	$(
5	weil	KOUS
6	auch	ADV
7	das	ART
8	destillierte	VVFIN
9	Wasser	NN
10	/	$(
11	und	KON
12	das	ART
13	mittlere	NN
14	Teil	NN
15	des	ART
16	Sediments	NN
17	nach	APPR
18	Ambra	NN
19	/	$(
20	welche	PWAT
21	auch	ADV
22	eine	ART
23	Art	NN
24	eines	ART
25	Erdpechs	NN
26	ist	VAFIN
27	/	$(
28	reucht	VVFIN
29	/	$(
30	weil	KOUS
31	/	$(
32	sage	VVFIN
33	ich	PPER
34	/	$(
35	dem	ART
36	allen	PIAT
37	also	ADV
38	/	$(
39	wie	KOKOM
40	gesagt	VVPP
41	/	$(
42	so	ADV
43	muss	VMFIN
44	folgen	VVINF
45	/	$(
46	dass	KOUS
47	dieses	PDAT
48	Brunnens	NN
49	Natur	NN
50	im	APPRART
51	Bitumine	NN
52	,	$,
53	Erdpech	NN
54	/	$(
55	oder	KON
56	Erdwachs	NN
57	bestehe	VVFIN
58	/	$(
59	und	KON
60	dessen	PDS
61	corporalische	ADJA
62	Mineram	NN
63	in	APPR
64	sich	PRF
65	habe	VAFIN
66	/	$(
67	und	KON
68	seine	PPOSAT
69	Kraft	NN
70	von	APPR
71	demselben	PDAT
72	empfange	NE
73	/	$(
74	und	KON
75	zwar	ADV
76	hat	VAFIN
77	es	PPER
78	dasselbige	PDAT
79	dreierlei	PIS
80	Art	NN
81	in	APPR
82	sich	PRF
83	/	$(
84	nämlich	ADV
85	ein	ART
86	irdisches	ADJA
87	dickes	ADJA
88	und	KON
89	hartes	ADJA
90	/	$(
91	von	APPR
92	welchem	PWAT
93	das	ART
94	Sedimentum	NE
95	einem	ART
96	Pech	NN
97	oder	KON
98	Kohlen	NN
99	gleich	ADV
100	sehend	ADJA
101	herkommt	VVFIN
102	/	$(
103	zum	APPRART
104	Anderen	ADJA
105	ein	ART
106	fließendes	ADJA
107	und	KON
108	öliges	ADJA
109	/	$(
110	ein	ART
111	Petroleum	FM
112	oder	KON
113	Steinöl	NE
114	/	$(
115	oder	KON
116	Naphtha	NE
117	,	$,
118	oder	KON
119	demselben	PDAT
120	Analogum	NE
121	.	$.
1	(	$(
2	besehe	FM.la
3	von	FM.la
4	der	FM.la
5	Naphtha	FM.la
6	Plutarchum	FM.la
7	in	FM.la
8	Vita	FM.la
9	Alexandri	FM.la
10	Magni	FM.la
11	.	$.
1	)	$(
2	dessen	PDS
3	die	ART
4	Öltröpflein	NE
5	Zeugnis	NN
6	sind	VAFIN
7	/	$(
8	beneben	APPR
9	dem	ART
10	/	$(
11	dass	KOUS
12	das	ART
13	Wasser	NN
14	wie	KOKOM
15	ein	ART
16	Öl	NE
17	durch	APPR
18	die	ART
19	Töpfe	NN
20	dringt	VVFIN
21	/	$(
22	und	KON
23	eines	ART
24	verbrannten	VVFIN
25	Fettes	NN
26	Geruch	NN
27	beim	APPRART
28	Feuer	NN
29	von	APPR
30	sich	PRF
31	gibt	VVFIN
32	/	$(
33	und	KON
34	denn	KON
35	zum	APPRART
36	Dritten	ADJA
37	/	$(
38	mittelmäßiger	ADJA
39	Art	NN
40	einer	ART
41	Ambra	NN
42	gleich	ADV
43	.	$.
1	2.	NE
1	dieses	PDAT
2	bekräftigen	VVINF
3	auch	ADV
4	ferner	ADV
5	nicht	PTKNEG
6	wenig	PIS
7	die	ART
8	Wirkung	NN
9	oder	KON
10	Tugenden	NN
11	dieses	PDAT
12	Brunnens	NE
13	/	$(
14	von	APPR
15	welchen	PWAT
16	unten	ADV
17	wird	VAFIN
18	gemeldet	VVPP
19	werden	VAINF
20	/	$(
21	sintemal	KOUS
22	dieselbigen	PDAT
23	alle	PIAT
24	solche	PIAT
25	sind	VAFIN
26	/	$(
27	dergleichen	PIS
28	den	ART
29	Bituminibus	NN
30	oder	KON
31	Erdpechen	NN
32	und	KON
33	insonderheit	ADV
34	auch	ADV
35	der	ART
36	Ambra	NN
37	von	APPR
38	verständigen	VVINF
39	Medizis	NE
40	zugeschrieben	VVPP
41	werden	VAINF
42	.	$.
1	3.	NE
2	über	APPR
3	das	ART
4	so	ADV
5	haben	VAFIN
6	die	ART
7	gelehrten	ADJA
8	Leute	NN
9	durch	APPR
10	langwierige	ADJA
11	Erfahrung	NN
12	erforscht	VVFIN
13	/	$(
14	das	ART
15	fast	ADV
16	allezeit	ADV
17	/	$(
18	wo	PWAV
19	solche	PIAT
20	heilsamen	ADJA
21	Wasser	NN
22	/	$(
23	Bäder	NN
24	oder	KON
25	Brunnen	NN
26	sein	VAINF
27	/	$(
28	die	ART
29	jenigen	PIAT
30	oder	KON
31	dergleichen	PIS
32	Bergarten	NN
33	und	KON
34	Mineralien	NN
35	/	$(
36	mit	APPR
37	welchen	PWAT
38	die	ART
39	medizinischen	ADJA
40	und	KON
41	zur	APPRART
42	Arznei	NN
43	dienenden	ADJA
44	Wasser	NN
45	vermischt	VVFIN
46	/	$(
47	und	KON
48	von	APPR
49	welchen	PWAT
50	sie	PPER
51	ihre	PPOSAT
52	Natur	NN
53	und	KON
54	Kraft	NN
55	haben	VAFIN
56	/	$(
57	daselbst	PAV
58	oder	KON
59	in	APPR
60	der	ART
61	Nähe	NN
62	gefunden	VVPP
63	und	KON
64	ausgegraben	VVPP
65	werden	VAINF
66	.	$.
1	nun	ADV
2	aber	ADV
3	findet	VVFIN
4	man	PIS
5	nicht	PTKNEG
6	weit	ADJD
7	von	APPR
8	diesem	PDAT
9	Brunnen	NN
10	die	ART
11	Steinkohlen	NN
12	/	$(
13	so	ADV
14	lithanthraces	NE
15	,	$,
16	carbones	NE
17	bituminosi	NE
18	,	$,
19	terra	NE
20	ampelitis	NE
21	,	$,
22	populariter	NE
23	zu	PTKZU
24	reden	VVINF
25	/	$(
26	und	KON
27	vom	APPRART
28	Theopompos	NE
29	/	$(
30	wie	KOKOM
31	es	PPER
32	Solenander	NE
33	dafür	PAV
34	hält	VVFIN
35	/	$(
36	pix	NE
37	fossiliis	NE
38	genannt	VVPP
39	werden	VAINF
40	/	$(
41	und	KON
42	gräbt	VVFIN
43	sie	PPER
44	in	APPR
45	großer	ADJA
46	Menge	NN
47	aus	APPR
48	.	$.
1	welche	PWAT
2	aber	ADV
3	nichts	PIS
4	anderes	ADV
5	sein	VAINF
6	/	$(
7	als	KOKOM
8	ein	ART
9	irdisches	ADJD
10	und	KON
11	steinhartes	ADJD
12	Bitumen	NN
13	,	$,
14	wie	PWAV
15	solches	PIAT
16	bezeugen	VVFIN
17	Reinerus	NN
18	Solenander	NE
19	capite	NE
20	sæpius	NE
21	citato	NE
22	.	$.
23	pag.	NN
24	93.	ADJA
25	Georgius	NE
26	Agricola	NN
27	libr.	NN
28	4.	ADJA
29	de	NE
30	natura	FM
31	foßilium	NE
32	.	$.
33	pag.	NN
34	233.	ADJA
35	Cæsalpinus	NE
36	de	NE
37	Metallicis.	NN
38	lib.	NN
39	2.	ADJA
40	cap.	NN
41	53.	ADJA
42	und	KON
43	insonderheit	ADV
44	der	ART
45	hochberühmte	NN
46	Philosophus	NE
47	und	KON
48	Medikus	NN
49	unserer	PPOSAT
50	Zeiten	NN
51	/	$(
52	Doktor	NN
53	Andreas	NE
54	Libavius	NE
55	in	APPR
56	seinen	PPOSAT
57	singularibus	NE
58	,	$,
59	parte	NE
60	tertia	NE
61	.	$.
62	lib	ADJD
63	.	$.
1	3.	ADJA
2	cap.	NN
3	10	CARD
4	.	$.
1	an	APPR
2	welchem	PWAT
3	Ort	NN
4	er	PPER
5	allerlei	PIAT
6	Arten	NN
7	des	ART
8	Erdpechs	NN
9	und	KON
10	was	PWS
11	dem	ART
12	angehörig	ADJD
13	/	$(
14	oder	KON
15	damit	PAV
16	Gemeinschaft	NN
17	hat	VAFIN
18	/	$(
19	ausführlich	ADJD
20	/	$(
21	eigentlich	ADV
22	/	$(
23	und	KON
24	gründlich	ADJD
25	hat	VAFIN
26	beschrieben	VVPP
27	/	$(
28	von	APPR
29	welchen	PWAT
30	aber	ADV
31	ich	PPER
32	hie	ADV
33	dieses	PDAT
34	Orts	NN
35	nur	ADV
36	in	APPR
37	gemein	ADJD
38	und	KON
39	ohne	APPR
40	genauen	ADJA
41	Unterschied	NN
42	reden	VVINF
43	wollen	VMFIN
44	.	$.
1	ist	VAFIN
2	also	ADV
3	dieses	PDAT
4	meine	PPOSAT
5	gründliche	ADJA
6	Meinung	NN
7	von	APPR
8	des	ART
9	Brunnens	NN
10	Natur	NN
11	oder	KON
12	Minera	NN
13	/	$(
14	so	ADV
15	er	PPER
16	in	APPR
17	sich	PRF
18	hält	VVFIN
19	.	$.
1	zum	APPRART
2	Überfluss	NN
3	aber	ADV
4	soll	VMFIN
5	es	PPER
6	nicht	PTKNEG
7	genug	ADV
8	sein	VAINF
9	/	$(
10	dass	KOUS
11	ich	PPER
12	meine	PPOSAT
13	Meinung	NN
14	mit	APPR
15	angezogenen	ADJA
16	Gründen	NN
17	und	KON
18	Argumentis	NE
19	bekräftigt	VVFIN
20	habe	VAFIN
21	/	$(
22	sondern	KON
23	ich	PPER
24	will	VMFIN
25	auch	ADV
26	/	$(
27	damit	PAV
28	das	ART
29	jenige	PIAT
30	/	$(
31	was	PWS
32	mir	PPER
33	im	APPRART
34	Wege	NN
35	steht	VVFIN
36	/	$(
37	und	KON
38	mir	PPER
39	zu	PTKZU
40	wider	APPR
41	/	$(
42	weggeräumt	VVPP
43	werde	VAFIN
44	/	$(
45	andere	ADJA
46	der	ART
47	meinigen	PPOSAT
48	zu	PTKZU
49	wider	APPR
50	laufende	NE
51	Meinung	NN
52	/	$(
53	so	ADV
54	auch	ADV
55	ihren	PPOSAT
56	Grund	NN
57	und	KON
58	Beweis	NN
59	haben	VAFIN
60	/	$(
61	nach	APPR
62	Vermögen	NN
63	widerlegen	VVINF
64	und	KON
65	ablehnen	VVFIN
66	.	$.
1	und	KON
2	erstlich	ADV
3	werde	VAFIN
4	ich	PPER
5	berichtet	VVFIN
6	/	$(
7	das	ART
8	etliche	PIAT
9	der	ART
10	Meinung	NN
11	seien	VAINF
12	/	$(
13	dass	KOUS
14	dieser	PDAT
15	Brunnen	NN
16	seine	PPOSAT
17	Kraft	NN
18	vom	APPRART
19	Gold	NN
20	vornehmlich	ADJD
21	habe	VAFIN
22	/	$(
23	aus	APPR
24	folgenden	ADJA
25	Ursachen	NN
26	und	KON
27	Gründen	NN
28	.	$.
1	erstlich	ADV
2	weil	KOUS
3	dieser	PDAT
4	Brunnen	NN
5	die	ART
6	äußerste	ADJA
7	sonst	ADV
8	fast	ADV
9	und	KON
10	unheilbare	ADJA
11	Lähme	NN
12	heilt	VVFIN
13	/	$(
14	auch	ADV
15	andere	ADJA
16	Tugenden	NN
17	mehr	ADV
18	hat	VAFIN
19	/	$(
20	so	ADV
21	dem	ART
22	Gold	NN
23	zugeschrieben	VVPP
24	werden	VAINF
25	/	$(
26	inmassen	KOUS
27	die	ART
28	Chymici	NE
29	eben	ADV
30	das	ART
31	/	$(
32	was	PWS
33	dieser	PDAT
34	Brunnen	NN
35	vermag	VVFIN
36	/	$(
37	mit	APPR
38	ihrem	PPOSAT
39	auro	NE
40	potabili	NE
41	auszurichten	VVIZU
42	vermeinen	VVFIN
43	.	$.
1	zum	APPRART
2	Anderen	ADJA
3	/	$(
4	weil	KOUS
5	dieser	PDAT
6	Brunnen	NN
7	/	$(
8	welcher	PWAT
9	doch	ADV
10	mit	APPR
11	so	ADV
12	vielen	ADV
13	herrlichen	ADJA
14	Tugenden	NN
15	und	KON
16	Kräften	NN
17	begabt	ADJD
18	/	$(
19	keinen	PIAT
20	sonderlichen	ADJA
21	Geschmack	NN
22	hat	VAFIN
23	/	$(
24	daraus	PAV
25	einer	ART
26	wohl	ADV
27	schließen	VVINF
28	könnte	VMFIN
29	/	$(
30	dass	KOUS
31	solche	PIAT
32	Kraft	NN
33	des	ART
34	Wassers	NN
35	von	APPR
36	keinem	PIAT
37	Erdsaft	NN
38	oder	KON
39	anderer	ADJA
40	Bergart	NN
41	und	KON
42	Metall	NN
43	/	$(
44	sondern	KON
45	fast	ADV
46	einig	ADJD
47	und	KON
48	allein	ADV
49	vom	APPRART
50	Gold	NN
51	oder	KON
52	Silber	NN
53	herkomme	VVFIN
54	.	$.
1	3.	NE
1	so	ADV
2	soll	VMFIN
3	auch	ADV
4	solches	PIAT
5	der	ART
6	Augenschein	NN
7	geben	VVINF
8	/	$(
9	in	APPR
10	dem	ART
11	/	$(
12	wie	KOKOM
13	etliche	PIAT
14	sagen	VVINF
15	/	$(
16	der	ART
17	Brunnen	NN
18	kleine	ADJA
19	Goldkörnlein	NN
20	mit	APPR
21	sich	PRF
22	bringt	VVFIN
23	/	$(
24	welches	PRELS
25	in	APPR
26	der	ART
27	Quelle	NN
28	und	KON
29	im	APPRART
30	Sande	NN
31	zu	PTKZU
32	sehen	VVINF
33	/	$(
34	wenn	KOUS
35	er	PPER
36	ausgeschöpft	VVPP
37	.	$.
1	4.	NE
2	item	NN
3	weil	KOUS
4	unten	ADV
5	auf	APPR
6	dem	ART
7	Grunde	NN
8	rote	ADJA
9	Steinlein	NN
10	/	$(
11	welche	PWAT
12	/	$(
13	wie	KOKOM
14	ich	PPER
15	selbsten	ADV
16	weiß	VVFIN
17	/	$(
18	den	ART
19	Kindern	NN
20	mit	APPR
21	großem	ADJA
22	Nutzen	NN
23	vor	APPR
24	die	ART
25	schwere	ADJA
26	Not	NN
27	eingegeben	VVPP
28	worden	VAPP
29	.	$.
1	5.	NE
1	ein	ART
2	vornehmer	ADJA
3	Chymicus	NE
4	als	KOKOM
5	er	PPER
6	den	ART
7	Brunnen	NN
8	destilliert	VVPP
9	/	$(
10	hat	VAFIN
11	auf	APPR
12	dem	ART
13	Grunde	NN
14	ein	ART
15	rötliches	ADJD
16	Sedimentum	NE
17	,	$,
18	darinnen	ADV
19	weiße	ADJA
20	Pünktlein	NN
21	oder	KON
22	Tiiplein	NE
23	gewesen	VAPP
24	/	$(
25	gefunden	VVPP
26	/	$(
27	welches	PRELS
28	er	PPER
29	vor	APPR
30	eine	ART
31	gewisse	ADJA
32	Anzeigung	NN
33	gehalten	VVPP
34	/	$(
35	dass	KOUS
36	dieser	PDAT
37	Brunnen	NN
38	von	APPR
39	Gold	NN
40	und	KON
41	Silber	NN
42	/	$(
43	welches	PRELS
44	aber	ADV
45	noch	ADV
46	nicht	PTKNEG
47	zeitig	ADJD
48	/	$(
49	herkäme	VVFIN
50	/	$(
51	und	KON
52	seine	PPOSAT
53	Mineram	NN
54	hätte	VAFIN
55	.	$.
1	zwar	ADV
2	ich	PPER
3	muss	VMFIN
4	bekennen	VVFIN
5	/	$(
6	dass	KOUS
7	ich	PPER
8	im	APPRART
9	Anfang	NN
10	/	$(
11	ehe	KOUS
12	dann	ADV
13	ich	PPER
14	dieses	PDS
15	Wasser	NN
16	zu	PTKZU
17	probieren	VVINF
18	bekommen	VVINF
19	können	VMFIN
20	/	$(
21	mich	PPER
22	durch	APPR
23	den	ART
24	ersten	ADJA
25	und	KON
26	anderen	ADJA
27	Beweis	NN
28	habe	VAFIN
29	bewegen	VVINF
30	lassen	VVINF
31	/	$(
32	dass	KOUS
33	ich	PPER
34	fast	ADV
35	eben	ADV
36	dieser	PDAT
37	Meinung	NN
38	gewesen	VAPP
39	/	$(
40	mich	PPER
41	auch	ADV
42	bei	APPR
43	etlichen	ADJA
44	zu	PTKZU
45	derselben	PDAT
46	Meinung	NN
47	bekannt	VVFIN
48	.	$.
1	nach	APPR
2	dem	ART
3	ich	PPER
4	aber	ADV
5	den	ART
6	Sachen	NN
7	weiter	ADV
8	nachgegangen	NN
9	/	$(
10	habe	VAFIN
11	ich	PPER
12	befunden	VVPP
13	/	$(
14	dass	KOUS
15	sich	PPER
16	es	PPER
17	in	APPR
18	der	ART
19	Wahrheit	NN
20	anders	ADV
21	verhalte	VVFIN
22	/	$(
23	und	KON
24	diese	PDAT
25	Meinung	NN
26	nicht	PTKNEG
27	Stadt	NN
28	und	KON
29	Raum	NN
30	haben	VAFIN
31	könne	VMFIN
32	.	$.
33	sintemal	KOUS
34	1.	NE
35	das	ART
36	Sedimentum	NE
37	brennt	VVFIN
38	/	$(
39	welches	PRELS
40	so	ADV
41	es	PPER
42	von	APPR
43	einem	ART
44	Gold	NN
45	oder	KON
46	Silber	NN
47	/	$(
48	es	PPER
49	wäre	VAFIN
50	zeitig	ADJD
51	oder	KON
52	unzeitig	ADJD
53	/	$(
54	herrührte	VVFIN
55	/	$(
56	nicht	PTKNEG
57	also	ADV
58	leichtlich	ADJD
59	geschehen	VVPP
60	könnte	VMFIN
61	.	$.
1	2.	NE
2	dieweil	KOUS
3	ich	PPER
4	halte	VVFIN
5	/	$(
6	das	ART
7	mit	APPR
8	wenigem	PIAT
9	Grund	NN
10	gesagt	VVPP
11	werde	VAFIN
12	/	$(
13	das	ART
14	eigentlich	ADV
15	zu	PTKZU
16	reden	VVINF
17	/	$(
18	unreifes	ADJD
19	Gold	NN
20	oder	KON
21	Silber	NN
22	sei	VAFIN
23	/	$(
24	sintemal	KOUS
25	es	PPER
26	wider	APPR
27	die	ART
28	Natur	NN
29	und	KON
30	rationem	NE
31	generationis	NE
32	horum	NE
33	metallorum	NE
34	in	APPR
35	terræ	NE
36	visceribus	NE
37	läuft	VVFIN
38	/	$(
39	dass	KOUS
40	sie	PPER
41	gleich	ADV
42	wie	KOKOM
43	die	ART
44	Äpfel	NE
45	und	KON
46	Birnen	NN
47	auf	APPR
48	den	ART
49	Bäumen	NN
50	allgemachsam	ADJD
51	reif	ADJD
52	werden	VAINF
53	sollten	VMFIN
54	.	$.
1	es	PPER
2	ist	VAFIN
3	auch	ADV
4	niemals	ADV
5	erfahren	VVINF
6	worden	VAPP
7	/	$(
8	dass	KOUS
9	die	ART
10	Bergleute	NN
11	jemals	ADV
12	unter	APPR
13	der	ART
14	Erde	NN
15	unreifes	ADJD
16	Gold	NN
17	oder	KON
18	Silber	NN
19	angetroffen	VVPP
20	hätten	VAFIN
21	/	$(
22	welches	PRELS
23	doch	ADV
24	nicht	PTKNEG
25	möglich	ADJD
26	gewesen	VAPP
27	wäre	VAFIN
28	/	$(
29	so	ADV
30	desselben	PDS
31	etwas	PIS
32	unter	APPR
33	der	ART
34	Erde	NN
35	vorhanden	ADJD
36	/	$(
37	oder	KON
38	da	ADV
39	die	ART
40	Metalle	NN
41	unter	APPR
42	der	ART
43	Erde	NN
44	allgemachsam	ADJD
45	perfiziert	NE
46	und	KON
47	zeitig	ADJD
48	würden	VAFIN
49	.	$.
1	denn	KON
2	was	PWS
3	der	ART
4	gottselige	ADJA
5	und	KON
6	hoch	ADJD
7	erfahrene	ADJA
8	Herr	NN
9	Magister	NN
10	Johannes	NE
11	Matthesius	NE
12	christlicher	NN
13	Gedächtnis	NN
14	/	$(
15	in	APPR
16	seiner	PPOSAT
17	Bergpostille	NN
18	in	APPR
19	der	ART
20	dritten	ADJA
21	Predigt	NN
22	für	APPR
23	Experimenta	NE
24	anzeucht	NN
25	/	$(
26	damit	PAV
27	zu	PTKZU
28	behaupten	VVFIN
29	/	$(
30	dass	KOUS
31	die	ART
32	Metalle	NN
33	von	APPR
34	Jahr	NN
35	zu	PTKZU
36	Jahr	NN
37	/	$(
38	besser	ADJD
39	/	$(
40	vollkommener	ADJA
41	und	KON
42	gültiger	ADJA
43	werden	VAINF
44	/	$(
45	bis	VVFIN
46	sie	PPER
47	gediegen	ADJD
48	oder	KON
49	zu	PTKZU
50	ihrem	PPOSAT
51	Stillstand	NN
52	und	KON
53	Vollkommenheit	NN
54	gebracht	VVPP
55	werden	VAINF
56	/	$(
57	hat	VAFIN
58	viel	ADV
59	eine	ART
60	andere	ADJA
61	Meinung	NN
62	und	KON
63	Ursache	NN
64	/	$(
65	und	KON
66	lassen	VVINF
67	die	ART
68	Philosophi	NN
69	/	$(
70	die	ART
71	nicht	PTKNEG
72	oben	ADV
73	hin	PTKVZ
74	nach	APPR
75	dem	ART
76	Ansehen	NN
77	urteilen	VVINF
78	/	$(
79	sondern	KON
80	der	ART
81	Natur	NN
82	Wirkung	NN
83	eigentlich	ADV
84	erwägen	VVFIN
85	und	KON
86	unterscheiden	VVINF
87	/	$(
88	den	ART
89	Bergleuten	NN
90	ihre	PPOSAT
91	Art	NN
92	zu	PTKZU
93	reden	VVINF
94	:	$.
1	Loquentes	FM.la
2	cum	FM.la
3	multis	FM.la
4	;	$.
5	sapientes	FM.la
6	cum	FM.la
7	paucis	FM.la
8	.	$.
1	aber	KON
2	davon	PAV
3	ausführlich	ADJD
4	zu	PTKZU
5	disputieren	VVINF
6	wollte	VMFIN
7	allhier	ADV
8	zu	PTKZU
9	lang	ADJD
10	werden	VAINF
11	.	$.
1	3.	NE
1	man	PIS
2	findet	VVFIN
3	auch	ADV
4	in	APPR
5	etlichen	ADJA
6	Brunnen	NN
7	und	KON
8	fließenden	ADJA
9	Wassern	NN
10	Goldkörner	NN
11	und	KON
12	Goldseifen	NN
13	/	$(
14	welche	PWAT
15	aber	ADV
16	der	ART
17	Goldes	NN
18	Kraft	NN
19	nicht	PTKNEG
20	an	APPR
21	sich	PRF
22	nehmen	VVINF
23	.	$.
1	4.	NE
1	ich	PPER
2	will	VMFIN
3	geschweigen	VVINF
4	/	$(
5	das	ART
6	/	$(
7	wie	KOKOM
8	Fallopius	NE
9	libro	NE
10	de	NE
11	aquis	NE
12	Thermalibus	NE
13	cap.	NN
14	8.	ADJA
15	auch	ADV
16	hiervon	PAV
17	disputiert	VVPP
18	/	$(
19	fast	ADV
20	nicht	PTKNEG
21	müglich	ADJD
22	sei	VAFIN
23	/	$(
24	dass	KOUS
25	sich	PRF
26	das	ART
27	schlechte	ADJA
28	Wasser	NN
29	mit	APPR
30	dem	ART
31	Gold	NN
32	also	ADV
33	vermische	VVFIN
34	/	$(
35	dass	KOUS
36	es	PPER
37	seine	PPOSAT
38	Natur	NN
39	an	APPR
40	sich	PRF
41	nehme	VVFIN
42	/	$(
43	sintemal	KOUS
44	das	ART
45	Gold	NN
46	also	ADV
47	hart	ADJD
48	und	KON
49	tüchte	NN
50	ist	VAFIN
51	/	$(
52	dass	KOUS
53	es	PPER
54	einem	ART
55	kalten	ADJA
56	schlechten	ADJA
57	Wasser	NN
58	von	APPR
59	seiner	PPOSAT
60	Substanz	NN
61	nichts	PIS
62	zukommen	VVINF
63	lässt	VVFIN
64	.	$.
1	Dahero	FM.la
2	Reinerus	FM.la
3	Solenander	FM.la
4	lib.	FM.la
5	2.	FM.la
6	c.	FM.la
7	2.	FM.la
8	de	FM.la
9	font	FM.la
10	.	$.
11	temper.	FM.la
12	p.	FM.la
13	148.	FM.la
14	sagt	FM.la
15	:	$.
16	Quæ	FM.la
17	perfectissimè	FM.la
18	mista	FM.la
19	sunt	FM.la
20	,	$,
21	benè	FM.la
22	compacta	FM.la
23	insigniter	FM.la
24	dura	FM.la
25	,	$,
26	nihil	FM.la
27	ea	FM.la
28	humectatione	FM.la
29	(	$(
30	nisi	FM.la
31	id	FM.la
32	,	$,
33	quo	FM.la
34	humectentur	FM.la
35	,	$,
36	insigniter	FM.la
37	acre	FM.la
38	fuerit	FM.la
39	)	$(
40	dimittunt	FM.la
41	,	$,
42	ut	FM.la
43	videre	FM.la
44	licet	FM.la
45	in	FM.la
46	vitro	FM.la
47	,	$,
48	auro	FM.la
49	,	$,
50	argento	FM.la
51	,	$,
52	marmore	FM.la
53	,	$,
54	maximè	FM.la
55	Carrariensi	FM.la
56	,	$,
57	vel	FM.la
58	alio	FM.la
59	quovis	FM.la
60	durissimo	FM.la
61	.	$.
1	Nam	FM.la
2	licet	FM.la
3	aqua	FM.la
4	ex	FM.la
5	his	FM.la
6	concrescat	FM.la
7	,	$,
8	nihil	FM.la
9	ex	FM.la
10	his	FM.la
11	sibi	FM.la
12	assumit	FM.la
13	,	$,
14	quod	FM.la
15	observatione	FM.la
16	sit	FM.la
17	dignum	FM.la
18	.	$.
1	At	FM.la
2	si	FM.la
3	in	FM.la
4	aliis	FM.la
5	condensetur	FM.la
6	,	$,
7	terreo	FM.la
8	corpore	FM.la
9	,	$,
10	succo	FM.la
11	concreto	FM.la
12	,	$,
13	saxo	FM.la
14	aliquo	FM.la
15	vel	FM.la
16	metallo	FM.la
17	molli	FM.la
18	impuróve	FM.la
19	,	$,
20	sanè	FM.la
21	permultum	FM.la
22	ejus	FM.la
23	qualitatis	FM.la
24	&	$(
25	naturæ	FM.la
26	imbibit	FM.la
27	.	$.
1	ja	PTKANT
2	ob	KOUS
3	gleich	ADV
4	der	ART
5	Brunnen	NN
6	das	ART
7	Gold	NN
8	oder	KON
9	Silber	NN
10	leibhaftig	ADJD
11	in	APPR
12	sich	PRF
13	hätte	VAFIN
14	/	$(
15	so	ADV
16	könnte	VMFIN
17	er	PPER
18	doch	ADV
19	die	ART
20	Kräfte	NN
21	nicht	PTKNEG
22	von	APPR
23	ihnen	PPER
24	haben	VAFIN
25	/	$(
26	sintemal	KOUS
27	die	ART
28	Chymici	NE
29	selber	ADV
30	bekennen	VVFIN
31	/	$(
32	dass	KOUS
33	das	ART
34	Gold	NN
35	/	$(
36	wenn	KOUS
37	man	PIS
38	es	PPER
39	schon	ADV
40	in	APPR
41	Leib	NN
42	nimmt	VVFIN
43	/	$(
44	doch	ADV
45	nicht	PTKNEG
46	von	APPR
47	unserer	PPOSAT
48	natürlichen	ADJA
49	Wärme	NN
50	bezwungen	VVPP
51	und	KON
52	verdaut	VVFIN
53	werden	VAINF
54	könne	VMFIN
55	.	$.
1	Aurum	FM.la
2	,	$,
3	inquiunt	FM.la
4	,	$,
5	init	FM.la
6	;	$.
7	aurum	FM.la
8	exit	FM.la
9	,	$,
10	si	FM.la
11	sit	FM.la
12	minerale	FM.la
13	&	$(
14	nisi	FM.la
15	vegetabile	FM.la
16	fiat	FM.la
17	,	$,
18	quod	FM.la
19	sit	FM.la
20	per	FM.la
21	solutionem	FM.la
22	ejus	FM.la
23	Spagyricam	FM.la
24	.	$.
1	das	ART
2	Gold	NN
3	/	$(
4	sagen	VVINF
5	sie	PPER
6	/	$(
7	geht	VVFIN
8	in	APPR
9	den	ART
10	Leib	NN
11	/	$(
12	und	KON
13	geht	VVFIN
14	unversehrt	ADJD
15	wieder	ADV
16	heraus	PTKVZ
17	/	$(
18	alldieweil	KOUS
19	es	PPER
20	noch	ADV
21	mineralisch	ADJD
22	/	$(
23	und	KON
24	durch	APPR
25	die	ART
26	spagirische	ADJA
27	Kunst	NN
28	noch	ADV
29	nicht	PTKNEG
30	gleichsam	ADJD
31	lebendig	ADJD
32	gemacht	VVPP
33	worden	VAPP
34	ist	VAFIN
35	.	$.
1	belangend	NN
2	aber	ADV
3	die	ART
4	Gründe	NN
5	/	$(
6	so	ADV
7	oben	ADV
8	zur	APPRART
9	Beweisung	NN
10	angezogen	VVPP
11	worden	VAPP
12	/	$(
13	dass	KOUS
14	dieser	PDAT
15	Brunnen	NN
16	seine	PPOSAT
17	Mineram	NN
18	vom	APPRART
19	Gold	NN
20	/	$(
21	oder	KON
22	Silber	NN
23	habe	VAFIN
24	/	$(
25	so	ADV
26	ist	VAFIN
27	auf	APPR
28	dieselbige	PDAT
29	kürzlich	ADV
30	meine	PPOSAT
31	Antwort	NN
32	?	$.
1	1.	NE
1	dass	KOUS
2	es	PPER
3	nicht	PTKNEG
4	folge	VVFIN
5	/	$(
6	weil	KOUS
7	dieser	PDAT
8	Brunnen	NN
9	die	ART
10	Lähme	NN
11	heilt	VVFIN
12	/	$(
13	es	PPER
14	derowegen	ADV
15	von	APPR
16	Gold	NN
17	sei	VAFIN
18	/	$(
19	sintemal	KOUS
20	solches	PIAT
21	nicht	PTKNEG
22	weniger	ADV
23	den	ART
24	Bituminibus	NE
25	wie	KOKOM
26	unten	ADV
27	wird	VAFIN
28	gemeldet	VVPP
29	werden	VAINF
30	/	$(
31	zuzuschreiben	VVIZU
32	,	$,
33	2.	CARD
1	dass	KOUS
2	aber	ADV
3	der	ART
4	Brunnen	NN
5	keinen	PIAT
6	sonderlichen	ADJA
7	Geschmack	NN
8	/	$(
9	geschieht	VVFIN
10	nicht	PTKNEG
11	wegen	APPR
12	des	ART
13	Goldes	NN
14	/	$(
15	oder	KON
16	Silbers	NN
17	/	$(
18	sondern	KON
19	von	APPR
20	wegen	APPR
21	der	ART
22	Menge	NN
23	des	ART
24	Wassers	NN
25	wird	VAFIN
26	der	ART
27	Geschmack	NN
28	des	ART
29	Bituminis	NN
30	obtundirt	NE
31	und	KON
32	gedämpft	VVPP
33	/	$(
34	welches	PRELS
35	weil	KOUS
36	es	PPER
37	auch	ADV
38	in	APPR
39	Nitro	NE
40	,	$,
41	und	KON
42	Atramento	NE
43	geschieht	VVFIN
44	/	$(
45	wie	PWAV
46	Solenander	NE
47	bezeigt	VVPP
48	lib.	NN
49	2.	ADJA
50	de	NE
51	Temp.	NN
52	font.	NN
53	cap.	NN
54	4.	ADJA
55	p.	NN
56	166.	ADJA
57	ist	VAFIN
58	kein	PIAT
59	Wunder	NN
60	/	$(
61	dass	KOUS
62	sich	PRF
63	solches	PIAT
64	auch	ADV
65	mit	APPR
66	dem	ART
67	Bitumine	NE
68	zuträgt	VVFIN
69	/	$(
70	sondern	KON
71	ist	VAFIN
72	dass	KOUS
73	dieser	PDAT
74	Brunnen	NN
75	gleich	ADV
76	ein	ART
77	wenig	PIS
78	süßlichen	ADJA
79	und	KON
80	pfülenschenden	NE
81	Geschmack	NN
82	hat	VAFIN
83	/	$(
84	gar	ADV
85	genug	ADV
86	.	$.
1	3.	NE
2	lasse	VVIMP
3	ich	PPER
4	in	APPR
5	seinem	PPOSAT
6	Wert	ADJD
7	und	KON
8	Unwert	NN
9	beruhen	VVFIN
10	/	$(
11	dass	KOUS
12	dieser	PDAT
13	Brunnen	NN
14	Gold	NN
15	mit	APPR
16	sich	PRF
17	bringe	VVFIN
18	/	$(
19	es	PPER
20	folgt	VVFIN
21	aber	ADV
22	nicht	PTKNEG
23	daraus	PAV
24	/	$(
25	dass	KOUS
26	die	ART
27	Minera	NN
28	von	APPR
29	Gold	NN
30	sei	VAFIN
31	/	$(
32	wie	KOKOM
33	aus	APPR
34	unsern	PPOSAT
35	/	$(
36	wider	APPR
37	diese	PDAT
38	Meinung	NN
39	/	$(
40	obangezogenem	ADJA
41	dritten	ADJA
42	Argument	NN
43	weitläufiger	NN
44	zu	PTKZU
45	sehen	VVINF
46	.	$.
1	4.	NE
1	die	ART
2	rötlichen	ADJA
3	Steinlein	NN
4	aber	ADV
5	/	$(
6	so	ADV
7	wider	APPR
8	die	ART
9	schwere	ADJA
10	Not	NN
11	dienen	VVINF
12	/	$(
13	sind	VAFIN
14	nicht	PTKNEG
15	vom	APPRART
16	Gold	NN
17	/	$(
18	sondern	KON
19	vielmehr	ADV
20	Stücklein	NN
21	eines	ART
22	Bituminis	NN
23	,	$,
24	irgend	ADV
25	der	ART
26	Ambra	NN
27	,	$,
28	welche	PWAT
29	/	$(
30	wie	KOKOM
31	jetzo	ADV
32	wird	VAFIN
33	gemeldet	VVPP
34	werden	VAINF
35	/	$(
36	solche	PIAT
37	Farbe	NN
38	auch	ADV
39	in	APPR
40	sich	PRF
41	hat	VAFIN
42	/	$(
43	oder	KON
44	des	ART
45	Agtsteins	NN
46	/	$(
47	welcher	PWAT
48	auch	ADV
49	eine	ART
50	Art	NN
51	des	ART
52	Erdpechs	NN
53	ist	VAFIN
54	/	$(
55	und	KON
56	hat	VAFIN
57	man	PIS
58	in	APPR
59	diesem	PDAT
60	Brunnen	NN
61	etlichen	ADJA
62	Riss	NN
63	gefunden	VVFIN
64	/	$(
65	der	ART
66	sich	PRF
67	schneiden	VVFIN
68	lässt	VVFIN
69	/	$(
70	und	KON
71	dem	ART
72	weißen	ADJA
73	Bern-	NE
74	oder	KON
75	Agtstein	NN
76	gar	ADV
77	ähnlich	ADJD
78	ist	VAFIN
79	.	$.
1	5.	NE
1	das	ART
2	letzte	ADJA
3	Argument	NN
4	/	$(
5	hat	VAFIN
6	zwar	ADV
7	ein	ART
8	feines	ADJD
9	Ansehen	NN
10	/	$(
11	aber	ADV
12	wann	PWAV
13	man	PIS
14	es	PPER
15	recht	ADJD
16	anschaut	VVFIN
17	/	$(
18	ist	VAFIN
19	es	PPER
20	zu	PTKZU
21	schwach	ADJD
22	/	$(
23	dieweil	KOUS
24	nicht	PTKNEG
25	flugs	ADV
26	folgt	VVFIN
27	:	$.
28	das	ART
29	Sedimentum	NE
30	ist	VAFIN
31	rötlich	ADJD
32	mit	APPR
33	weißen	ADJA
34	Pünktlein	NN
35	vermischt	VVFIN
36	.	$.
1	darum	PAV
2	ist	VAFIN
3	es	PPER
4	Gold	NN
5	und	KON
6	Silber	NN
7	:	$.
1	dann	ADV
2	nicht	PTKNEG
3	alles	PIS
4	was	PWS
5	da	ADV
6	gleißt	VVFIN
7	Gold	NN
8	ist	VAFIN
9	.	$.
1	sondern	KON
2	viel	ADV
3	mehr	ADV
4	wollte	VMFIN
5	ich	PPER
6	argumentieren	VVFIN
7	/	$(
8	das	ART
9	Sedimentum	NE
10	brennt	VVFIN
11	/	$(
12	ist	VAFIN
13	rötlich	ADJD
14	et cetera	ADV
1	ergo	NE
2	so	ADV
3	ist	VAFIN
4	es	PPER
5	eine	ART
6	Art	NN
7	einer	ART
8	Ambra	NN
9	,	$,
10	die	ART
11	da	ADV
12	rot	ADJD
13	ist	VAFIN
14	/	$(
15	gleich	ADV
16	wie	KOKOM
17	die	ART
18	gewesen	VAPP
19	/	$(
20	welche	PWAT
21	von	APPR
22	Kaiser	NN
23	Caroli	NE
24	5.	NE
25	Tochter	NN
26	/	$(
27	des	ART
28	Kaisers	NN
29	Maximiliani	NE
30	Gemahl	NN
31	/	$(
32	dem	ART
33	vornehmen	VVINF
34	Medico	NE
35	Cratoni	NE
36	ist	VAFIN
37	verehrt	VVFIN
38	worden	VAPP
39	/	$(
40	welche	PWAT
41	er	PPER
42	schreibt	VVFIN
43	dass	KOUS
44	sie	PPER
45	gebrannt	VVPP
46	/	$(
47	schweflige	ADJA
48	/	$(
49	das	ART
50	ist	VAFIN
51	rötliche	ADJA
52	/	$(
53	oder	KON
54	gelbliche	ADJA
55	Pünktlein	NN
56	gehabt	VAPP
57	/	$(
58	und	KON
59	die	ART
60	man	PIS
61	sonst	ADV
62	nicht	PTKNEG
63	zu	PTKZU
64	kaufen	NN
65	/	$(
66	bekommen	VVINF
67	könne	VMFIN
68	.	$.
1	Hæc	FM.la
2	Ambra	FM.la
3	&	$(
4	c.	FM.la
5	vulgo	FM.la
6	non	FM.la
7	venditur	FM.la
8	.	$.
9	lib.	FM.la
10	de	FM.la
11	Peste	FM.la
12	latino	FM.la
13	p.	FM.la
14	548.	FM.la
15	besiehe	FM.la
16	von	FM.la
17	der	FM.la
18	Ambra	FM.la
19	Libavium	FM.la
20	in	FM.la
21	tertia	FM.la
22	parte	FM.la
23	singularium	FM.la
24	,	$,
25	lib.	FM.la
26	4.	FM.la
27	cap.	FM.la
28	2.	FM.la
29	und	FM.la
30	so	FM.la
31	viel	FM.la
32	von	FM.la
33	dieser	FM.la
34	Meinung	FM.la
35	.	$.
1	die	ART
2	andere	ADJA
3	Meinung	NN
4	ist	VAFIN
5	diese	PDAT
6	/	$(
7	dass	KOUS
8	dieser	PDAT
9	Brunnen	NN
10	in	APPR
11	sich	PRF
12	habe	VAFIN
13	Sulfur	NN
14	,	$,
15	das	ART
16	ist	VAFIN
17	/	$(
18	Schwefel	NN
19	und	KON
20	Nitrum	NE
21	Salpeter	NN
22	/	$(
23	welche	PWAT
24	Meinung	NN
25	zwar	ADV
26	auch	ADV
27	oben	ADV
28	angezogenes	ADJA
29	Argument	NN
30	/	$(
31	so	ADV
32	wir	PPER
33	daher	PAV
34	genommen	VVPP
35	/	$(
36	dass	KOUS
37	das	ART
38	Sedimentum	NE
39	brenne	VVFIN
40	/	$(
41	für	APPR
42	sich	PRF
43	hat	VAFIN
44	/	$(
45	sintemal	KOUS
46	das	ART
47	Sulfur	NN
48	gerne	ADV
49	brennt	NE
50	.	$.
1	aber	KON
2	diese	PDAT
3	Communis	NE
4	ratio	NE
5	ist	VAFIN
6	allein	ADV
7	zu	PTKZU
8	schwach	ADJD
9	/	$(
10	dann	ADV
11	wie	KOKOM
12	gesagt	VVPP
13	/	$(
14	und	KON
15	sonst	ADV
16	bewusst	ADJD
17	/	$(
18	so	ADV
19	brennt	VVFIN
20	das	ART
21	Bitumen	NN
22	ja	ADV
23	so	ADV
24	bald	ADV
25	/	$(
26	als	KOKOM
27	Sulfur	NN
28	,	$,
29	sonderlich	ADJD
30	die	ART
31	Naphtha	NN
32	,	$,
33	wie	KOKOM
34	Solenander	NE
35	sagt	VVFIN
36	libr.	NN
37	1.	ADJA
38	de	NE
39	font.	NN
40	cal.	NN
41	causa.	NN
42	in	APPR
43	fine.	NN
44	cap.	NN
45	5.	ADJA
46	Est	NE
47	quædam	NE
48	bituminis	NE
49	species	NE
50	&	$(
51	præsertim	NE
52	Naphtha	NN
53	,	$,
54	cui	NE
55	est	FM
56	sane	NE
57	magna	NE
58	cognatio	NE
59	,	$,
60	&	$(
61	quasi	ADV
62	quædam	NE
63	vis	NE
64	ignium	NE
65	rapax	NE
66	,	$,
67	ita	NE
68	ut	FM
69	is	FM
70	protinus	NE
71	in	APPR
72	eam	NE
73	transiliat	NE
74	.	$.
1	hergegen	ADV
2	aber	ADV
3	/	$(
4	dass	KOUS
5	kein	PIAT
6	Sulfur	NN
7	des	ART
8	Brunnens	NN
9	Minera	NN
10	sei	VAFIN
11	/	$(
12	ist	VAFIN
13	daher	PAV
14	sonnenklar	NN
15	/	$(
16	dass	KOUS
17	nicht	PTKNEG
18	allein	ADV
19	das	ART
20	Wasser	NN
21	/	$(
22	sondern	KON
23	auch	ADV
24	das	ART
25	angezündete	ADJA
26	Sedimentum	NE
27	im	APPRART
28	Geringsten	ADJA
29	keinen	PIAT
30	schwefligen	ADJA
31	Geruch	NN
32	von	APPR
33	sich	PRF
34	gibt	VVFIN
35	/	$(
36	da	ADV
37	doch	ADV
38	solches	PIAT
39	wider	APPR
40	die	ART
41	Natur	NN
42	des	ART
43	Schwefels	NN
44	/	$(
45	welcher	PWAT
46	nicht	PTKNEG
47	allein	ADV
48	gar	ADV
49	stark	ADJD
50	riecht	VVFIN
51	/	$(
52	sondern	KON
53	auch	ADV
54	mit	APPR
55	Gewalt	NN
56	in	APPR
57	die	ART
58	Nase	NN
59	kriecht	VVFIN
60	/	$(
61	dass	KOUS
62	einer	ART
63	schier	ADJD
64	ersticken	VVINF
65	möchte	VMFIN
66	/	$(
67	wie	KOKOM
68	solches	PIAT
69	neben	APPR
70	der	ART
71	täglichen	ADJA
72	Erfahrung	NN
73	bezeugen	VVFIN
74	:	$.
75	Solenander	NE
76	lib.	NN
77	1.	ADJA
78	de	NE
79	Font	NN
80	:	$.
81	cal.	NN
82	causa.	NN
83	cap.	NN
84	11.	ADJA
85	p.	NN
86	104.	ADJA
87	Odor	NN
88	sulfuris	NE
89	injucundus	NE
90	est	FM
91	&	$(
92	gravis	NN
93	,	$,
94	suusq̒ue	NE
95	peculiaris	NE
96	,	$,
97	quique	NE
98	vehementius	NE
99	nares	NE
100	ferit	NE
101	,	$,
102	cum	NE
103	accenditur	NE
104	.	$.
1	Et	FM.la
2	mox	FM.la
3	:	$.
4	Odor	FM.la
5	in	FM.la
6	fulmine	FM.la
7	ei	FM.la
8	similis	FM.la
9	cognoscitur	FM.la
10	.	$.
1	und	FM.la
2	Johannes	FM.la
3	Gorrhaeus	FM.la
4	desin.	FM.la
5	medic.	FM.la
6	titulo	FM.la
7	[	$(
8	Griech.	FM.la
9	]	$(
10	p.	FM.la
11	177.	FM.la
12	Odore	FM.la
13	sulfur	FM.la
14	est	FM.la
15	gravi	FM.la
16	fulminis	FM.la
17	&	$(
18	fulguris	FM.la
19	,	$,
20	cumque	FM.la
21	uritur	FM.la
22	,	$,
23	nares	FM.la
24	ferit	FM.la
25	aurâ	FM.la
26	acri	FM.la
27	&	$(
28	igneä	FM.la
29	.	$.
1	über	FM.la
2	das	FM.la
3	/	$(
4	so	FM.la
5	schreibt	FM.la
6	Paulus	FM.la
7	Ägineta	FM.la
8	lib.	FM.la
9	1.	FM.la
10	de	FM.la
11	arte	FM.la
12	med.	FM.la
13	cap	FM.la
14	:	$.
15	52.	FM.la
16	Quæ	FM.la
17	vero	FM.la
18	aquæ	FM.la
19	sulfuris	FM.la
20	vim	FM.la
21	possident	FM.la
22	,	$,
23	stomachum	FM.la
24	non	FM.la
25	effæminant	FM.la
26	tantum	FM.la
27	,	$,
28	verum	FM.la
29	etiam	FM.la
30	subvertunt	FM.la
31	.	$.
1	das	ART
2	ist	VAFIN
3	:	$.
1	die	ART
2	schwefligen	ADJA
3	Wasser	NN
4	schwächen	VVINF
5	nicht	PTKNEG
6	allein	ADV
7	den	ART
8	Magen	NN
9	/	$(
10	sondern	KON
11	sie	PPER
12	verderben	VVFIN
13	ihn	PPER
14	auch	ADV
15	ganz	ADV
16	und	KON
17	gar	ADV
18	.	$.
1	dessen	PDS
2	Gegenteil	NN
3	aber	ADV
4	in	APPR
5	diesem	PDAT
6	Brunnen	NN
7	erscheint	VVFIN
8	/	$(
9	in	APPR
10	dem	ART
11	niemand	PIS
12	jemals	ADV
13	/	$(
14	der	ART
15	ihn	PPER
16	zu	PTKZU
17	rechter	ADJA
18	Zeit	NN
19	getrunken	VVPP
20	/	$(
21	dass	KOUS
22	er	PPER
23	dem	ART
24	Magen	NN
25	geschadet	VVPP
26	/	$(
27	geklagt	VVPP
28	/	$(
29	sondern	KON
30	viel	ADV
31	mehr	ADV
32	/	$(
33	die	ART
34	so	ADV
35	blöde	ADJA
36	/	$(
37	verschleimte	VVFIN
38	Magen	NN
39	/	$(
40	und	KON
41	[	$(
42	Griech.	NN
43	]	$(
44	,	$,
45	oder	KON
46	Drücken	VVINF
47	am	APPRART
48	Herzen	NN
49	gehabt	VAPP
50	/	$(
51	dass	KOUS
52	sie	PPER
53	durch	APPR
54	den	ART
55	Brunnen	NN
56	seien	VAINF
57	wieder	ADV
58	zu	PTKZU
59	recht	ADJD
60	gebracht	VVPP
61	worden	VAPP
62	/	$(
63	empfunden	VVPP
64	und	KON
65	ausgesagt	VVPP
66	.	$.
1	das	ART
2	endlich	ADV
3	auch	ADV
4	dieser	PDAT
5	Brunnen	NN
6	kein	PIAT
7	Nitrum	NE
8	oder	KON
9	Salpeter	NN
10	bei	APPR
11	ihm	PPER
12	oder	KON
13	in	APPR
14	sich	PRF
15	habe	VAFIN
16	/	$(
17	darf	VMFIN
18	nicht	PTKNEG
19	viel	ADV
20	Beweisens	NN
21	/	$(
22	sintemal	KOUS
23	/	$(
24	wo	PWAV
25	dessen	PDS
26	echtes	ADJA
27	vorhanden	ADJD
28	/	$(
29	das	ART
30	Sedimentum	NE
31	/	$(
32	wann	PWAV
33	man	PIS
34	es	PPER
35	bei	APPR
36	das	ART
37	Feuer	NN
38	hielte	VVFIN
39	/	$(
40	nach	APPR
41	des	ART
42	Nitri	NE
43	Natur	NN
44	/	$(
45	wie	KOKOM
46	jedermann	PIS
47	bekannt	ADJD
48	/	$(
49	zu	PTKZU
50	funkeln	VVINF
51	/	$(
52	zu	PTKZU
53	knacken	VVINF
54	/	$(
55	oder	KON
56	zu	PTKZU
57	krachen	VVFIN
58	und	KON
59	zu	PTKZU
60	brutzeln	VVINF
61	anfinge	VVFIN
62	/	$(
63	welches	PRELS
64	doch	ADV
65	hie	ADV
66	nicht	PTKNEG
67	geschieht	VVFIN
68	.	$.
1	die	ART
2	dritte	ADJA
3	Meinung	NN
4	steht	VVFIN
5	in	APPR
6	nachgesetzter	ADJA
7	historischer	NN
8	Beschreibung	NN
9	/	$(
10	das	ART
11	dieser	PDAT
12	Brunnen	NN
13	in	APPR
14	sich	PRF
15	habe	VAFIN
16	Kupfererz	NN
17	/	$(
18	Steinbrocken	NN
19	/	$(
20	und	KON
21	Vitriol	NE
22	.	$.
1	aber	KON
2	Kupfererz	NN
3	und	KON
4	Steinbrocken	NN
5	können	VMFIN
6	wegen	APPR
7	ihrer	PPOSAT
8	Härtigkeit	NE
9	von	APPR
10	ihrer	PPOSAT
11	Substanz	NN
12	dem	ART
13	kalten	ADJA
14	Wasser	NN
15	keine	PIAT
16	Kraft	NN
17	mitteilen	VVINF
18	/	$(
19	wie	KOKOM
20	oben	ADV
21	von	APPR
22	Gold	NN
23	gesagt	VVPP
24	/	$(
25	wenn	KOUS
26	auch	ADV
27	Vitriol	NE
28	oder	KON
29	Kupferwasser	NN
30	dabei	PAV
31	wäre	VAFIN
32	/	$(
33	müsste	VMFIN
34	der	ART
35	Brunnen	NN
36	sauer	ADJD
37	sein	VAINF
38	/	$(
39	und	KON
40	würde	VAFIN
41	/	$(
42	wenn	KOUS
43	er	PPER
44	in	APPR
45	kupfernen	VVINF
46	Gefäßen	NN
47	gesotten	VVPP
48	würde	VAFIN
49	/	$(
50	anlaufen	VVINF
51	/	$(
52	und	KON
53	wenn	KOUS
54	Gallus	NE
55	hinein	APZR
56	getan	VVPP
57	würde	VAFIN
58	/	$(
59	eine	ART
60	schwarze	ADJA
61	Farbe	NN
62	oder	KON
63	Tinte	VVFIN
64	geben	VVINF
65	.	$.
1	derentwegen	PAV
2	so	ADV
3	bleibt	VVFIN
4	es	PPER
5	nun	ADV
6	gewiss	ADV
7	dabei	PAV
8	/	$(
9	dass	KOUS
10	dieses	PDAT
11	Brunnens	NN
12	Natur	NN
13	und	KON
14	Minera	NN
15	sei	VAFIN
16	ein	ART
17	Bitumen	NN
18	oder	KON
19	Erdwachs	NN
20	/	$(
21	oder	KON
22	Erdpech	NN
23	/	$(
24	nämlich	ADV
25	/	$(
26	wie	KOKOM
27	ob	KOUS
28	gemeldet	VVPP
29	/	$(
30	zum	APPRART
31	Teil	NN
32	ein	ART
33	irdisches	ADJA
34	und	KON
35	steinhartes	ADJA
36	/	$(
37	wie	KOKOM
38	die	ART
39	Steinkohlen	NN
40	sein	VAINF
41	/	$(
42	zum	APPRART
43	Teil	NN
44	aber	ADV
45	flüssig	ADJD
46	wie	KOKOM
47	ein	ART
48	Öl	NE
49	/	$(
50	als	KOKOM
51	ein	ART
52	Petroleum	FM
53	oder	KON
54	Naphtha	NN
55	/	$(
56	zum	APPRART
57	Teil	NN
58	ein	ART
59	mittelmäßiges	ADJA
60	als	KOKOM
61	eine	ART
62	Ambra	NN
63	/	$(
64	oder	KON
65	derselben	PDAT
66	gleichen	ADJA
67	und	KON
68	Analogum	NE
69	.	$.
1	und	KON
2	sei	VAFIN
3	also	ADV
4	hiermit	PAV
5	von	APPR
6	der	ART
7	Natur	NN
8	dieses	PDAT
9	Brunnens	NE
10	genug	ADV
11	gesagt	VVPP
12	.	$.
1	das	ART
2	andere	ADJD
3	Kapitel	NN
4	.	$.
1	von	APPR
2	Komplexion	NN
3	oder	KON
4	Temperament	NN
5	dieses	PDAT
6	Brunnens	NN
7	.	$.
1	nun	ADV
2	ferner	ADV
3	von	APPR
4	seiner	PPOSAT
5	Komplexion	NN
6	oder	KON
7	Qualitäten	NN
8	.	$.
1	weil	KOUS
2	aber	ADV
3	ausgeführt	VVPP
4	/	$(
5	das	ART
6	dies	PDS
7	Wasser	NN
8	seine	PPOSAT
9	Mineram	NN
10	von	APPR
11	den	ART
12	Bituminibus	NE
13	habe	VAFIN
14	/	$(
15	als	KOKOM
16	folgt	VVFIN
17	/	$(
18	dass	KOUS
19	es	PPER
20	eben	ADV
21	dergleichen	PIS
22	Komplexion	NN
23	sei	VAFIN
24	/	$(
25	und	KON
26	eben	ADV
27	die	ART
28	Qualitäten	NN
29	ihm	PPER
30	imprimiert	VVPP
31	sein	VAINF
32	/	$(
33	welche	PWAT
34	die	ART
35	Bitumina	NE
36	haben	VAFIN
37	.	$.
1	welches	PWS
2	aber	ADV
3	zuuerstehen	VVINF
4	nicht	PTKNEG
5	von	APPR
6	der	ART
7	Qualität	NN
8	oder	KON
9	Fakultät	NN
10	/	$(
11	welche	PWAT
12	für	APPR
13	sich	PRF
14	in	APPR
15	dem	ART
16	Wasser	NN
17	ist	VAFIN
18	/	$(
19	und	KON
20	die	ART
21	man	PIS
22	fühlt	VVFIN
23	/	$(
24	sondern	KON
25	von	APPR
26	der	ART
27	jenigen	PIAT
28	/	$(
29	die	ART
30	es	PPER
31	hat	VAFIN
32	gegen	APPR
33	des	ART
34	Menschen	NN
35	Leib	NN
36	gerechnet	VVPP
37	/	$(
38	und	KON
39	wann	PWAV
40	es	PPER
41	in	APPR
42	demselben	PDAT
43	gebraucht	VVPP
44	wird	VAFIN
45	.	$.
1	denn	FM.la
2	Galenus	FM.la
3	spricht	FM.la
4	:	$.
5	r.	FM.la
6	Simplic	FM.la
7	.	$.
8	Medicam.	FM.la
9	c.	FM.la
10	ult.	FM.la
11	:	$.
12	Non	FM.la
13	quale	FM.la
14	per	FM.la
15	se	FM.la
16	,	$,
17	&	$(
18	ad	FM.la
19	totam	FM.la
20	naturam	FM.la
21	Medicamentum	FM.la
22	sit	FM.la
23	,	$,
24	confideramus	FM.la
25	(	$(
26	patet	FM.la
27	enim	FM.la
28	ita	FM.la
29	nec	FM.la
30	acetum	FM.la
31	nee	FM.la
32	mare	FM.la
33	dici	FM.la
34	,	$,
35	quod	FM.la
36	nos	FM.la
37	exiccet	FM.la
38	,	$,
39	aut	FM.la
40	siccum	FM.la
41	sit	FM.la
42	facultate	FM.la
43	,	$,
44	cùm	FM.la
45	actu	FM.la
46	horum	FM.la
47	utrumq̒ue	FM.la
48	sit	FM.la
49	humidum	FM.la
50	)	$(
51	verum	FM.la
52	si	FM.la
53	nos	FM.la
54	siccare	FM.la
55	appareat	FM.la
56	,	$,
57	sicca	FM.la
58	dicentur	FM.la
59	,	$,
60	ad	FM.la
61	nos	FM.la
62	videlicet	FM.la
63	&	$(
64	naturam	FM.la
65	nostram	FM.la
66	,	$,
67	perinde	FM.la
68	ac	FM.la
69	si	FM.la
70	dicas	FM.la
71	exiccantia	FM.la
72	.	$.
1	Et	FM.la
2	mox	FM.la
3	:	$.
4	Nobis	FM.la
5	non	FM.la
6	quale	FM.la
7	secundum	FM.la
8	naturam	FM.la
9	sit	FM.la
10	Medicamentum	FM.la
11	,	$,
12	quærere	FM.la
13	est	FM.la
14	propositum	FM.la
15	,	$,
16	sed	FM.la
17	quid	FM.la
18	in	FM.la
19	nos	FM.la
20	efficere	FM.la
21	aptum	FM.la
22	sit	FM.la
23	.	$.
1	dann	ADV
2	gleich	ADV
3	wenn	KOUS
4	man	PIS
5	fragt	VVFIN
6	/	$(
7	was	PWS
8	der	ART
9	Wein	NN
10	für	APPR
11	eine	ART
12	Qualität	NN
13	habe	VAFIN
14	/	$(
15	so	ADV
16	versteht	VVFIN
17	man	PIS
18	es	PPER
19	nicht	PTKNEG
20	von	APPR
21	der	ART
22	/	$(
23	welche	PWAT
24	er	PPER
25	an	APPR
26	sich	PRF
27	selbst	ADV
28	in	APPR
29	den	ART
30	Fässern	NN
31	hat	VAFIN
32	/	$(
33	nämlich	ADV
34	dass	KOUS
35	er	PPER
36	kalt	ADJD
37	und	KON
38	feucht	ADJA
39	ist	VAFIN
40	/	$(
41	sondern	KON
42	man	PIS
43	meint	VVFIN
44	/	$(
45	was	PWS
46	er	PPER
47	für	APPR
48	eine	ART
49	Fakultät	NN
50	oder	KON
51	Komplexion	NN
52	sei	VAFIN
53	/	$(
54	weil	KOUS
55	er	PPER
56	uns	PPER
57	/	$(
58	so	ADV
59	wir	PPER
60	ihn	PPER
61	trinken	VVFIN
62	/	$(
63	hitzt	VVFIN
64	und	KON
65	wärmt	VVFIN
66	/	$(
67	ob	KOUS
68	er	PPER
69	gleich	ADV
70	an	APPR
71	und	KON
72	für	APPR
73	sich	PRF
74	selbst	ADV
75	kalt	ADJD
76	und	KON
77	frisch	ADJD
78	ist	VAFIN
79	/	$(
80	wie	PWAV
81	wir	PPER
82	Deutschen	ADJA
83	singen	VVINF
84	:	$.
1	beim	APPRART
2	kühlen	ADJA
3	Wein	NN
4	.	$.
1	also	ADV
2	auch	ADV
3	/	$(
4	wann	PWAV
5	wir	PPER
6	hier	ADV
7	von	APPR
8	des	ART
9	Brunnens	NN
10	Qualitäten	NN
11	und	KON
12	Komplexion	NN
13	sagen	VVINF
14	/	$(
15	meinen	VVFIN
16	wir	PPER
17	nicht	PTKNEG
18	die	ART
19	jenigen	PIAT
20	/	$(
21	welche	PWAT
22	er	PPER
23	für	APPR
24	sich	PRF
25	hat	VAFIN
26	/	$(
27	und	KON
28	die	ART
29	wir	PPER
30	fühlen	VVFIN
31	/	$(
32	nämlich	ADV
33	dass	KOUS
34	er	PPER
35	kalt	ADJD
36	und	KON
37	feucht	ADJA
38	ist	VAFIN
39	/	$(
40	sondern	KON
41	wir	PPER
42	verstehen	VVINF
43	es	PPER
44	von	APPR
45	der	ART
46	Qualität	NN
47	oder	KON
48	Fakultät	NN
49	/	$(
50	die	ART
51	er	PPER
52	hat	VAFIN
53	in	APPR
54	unseren	PPOSAT
55	Leibern	NN
56	/	$(
57	wann	PWAV
58	wir	PPER
59	denselben	PDAT
60	entweder	KON
61	inwendig	ADJD
62	oder	KON
63	auswendig	ADJD
64	gebrauchen	VVINF
65	.	$.
1	solches	PIAT
2	habe	VAFIN
3	ich	PPER
4	von	APPR
5	wegen	APPR
6	der	ART
7	jenigen	PIAT
8	so	ADV
9	der	ART
10	Terminorum	NE
11	Medicorum	NE
12	nicht	PTKNEG
13	kundig	VVIMP
14	/	$(
15	damit	PAV
16	sie	PPER
17	nicht	PTKNEG
18	irre	NN
19	gemacht	VVPP
20	werden	VAINF
21	/	$(
22	gleichsam	ADJD
23	beiläufig	NE
24	erinnern	VVINF
25	müssen	VMFIN
26	.	$.
1	nun	ADV
2	aber	ADV
3	ist	VAFIN
4	alles	PIS
5	Bitumen	NN
6	warm	ADJD
7	und	KON
8	trocken	ADJD
9	/	$(
10	wie	PWAV
11	Aëtius	NE
12	schreibt	VVFIN
13	Tetrabibl	NE
14	.	$.
1	4.	FM.la
2	serm.	FM.la
3	2.	FM.la
4	sub	FM.la
5	finem	FM.la
6	ferè	FM.la
7	cap.	FM.la
8	28.	FM.la
9	Bitumen	FM.la
10	præclarè	FM.la
11	calefacit	FM.la
12	,	$,
13	&	$(
14	siccat	FM.la
15	.	$.
1	und	KON
2	Tetrabibl	NE
3	.	$.
1	1.	ADJA
2	serm.	NN
3	2.	ADJA
4	e.	ADJA
5	49	CARD
6	.	$.
1	Vis	FM.la
2	est	FM.la
3	omni	FM.la
4	Bituminicalfactoria	FM.la
5	&	$(
6	siccatoria	FM.la
7	.	$.
1	und	KON
2	zwar	ADV
3	wie	KOKOM
4	eben	ADV
5	dieser	PDAT
6	Aëtius	NE
7	an	APPR
8	diesem	PDAT
9	letzt	ADV
10	angezogenem	ADJA
11	Ort	NN
12	will	VMFIN
13	/	$(
14	im	APPRART
15	anderen	ADJA
16	Grad	NN
17	oder	KON
18	Stufen	NN
19	/	$(
20	mit	APPR
21	welchem	PWAT
22	auch	ADV
23	Paulus	NE
24	Ägineta	NE
25	überein	PTKVZ
26	stimmt	VVFIN
27	/	$(
28	da	ADV
29	er	PPER
30	spricht	VVFIN
31	lib.	NN
32	7.	ADJA
33	de	NE
34	arte	VVFIN
35	med.	NN
36	pagin	NN
37	346.	ADJA
38	Bitumen	NN
39	secundi	NE
40	ordinis	NE
41	arefacientium	NE
42	&	$(
43	calefacientium	NE
44	est	FM
45	:	$.
1	oder	KON
2	wie	KOKOM
3	Johannes	NE
1	Gorrhæus	NE
2	in	APPR
3	definit	ADJD
4	.	$.
1	Medicis	FM.la
2	,	$,
3	titulo	FM.la
4	[	$(
5	Griech.	FM.la
6	]	$(
7	schreibt	FM.la
8	/	$(
9	im	FM.la
10	dritten	FM.la
11	Graduale	FM.la
12	:	$.
13	Omne	FM.la
14	Bitumen	FM.la
15	,	$,
16	sagt	FM.la
17	er	FM.la
18	/	$(
19	in	FM.la
20	tertio	FM.la
21	ordine	FM.la
22	calidissimum	FM.la
23	&	$(
24	siccissimum	FM.la
25	est	FM.la
26	.	$.
1	welcher	PWAT
2	Streit	NN
3	doch	ADV
4	leichtlich	ADJD
5	hin	PTKVZ
6	zu	PTKZU
7	legen	VVINF
8	/	$(
9	so	ADV
10	man	PIS
11	sagt	VVFIN
12	/	$(
13	dass	KOUS
14	Aëtius	NE
15	und	KON
16	die	ART
17	seiner	PPOSAT
18	Meinung	NN
19	sein	VAINF
20	/	$(
21	verstehen	VVINF
22	das	ART
23	Ende	NN
24	des	ART
25	anderen	ADJA
26	Grads	NN
27	/	$(
28	dagegen	PAV
29	aber	ADV
30	Gorrhaeus	NE
31	den	ART
32	Anfang	NN
33	des	ART
34	dritten	ADJA
35	Grads	NN
36	meint	VVFIN
37	/	$(
38	und	KON
39	derowegen	ADV
40	nicht	PTKNEG
41	weit	ADJD
42	voneinander	ADV
43	sein	VAINF
44	/	$(
45	sintemal	KOUS
46	ein	ART
47	jeglicher	PIAT
48	Gradus	NE
49	noch	ADV
50	seine	PPOSAT
51	Latitudines	NE
52	habe	VAFIN
53	/	$(
54	und	KON
55	den	ART
56	Medizis	NE
57	,	$,
58	welche	PWAT
59	Artifices	NE
60	sensati	NE
61	sein	VAINF
62	/	$(
63	und	KON
64	die	ART
65	gar	ADV
66	geringe	ADJA
67	Unterschiede	NN
68	/	$(
69	welche	PWAT
70	keinen	PIAT
71	Nutzen	NN
72	haben	VAFIN
73	/	$(
74	nicht	PTKNEG
75	achten	ADJA
76	/	$(
77	fast	ADV
78	gleich	ADV
79	gölte	VVFIN
80	/	$(
81	wenn	KOUS
82	ein	ART
83	Ding	NN
84	in	APPR
85	sine	FM
86	secundi	NE
87	oder	KON
88	in	APPR
89	Principio	NE
90	Tertiigradus	NE
91	und	KON
92	Ordinis	NE
93	zu	PTKZU
94	sein	VAINF
95	gesagt	VVPP
96	wird	VAFIN
97	.	$.
1	weil	KOUS
2	dann	ADV
3	nun	ADV
4	die	ART
5	Bitumina	NN
6	in	APPR
7	dem	ART
8	Grad	NN
9	warmer	ADJA
10	und	KON
11	trockner	NN
12	Komplexion	NN
13	sein	VAINF
14	/	$(
15	so	ADV
16	wird	VAFIN
17	desgleichen	ADV
18	Temperament	NN
19	oder	KON
20	Qualitäten	NN
21	auch	ADV
22	der	ART
23	Brunnen	NN
24	in	APPR
25	sich	PRF
26	haben	VAFIN
27	/	$(
28	ob	KOUS
29	gleich	ADV
30	etwas	PIS
31	von	APPR
32	wegen	APPR
33	des	ART
34	vielfältigen	ADJA
35	Wassers	NN
36	beiwesender	NE
37	kalter	ADJA
38	und	KON
39	feuchter	ADJA
40	Qualität	NN
41	davon	PAV
42	geringert	VVPP
43	wird	VAFIN
44	.	$.
1	das	ART
2	dritte	ADJA
3	Kapitel	NN
4	.	$.
1	von	APPR
2	den	ART
3	Tugenden	NN
4	/	$(
5	Kräften	NN
6	und	KON
7	Wirkungen	NN
8	dieses	PDAT
9	Brunnens	NN
10	.	$.
1	aus	NE
2	diesem	PDAT
3	folgt	VVFIN
4	nun	ADV
5	/	$(
6	dass	KOUS
7	dieser	PDAT
8	Brunnen	NN
9	zu	PTKZU
10	allen	PIAT
11	kalten	ADJA
12	/	$(
13	und	KON
14	von	APPR
15	übriger	ADJA
16	Kälte	NN
17	und	KON
18	Feuchtigkeit	NN
19	herrührenden	ADJA
20	Krankheiten	NN
21	dienlich	ADJD
22	sei	VAFIN
23	/	$(
24	dass	KOUS
25	er	PPER
26	kuriere	NN
27	die	ART
28	wässerige	ADJA
29	Geschwulst	NN
30	/	$(
31	die	ART
32	feuchte	ADJA
33	fließende	ADJA
34	Krätze	NN
35	und	KON
36	alle	PIAT
37	wässerigen	ADJA
38	Tumore	NE
39	und	KON
40	Beulen	NN
41	.	$.
1	weil	KOUS
2	auch	ADV
3	das	ART
4	Erdpech	NN
5	/	$(
6	über	APPR
7	das	ART
8	dass	KOUS
9	es	PPER
10	hitzig	ADJD
11	und	KON
12	trucken	ADJD
13	/	$(
14	auch	ADV
15	tenuissimae	NE
16	substantiae	NE
17	,	$,
18	das	ART
19	ist	VAFIN
20	einer	ART
21	durchdringenden	ADJA
22	Art	NN
23	ist	VAFIN
24	/	$(
25	so	ADV
26	folgt	VVFIN
27	/	$(
28	dass	KOUS
29	er	PPER
30	auch	ADV
31	die	ART
32	Verstopfung	NN
33	der	ART
34	Leber	NN
35	eröffnet	VVPP
36	/	$(
37	die	ART
38	monatliche	ADJA
39	Reinigung	NN
40	bei	APPR
41	Weibspersonen	NN
42	/	$(
43	auch	ADV
44	das	ART
45	Wasser	NN
46	und	KON
47	Harn	NN
48	befördere	VVFIN
49	/	$(
50	den	ART
51	Stein	NN
52	fort	PTKVZ
53	treibe	VVFIN
54	/	$(
55	alle	PIAT
56	dünnen	ADJA
57	wässerigen	ADJA
58	Feuchtigkeiten	NN
59	auch	ADV
60	durch	APPR
61	den	ART
62	Schweiß	NN
63	mit	APPR
64	Gewalt	NN
65	austreibe	VVFIN
66	/	$(
67	die	ART
68	dicke	ADJA
69	und	KON
70	zähe	NN
71	Materie	NN
72	dünne	ADJA
73	mache	VVFIN
74	und	KON
75	zerteile	VVFIN
76	.	$.
1	dannenher	PAV
2	es	PPER
3	/	$(
4	weil	KOUS
5	es	PPER
6	nämlich	ADV
7	die	ART
8	dicken	ADJA
9	und	KON
10	zähen	CARD
11	Flüsse	NN
12	und	KON
13	Schleim	NN
14	auf	APPR
15	der	ART
16	Brust	NN
17	und	KON
18	in	APPR
19	der	ART
20	Lunge	NN
21	zerteilt	VVFIN
22	und	KON
23	verzehrt	VVFIN
24	/	$(
25	den	ART
26	Asthmaticis	NE
27	oder	KON
28	dumpfigen	ADJA
29	Leuten	NN
30	so	ADV
31	wohl	ADV
32	bekömmt	VVFIN
33	/	$(
34	dass	ART
35	/	$(
36	wie	KOKOM
37	ich	PPER
38	es	PPER
39	bei	APPR
40	etlichen	ADJA
41	Personen	NN
42	in	APPR
43	umliegenden	ADJA
44	Städtlein	NN
45	und	KON
46	Dörfern	ADJD
47	/	$(
48	insonderheit	ADV
49	bei	APPR
50	der	ART
51	Müllerin	NN
52	zu	PTKZU
53	Triptis	NE
54	/	$(
55	erfahren	VVINF
56	/	$(
57	nach	APPR
58	dem	ART
59	viele	ADV
60	andere	ADJA
61	Mittel	NN
62	vergeblich	ADJD
63	und	KON
64	ohne	APPR
65	Nutzen	NN
66	gebraucht	VVPP
67	worden	VAPP
68	/	$(
69	sie	PPER
70	endlich	ADV
71	durch	APPR
72	diesen	PDAT
73	Brunnen	NN
74	zu	PTKZU
75	vollständiger	ADJA
76	Gesundheit	NN
77	gekommen	VVFIN
78	sind	VAFIN
79	.	$.
1	es	PPER
2	ist	VAFIN
3	auch	ADV
4	dieser	PDAT
5	Brunnen	NN
6	eine	ART
7	gewisse	ADJA
8	und	KON
9	herrliche	ADJA
10	Arznei	NN
11	wider	APPR
12	das	ART
13	Zipperlein	NN
14	und	KON
15	Podagram	NE
16	/	$(
17	also	ADV
18	das	ART
19	auch	ADV
20	die	ART
21	Beulen	NN
22	und	KON
23	Knoten	NN
24	etlicher	ADJA
25	massen	NN
26	zerteilt	VVFIN
27	/	$(
28	inmassen	KOUS
29	allhier	ADV
30	zur	APPRART
31	Neustadt	NN
32	eine	ART
33	Person	NN
34	/	$(
35	so	ADV
36	vom	APPRART
37	Zipperlein	NN
38	an	APPR
39	Händen	NN
40	und	KON
41	Füßen	NN
42	gar	ADV
43	lahm	NE
44	gerissen	VVPP
45	worden	VAPP
46	/	$(
47	nunmehr	ADV
48	nicht	PTKNEG
49	allein	ADV
50	gehen	VVINF
51	und	KON
52	stehen	VVFIN
53	/	$(
54	sondern	KON
55	auch	ADV
56	wieder	ADV
57	auf	APPR
58	der	ART
59	Laute	NN
60	schlagen	VVFIN
61	kann	VMFIN
62	.	$.
1	kürzlich	ADV
2	zu	PTKZU
3	melden	VVINF
4	/	$(
5	dient	VVFIN
6	er	PPER
7	wider	APPR
8	alle	PIAT
9	kalten	ADJA
10	und	KON
11	feuchten	ADJA
12	Flüsse	NN
13	oder	KON
14	Krankheiten	NN
15	/	$(
16	wie	KOKOM
17	Aëtius	NE
18	bezeugt	VVFIN
19	Tetrabibl.	NN
20	serm.	NN
21	3.	ADJA
22	cap.	NN
23	167.	ADJA
24	da	ADV
25	er	PPER
26	spricht	VVFIN
27	:	$.
1	Omnia	FM.la
2	autem	FM.la
3	(	$(
4	unter	FM.la
5	denen	FM.la
6	er	FM.la
7	auch	FM.la
8	die	FM.la
9	Balnea	FM.la
10	bituminosa	FM.la
11	begreift	FM.la
12	)	$(
13	sunt	FM.la
14	commoda	FM.la
15	humidis	FM.la
16	&	$(
17	frigidis	FM.la
18	præter	FM.la
19	naturam	FM.la
20	corporibus	FM.la
21	,	$,
22	&	$(
23	talibus	FM.la
24	morbis	FM.la
25	diuturnis	FM.la
26	.	$.
1	Quapropter	FM.la
2	conveniunt	FM.la
3	morbo	FM.la
4	articulari	FM.la
5	,	$,
6	podagræ	FM.la
7	,	$,
8	resolutionibus	FM.la
9	,	$,
10	nephritidi	FM.la
11	,	$,
12	anhelosis	FM.la
13	.	$.
1	&	$(
2	cetera	NE
3	über	APPR
4	diese	PDAT
5	Tugenden	NN
6	so	ADV
7	dient	VVFIN
8	dieser	PDAT
9	Brunnen	NN
10	auch	ADV
11	zum	APPRART
12	Gehör	NN
13	/	$(
14	so	ADV
15	von	APPR
16	kalten	ADJA
17	Flüssen	NN
18	/	$(
19	oder	KON
20	von	APPR
21	der	ART
22	kühlen	ADJA
23	intemperie	NE
24	verderbt	VVFIN
25	/	$(
26	ja	ADV
27	auch	ADV
28	für	APPR
29	die	ART
30	Felle	NN
31	in	APPR
32	Augen	NN
33	/	$(
34	welche	PWAT
35	zwar	ADV
36	nichts	PIS
37	anderes	ADV
38	sein	VAINF
39	/	$(
40	als	KOKOM
41	ein	ART
42	dickes	ADJD
43	böses	ADJD
44	Geblüt	NN
45	/	$(
46	so	ADV
47	zur	APPRART
48	Tunica	NE
49	adnata	NE
50	fließt	VVFIN
51	/	$(
52	und	KON
53	daselbst	PAV
54	zu	PTKZU
55	einer	ART
56	Haut	NN
57	wird	VAFIN
58	/	$(
59	die	ART
60	Sehe	VVFIN
61	verdunkelt	VVPP
62	/	$(
63	und	KON
64	also	ADV
65	dem	ART
66	Gesicht	NN
67	schadet	VVFIN
68	.	$.
1	welche	PWAT
2	Tugend	NN
3	des	ART
4	Brunnens	NN
5	unter	APPR
6	anderen	ADJA
7	unlängst	ADJA
8	in	APPR
9	Franken	NN
10	an	APPR
11	einem	ART
12	Mägdlein	NN
13	probiert	VVFIN
14	/	$(
15	von	APPR
16	dessen	PDS
17	Augen	NN
18	die	ART
19	Felle	NN
20	durch	APPR
21	diesen	PDAT
22	Brunnen	NN
23	mit	APPR
24	Gottes	NN
25	Hilfe	NN
26	innerhalb	APPR
27	weniger	PIS
28	Tage	NN
29	sind	VAFIN
30	abgetrieben	VVPP
31	worden	VAPP
32	.	$.
1	deswegen	PAV
2	denn	KON
3	dem	ART
4	Kärrner	NN
5	/	$(
6	so	ADV
7	solchen	PIAT
8	Brunnen	NN
9	dahin	PAV
10	geführt	VVPP
11	/	$(
12	von	APPR
13	des	ART
14	Mägdleins	NN
15	Vater	NN
16	etliche	PIAT
17	Franken	NN
18	sind	VAFIN
19	verehrt	VVFIN
20	worden	VAPP
21	/	$(
22	welches	PWS
23	alles	PIS
24	ich	PPER
25	von	APPR
26	glaubwürdigen	ADJA
27	Leuten	NN
28	berichtet	VVFIN
29	.	$.
1	und	KON
2	tragen	VVINF
3	sich	PRF
4	dergleichen	PIS
5	Exempel	NN
6	fast	ADV
7	täglich	ADJD
8	zu	PTKZU
9	/	$(
10	wie	KOKOM
11	den	ART
12	jenigen	PIAT
13	bewusst	ADJD
14	/	$(
15	so	ADV
16	diesen	PDAT
17	Brunnen	NN
18	persönlich	ADJD
19	besuchen	VVINF
20	.	$.
1	so	ADV
2	ist	VAFIN
3	auch	ADV
4	nicht	PTKNEG
5	unglaublich	ADJD
6	/	$(
7	dass	KOUS
8	auch	ADV
9	etliche	PIAT
10	Suffusiones	NE
11	oder	KON
12	Star	NN
13	in	APPR
14	Augen	NN
15	durch	APPR
16	dieses	PDAT
17	Wasser	NN
18	zerteilt	VVFIN
19	werden	VAINF
20	können	VMFIN
21	/	$(
22	inmassen	KOUS
23	beym	APPRART
24	Dioscoride	NE
25	Naptha	NE
26	als	KOKOM
27	zum	APPRART
28	Star	NN
29	dienlich	ADJD
30	/	$(
31	gerühmt	VVPP
32	wird	VAFIN
33	.	$.
1	ferner	ADV
2	weil	KOUS
3	die	ART
4	Ambra	NN
5	oder	KON
6	derselben	PDAT
7	Analogum	NE
8	auch	ADV
9	in	APPR
10	diesem	PDAT
11	Brunnen	NN
12	vorhanden	ADJD
13	/	$(
14	wie	KOKOM
15	oben	ADV
16	erwiesen	VVPP
17	/	$(
18	und	KON
19	aber	ADV
20	dieselbige	PDAT
21	über	APPR
22	diese	PDAT
23	manifestas	NE
24	qualitates	NE
25	,	$,
26	dass	KOUS
27	sie	PPER
28	trucken	ADJD
29	/	$(
30	hitzig	ADJD
31	und	KON
32	durchdringend	ADJD
33	ist	VAFIN
34	/	$(
35	noch	ADV
36	andere	ADJD
37	sonderbare	ADJA
38	Specificas	NE
39	Proprietates	NE
40	und	KON
41	Tugenden	NN
42	hat	VAFIN
43	/	$(
44	als	KOKOM
45	folgt	VVFIN
46	/	$(
47	dass	KOUS
48	dieser	PDAT
49	Brunnen	NN
50	gleichfalls	ADV
51	mit	APPR
52	denselben	PDAT
53	Tugenden	NN
54	begabt	ADJD
55	sei	VAFIN
56	.	$.
1	und	KON
2	erstlich	ADV
3	ist	VAFIN
4	die	ART
5	Ambra	NN
6	eine	ART
7	sehr	ADV
8	kräftige	ADJA
9	und	KON
10	herrliche	ADJA
11	Arznei	NN
12	in	APPR
13	Schwachheiten	NN
14	des	ART
15	Gehirns	NN
16	/	$(
17	welches	PRELS
18	sie	PPER
19	mehr	ADV
20	denn	KON
21	sonsten	ADV
22	irgend	ADV
23	etwas	PIS
24	anderes	ADV
25	stärkt	VVFIN
26	/	$(
27	wie	PWAV
28	der	ART
29	vornehme	ADJA
30	Medikus	NN
31	Crato	NE
32	sagt	VVFIN
33	/	$(
34	Consilio	NE
35	174.	ADJA
36	posterioris	NE
37	editionis	NE
38	:	$.
39	Inter	NN
40	ea	NE
41	,	$,
42	quæ	NE
43	cerebrum	NE
44	roborant	NE
45	,	$,
46	magnam	NE
47	vim	NE
48	Ambræ	NN
49	orientali	NE
50	tribuo	NE
51	.	$.
1	und	KON
2	Nicolaus	NN
3	Monardis	NE
4	in	APPR
5	histor.	NN
6	simpl.	NN
7	med.	NN
8	ex	APPR
9	novo	NE
10	orbe	NE
11	delatorum	NE
12	pag.	NN
13	10.	ADJA
14	sagt	VVFIN
15	:	$.
1	Ambarum	FM.la
2	cum	FM.la
3	oleo	FM.la
4	florum	FM.la
5	mali	FM.la
6	Atantii	FM.la
7	sive	FM.la
8	Assyrii	FM.la
9	in	FM.la
10	calente	FM.la
11	mortario	FM.la
12	permixtum	FM.la
13	,	$,
14	&	$(
15	unguenti	FM.la
16	modo	FM.la
17	capiti	FM.la
18	illitum	FM.la
19	,	$,
20	illius	FM.la
21	dolorem	FM.la
22	levat	FM.la
23	,	$,
24	cerebrum	FM.la
25	roborat	FM.la
26	&	$(
27	nervos	FM.la
28	,	$,
29	&	$(
30	frigidos	FM.la
31	,	$,
32	qui	FM.la
33	infarcti	FM.la
34	sunt	FM.la
35	,	$,
36	humores	FM.la
37	resolvit	FM.la
38	:	$.
39	ad	FM.la
40	eadem	FM.la
41	efficax	FM.la
42	emplastri	FM.la
43	modo	FM.la
44	cum	FM.la
45	alipta	FM.la
46	moschata	FM.la
47	assiduè	FM.la
48	gestatum	FM.la
49	.	$.
1	Ejus	FM.la
2	solius	FM.la
3	.	$.
4	aut	FM.la
5	cum	FM.la
6	moscho	FM.la
7	&	$(
8	ligno	FM.la
9	aloës	FM.la
10	permixti	FM.la
11	,	$,
12	olfactu	FM.la
13	cerebrum	FM.la
14	roboratur	FM.la
15	,	$,
16	memoria	FM.la
17	augetur	FM.la
18	.	$.
1	&	$(
2	cetera	NE
3	ja	PTKANT
4	sie	PPER
5	stärkt	VVFIN
6	nicht	PTKNEG
7	allein	ADV
8	das	ART
9	Gehirn	NN
10	/	$(
11	sondern	KON
12	auch	ADV
13	die	ART
14	Sehnenadern	NN
15	/	$(
16	die	ART
17	Gelenke	NE
18	und	KON
19	Glieder	NN
20	/	$(
21	die	ART
22	Gicht	NN
23	/	$(
24	Reißen	VVFIN
25	in	APPR
26	Gliedern	NN
27	/	$(
28	Lähme	NN
29	/	$(
30	dahero	PAV
31	jetzt	ADV
32	gedachter	ADJA
33	Monardis	NE
34	im	APPRART
35	angezogenen	ADJA
36	Buch	NN
37	am	APPRART
38	11.	ADJA
39	Blatt	NN
40	sagt	VVFIN
41	/	$(
42	Convenit	NE
43	etiam	NE
44	Paralyticis	NE
45	,	$,
46	si	NE
47	eo	NE
48	,	$,
49	aut	NE
50	ejus	NE
51	mixtura	NE
52	suffiantur	NE
53	,	$,
54	aut	NE
55	cerebrum	NE
56	totaq̒ue	NE
57	spina	NE
58	eo	NE
59	inungantur	NE
60	.	$.
1	Etenim	FM.la
2	Ambra	FM.la
3	præ	FM.la
4	cæteris	FM.la
5	cerebrum	FM.la
6	&	$(
7	nervos	FM.la
8	roborat	FM.la
9	.	$.
1	ferner	ADV
2	so	ADV
3	dient	VVFIN
4	sie	PPER
5	wider	APPR
6	den	ART
7	Schlag	NN
8	/	$(
9	wie	KOKOM
10	aus	APPR
11	dem	ART
12	Schlagsälblein	NE
13	/	$(
14	und	KON
15	aus	APPR
16	der	ART
17	Komposition	NN
18	in	APPR
19	der	ART
20	Apotheke	NN
21	so	ADV
22	von	APPR
23	der	ART
24	Ambra	NN
25	den	ART
26	Namen	NN
27	hat	VAFIN
28	/	$(
29	abzunehmen	VVINF
31	.	$.
1	sie	PPER
2	ist	VAFIN
3	auch	ADV
4	eine	ART
5	herrliche	ADJA
6	Arznei	NN
7	wider	APPR
8	die	ART
9	schwere	ADJA
10	Not	NN
11	/	$(
12	wie	KOKOM
13	obberührter	ADJA
14	Monardis	NE
15	meldet	VVFIN
16	Seite	NN
17	12.	ADJA
18	und	KON
19	Gesnerus	NE
20	zeugt	VVFIN
21	in	APPR
22	gemein	ADJD
23	von	APPR
24	allem	PIS
25	Erdpech	NN
26	/	$(
27	dass	KOUS
28	es	PPER
29	nicht	PTKNEG
30	allein	ADV
31	die	ART
32	jenige	PIAT
33	/	$(
34	so	ADV
35	mit	APPR
36	der	ART
37	schweren	ADJA
38	Not	NN
39	behaftet	VVPP
40	/	$(
41	wie	KOKOM
42	Dioscorides	NE
43	libr.	NN
44	r.	NN
45	cap.	NN
46	85.	ADJA
47	durch	APPR
48	den	ART
49	Rauch	NN
50	meldet	VVFIN
51	und	KON
52	an	APPR
53	Tag	NN
54	gibt	VVFIN
55	/	$(
56	sondern	KON
57	auch	ADV
58	zu	PTKZU
59	sich	PRF
60	selbst	ADV
61	wieder	ADV
62	bringt	VVFIN
63	und	KON
64	heilt	VVFIN
65	.	$.
1	sie	PPER
2	ist	VAFIN
3	auch	ADV
4	gut	ADJD
5	den	ART
6	blöden	ADJA
7	Magen	NN
8	/	$(
9	erwärmt	VVFIN
10	denselbigen	PDAT
11	/	$(
12	fördert	VVFIN
13	die	ART
14	Däuung	NE
15	/	$(
16	zerteilt	VVPP
17	die	ART
18	Winde	NN
19	und	KON
20	Blähung	NN
21	/	$(
22	wie	PWAV
23	Crato	NE
24	an	APPR
25	unterschiedenen	ADJA
26	Orten	NN
27	gedenkt	VVFIN
28	/	$(
29	und	KON
30	bei	APPR
31	Monardi	NE
32	,	$,
33	Matthiolo	NE
34	,	$,
35	und	KON
36	anderen	ADJA
37	zu	PTKZU
38	lesen	VVINF
39	/	$(
40	und	KON
41	dient	VVFIN
42	sonderlich	ADJD
43	auch	ADV
44	wider	APPR
45	das	ART
46	Drücken	NN
47	im	APPRART
48	Magen	NN
49	/	$(
50	oder	KON
51	/	$(
52	wie	KOKOM
53	der	ART
54	gemeine	ADJA
55	Mann	PIS
56	sagt	VVFIN
57	/	$(
58	am	APPRART
59	Herzen	NN
60	/	$(
61	wie	PWAV
62	Aetius	NE
63	sagt	VVFIN
64	/	$(
65	Tetrabibl	NE
66	.	$.
1	1.	FM.la
2	serm.	FM.la
3	2.	FM.la
4	cap.	FM.la
5	49.	FM.la
6	Potum	FM.la
7	bitumen	FM.la
8	nucis	FM.la
9	ponticæ	FM.la
10	aut	FM.la
11	fabæ	FM.la
12	magnitudine	FM.la
13	cum	FM.la
14	vino	FM.la
15	tritum	FM.la
16	cardiacis	FM.la
17	,	$,
18	qui	FM.la
19	animo	FM.la
20	linquuntur	FM.la
21	,	$,
22	magnopere	FM.la
23	&	$(
24	è	FM.la
25	vestigio	FM.la
26	prodest	FM.la
27	.	$.
1	den	ART
2	Weibspersonen	NN
3	ist	VAFIN
4	sie	PPER
5	auch	ADV
6	eine	ART
7	gute	ADJA
8	Arznei	NN
9	/	$(
10	|	$(
11	sintemal	KOUS
12	sie	PPER
13	von	APPR
14	unten	ADV
15	auf	APPR
16	gebraucht	VVPP
17	/	$(
18	dient	VVFIN
19	wider	APPR
20	das	ART
21	Aufsteigen	VVINF
22	der	ART
23	Mutter	NN
24	/	$(
25	und	KON
26	alle	PIAT
27	andere	ADJA
28	Beschwerung	NN
29	/	$(
30	so	ADV
31	von	APPR
32	derselben	PDAT
33	entstehen	VVINF
34	.	$.
1	ja	PTKANT
2	oft	ADV
3	gedachter	ADJA
4	Monardes	NE
5	kuriert	VVPP
6	die	ART
7	Unfruchtbarkeit	NN
8	/	$(
9	so	ADV
10	von	APPR
11	kalten	ADJA
12	bösen	ADJA
13	Feuchtigkeiten	NN
14	verursacht	VVFIN
15	wird	VAFIN
16	mit	APPR
17	einem	ART
18	Pflaster	NN
19	zum	APPRART
20	Nabel	NN
21	/	$(
22	und	KON
23	einem	ART
24	Mutterzäpflein	NE
25	von	APPR
26	Ambra	NN
27	gemacht	VVPP
28	/	$(
29	wie	PWAV
30	an	APPR
31	oft	ADV
32	angezogenem	ADJA
33	Ort	NN
34	zu	PTKZU
35	lesen	VVINF
36	.	$.
1	endlich	ADV
2	/	$(
3	damit	PAV
4	wir	PPER
5	anderer	ADJA
6	der	ART
7	Ambra	NN
8	Tugenden	NN
9	geschweigen	VVINF
10	/	$(
11	so	ADV
12	dient	VVFIN
13	sie	PPER
14	gewaltig	ADJD
15	wider	APPR
16	die	ART
17	Ohnmacht	NN
18	/	$(
19	und	KON
20	ist	VAFIN
21	eine	ART
22	fürnehme	ADJA
23	Herzstärkung	NN
24	/	$(
25	daher	PAV
26	Garzias	NE
27	ab	PTKVZ
28	Orto	NE
29	lib.	NN
30	1.	ADJA
31	aromatum	NE
32	Inditorum	NN
33	cap.	NN
34	r.	NN
35	sagt	VVFIN
36	:	$.
37	Quod	NE
38	ambarum	NE
39	sit	NE
40	ex	APPR
41	eorum	NE
42	numero	NE
43	,	$,
44	quæ	NE
45	maximæ	NE
46	cordis	NE
47	vires	NE
48	reficiunt	NE
49	.	$.
1	und	KON
2	Monardes	NE
3	spricht	VVFIN
4	:	$.
1	Ambræ	FM.la
2	olfactu	FM.la
3	spiritus	FM.la
4	&	$(
5	vigor	FM.la
6	cordis	FM.la
7	reficiuntur	FM.la
8	:	$.
9	ideoq̒ue	FM.la
10	in	FM.la
11	pestis	FM.la
12	contagiis	FM.la
13	ejus	FM.la
14	odor	FM.la
15	apprimè	FM.la
16	utilis	FM.la
17	.	$.
1	insonderheit	ADV
2	bekommt	VVFIN
3	sie	PPER
4	den	ART
5	alten	ADJA
6	Leuten	NN
7	trefflich	ADJD
8	wohl	ADV
9	/	$(
10	wie	PWAV
11	Matthiolus	NE
12	ad	FM
13	cap.	NN
14	20.	ADJA
15	lib.	NN
16	1.	ADJA
17	Dioscoridis	NE
18	,	$,
19	und	KON
20	Crato	NE
21	an	APPR
22	vielen	PIAT
23	unterschiedenen	ADJA
24	Orten	NN
25	gedenkt	VVFIN
26	.	$.
1	dessen	PDS
2	Ursache	NN
3	Monardes	NE
4	klärlich	ADV
5	hat	VAFIN
6	/	$(
7	da	ADV
8	er	PPER
9	sagt	VVFIN
10	lib.	NN
11	citato	NE
12	.	$.
13	pagin	NN
14	.	$.
1	11	FM.la
2	Maximè	FM.la
3	prodest	FM.la
4	Senibus	FM.la
5	,	$,
6	quod	FM.la
7	illorum	FM.la
8	spiritus	FM.la
9	vegetet	FM.la
10	,	$,
11	cor	FM.la
12	&	$(
13	cerebrum	FM.la
14	roboret	FM.la
15	,	$,
16	&	$(
17	crassos	FM.la
18	lentosque	FM.la
19	humores	FM.la
20	,	$,
21	quibus	FM.la
22	plurimum	FM.la
23	abundant	FM.la
24	,	$,
25	extenuet	FM.la
26	,	$,
27	sive	FM.la
28	cibis	FM.la
29	indatur	FM.la
30	,	$,
31	sive	FM.la
32	vestes	FM.la
33	suffiantur	FM.la
34	,	$,
35	sive	FM.la
36	cerebro	FM.la
37	cordisq̒ue	FM.la
38	regioni	FM.la
39	applicetur	FM.la
40	,	$,
41	sive	FM.la
42	vino	FM.la
43	,	$,
44	quo	FM.la
45	sibi	FM.la
46	faciem	FM.la
47	&	$(
48	manus	FM.la
49	abluunt	FM.la
50	,	$,
51	permisceatur	FM.la
52	.	$.
1	eben	ADV
2	diese	PDAT
3	gedachte	VVFIN
4	/	$(
5	und	KON
6	dergleichen	PIS
7	Wirkungen	NN
8	hat	VAFIN
9	auch	ADV
10	dieser	PDAT
11	Brunnen	NE
12	.	$.
1	denn	KON
2	wie	KOKOM
3	oben	ADV
4	gemeldet	VVPP
5	er	PPER
6	nicht	PTKNEG
7	alleine	ADV
8	/	$(
9	alle	PIAT
10	wässerige	ADJA
11	Geschwulst	NN
12	/	$(
13	Drüsen	NN
14	/	$(
15	Beulen	NN
16	/	$(
17	die	ART
18	Krätze	NN
19	/	$(
20	und	KON
21	alle	PIAT
22	kalten	ADJA
23	Flüsse	NN
24	/	$(
25	das	ART
26	Zipperlein	NN
27	/	$(
28	das	ART
29	verderbte	ADJA
30	Gehör	NN
31	von	APPR
32	kalten	ADJA
33	Flüssen	NN
34	/	$(
35	die	ART
36	Felle	NN
37	der	ART
38	Augen	NN
39	/	$(
40	so	ADV
41	möglich	ADJD
42	zu	PTKZU
43	kurieren	VVINF
44	sein	VAINF
45	/	$(
46	heilt	VVFIN
47	.	$.
1	item	NN
2	den	ART
3	Harn	NN
4	den	ART
5	Stein	NN
6	fördert	VVFIN
7	/	$(
8	und	KON
9	eine	ART
10	gewisse	ADJA
11	Arznei	NN
12	wider	APPR
13	den	ART
14	Dumpf	ADJD
15	ist	VAFIN
16	/	$(
17	sondern	KON
18	er	PPER
19	stärkt	VVFIN
20	auch	ADV
21	das	ART
22	Haupt	NN
23	/	$(
24	die	ART
25	Glieder	NN
26	/	$(
27	die	ART
28	Sehnenader	NN
29	/	$(
30	und	KON
31	welches	PRELS
32	seiner	PPOSAT
33	vornehmen	VVINF
34	und	KON
35	gewissen	ADJA
36	Tugenden	NN
37	auch	ADV
38	eine	ART
39	ist	VAFIN
40	/	$(
41	so	ADV
42	restituiert	VVPP
43	er	PPER
44	die	ART
45	Paralysis	NN
46	,	$,
47	das	ART
48	ist	VAFIN
49	eine	ART
50	solche	PIAT
51	Lähme	NN
52	/	$(
53	darinnen	ADV
54	die	ART
55	Sehnenadern	NN
56	/	$(
57	durch	APPR
58	welche	PWAT
59	den	ART
60	Gliedern	NN
61	die	ART
62	Bewegung	NN
63	/	$(
64	und	KON
65	das	ART
66	Fühlen	VVFIN
67	mit	APPR
68	getheilet	VVPP
69	wird	VAFIN
70	/	$(
71	durch	APPR
72	die	ART
73	kalten	ADJA
74	Flüsse	NN
75	verstopft	VVFIN
76	sind	VAFIN
77	/	$(
78	dass	KOUS
79	den	ART
80	Gliedern	NN
81	ob	KOUS
82	angedeutete	ADJA
83	Kräfte	NN
84	nicht	PTKNEG
85	zukommen	VVINF
86	mögen	VMFIN
87	/	$(
88	sondern	KON
89	dieselben	PDAT
90	gleichsam	ADJD
91	tot	NN
92	sein	VAINF
93	/	$(
94	dass	KOUS
95	man	PIS
96	solche	PIAT
97	zu	PTKZU
98	nichts	PIS
99	sonderliches	ADJA
100	brauchen	VVFIN
101	kann	VMFIN
102	.	$.
1	solche	PIAT
2	Kraft	NN
3	haben	VAFIN
4	/	$(
5	Gott	NN
6	Lob	NN
7	/	$(
8	sehr	ADV
9	viele	ADV
10	in	APPR
11	dem	ART
12	Brunnen	NN
13	erfahren	VVINF
14	/	$(
15	wie	PWAV
16	dann	ADV
17	nur	ADV
18	vor	APPR
19	etlichen	ADJA
20	Tagen	NN
21	ein	ART
22	Paralyticus	NE
23	welcher	PWAT
24	etliche	PIAT
25	jahrlang	ADJD
26	nicht	PTKNEG
27	gehen	VVINF
28	können	VMFIN
29	/	$(
30	als	KOKOM
31	er	PPER
32	diesen	PDAT
33	Brunnen	NN
34	nicht	PTKNEG
35	lange	ADV
36	getrunken	VVPP
37	/	$(
38	und	KON
39	sich	PRF
40	darinnen	ADV
41	gebadet	VVPP
42	/	$(
43	wieder	ADV
44	frisch	ADJD
45	und	KON
46	gesund	ADJD
47	davon	PAV
48	gegangen	VVPP
49	.	$.
1	und	KON
2	ein	ART
3	Anderer	NE
4	/	$(
5	welcher	PWAT
6	zuvor	ADV
7	an	APPR
8	einer	ART
9	Krücke	NN
10	gehunken	NE
11	/	$(
12	hernach	ADV
13	aber	ADV
14	/	$(
15	als	KOKOM
16	er	PPER
17	diesen	PDAT
18	Brunnen	NN
19	gebraucht	VVPP
20	/	$(
21	ohne	APPR
22	Krücken	NN
23	davon	PAV
24	gegangen	VVPP
25	/	$(
26	und	KON
27	zum	APPRART
28	Zeichen	NN
29	seiner	PPOSAT
30	Gesundheit	NN
31	früh	ADJD
32	/	$(
33	ehe	KOUS
34	er	PPER
35	wieder	ADV
36	nach	APPR
37	Hause	NN
38	gereist	VVPP
39	/	$(
40	die	ART
41	Krücken	NN
42	zerhackt	VVFIN
43	/	$(
44	und	KON
45	ihm	PPER
46	bei	APPR
47	derselben	PDAT
48	eine	ART
49	Suppe	NN
50	gekocht	VVPP
51	.	$.
1	ich	PPER
2	will	VMFIN
3	geschweigen	VVINF
4	anderer	ADJA
5	/	$(
6	und	KON
7	auch	ADV
8	des	ART
9	jenigen	PIAT
10	/	$(
11	so	ADV
12	sich	PRF
13	in	APPR
14	einem	ART
15	Backtrog	NN
16	zum	APPRART
17	Brunnen	NN
18	führen	VVINF
19	lassen	VVINF
20	müssen	VMFIN
21	/	$(
22	und	KON
23	hernach	ADV
24	als	KOKOM
25	er	PPER
26	gesund	ADJD
27	worden	VAPP
28	/	$(
29	den	ART
30	Backtrog	NN
31	an	APPR
32	einen	ART
33	Baum	NE
34	aufgehängt	VVPP
35	/	$(
36	welcher	PWAT
37	noch	ADV
38	heutigen	ADJA
39	Tages	NN
40	daran	PAV
41	zu	PTKZU
42	sehen	VVINF
43	.	$.
1	es	PPER
2	möchte	VMFIN
3	aber	ADV
4	jemand	PIS
5	sagen	VVINF
6	/	$(
7	wann	PWAV
8	dann	ADV
9	dieser	PDAT
10	Brunnen	NN
11	dem	ART
12	Gehirn	NN
13	/	$(
14	und	KON
15	den	ART
16	Gliedern	NN
17	so	ADV
18	gut	ADJD
19	/	$(
20	wie	KOKOM
21	koͤmpt	VVFIN
22	es	PPER
23	/	$(
24	dass	KOUS
25	es	PPER
26	etlichen	ADJA
27	Leuten	NN
28	/	$(
29	wann	PWAV
30	sie	PPER
31	ihn	PPER
32	trinken	VVFIN
33	/	$(
34	so	ADV
35	beschwerlich	ADJD
36	Reißen	VVFIN
37	im	APPRART
38	Kopf	NN
39	/	$(
40	und	KON
41	in	APPR
42	Gliedern	NN
43	etc.	ADV
44	erregt	VVFIN
45	?	$.
1	hierauf	PAV
2	ist	VAFIN
3	meine	PPOSAT
4	Antwort	NN
5	.	$.
1	1.	ADJA
2	dass	KOUS
3	entweder	KON
4	solches	PIAT
5	nicht	PTKNEG
6	von	APPR
7	allem	PIS
8	Brunnen	NN
9	geschehe	VVFIN
10	/	$(
11	sondern	KON
12	wenn	KOUS
13	etwan	ADV
14	einer	ART
15	des	ART
16	Teils	NN
17	des	ART
18	Brunnens	NN
19	etwas	PIS
20	zu	PTKZU
21	viel	ADV
22	bekömmt	VVFIN
23	/	$(
24	darinnen	ADV
25	fast	ADV
26	lauter	PIAT
27	irdisches	ADJD
28	Bitumen	NN
29	/	$(
30	oder	KON
31	Steinkohlen	NN
32	sein	VAINF
33	/	$(
34	welches	PRELS
35	Geschlecht	NN
36	des	ART
37	Bituminis	NE
38	sonderlich	ADJD
39	die	ART
40	Art	NN
41	hat	VAFIN
42	/	$(
43	dass	KOUS
44	es	PPER
45	in	APPR
46	den	ART
47	Kopf	NN
48	steige	VVFIN
49	/	$(
50	und	KON
51	daselbst	PAV
52	Beschweren	NE
53	anrichte	VVFIN
54	/	$(
55	davon	PAV
56	Solenander	NE
57	lib.	NN
58	1.	ADJA
59	defont.	NN
60	cal.	NN
61	cans.	NN
62	cap.	NN
63	10.	ADJA
64	p.	NN
65	83.	ADJA
66	sagt	VVFIN
67	:	$.
68	Nigrum	NE
69	,	$,
70	quod	NE
71	crassius	NE
72	,	$,
73	fœtet	NE
74	,	$,
75	&	$(
76	amarius	NE
77	est	FM
78	:	$.
79	cætera	NE
80	medio	ADV
81	modo	NE
82	se	FM
83	habent	NE
84	.	$.
1	2.	ADJA
2	oder	KON
3	sage	VVFIN
4	darauf	PAV
5	/	$(
6	das	ART
7	solch	PIAT
8	Reißen	NN
9	nicht	PTKNEG
10	dem	ART
11	Brunnen	NE
12	zuzumessen	VVIZU
13	sei	VAFIN
14	/	$(
15	sondern	KON
16	der	ART
17	Unreinigkeit	NN
18	des	ART
19	Leibes	NN
20	/	$(
21	und	KON
22	der	ART
23	großen	ADJA
24	Menge	VVIMP
25	der	ART
26	zähen	CARD
27	pituitosischen	NE
28	oder	KON
29	tartarischen	ADJD
30	Materien	NN
31	/	$(
32	welche	PWAT
33	/	$(
34	so	ADV
35	sie	PPER
36	von	APPR
37	dem	ART
38	Brunnen	NN
39	angegriffen	VVPP
40	wird	VAFIN
41	/	$(
42	und	KON
43	doch	ADV
44	so	ADV
45	rebellisch	ADJD
46	ist	VAFIN
47	/	$(
48	dass	KOUS
49	sie	PPER
50	sich	PRF
51	nicht	PTKNEG
52	flugs	ADV
53	zwingen	VVINF
54	lässt	VVIMP
55	/	$(
56	diese	PDAT
57	Schmerzen	NN
58	verursacht	VVPP
59	.	$.
1	und	KON
2	solches	PIAT
3	sehen	VVINF
4	wir	PPER
5	auch	ADV
6	in	APPR
7	der	ART
8	Colica	NE
9	oder	KON
10	Hefenmutter	NN
11	/	$(
12	so	ADV
13	von	APPR
14	dem	ART
15	kalten	ADJA
16	Schleim	NN
17	/	$(
18	oder	KON
19	Tartaro	NE
20	intestinorum	NE
21	entsteht	VVFIN
22	/	$(
23	in	APPR
24	welcher	PWAT
25	/	$(
26	wenn	KOUS
27	man	PIS
28	die	ART
29	fomenta	NE
30	,	$,
31	und	KON
32	wärmende	ADJA
33	oder	KON
34	zerteilende	ADJA
35	Sachen	NN
36	/	$(
37	wie	KOKOM
38	sich	PPER
39	es	PPER
40	gebührt	VVFIN
41	/	$(
42	auflegt	VVFIN
43	/	$(
44	im	APPRART
45	Anfang	NN
46	/	$(
47	weil	KOUS
48	die	ART
49	Materia	NN
50	zerteilt	NE
51	/	$(
52	und	KON
53	in	APPR
54	Flatus	NE
55	vertiert	VVFIN
56	wird	VAFIN
57	/	$(
58	von	APPR
59	den	ART
60	Fomentis	NE
61	&	$(
62	cetera	NE
63	die	ART
64	Schmerzen	NN
65	sich	PRF
66	mehren	VVFIN
67	/	$(
68	aber	KON
69	doch	ADV
70	wann	PWAV
71	man	PIS
72	mit	APPR
73	den	ART
74	Anodynis	NE
75	fortfährt	VVFIN
76	/	$(
77	so	ADV
78	stillen	ADJA
79	sie	PPER
80	sich	PRF
81	.	$.
1	desgleichen	KOUS
2	haben	VAFIN
3	wir	PPER
4	ein	ART
5	Exempel	NN
6	an	APPR
7	den	ART
8	Sennesblättern	NE
9	/	$(
10	welche	PWAT
11	für	APPR
12	sich	PRF
13	eine	ART
14	gute	ADJA
15	/	$(
16	gelinde	ADJA
17	/	$(
18	und	KON
19	derowegen	ADV
20	kein	PIAT
21	Grimmen	NN
22	verursachende	ADJA
23	Arznei	NN
24	sein	VAINF
25	.	$.
1	wann	PWAV
2	sie	PPER
3	aber	ADV
4	in	APPR
5	einen	ART
6	Leib	NN
7	kommen	VVFIN
8	da	ADV
9	viel	ADV
10	Schleims	NN
11	/	$(
12	und	KON
13	denselben	PDAT
14	angreifen	VVINF
15	/	$(
16	aber	ADV
17	wegen	APPR
18	seiner	PPOSAT
19	Zähe	NN
20	und	KON
21	Härtigkeit	NE
22	ihn	PPER
23	nicht	PTKNEG
24	stracks	ADV
25	überwinden	VVINF
26	/	$(
27	oder	KON
28	aus	APPR
29	dem	ART
30	Leib	NN
31	treiben	VVINF
32	können	VMFIN
33	/	$(
34	so	ADV
35	entsteht	VVFIN
36	großes	ADJD
37	Grimmen	NN
38	und	KON
39	Reißen	NN
40	im	APPRART
41	Leib	NN
42	/	$(
43	welches	PRELS
44	doch	ADV
45	nicht	PTKNEG
46	der	ART
47	Sennae	NE
48	Schuld	NN
49	ist	VAFIN
50	.	$.
1	gleich	ADV
2	wie	KOKOM
3	nun	ADV
4	von	APPR
5	niemand	PIS
6	/	$(
7	der	ART
8	die	ART
9	Sachen	NN
10	recht	ADJD
11	versteht	VVFIN
12	/	$(
13	deswegen	PAV
14	weder	KON
15	die	ART
16	Fomenta	NN
17	in	APPR
18	der	ART
19	Colica	NE
20	,	$,
21	vor	APPR
22	Unrecht	NN
23	erkannt	VVPP
24	/	$(
25	noch	ADV
26	die	ART
27	Senna	NE
28	verdampft	VVPP
29	/	$(
30	oder	KON
31	für	APPR
32	schädlich	ADJD
33	erkannt	VVPP
34	wird	VAFIN
35	/	$(
36	als	KOKOM
37	welche	PWAT
38	nicht	PTKNEG
39	für	APPR
40	sich	PRF
41	/	$(
42	sondern	KON
43	zufälliger	ADJA
44	Weise	VVFIN
45	die	ART
46	Beschwerung	NN
47	verursachen	VVINF
48	/	$(
49	sonsten	ADV
50	aber	ADV
51	herrliche	ADJA
52	/	$(
53	und	KON
54	gute	ADJA
55	Arzneien	NN
56	sein	VAINF
57	/	$(
58	also	ADV
59	auch	ADV
60	soll	VMFIN
61	solch	PIAT
62	Reißen	NN
63	/	$(
64	nicht	PTKNEG
65	dem	ART
66	Wasser	NN
67	/	$(
68	sondern	KON
69	der	ART
70	Unreinigkeit	NN
71	der	ART
72	Leiber	NN
73	/	$(
74	Schuld	NN
75	gegeben	VVPP
76	werden	VAINF
77	.	$.
1	bleibt	VVFIN
2	demnach	PAV
3	das	ART
4	Wasser	NN
5	oder	KON
6	Brunnen	NN
7	für	APPR
8	sich	PRF
9	heilsam	ADJD
10	/	$(
11	herrlich	ADJD
12	/	$(
13	und	KON
14	gut	ADJD
15	.	$.
1	desgleichen	KOUS
2	dass	KOUS
3	er	PPER
4	auch	ADV
5	ein	ART
6	herrlich	ADJD
7	Mittel	NN
8	wider	APPR
9	die	ART
10	schwere	ADJA
11	Not	NN
12	sei	VAFIN
13	/	$(
14	ist	VAFIN
15	/	$(
16	dass	KOUS
17	ich	PPER
18	anderer	ADJA
19	viele	ADV
20	Exempel	NN
21	geschweige	KON
22	/	$(
23	sonderlich	ADJD
24	an	APPR
25	einer	ART
26	Weibsperson	NN
27	zum	APPRART
28	Breitenbrunnen	NE
29	probiert	VVPP
30	/	$(
31	welche	PWAT
32	täglich	ADJD
33	etliche	ADJD
34	Male	NN
35	mit	APPR
36	dieser	PDAT
37	schweren	ADJA
38	Krankheit	NN
39	beladen	VVPP
40	gewesen	VAPP
41	/	$(
42	aber	KON
43	nach	APPR
44	dem	ART
45	sie	PPER
46	diesen	PDAT
47	Brunnen	NN
48	gebraucht	VVPP
49	/	$(
50	durch	APPR
51	denselbigen	PDAT
52	/	$(
53	Gott	NN
54	Lob	NN
55	/	$(
56	restituiert	VVPP
57	worden	VAPP
58	insonderheit	ADV
59	aber	ADV
60	dienen	VVINF
61	hierzu	PAV
62	sehr	ADV
63	die	ART
64	rötlichen	ADJA
65	Steinlein	NN
66	/	$(
67	so	ADV
68	man	PIS
69	an	APPR
70	dem	ART
71	Grunde	NN
72	findet	VVFIN
73	/	$(
74	mit	APPR
75	Lindenblütenwasser	NE
76	/	$(
77	oder	KON
78	einem	ART
79	anderen	ADJA
80	appropriata	NE
81	epilepsiae	NE
82	aqua	NE
83	den	ART
84	Kindern	NN
85	eingegeben	VVPP
86	.	$.
1	es	PPER
2	ist	VAFIN
3	aber	ADV
4	zu	PTKZU
5	wissen	VVINF
6	/	$(
7	dass	KOUS
8	wie	KOKOM
9	andere	ADJA
10	Krankheiten	NN
11	/	$(
12	also	ADV
13	auch	ADV
14	die	ART
15	Epilepsia	NE
16	bisweilen	ADV
17	nicht	PTKNEG
18	per	APPR
19	[	$(
20	Griech.	NN
21	]	$(
22	ihren	PPOSAT
23	Sitz	NN
24	im	APPRART
25	Gehirn	NN
26	habe	VAFIN
27	/	$(
28	sondern	KON
29	es	PPER
30	geschieht	VVFIN
31	oft	ADV
32	per	APPR
33	[	$(
34	Griech.	NN
35	]	$(
36	,	$,
37	das	ART
38	von	APPR
39	dem	ART
40	Magen	NN
41	/	$(
42	von	APPR
43	den	ART
44	Därmen	NN
45	/	$(
46	von	APPR
47	den	ART
48	Würmern	NN
49	/	$(
50	von	APPR
51	der	ART
52	Leber	NN
53	/	$(
54	bei	APPR
55	Weibspersonen	NN
56	von	APPR
57	der	ART
58	Mutter	NN
59	/	$(
60	oder	KON
61	auch	ADV
62	von	APPR
63	einem	ART
64	Arm	NN
65	oder	KON
66	Bein	NN
67	etc.	ADV
68	böse	ADJA
69	/	$(
70	faule	ADJA
71	/	$(
72	und	KON
73	giftige	ADJA
74	Dünste	NN
75	aufsteigen	VVINF
76	/	$(
77	und	KON
78	also	ADV
79	die	ART
80	Paroxismos	NE
81	Epilepticos	NE
82	verursachen	VVINF
83	.	$.
84	Galenus	NN
85	lib.	NN
86	3.	ADJA
87	de	NE
88	locis	NE
89	aff.	NN
90	cap.	NN
91	7.	ADJA
92	Aêtius	NE
93	Tetrab	NE
94	.	$.
1	2.	ADJA
2	serm.	NN
3	2.	ADJA
4	cap.	NN
5	r	NE
6	3.	ADJA
7	Alexander	NE
8	Trallian.	NN
9	lib.	NN
10	r-c.	NN
11	21.	ADJA
12	Avicenna	NE
13	lib.	NN
14	3.	ADJA
15	tract.	NN
16	5.	ADJA
17	c.	NE
18	8.	ADJA
19	wann	PWAV
20	nun	ADV
21	dem	ART
22	also	ADV
23	/	$(
24	so	ADV
25	muss	VMFIN
26	man	PIS
27	zuvor	ADV
28	von	APPR
29	einem	ART
30	verständigen	ADJA
31	Medico	NE
32	die	ART
33	Würmer	NN
34	/	$(
35	die	ART
36	böse	ADJA
37	Materiam	NE
38	&	$(
39	cetera	NE
40	austreiben	VVINF
41	/	$(
42	die	ART
43	Mutter	NN
44	reinigen	VVINF
45	/	$(
46	des	ART
47	Magens	NN
48	/	$(
49	der	ART
50	Leber	NN
51	Intemperiem	NE
52	korrigieren	VVINF
53	und	KON
54	alterieren	VVINF
55	/	$(
56	oder	KON
57	was	PWS
58	sonsten	ADV
59	die	ART
60	Indicantia	NE
61	erfordern	VVINF
62	und	KON
63	einem	ART
64	Medico	NE
65	gebührt	VVFIN
66	tun	VVINF
67	lassen	VVINF
68	/	$(
69	als	KOKOM
70	dann	ADV
71	mag	VMFIN
72	man	PIS
73	wohl	ADV
74	zu	PTKZU
75	Stärkung	NN
76	des	ART
77	Gehirns	NN
78	etc.	ADV
79	dies	PDS
80	specificum	NN
81	epilepsiae	NE
82	,	$,
83	den	ART
84	Brunnen	NN
85	gebrauchen	VVINF
86	/	$(
87	so	ADV
88	wird	VAFIN
89	es	PPER
90	als	KOKOM
91	dann	ADV
92	/	$(
93	da	ADV
94	sonsten	ADV
95	in	APPR
96	Verbleibung	NN
97	gedachter	ADJA
98	Sachen	NN
99	der	ART
100	Brunnen	NN
101	wenig	PIS
102	fruchten	VVINF
103	würde	VAFIN
104	/	$(
105	mit	APPR
106	göttlicher	ADJD
107	Hilfe	NN
108	ohne	APPR
109	Frucht	NN
110	nicht	PTKNEG
111	abgehen	VVINF
112	/	$(
113	so	ADV
114	fern	ADJA
115	die	ART
116	Krankheit	NN
117	möglich	ADJD
118	zu	PTKZU
119	kurieren	VVINF
120	/	$(
121	und	KON
122	die	ART
123	Person	NN
124	nicht	PTKNEG
125	zu	PTKZU
126	alt	ADJD
127	.	$.
1	dann	ADV
2	wie	KOKOM
3	Hippocrates	NN
4	sagt	VVFIN
5	libr.	NN
6	5.	ADJA
7	Aphoris	NE
8	.	$.
1	7.	FM.la
2	Comitiales	FM.la
3	morbi	FM.la
4	,	$,
5	aut	FM.la
6	convulsiones	FM.la
7	Epilepticæ	FM.la
8	,	$,
9	quibus	FM.la
10	ante	FM.la
11	pubertatem	FM.la
12	eveniunt	FM.la
13	,	$,
14	curationem	FM.la
15	recipiunt	FM.la
16	,	$,
17	At	FM.la
18	quibus	FM.la
19	eæ	FM.la
20	eveniunt	FM.la
21	vigesimo	FM.la
22	quinto	FM.la
23	ætatis	FM.la
24	anno	FM.la
25	,	$,
26	maximam	FM.la
27	partem	FM.la
28	commoriuntur	FM.la
29	:	$.
1	Vel	FM.la
2	,	$,
3	ut	FM.la
4	Galenus	FM.la
5	paulò	FM.la
6	aliter	FM.la
7	in	FM.la
8	Comment	FM.la
9	.	$.
10	hujus	FM.la
11	Aphorismi	FM.la
12	reddidit	FM.la
13	:	$.
1	Comitiales	FM.la
2	affectus	FM.la
3	qui	FM.la
4	ante	FM.la
5	pubertatem	FM.la
6	ortum	FM.la
7	habent	FM.la
8	.	$.
9	pubertatis	FM.la
10	tempore	FM.la
11	solvuntur	FM.la
12	;	$.
13	qui	FM.la
14	vero	FM.la
15	ultra	FM.la
16	pubertatem	FM.la
17	longius	FM.la
18	sunt	FM.la
19	progressi	FM.la
20	,	$,
21	ferè	FM.la
22	commoriuntur	FM.la
23	.	$.
1	dass	KOUS
2	ferner	ADV
3	dieser	PDAT
4	Brunnen	NN
5	dem	ART
6	Magen	NN
7	nicht	PTKNEG
8	schädlich	ADJD
9	/	$(
10	sondern	KON
11	nützlich	ADJD
12	sei	VAFIN
13	/	$(
14	ist	VAFIN
15	daher	PAV
16	leichtlich	ADJD
17	abzunehmen	VVINF
18	/	$(
19	das	ART
20	/	$(
21	wann	PWAV
22	einer	ART
23	/	$(
24	der	ART
25	schon	ADV
26	einen	ART
27	blöden	ADJA
28	Magen	NN
29	hat	VAFIN
30	/	$(
31	dieses	PDAT
32	Wassers	NN
33	gleich	ADV
34	eine	ART
35	gute	ADJA
36	Notdurft	NN
37	trinkt	VVFIN
38	/	$(
39	doch	ADV
40	kein	PIAT
41	Blähen	NN
42	oder	KON
43	Tension	NN
44	in	APPR
45	den	ART
46	Weichen	VVINF
47	oder	KON
48	Hypochondriis	NE
49	fühlt	VVFIN
50	/	$(
51	ja	ADV
52	viele	ADV
53	Leute	NN
54	/	$(
55	so	ADV
56	Unlust	NN
57	zum	APPRART
58	Essen	NE
59	/	$(
60	Undäuen	NE
61	/	$(
62	Drückung	NN
63	und	KON
64	Beschwerung	NN
65	des	ART
66	Magens	NN
67	gehabt	VAPP
68	/	$(
69	vom	APPRART
70	Gebrauch	NN
71	dieses	PDAT
72	Brunnens	NN
73	sein	VAINF
74	wieder	ADV
75	zu	PTKZU
76	recht	ADJD
77	kommen	VVFIN
78	.	$.
1	wie	PWAV
2	dann	ADV
3	dies	PDS
4	nicht	PTKNEG
5	allein	ADV
6	zu	PTKZU
7	beweisen	VVINF
8	/	$(
9	sondern	KON
10	es	PPER
11	bekennen	VVFIN
12	auch	ADV
13	alte	ADJA
14	Leute	NN
15	/	$(
16	das	ART
17	da	ADV
18	sie	PPER
19	vorhin	ADV
20	matt	PTKVZ
21	/	$(
22	müde	ADJD
23	/	$(
24	und	KON
25	ganz	ADV
26	unlustig	ADJD
27	gewesen	VAPP
28	/	$(
29	nach	APPR
30	diesem	PDAT
31	Brunnen	NN
32	aber	ADV
33	frisch	ADJD
34	/	$(
35	hurtig	ADJD
36	/	$(
37	lustig	ADJD
38	/	$(
39	und	KON
40	wie	KOKOM
41	sie	PPER
42	sagen	VVINF
43	/	$(
44	gleich	ADV
45	als	KOKOM
46	wären	VAFIN
47	sie	PPER
48	neu	ADJD
49	geboren	VVPP
50	/	$(
51	worden	VAPP
52	sein	VAINF
53	.	$.
1	dannenher	NE
2	das	ART
3	dieser	PDAT
4	Brunnen	NN
5	das	ART
6	Herz	NN
7	stärke	NN
8	/	$(
9	den	ART
10	vigorem	NE
11	und	KON
12	die	ART
13	Spiritus	NE
14	cordis	NE
15	reficire	NE
16	,	$,
17	von	APPR
18	welchem	PWAT
19	fonte	NE
20	vitae	NE
21	&	$(
22	caloris	NE
23	danach	PAV
24	in	APPR
25	alle	PIAT
26	Glieder	NN
27	der	ART
28	calor	NE
29	influens	NE
30	abgeteilt	VVPP
31	wird	VAFIN
32	/	$(
33	und	KON
34	sonderlich	ADJD
35	alten	ADJA
36	Leuten	NN
37	wohl	ADV
38	bekomme	VVFIN
39	/	$(
40	genugsam	ADJD
41	abzunehmen	VVINF
42	ist	VAFIN
43	.	$.
1	letztlich	ADV
2	so	ADV
3	dient	VVFIN
4	er	PPER
5	auch	ADV
6	den	ART
7	Weibspersonen	NN
8	sehr	ADV
9	wohl	ADV
10	/	$(
11	wider	APPR
12	das	ART
13	Aufsteigen	VVINF
14	/	$(
15	und	KON
16	andere	ADJA
17	Beschwerung	NN
18	der	ART
19	Mutter	NN
20	.	$.
1	dann	ADV
2	ihr	PPOSAT
3	viel	ADV
4	/	$(
5	so	ADV
6	über	APPR
7	das	ART
8	Herz	NN
9	/	$(
10	auch	ADV
11	Seiten	NN
12	geklagt	VVPP
13	/	$(
14	bleiche	ADJA
15	Farbe	NN
16	/	$(
17	Unlust	NN
18	zum	APPRART
19	Essen	NE
20	gehabt	VAPP
21	/	$(
22	mit	APPR
23	Mattigkeit	NN
24	und	KON
25	schweren	ADJA
26	Atem	NN
27	/	$(
28	wann	PWAV
29	sie	PPER
30	irgend	ADV
31	eine	ART
32	Stiege	NN
33	oder	KON
34	Hügellein	NN
35	steigen	VVINF
36	wollen	VMFIN
37	/	$(
38	beladen	VVPP
39	gewesen	VAPP
40	/	$(
41	von	APPR
42	diesem	PDAT
43	Brunnen	NN
44	merkliche	ADJA
45	Hilfe	NN
46	gespürt	VVPP
47	haben	VAFIN
48	.	$.
1	aber	KON
2	hier	ADV
3	steht	VVFIN
4	uns	PPER
5	noch	ADV
6	etwas	PIS
7	im	APPRART
8	Wege	NN
9	/	$(
10	welches	PRELS
11	/	$(
12	wo	PWAV
13	es	PPER
14	nicht	PTKNEG
15	daraus	PAV
16	geräumt	VVPP
17	/	$(
18	diesen	PDAT
19	Brunnen	NN
20	etwas	PIS
21	verdunkeln	VVINF
22	möchte	VMFIN
23	.	$.
1	dann	ADV
2	/	$(
3	wie	KOKOM
4	ich	PPER
5	vernommen	VVPP
6	/	$(
7	trägt	VVFIN
8	es	PPER
9	sich	PRF
10	bei	APPR
11	etlichen	ADJA
12	Weibspersonen	NN
13	zu	PTKZU
14	/	$(
15	das	ART
16	wann	PWAV
17	sie	PPER
18	vor	APPR
19	das	ART
20	Herzpochen	NN
21	diesen	PDAT
22	Brunnen	NN
23	trinken	VVFIN
24	/	$(
25	eine	ART
26	Geschwulst	NN
27	sich	PRF
28	findet	VVFIN
29	/	$(
30	welche	PWAT
31	so	ADV
32	es	PPER
33	von	APPR
34	diesem	PDAT
35	Brunnen	NN
36	herkäme	VVFIN
37	/	$(
38	ja	ADV
39	derselbe	PDAT
40	den	ART
41	Weibsbildern	NN
42	hierinnen	PAV
43	nicht	PTKNEG
44	dienlich	ADJD
45	/	$(
46	sondern	KON
47	viel	ADV
48	mehr	ADV
49	schädlich	ADJD
50	wäre	VAFIN
51	.	$.
1	hierauf	PAV
2	ist	VAFIN
3	nun	ADV
4	meine	PPOSAT
5	Antwort	NN
6	/	$(
7	das	ART
8	in	APPR
9	der	ART
10	Kur	NN
11	des	ART
12	Herzpochens	NN
13	nicht	PTKNEG
14	so	ADV
15	fast	ADV
16	auf	APPR
17	das	ART
18	verhaltene	ADJA
19	Geblüt	NN
20	in	APPR
21	den	ART
22	Adern	NN
23	der	ART
24	Mutter	NN
25	/	$(
26	als	KOKOM
27	auf	APPR
28	die	ART
29	Verstopfung	NN
30	der	ART
31	Venarum	NE
32	mesaraicarum	NE
33	oder	KON
34	der	ART
35	Adern	NN
36	/	$(
37	welche	PWAT
38	die	ART
39	Nahrung	NN
40	von	APPR
41	dem	ART
42	Magen	NN
43	und	KON
44	Därmen	NN
45	zur	APPRART
46	Leber	NN
47	führen	VVINF
48	/	$(
49	und	KON
50	auf	APPR
51	die	ART
52	Leber	NN
53	selbsten	ADV
54	/	$(
55	welche	PWAT
56	verderbt	ADJD
57	/	$(
58	und	KON
59	kein	PIAT
60	gutes	ADJD
61	/	$(
62	sondern	KON
63	wässriges	ADJD
64	und	KON
65	phlegmatisches	ADJD
66	Geblüt	NN
67	wirkt	VVFIN
68	/	$(
69	zu	PTKZU
70	sehen	VVINF
71	:	$.
72	daher	PAV
73	der	ART
74	fürnehme	ADJA
75	Medikus	NN
76	zu	PTKZU
77	Basel	NE
78	Felix	NE
79	Platerus	NE
80	wohl	ADV
81	von	APPR
82	dieser	PDAT
83	Cachexia	NE
84	im	APPRART
85	Herzpochen	NE
86	/	$(
87	weißen	ADJA
88	Fieber	NN
89	/	$(
90	oder	KON
91	morbo	NE
92	virgineo	NE
93	gesagt	VVPP
94	:	$.
1	Nos	FM.la
2	non	FM.la
3	amplectimur	FM.la
4	sententiam	FM.la
5	eorum	FM.la
6	,	$,
7	qui	FM.la
8	dicunt	FM.la
9	,	$,
10	quod	FM.la
11	ex	FM.la
12	mensibus	FM.la
13	suppressis	FM.la
14	causetur	FM.la
15	Cachexia	FM.la
16	:	$.
17	cum	FM.la
18	Cachexia	FM.la
19	ipsa	FM.la
20	pariat	FM.la
21	hanc	FM.la
22	mensium	FM.la
23	suppressionem	FM.la
24	,	$,
25	quod	FM.la
26	diligenter	FM.la
27	notandum	FM.la
28	contra	FM.la
29	opinionem	FM.la
30	vulgi	FM.la
31	huic	FM.la
32	nostræ	FM.la
33	contrariam	FM.la
34	.	$.
1	Nos	FM.la
2	dicimus	FM.la
3	;	$.
4	Quia	FM.la
5	sanguis	FM.la
6	non	FM.la
7	generatur	FM.la
8	in	FM.la
9	Epate	FM.la
10	:	$.
11	ideo	FM.la
12	menstrua	FM.la
13	supprimuntur	FM.la
14	:	$.
15	ideoq̒ue	FM.la
16	tunc	FM.la
17	frustra	FM.la
18	laborant	FM.la
19	Medici	FM.la
20	in	FM.la
21	promovendis	FM.la
22	mensibus	FM.la
23	.	$.
1	Nam	FM.la
2	nisi	FM.la
3	adsit	FM.la
4	sanguinis	FM.la
5	copia	FM.la
6	,	$,
7	menses	FM.la
8	non	FM.la
9	fluunt	FM.la
10	,	$,
11	quicquid	FM.la
12	etiam	FM.la
13	moliantur	FM.la
14	.	$.
1	weil	KOUS
2	denn	KON
3	dem	ART
4	also	ADV
5	/	$(
6	und	KON
7	bei	APPR
8	denen	PRELS
9	Personen	NN
10	/	$(
11	so	ADV
12	mit	APPR
13	dem	ART
14	Herzpochen	NN
15	beladen	VVPP
16	/	$(
17	keine	PIAT
18	tüchtige	ADJA
19	genugsame	ADJA
20	purgationes	NE
21	vorher	ADV
22	gegangen	VVPP
23	/	$(
24	welche	PWAT
25	die	ART
26	Materiam	NE
27	aus	APPR
28	dem	ART
29	Magen	NN
30	und	KON
31	primis	NE
32	viis	NE
33	ausgetrieben	VVPP
34	/	$(
35	viel	ADV
36	weniger	ADV
37	die	ART
38	Verstopfung	NN
39	der	ART
40	Leber	NN
41	und	KON
42	gedachter	ADJA
43	Ader	NN
44	des	ART
45	Gekröses	NN
46	eröffnet	VVPP
47	/	$(
48	als	KOKOM
49	ist	VAFIN
50	es	PPER
51	nicht	PTKNEG
52	Wunder	NN
53	/	$(
54	dass	KOUS
55	dieser	PDAT
56	Brunnen	NN
57	die	ART
58	böse	ADJA
59	Materiam	NE
60	aus	APPR
61	gedachten	VVFIN
62	Örtern	VVINF
63	genommen	VVPP
64	/	$(
65	in	APPR
66	das	ART
67	Abdomen	NN
68	zwischen	APPR
69	Fell	NN
70	und	KON
71	Fleisch	NN
72	/	$(
73	und	KON
74	in	APPR
75	die	ART
76	Beine	NN
77	/	$(
78	als	KOKOM
79	partes	NE
80	ignobiliores	NE
81	&	$(
82	longissimè	NE
83	à	NE
84	corde	NE
85	caloris	NE
86	nativi	NE
87	domicilio	NE
88	sitas	NE
89	getrieben	VVPP
90	hat	VAFIN
91	.	$.
1	derowegen	ADV
2	die	ART
3	Schuld	NN
4	hierin	ADV
5	dem	ART
6	Brunnen	NN
7	nicht	PTKNEG
8	gegeben	VVPP
9	werden	VAINF
10	soll	VMFIN
11	/	$(
12	sondern	KON
13	es	PPER
14	sind	VAFIN
15	die	ART
16	Personen	NN
17	so	ADV
18	den	ART
19	Brunnen	NN
20	zu	PTKZU
21	unrechter	ADJA
22	Zeit	NN
23	gebraucht	VVPP
24	/	$(
25	und	KON
26	gleich	ADV
27	die	ART
28	Pferde	NN
29	hinten	ADV
30	an	APPR
31	Wagen	NN
32	gespannt	ADJD
33	/	$(
34	Ursache	NN
35	dran	PAV
36	.	$.
1	und	KON
2	ist	VAFIN
3	solches	PIAT
4	nichts	PIS
5	Neues	ADJA
6	/	$(
7	sintemal	KOUS
8	in	APPR
9	anderen	ADJA
10	vornehmen	VVINF
11	Mitteln	NN
12	dergleichen	PIS
13	geschieht	VVFIN
14	.	$.
1	als	KOKOM
2	zum	APPRART
3	Exempel	NN
4	;	$.
5	die	ART
6	Wurzel	NN
7	Sarsa	NE
8	parillae	NE
9	,	$,
10	und	KON
11	das	ART
12	Lignum	NE
13	Guaiacum	NE
14	,	$,
15	item	NN
16	die	ART
17	Radix	NE
18	Chinae	ADJA
19	,	$,
20	sind	VAFIN
21	herrliche	ADJA
22	Dinge	NN
23	alle	PIAT
24	alte	ADJA
25	Verstopfung	NN
26	zu	PTKZU
27	eröffnen	VVINF
28	/	$(
29	und	KON
30	insonderheit	ADV
31	auch	ADV
32	die	ART
33	Wassersucht	NN
34	zu	PTKZU
35	kurieren	VVINF
36	.	$.
1	wann	PWAV
2	man	PIS
3	aber	ADV
4	diese	PDAT
5	Mittel	NN
6	braucht	VVFIN
7	in	APPR
8	einem	ART
9	unreinem	ADJA
10	Leib	NN
11	/	$(
12	der	ART
13	nicht	PTKNEG
14	zuvor	ADV
15	genugsam	ADJD
16	purgiert	VVFIN
17	/	$(
18	so	ADV
19	werden	VAINF
20	die	ART
21	Verstopfungen	NN
22	nicht	PTKNEG
23	allein	ADV
24	nicht	PTKNEG
25	eröffnet	VVPP
26	/	$(
27	sondern	KON
28	noch	ADV
29	ärger	ADJD
30	/	$(
31	in	APPR
32	dem	ART
33	die	ART
34	Materia	NN
35	/	$(
36	so	ADV
37	noch	ADV
38	im	APPRART
39	Magen	NN
40	und	KON
41	primis	NE
42	viis	NE
43	,	$,
44	oder	KON
45	noch	ADV
46	in	APPR
47	venis	NE
48	ist	VAFIN
49	/	$(
50	weiter	ADV
51	und	KON
52	in	APPR
53	habitum	NE
54	totius	NE
55	corporis	NE
56	auch	ADV
57	darzu	PAV
58	geführt	VVPP
59	wird	VAFIN
60	/	$(
61	ja	ADV
62	es	PPER
63	entsteht	VVFIN
64	wohl	ADV
65	ein	ART
66	Fieber	NN
67	oder	KON
68	Wassersucht	NN
69	/	$(
70	oder	KON
71	zum	APPRART
72	Wenigsten	PIAT
73	eine	ART
74	Cachexia	NE
75	daraus	PAV
76	.	$.
1	das	ART
2	vierte	ADJA
3	und	KON
4	letzte	ADJA
5	Kapitel	NN
6	.	$.
1	wie	PWAV
2	man	PIS
3	solchen	PIAT
4	Brunnen	NN
5	recht	ADJD
6	und	KON
7	nützlich	ADJD
8	gebrauchen	VVINF
9	solle	VMFIN
10	.	$.
1	demnach	PAV
2	nun	ADV
3	angezeigt	VVPP
4	/	$(
5	das	ART
6	aus	APPR
7	unrechtem	ADJA
8	Brauch	NN
9	dieses	PDAT
10	Brunnens	NN
11	ja	ADV
12	so	ADV
13	bald	ADV
14	was	PWS
15	Böses	NN
16	/	$(
17	als	KOKOM
18	Gutes	NN
19	entstehe	VVFIN
20	/	$(
21	als	KOKOM
22	wird	VAFIN
23	hiermit	PAV
24	jedermänniglich	ADJD
25	erinnert	VVFIN
26	/	$(
27	dass	KOUS
28	er	PPER
29	sich	PRF
30	zuvor	ADV
31	wohl	ADV
32	in	APPR
33	Acht	CARD
34	nehme	VVFIN
35	/	$(
36	damit	PAV
37	nicht	PTKNEG
38	durch	APPR
39	solchen	PIAT
40	Missbrauch	NN
41	der	ART
42	Brunnen	NN
43	in	APPR
44	Verdacht	NN
45	gezogen	VVPP
46	werde	VAFIN
47	/	$(
48	oder	KON
49	man	PIS
50	ihm	PPER
51	selbsten	ADV
52	Geschwulst	NN
53	/	$(
54	Reißen	NN
55	/	$(
56	und	KON
57	andere	ADJA
58	Beschwerung	NN
59	auf	APPR
60	den	ART
61	Hals	NN
62	ziehe	VVFIN
63	/	$(
64	wie	PWAV
65	ohne	APPR
66	das	ART
67	des	ART
68	gemeinen	ADJA
69	unverständigen	ADJA
70	Pöbels	NN
71	Brauch	NN
72	ist	VAFIN
73	dass	KOUS
74	er	PPER
75	anfänglich	NE
76	/	$(
77	wenn	KOUS
78	solche	PIAT
79	Brunnen	NN
80	und	KON
81	Bäder	NN
82	neu	ADJD
83	sein	VAINF
84	/	$(
85	mit	APPR
86	Gewalt	NN
87	zuläuft	VVFIN
88	/	$(
89	ohne	APPR
90	alle	PIAT
91	nötige	ADJA
92	Vorbereitung	NN
93	/	$(
94	als	KOKOM
95	dienten	VVFIN
96	dieselbigen	PDAT
97	allein	ADV
98	vor	APPR
99	alle	PIAT
100	Krankheiten	NN
101	/	$(
102	hernach	ADV
103	aber	ADV
104	/	$(
105	wenn	KOUS
106	es	PPER
107	nicht	PTKNEG
108	nach	APPR
109	ihren	PPOSAT
110	Willen	NN
111	geht	VVFIN
112	/	$(
113	mit	APPR
114	gleicher	ADJA
115	Unbedachtsamkeit	NN
116	/	$(
117	als	KOKOM
118	sie	PPER
119	zu	PTKZU
120	gelauffen	VVPP
121	/	$(
122	hinweg	APZR
123	gelaufen	VVFIN
124	/	$(
125	und	KON
126	dieselbige	PDAT
127	liegen	VVFIN
128	lassen	VVINF
129	.	$.
1	wie	PWAV
2	der	ART
3	Herr	NN
4	Chyträus	NE
5	erzählt	VVFIN
6	in	APPR
7	seiner	PPOSAT
8	Chronico	NE
9	,	$,
10	dass	KOUS
11	es	PPER
12	Anno	NN
13	1556	CARD
14	.	$.
15	geschehen	VVPP
16	sei	VAFIN
17	bei	APPR
18	einem	ART
19	Brunnen	NN
20	in	APPR
21	dem	ART
22	Herzogtum	NN
23	Braunschweig	NE
24	an	APPR
25	der	ART
26	Weser	NE
27	über	APPR
28	Hameln	NE
29	/	$(
30	dessen	PDS
31	auch	ADV
32	Herr	NN
33	Johann	NE
34	Becherer	NN
35	in	APPR
36	seiner	PPOSAT
37	Thüringischen	NN
38	Chronica	NE
39	Anno	NN
40	1602	CARD
41	zu	PTKZU
42	Mühlhausen	NE
43	gedruckt	VVPP
44	Meldung	NN
45	tut	VVFIN
46	.	$.
1	und	KON
2	ist	VAFIN
3	beides	PIS
4	unrecht	NN
5	/	$(
6	wenn	KOUS
7	man	PIS
8	entweder	KON
9	aus	APPR
10	Unbedacht	ADJD
11	zu	PTKZU
12	viele	ADV
13	Kräfte	NN
14	diesen	PDAT
15	und	KON
16	anderen	ADJA
17	natürlichen	ADJA
18	Mitteln	NN
19	zuschreibt	VVFIN
20	/	$(
21	oder	KON
22	aus	APPR
23	Leichtfertigkeit	NN
24	dieselbe	PDAT
25	bald	ADV
26	ganz	ADV
27	und	KON
28	gar	ADV
29	fahren	VVINF
30	lässt	VVFIN
31	und	KON
32	vernichtet	VVPP
33	.	$.
1	derowegen	ADV
2	so	ADV
3	nun	ADV
4	jemand	PIS
5	diesen	PDAT
6	Brunnen	NN
7	recht	ADJD
8	brauchen	VVFIN
9	will	VMFIN
10	/	$(
11	oder	KON
12	denselben	PDAT
13	zu	PTKZU
14	brauchen	VVFIN
15	ihn	PPER
16	die	ART
17	Not	NN
18	zwingt	VVFIN
19	/	$(
20	der	ART
21	soll	VMFIN
22	erstlich	ADV
23	wissen	VVINF
24	/	$(
25	dass	KOUS
26	dieser	PDAT
27	Brunnen	NN
28	vor	APPR
29	sich	PRF
30	selbst	ADV
31	/	$(
32	die	ART
33	Natur	NN
34	zu	PTKZU
35	purgieren	VVINF
36	nicht	PTKNEG
37	hat	VAFIN
38	/	$(
39	sintemal	KOUS
40	er	PPER
41	unter	APPR
42	hundert	CARD
43	Personen	NN
44	kaum	ADV
45	eine	ART
46	purgiert	VVFIN
47	/	$(
48	und	KON
49	ob	KOUS
50	gleich	ADV
51	bei	APPR
52	etlichen	ADJA
53	purgationes	NE
54	erfolgen	VVINF
55	/	$(
56	so	ADV
57	geschieht	VVFIN
58	es	PPER
59	doch	ADV
60	nur	ADV
61	zufälliger	ADJA
62	Weise	NN
63	/	$(
64	weil	KOUS
65	durch	APPR
66	diesen	PDAT
67	Brunnen	NN
68	entweder	KON
69	die	ART
70	bösen	ADJA
71	Feuchtigkeiten	NN
72	erweicht	VVFIN
73	und	KON
74	zubereitet	VVPP
75	werden	VAINF
76	/	$(
77	dass	KOUS
78	sie	PPER
79	hernach	ADV
80	von	APPR
81	der	ART
82	Natur	NN
83	ausgetrieben	VVPP
84	/	$(
85	oder	KON
86	die	ART
87	Natur	NN
88	durch	APPR
89	denselben	PDAT
90	gestärkt	VVPP
91	wird	VAFIN
92	/	$(
93	dass	KOUS
94	sie	PPER
95	solche	PIAT
96	böse	ADJA
97	Feuchtigkeit	NN
98	angreift	VVFIN
99	/	$(
100	und	KON
101	durch	APPR
102	bequeme	ADJA
103	/	$(
104	oder	KON
105	sonsten	ADV
106	ihr	PPOSAT
107	vor	APPR
108	dessen	PDS
109	gewöhnliche	ADJA
110	Wege	NN
111	ausführt	VVFIN
112	.	$.
1	dergleichen	PIS
2	weiß	VVFIN
3	ich	PPER
4	dass	KOUS
5	sich	PPER
6	es	PPER
7	auch	ADV
8	mit	APPR
9	dem	ART
10	lapidaren	NE
11	Bezoar	NN
12	oder	KON
13	Giftstein	NN
14	zugetragen	VVPP
15	/	$(
16	dass	KOUS
17	/	$(
18	da	ADV
19	man	PIS
20	denselben	PDAT
21	einem	ART
22	Patienten	NN
23	eingegeben	VVPP
24	/	$(
25	gleich	ADV
26	so	ADV
27	viel	ADV
28	/	$(
29	Salva	NE
30	reverentia	NE
31	,	$,
32	Stuhlgänge	NN
33	darauf	PAV
34	erfolgten	VVFIN
35	/	$(
36	so	ADV
37	viele	ADV
38	Gerstenkörner	NN
39	schwer	ADJD
40	desselben	PDS
41	eingenommen	VVPP
42	worden	VAPP
43	/	$(
44	welches	PRELS
45	doch	ADV
46	ganz	ADV
47	und	KON
48	gar	ADV
49	wider	APPR
50	die	ART
51	Natur	NN
52	des	ART
53	Steins	NN
54	läuft	VVFIN
55	/	$(
56	sintemal	KOUS
57	derselbe	PDAT
58	den	ART
59	Schweiß	NN
60	treibt	VVFIN
61	/	$(
62	und	KON
63	also	ADV
64	viel	ADV
65	mehr	ADV
66	verstopft	VVFIN
67	.	$.
1	dieweil	KOUS
2	auch	ADV
3	bisweilen	ADV
4	/	$(
5	wenn	KOUS
6	man	PIS
7	diesen	PDAT
8	Brunnen	NN
9	braucht	VVFIN
10	/	$(
11	ein	ART
12	Reißen	NN
13	oder	KON
14	andere	ADJA
15	Angelegenheit	NN
16	entsteht	VVFIN
17	/	$(
18	wann	PWAV
19	der	ART
20	Leib	NN
21	nicht	PTKNEG
22	zuvor	ADV
23	purgiert	VVFIN
24	oder	KON
25	gereinigt	VVPP
26	/	$(
27	als	KOKOM
28	ist	VAFIN
29	von	APPR
30	Nöten	VVINF
31	/	$(
32	dass	KOUS
33	ein	ART
34	jeder	PIAT
35	zuvor	ADV
36	sich	PRF
37	prüfe	VVFIN
38	/	$(
39	oder	KON
40	eines	ART
41	verständigen	VVINF
42	/	$(
43	treuen	ADJA
44	Medizi	NE
45	Rat	NN
46	brauche	VVFIN
47	/	$(
48	denn	KON
49	da	ADV
50	keine	PIAT
51	übrige	ADJA
52	böse	ADJA
53	Feuchtigkeit	NN
54	im	APPRART
55	Leib	NN
56	vorhanden	ADJD
57	/	$(
58	oder	KON
59	sonsten	ADV
60	keine	PIAT
61	Hinderung	NN
62	vorfällt	VVFIN
63	/	$(
64	darf	VMFIN
65	es	PPER
66	keiner	PIS
67	Zubereitung	NN
68	oder	KON
69	Purgation	NN
70	.	$.
1	wann	PWAV
2	aber	ADV
3	der	ART
4	Leib	NN
5	voller	ADJA
6	Unreinigkeit	NN
7	steckt	VVFIN
8	/	$(
9	oder	KON
10	sonsten	ADV
11	eine	ART
12	Krankheit	NN
13	vorhanden	ADJD
14	/	$(
15	deren	PRELAT
16	rechte	ADJA
17	Ursache	NN
18	dem	ART
19	Patienten	NN
20	verborgen	VVPP
21	/	$(
22	oder	KON
23	nicht	PTKNEG
24	eigentlich	ADV
25	bewusst	ADJD
26	/	$(
27	der	ART
28	erhole	VVFIN
29	sich	PRF
30	zuvor	ADV
31	Rat	NN
32	bei	APPR
33	einem	ART
34	Medico	NE
35	,	$,
36	lasse	VVFIN
37	sich	PRF
38	präparieren	VVINF
39	und	KON
40	purgieren	VVINF
41	/	$(
42	und	KON
43	brauche	VVFIN
44	denn	KON
45	im	APPRART
46	Namen	NN
47	Gottes	NN
48	den	ART
49	Brunnen	NN
50	/	$(
51	wie	KOKOM
52	folgt	VVFIN
53	:	$.
54	erstlich	ADV
55	in	APPR
56	Hauptbeschwerung	NN
57	/	$(
58	Dumpf	ADJD
59	/	$(
60	und	KON
61	im	APPRART
62	Stein	NN
63	/	$(
64	braucht	VVFIN
65	man	PIS
66	ihn	PPER
67	nur	ADV
68	zum	APPRART
69	Trinken	VVFIN
70	/	$(
71	wiewohl	KOUS
72	man	PIS
73	in	APPR
74	Hauptbeschwerung	NN
75	und	KON
76	im	APPRART
77	Stein	NN
78	ihn	PPER
79	auch	ADV
80	von	APPR
81	außen	NN
82	/	$(
83	umzuschlagen	VVIZU
84	und	KON
85	aufzulegen	APPR
86	brauchen	VVFIN
87	kann	VMFIN
88	.	$.
1	allhier	ADV
2	entsteht	VVFIN
3	bald	ADV
4	eine	ART
5	Frage	NN
6	/	$(
7	ob	KOUS
8	man	PIS
9	ihn	PPER
10	kalt	ADJD
11	/	$(
12	und	KON
13	wie	KOKOM
14	man	PIS
15	zukommt	VVFIN
16	/	$(
17	oder	KON
18	aber	ADV
19	warm	ADJD
20	und	KON
21	auf	APPR
22	gewisse	ADJA
23	Masse	NN
24	trinken	VVFIN
25	solle	VMFIN
26	?	$.
1	zwar	ADV
2	die	ART
3	Kälte	NN
4	oder	KON
5	Wärme	NN
6	betreffend	ADJD
7	/	$(
8	halte	VVFIN
9	ich	PPER
10	dafür	PAV
11	/	$(
12	dass	KOUS
13	er	PPER
14	warm	ADJD
15	besser	ADJD
16	zu	PTKZU
17	trinken	VVFIN
18	sei	VAFIN
19	/	$(
20	denn	KON
21	kalt	ADJD
22	/	$(
23	aus	APPR
24	folgenden	ADJA
25	Ursachen	NN
26	:	$.
27	erstlich	ADV
28	/	$(
29	dieweil	KOUS
30	die	ART
31	Kräfte	NN
32	dieses	PDAT
33	Wassers	NN
34	mehr	ADV
35	in	APPR
36	einer	ART
37	corporalischen	ADJA
38	denn	KON
39	spiritualischen	ADJD
40	oder	KON
41	dünstigen	ADJA
42	Minera	NN
43	bestehen	VVFIN
44	/	$(
45	dass	KOUS
46	also	ADV
47	nicht	PTKNEG
48	/	$(
49	wie	KOKOM
50	in	APPR
51	meistes	PIAT
52	Teils	NN
53	Sauerbrunnen	NN
54	/	$(
55	zu	PTKZU
56	befahren	VVPP
57	/	$(
58	dass	KOUS
59	durch	APPR
60	das	ART
61	Wärmen	VVFIN
62	die	ART
63	Kräfte	NN
64	weg	PTKVZ
65	gehen	VVINF
66	und	KON
67	verrauchen	VVINF
68	möchten	VMFIN
69	.	$.
1	hergegen	ADV
2	aber	ADV
3	durch	APPR
4	die	ART
5	Wärme	NN
6	und	KON
7	actualem	NE
8	caliditatem	NE
9	1.	NE
1	die	ART
2	cruditates	NE
3	des	ART
4	Wassers	NN
5	/	$(
6	sonderlich	ADJD
7	die	ART
8	jenigen	PIAT
9	/	$(
10	welche	PWAT
11	von	APPR
12	den	ART
13	wilden	ADJA
14	Quellen	NN
15	dazu	PAV
16	kommen	VVFIN
17	/	$(
18	etwas	PIS
19	korrigiert	VVPP
20	werden	VAINF
21	.	$.
1	2.	NE
2	wegen	APPR
3	der	ART
4	Wärme	NN
5	dies	PDS
6	Wasser	NN
7	dem	ART
8	Magen	NN
9	bequemer	ADJD
10	und	KON
11	dienlicher	ADJA
12	.	$.
1	3.	NE
1	das	ART
2	irdische	ADJA
3	und	KON
4	grobe	ADJA
5	Erdpech	NN
6	/	$(
7	wenn	KOUS
8	dessen	PDS
9	zu	PTKZU
10	viel	ADV
11	dabei	PAV
12	ist	VAFIN
13	/	$(
14	sich	PRF
15	etwas	PIS
16	sondert	VVFIN
17	und	KON
18	zu	PTKZU
19	Grunde	NN
20	setzt	VVFIN
21	/	$(
22	damit	PAV
23	dasselbe	PDAT
24	wegen	APPR
25	großer	ADJA
26	Menge	NN
27	nicht	PTKNEG
28	ins	APPRART
29	Haupt	NN
30	steige	VVFIN
31	/	$(
32	und	KON
33	Wehtag	NN
34	darin	PAV
35	verursache	VVFIN
36	.	$.
1	4.	NE
1	der	ART
2	Brunnen	NN
3	desto	ADV
4	besser	ADJD
5	durchdringt	VVFIN
6	/	$(
7	und	KON
8	seine	PPOSAT
9	Wirkung	NN
10	desto	ADV
11	schleiniger	NN
12	verrichtet	VVPP
13	/	$(
14	insonderheit	ADV
15	den	ART
16	Schweiß	NN
17	desto	ADV
18	ehe	KOUS
19	und	KON
20	besser	ADJD
21	fördert	VVFIN
22	.	$.
1	doch	KON
2	mag	VMFIN
3	man	PIS
4	über	APPR
5	der	ART
6	Mahlzeit	NN
7	vor	APPR
8	den	ART
9	Durst	NN
10	denselben	PDAT
11	auch	ADV
12	wohl	ADV
13	kalt	ADJD
14	trinken	VVFIN
15	.	$.
1	was	PWS
2	aber	ADV
3	die	ART
4	Maß	NN
5	und	KON
6	Menge	NN
7	belangt	VVFIN
8	/	$(
9	halte	VVFIN
10	ich	PPER
11	es	PPER
12	nicht	PTKNEG
13	vonnoͤhten	ADV
14	/	$(
15	dass	KOUS
16	man	PIS
17	wie	KOKOM
18	in	APPR
19	Sauerbrunnen	NN
20	und	KON
21	warmen	ADJA
22	Bädern	NN
23	an	APPR
24	einer	ART
25	geringen	ADJA
26	Quantität	NN
27	anfahe	VVFIN
28	/	$(
29	damit	PAV
30	täglich	ADJD
31	steige	VVFIN
32	/	$(
33	und	KON
34	hernach	ADV
35	wieder	ADV
36	gemachsam	ADJD
37	nachlasse	VVFIN
38	/	$(
39	dieweil	KOUS
40	in	APPR
41	warmen	ADJA
42	Bädern	NN
43	das	ART
44	Wasser	NN
45	so	ADV
46	stark	ADJD
47	/	$(
48	und	KON
49	unserer	PPOSAT
50	Natur	NN
51	so	ADV
52	sehr	ADV
53	zuwider	ADJD
54	/	$(
55	dass	KOUS
56	man	PIS
57	der	ART
58	plötzlichen	ADJA
59	Änderung	NN
60	wegen	APPR
61	/	$(
62	welche	PWAT
63	nicht	PTKNEG
64	ohne	APPR
65	Gefahr	NN
66	ist	VAFIN
67	/	$(
68	sich	PRF
69	billig	ADJD
70	befahren	VVPP
71	/	$(
72	und	KON
73	derowegen	ADV
74	des	ART
75	Wassers	NN
76	allmählich	ADJD
77	gewohnen	VVINF
78	/	$(
79	und	KON
80	wiederum	ADV
81	entwohnen	VVINF
82	muss	VMFIN
83	/	$(
84	welches	PWS
85	aber	ADV
86	in	APPR
87	diesem	PDAT
88	Brunnen	NN
89	nicht	PTKNEG
90	zu	PTKZU
91	besorgen	VVINF
92	/	$(
93	sintemal	KOUS
94	die	ART
95	Erfahrung	NN
96	bezeugt	VVFIN
97	/	$(
98	dass	KOUS
99	ein	ART
100	scheinbarlicher	ADJA
101	Unterschied	NN
102	der	ART
103	Wirkung	NN
104	daher	PAV
105	verursacht	VVPP
106	/	$(
107	dass	KOUS
108	etliche	PIAT
109	viel	ADV
110	/	$(
111	etliche	PIAT
112	wenig	PIS
113	dieses	PDAT
114	Wassers	NN
115	gebraucht	VVPP
116	/	$(
117	menniglichen	ADJA
118	aber	ADV
119	dahin	PAV
120	gesehen	VVPP
121	/	$(
122	was	PWS
123	eines	ART
124	jeden	PIAT
125	Natur	NN
126	leiden	VVINF
127	und	KON
128	ertragen	VVINF
129	könnte	VMFIN
130	/	$(
131	welches	PRELS
132	dann	ADV
133	meines	PPOSAT
134	Erachtens	NN
135	fürnehmlich	ADJD
136	in	APPR
137	Acht	CARD
138	zu	PTKZU
139	nehmen	VVINF
140	/	$(
141	und	KON
142	ein	ART
143	jeder	PIAT
144	sich	PRF
145	danach	PAV
146	richten	VVFIN
147	soll	VMFIN
148	.	$.
1	jedoch	ADV
2	kann	VMFIN
3	man	PIS
4	auf	APPR
5	eines	ART
6	jeden	PIAT
7	Komplexion	NN
8	,	$,
9	Alter	NN
10	/	$(
11	Langwierigkeit	NN
12	der	ART
13	Krankheit	NN
14	und	KON
15	andere	ADJD
16	Umstände	NN
17	ein	ART
18	Auge	NN
19	haben	VAFIN
20	.	$.
1	zum	APPRART
2	Anderen	ADJA
3	im	APPRART
4	Zipperlein	NN
5	/	$(
6	Lähme	NN
7	/	$(
8	Krätze	NN
9	/	$(
10	äußerlichen	ADJA
11	Schäden	NN
12	/	$(
13	in	APPR
14	Augenfellen	NN
15	ist	VVFIN
16	es	PPER
17	nicht	PTKNEG
18	genug	ADV
19	/	$(
20	dass	KOUS
21	man	PIS
22	den	ART
23	Brunnen	NE
24	allein	ADV
25	trinke	VVFIN
26	/	$(
27	sondern	KON
28	man	PIS
29	muss	VMFIN
30	die	ART
31	Glieder	NN
32	auch	ADV
33	damit	PAV
34	befeuchten	VVINF
35	/	$(
36	streichen	VVINF
37	/	$(
38	waschen	VVINF
39	/	$(
40	reiben	VVFIN
41	/	$(
42	und	KON
43	baden	VVINF
44	/	$(
45	damit	PAV
46	die	ART
47	Materia	NN
48	auch	ADV
49	von	APPR
50	außen	NN
51	zerteilt	VVFIN
52	/	$(
53	verzehrt	VVFIN
54	/	$(
55	und	KON
56	ausgetrucknet	ADJD
57	/	$(
58	und	KON
59	die	ART
60	natürliche	ADJA
61	Wärme	NN
62	der	ART
63	Glieder	NN
64	wieder	ADV
65	erweckt	VVPP
66	werde	VAFIN
67	/	$(
68	wie	KOKOM
69	ich	PPER
70	denn	KON
71	weiß	VVFIN
72	/	$(
73	das	ART
74	eine	ART
75	Person	NN
76	/	$(
77	welche	PWAT
78	diesen	PDAT
79	Brunnen	NN
80	eine	ART
81	Zeitlang	NN
82	gebraucht	VVPP
83	/	$(
84	nach	APPR
85	dem	ART
86	sie	PPER
87	gespürt	VVPP
88	/	$(
89	dass	KOUS
90	das	ART
91	Zipperlein	NN
92	wieder	APPR
93	anklopfte	VVFIN
94	/	$(
95	also	ADV
96	das	ART
97	ihr	PPOSAT
98	die	ART
99	Glieder	NN
100	allbereits	ADV
101	wie	KOKOM
102	sonsten	ADV
103	/	$(
104	sparrten	VVFIN
105	/	$(
106	so	ADV
107	bald	ADV
108	sie	PPER
109	sich	PRF
110	von	APPR
111	außen	NN
112	mit	APPR
113	diesem	PDAT
114	Brunnen	NN
115	warm	ADJD
116	gewaschen	VVPP
117	/	$(
118	schleunige	ADJA
119	Linderung	NN
120	empfunden	VVPP
121	.	$.
1	wie	PWAV
2	dann	ADV
3	auch	ADV
4	kurz	ADJD
5	hernach	ADV
6	geschehen	VVPP
7	/	$(
8	da	ADV
9	ihr	PPOSAT
10	ein	ART
11	Fluss	NN
12	in	APPR
13	den	ART
14	Hals	NN
15	gefallen	VVPP
16	dass	KOUS
17	sie	PPER
18	sich	PRF
19	nicht	PTKNEG
20	umwenden	VVINF
21	können	VMFIN
22	/	$(
23	denn	KON
24	so	ADV
25	bald	ADV
26	sie	PPER
27	von	APPR
28	außen	NN
29	diesen	PDAT
30	Brunnen	NE
31	warm	ADJD
32	umgeschlagen	VVPP
33	und	KON
34	den	ART
35	Hals	NN
36	damit	PAV
37	reiben	VVFIN
38	lassen	VVINF
39	/	$(
40	ist	VAFIN
41	die	ART
42	Beschwerung	NN
43	vergangen	VVPP
44	,	$,
45	ja	PTKANT
46	es	PPER
47	will	VMFIN
48	bisweilen	ADV
49	die	ART
50	Notdurft	NN
51	mehr	ADV
52	erfordern	VVINF
53	/	$(
54	denn	KON
55	Waschen	VVINF
56	und	KON
57	Baden	VVINF
58	/	$(
59	wie	KOKOM
60	aus	APPR
61	folgendem	ADJA
62	Exempel	NN
63	abzunehmen	VVIZU
64	.	$.
1	ein	ART
2	Weib	NN
3	in	APPR
4	einem	ART
5	nah	ADJD
6	gelegenem	ADJA
7	Städtlein	NN
8	lag	VVFIN
9	am	APPRART
10	Zipperlein	NN
11	hart	ADJD
12	darnieder	PAV
13	/	$(
14	diese	PDAT
15	trank	VVFIN
16	den	ART
17	Brunnen	NE
18	/	$(
19	badete	VVFIN
20	darin	PAV
21	und	KON
22	wusch	VVFIN
23	sich	PRF
24	damit	PAV
25	/	$(
26	empfand	VVFIN
27	aber	ADV
28	keine	PIAT
29	Linderung	NN
30	/	$(
31	bis	VVFIN
32	sie	PPER
33	heiße	VVFIN
34	Kieselsteine	NN
35	in	APPR
36	den	ART
37	Brunnen	NE
38	warf	VVFIN
39	/	$(
40	den	ART
41	Dampf	NN
42	und	KON
43	warmen	ADJA
44	Brodem	NN
45	an	APPR
46	die	ART
47	Füße	NN
48	gehen	VVINF
49	ließ	VVFIN
50	/	$(
51	so	ADV
52	lang	ADJD
53	dass	KOUS
54	sie	PPER
55	anfingen	VVFIN
56	zu	PTKZU
57	schwitzen	VVINF
58	/	$(
59	da	ADV
60	denn	KON
61	alsbald	ADV
62	die	ART
63	Schmerzen	NN
64	nachließen	VVFIN
65	und	KON
66	sich	PRF
67	verschlichen	VVFIN
68	.	$.
1	gleich	ADV
2	wie	KOKOM
3	nun	ADV
4	dieses	PDAT
5	der	ART
6	rechte	ADJA
7	Brauch	NN
8	ist	VAFIN
9	dieses	PDAT
10	Brunnens	NN
11	/	$(
12	also	ADV
13	ist	VAFIN
14	es	PPER
15	hingegen	ADV
16	ein	ART
17	großer	ADJA
18	Missbrauch	NN
19	und	KON
20	grober	ADJA
21	Unverstand	NN
22	/	$(
23	dass	KOUS
24	ihr	PPOSAT
25	viel	ADV
26	nicht	PTKNEG
27	allein	ADV
28	ohne	APPR
29	einige	PIAT
30	gebührliche	ADJA
31	Vorbereitung	NN
32	und	KON
33	Purgation	NN
34	denselben	PDAT
35	nutzen	VVINF
36	wollen	VMFIN
37	/	$(
38	sondern	KON
39	auch	ADV
40	in	APPR
41	denen	PRELS
42	Krankheiten	NN
43	/	$(
44	welche	PWAT
45	entweder	KON
46	vor	APPR
47	sich	PRF
48	durch	APPR
49	solche	PIAT
50	natürliche	ADJA
51	Mittel	NN
52	/	$(
53	oder	KON
54	doch	ADV
55	/	$(
56	weil	KOUS
57	sie	PPER
58	so	ADV
59	weit	ADJD
60	eingerissen	VVPP
61	/	$(
62	dass	KOUS
63	die	ART
64	temperies	NE
65	partium	NE
66	tota	NE
67	vitiata	NE
68	&	$(
69	abolita	NE
70	ist	VAFIN
71	zu	PTKZU
72	heilen	VVINF
73	unmöglich	ADJD
74	/	$(
75	inmassen	KOUS
76	man	PIS
77	nicht	PTKNEG
78	allein	ADV
79	von	APPR
80	Natur	NN
81	blinde	ADJA
82	/	$(
83	taube	ADJA
84	/	$(
85	stumme	ADJA
86	/	$(
87	und	KON
88	von	APPR
89	der	ART
90	Geburt	NN
91	lahme	ADJA
92	Leute	NN
93	/	$(
94	zu	PTKZU
95	diesem	PDAT
96	Brunnen	NE
97	führt	VVFIN
98	/	$(
99	sondern	KON
100	auch	ADV
101	die	ART
102	jenigen	PIAT
103	/	$(
104	welche	PWAT
105	einen	ART
106	Arm	NN
107	oder	KON
108	Schenkel	NN
109	zerfallen	VVINF
110	oder	KON
111	zerbrochen	VVPP
112	/	$(
113	und	KON
114	danach	PAV
115	unrecht	NN
116	geheilt	VVPP
117	/	$(
118	also	ADV
119	das	ART
120	der	ART
121	situs	NE
122	partium	NE
123	vitiert	NE
124	ist	VAFIN
125	.	$.
1	welches	PWS
2	alles	PIS
3	doch	ADV
4	dieser	PDAT
5	Brunnen	NE
6	/	$(
7	als	KOKOM
8	der	ART
9	ein	ART
10	natürliches	ADV
11	Ding	NN
12	/	$(
13	und	KON
14	dennoch	ADV
15	nicht	PTKNEG
16	allmächtig	ADJD
17	/	$(
18	sondern	KON
19	seine	PPOSAT
20	umschriebene	ADJA
21	und	KON
22	umzirkelte	VVFIN
23	Kraft	NN
24	hat	VAFIN
25	/	$(
26	zu	PTKZU
27	tun	VVINF
28	nicht	PTKNEG
29	vermag	VVFIN
30	/	$(
31	wie	KOKOM
32	ein	ART
33	jeglicher	PIAT
34	Vernünftiger	NN
35	leichtlich	ADJD
36	erachten	VVINF
37	und	KON
38	verstehen	VVINF
39	kann	VMFIN
40	.	$.
1	welches	PWS
2	ich	PPER
3	auch	ADV
4	allhier	ADV
5	anzeigen	VVINF
6	wollen	VMFIN
7	/	$(
8	ob	KOUS
9	vielleicht	ADV
10	zn	PTKZU
11	verhuͤten	VVINF
12	wäre	VAFIN
13	/	$(
14	dass	KOUS
15	nicht	PTKNEG
16	so	ADV
17	viele	ADV
18	Leute	NN
19	sich	PRF
20	selbst	ADV
21	betrögen	VVFIN
22	/	$(
23	Unkosten	NN
24	/	$(
25	Mühe	NN
26	und	KON
27	Arbeit	NN
28	vergebens	ADV
29	anwendeten	VVFIN
30	/	$(
31	auch	ADV
32	wohl	ADV
33	an	APPR
34	ihrer	PPOSAT
35	Gesundheit	NN
36	Schaden	VVINF
37	nehmen	VVINF
38	/	$(
39	und	KON
40	dem	ART
41	Brunnen	NN
42	einen	ART
43	bösen	ADJA
44	Namen	NN
45	machten	VVFIN
46	.	$.
1	sei	VAFIN
2	demnach	PAV
3	also	ADV
4	von	APPR
5	dieses	PDAT
6	Brunnens	NN
7	Natur	NN
8	/	$(
9	Eigenschaft	NN
10	/	$(
11	Wirkung	NN
12	und	KON
13	Gebrauch	NN
14	/	$(
15	so	ADV
16	viel	ADV
17	sich	PPER
18	es	PPER
19	leiden	VVINF
20	wollen	VMFIN
21	/	$(
22	jetzo	ADV
23	genug	ADV
24	gesagt	VVPP
25	.	$.
1	der	ART
2	allmächtige	NN
3	Gott	NN
4	/	$(
5	als	KOKOM
6	der	ART
7	rechte	ADJA
8	Meister	NN
9	zu	PTKZU
10	helfen	VVINF
11	/	$(
12	von	APPR
13	dem	ART
14	alle	PIAT
15	Hilfe	NN
16	kommt	VVFIN
17	/	$(
18	so	ADV
19	auf	APPR
20	Erden	NN
21	geschieht	VVFIN
22	/	$(
23	wolle	VMFIN
24	/	$(
25	wie	KOKOM
26	zu	PTKZU
27	anderen	ADJA
28	von	APPR
29	ihm	APPRART
30	geschaffenen	ADJA
31	Mitteln	NN
32	/	$(
33	welche	PWAT
34	auch	ADV
35	der	ART
36	Heide	NE
37	manus	NE
38	Deorum	NE
39	nennt	VVFIN
40	/	$(
41	also	ADV
42	auch	ADV
43	zu	PTKZU
44	diesem	PDAT
45	heilsamen	ADJA
46	Brunnen	NE
47	seine	PPOSAT
48	Gnade	NN
49	und	KON
50	Segen	NN
51	verleihen	VVINF
52	/	$(
53	damit	PAV
54	er	PPER
55	vielen	PIAT
56	Leuten	VVFIN
57	zu	PTKZU
58	Wiederbringung	NN
59	ihrer	PPOSAT
60	Gesundheit	NN
61	/	$(
62	und	KON
63	Erhaltung	NN
64	ihres	PPOSAT
65	Lebens	NN
66	fruchtbarlich	ADJD
67	gedeihen	VVINF
68	/	$(
69	und	KON
70	Gottes	NN
71	Wundertaten	NN
72	dadurch	PAV
73	gepriesen	VVPP
74	werden	VAINF
75	mögen	VMFIN
76	/	$(
77	um	APPR
78	Christi	NE
79	unseres	PPOSAT
80	Heilands	NN
81	und	KON
82	Mittlers	NN
83	Willen	NN
84	/	$(
85	Amen	NN
86	.	$.
1	Extrakt	NN
2	historischer	NN
3	Beschreibung	NN
4	des	ART
5	neuen	ADJA
6	Brunnens	NN
7	/	$(
8	welcher	PWAT
9	unlängst	ADJD
10	in	APPR
11	Meißen	NE
12	/	$(
13	nicht	PTKNEG
14	weit	ADJD
15	vom	APPRART
16	böhmischen	NN
17	Gebirge	NN
18	wunderbarlich	ADJD
19	wieder	ADV
20	ans	APPRART
21	Licht	NN
22	gebracht	VVFIN
23	/	$(
24	und	KON
25	wegen	APPR
26	seiner	PPOSAT
27	heilsamen	ADJA
28	Art	NN
29	durch	APPR
30	das	ART
31	allgemeine	ADJA
32	Geschrei	NN
33	in	APPR
34	Beruf	NN
35	kommen	VVFIN
36	.	$.
1	unlängst	ADJD
2	von	APPR
3	Meißen	NE
1	Martino	NE
2	Pfuntelio	NE
3	von	APPR
4	Plauen	NN
5	/	$(
6	der	ART
7	Schule	NN
8	daselbst	PAV
9	Rectore	NN
10	in	APPR
11	Latein	NN
12	verfertigt	VVFIN
13	/	$(
14	und	KON
15	in	APPR
16	Druck	NN
17	gegeben	VVPP
18	.	$.
1	jetzo	ADV
2	aber	ADV
3	verdeutscht	VVFIN
4	/	$(
5	und	KON
6	dem	ART
7	vorigem	ADJA
8	Traktat	NN
9	mehr	PIAT
10	Nachrichtung	NN
11	halben	ADJA
12	mit	APPR
13	einverleibt	NE
14	.	$.
15	in	APPR
16	diesem	PDAT
17	Jahr	NN
18	nach	APPR
19	Christi	NE
20	Geburt	NN
21	1608	CARD
22	.	$.
23	am	APPRART
24	Ende	NN
25	des	ART
26	Monats	NN
27	Aprilis	NE
28	,	$,
29	ist	VAFIN
30	ein	ART
31	Brunnen	NN
32	in	APPR
33	Meißen	NE
34	in	APPR
35	großen	ADJA
36	Beruf	NN
37	gekommen	VVFIN
38	.	$.
1	dieser	PDAT
2	entspringt	VVFIN
3	über	APPR
4	der	ART
5	Mulde	NN
6	/	$(
7	bei	APPR
8	Schneeberg	NE
9	/	$(
10	gegen	APPR
11	der	ART
12	Sonne	NN
13	Aufgang	NN
14	/	$(
15	mitten	ADV
16	auf	APPR
17	einer	ART
18	sumpfigen	ADJA
19	Wiese	NN
20	/	$(
21	welche	PWAT
22	zu	PTKZU
23	rings	ADV
24	herum	APZR
25	mit	APPR
26	Holz	NN
27	umgeben	VVPP
28	/	$(
29	und	KON
30	gegen	APPR
31	Mittag	NN
32	hart	ADJD
33	an	APPR
34	das	ART
35	Dorf	NN
36	Niederzwönitz	NE
37	stößt	VVFIN
38	/	$(
39	eine	ART
40	halbe	ADJA
41	Meile	NN
42	vom	APPRART
43	Städtlein	NN
44	Leisnig	NE
45	/	$(
46	und	KON
47	von	APPR
48	der	ART
49	Bergstadt	ADJD
50	Schneeberg	NN
51	anderthalb	NE
52	Meilen	NN
53	entlegen	ADJD
54	.	$.
1	dannenher	PAV
2	offenbar	ADJD
3	/	$(
4	dass	KOUS
5	dieser	PDAT
6	Brunnen	NN
7	in	APPR
8	diesem	PDAT
9	Teil	NN
10	meißnischen	ADJA
11	Landes	NN
12	liegt	VVFIN
13	/	$(
14	welches	PRELS
15	an	APPR
16	die	ART
17	Sudeten	NN
18	Gebirge	NN
19	stößt	VVFIN
20	/	$(
21	so	ADV
22	Meißen	NE
23	und	KON
24	Böhmen	NN
25	unterscheiden	VVINF
26	.	$.
1	hart	NE
2	bei	APPR
3	diesem	PDAT
4	Brunnen	NN
5	sind	VAFIN
6	drei	CARD
7	Tannen	NN
8	/	$(
9	daher	PAV
10	dieser	PDAT
11	Brunnen	NN
12	vorzeiten	ADV
13	genannt	VVPP
14	worden	VAPP
15	/	$(
16	der	ART
17	Brunnen	NN
18	zun	APPRART
19	dreien	CARD
20	Tannen	NN
21	/	$(
22	welchen	PWAT
23	Namen	NN
24	/	$(
25	so	ADV
26	er	PPER
27	von	APPR
28	Alters	NN
29	her	APZR
30	gehabt	VAPP
31	/	$(
32	er	PPER
33	noch	ADV
34	behält	VVFIN
35	.	$.
1	die	ART
2	Wiese	NN
3	/	$(
4	darauf	PAV
5	dieser	PDAT
6	Brunnen	NN
7	quillt	VVFIN
8	/	$(
9	ist	VAFIN
10	jetziger	ADJA
11	Zeit	NN
12	eines	ART
13	Bauern	NN
14	in	APPR
15	jetzt	ADV
16	gedachtem	ADJA
17	Dorf	NN
18	Niederzwönitz	NE
19	/	$(
20	mit	APPR
21	Namen	NN
22	Nickel	NE
23	Grommers	NE
24	/	$(
25	unter	APPR
26	der	ART
27	Botmäßigkeit	NN
28	eines	ART
29	Edelmannes	NN
30	/	$(
31	des	ART
32	von	APPR
33	Gelenau	NE
34	/	$(
35	welcher	PWAT
36	unseres	PPOSAT
37	gnädigsten	ADJA
38	Herrn	NN
39	/	$(
40	des	ART
41	Kurfürsten	NN
42	zu	PTKZU
43	Sachsen	NE
44	Lehnsmann	NN
45	ist	VAFIN
46	.	$.
1	welches	PWS
2	derentwegen	PAV
3	gemeldet	VVPP
4	wird	VAFIN
5	/	$(
6	das	ART
7	menniglich	ADJD
8	wissen	VVINF
9	möge	VMFIN
10	/	$(
11	dass	KOUS
12	der	ART
13	Herzog	NE
14	und	KON
15	Kurfürst	NN
16	zu	PTKZU
17	Sachsen	NE
18	über	APPR
19	den	ART
20	Ort	NN
21	/	$(
22	da	ADV
23	dieser	PDAT
24	Brunnen	NN
25	entspringt	VVFIN
26	/	$(
27	die	ART
28	höchste	ADJA
29	Gewalt	NN
30	habe	VAFIN
31	/	$(
32	da	ADV
33	doch	ADV
34	der	ART
35	unerfahrene	ADJA
36	Pöbel	NN
37	anderen	ADJA
38	/	$(
39	weiß	VVFIN
40	nicht	PTKNEG
41	wem	PWS
42	/	$(
43	dieselbe	PDAT
44	zuschreibt	VVFIN
45	.	$.
1	dass	KOUS
2	dieser	PDAT
3	Brunnen	NN
4	nicht	PTKNEG
5	allein	ADV
6	mit	APPR
7	dem	ART
8	Namen	NN
9	/	$(
10	sondern	KON
11	auch	ADV
12	wegen	APPR
13	eiliger	ADJA
14	Auszeigung	NE
15	seiner	PPOSAT
16	Kräfte	NN
17	und	KON
18	Tugenden	NN
19	vorzeiten	ADV
20	auch	ADV
21	bekannt	ADJD
22	gewesen	VAPP
23	/	$(
24	ist	VAFIN
25	kein	PIAT
26	Zweifel	NN
27	/	$(
28	sintemal	KOUS
29	er	PPER
30	/	$(
31	wie	KOKOM
32	gesagt	VVPP
33	/	$(
34	seinen	PPOSAT
35	alten	ADJA
36	Namen	NN
37	noch	ADV
38	behält	VVFIN
39	/	$(
40	auch	ADV
41	viele	ADV
42	alte	ADJA
43	Leute	NN
44	/	$(
45	so	ADV
46	umher	PTKVZ
47	wohnen	VVINF
48	/	$(
49	seine	PPOSAT
50	Eigenschaft	NN
51	und	KON
52	vorigen	ADJA
53	Kräfte	NN
54	/	$(
55	in	APPR
56	frischer	ADJA
57	Gedächtnis	NN
58	haben	VAFIN
59	/	$(
60	wie	KOKOM
61	sie	PPER
62	solches	PIAT
63	von	APPR
64	ihren	PPOSAT
65	Vorfahren	NN
66	gehört	VVFIN
67	.	$.
1	es	PPER
2	möchte	VMFIN
3	sich	PRF
4	aber	ADV
5	jemand	PIS
6	wundern	VVINF
7	/	$(
8	aus	APPR
9	was	PWS
10	Ursachen	NN
11	dieser	PDAT
12	Brunnen	NN
13	vorzeiten	ADV
14	außen	ADV
15	geblieben	VVFIN
16	/	$(
17	und	KON
18	bis	APPR
19	daher	PAV
20	von	APPR
21	den	ART
22	umliegenden	ADJA
23	nicht	PTKNEG
24	geachtet	VVPP
25	worden	VAPP
26	/	$(
27	da	ADV
28	man	PIS
29	doch	ADV
30	solche	PIAT
31	heilsamen	ADJA
32	Brunnen	NN
33	sonsten	ADV
34	in	APPR
35	hohem	ADJA
36	Wert	NN
37	zu	PTKZU
38	halten	VVINF
39	/	$(
40	und	KON
41	wider	APPR
42	allen	PIAT
43	Schaden	NN
44	fleißig	ADJD
45	zu	PTKZU
46	verwahren	VVINF
47	pflegt	VVFIN
48	.	$.
1	welche	PWAT
2	hart	ADJD
3	bei	APPR
4	diesem	PDAT
5	Brunnen	NN
6	wohnen	VVINF
7	/	$(
8	sagen	VVINF
9	dies	PDS
10	sei	VAFIN
11	die	ART
12	Ursache	NN
13	/	$(
14	dieser	PDAT
15	Brunnen	NN
16	sei	VAFIN
17	vor	APPR
18	50	CARD
19	Jahren	NN
20	durch	APPR
21	einen	ART
22	großen	ADJA
23	ungestümen	ADJA
24	Platzregen	NN
25	und	KON
26	Ungewitter	NN
27	verschlemmt	VVFIN
28	und	KON
29	versenkt	VVFIN
30	worden	VAPP
31	/	$(
32	dass	KOUS
33	er	PPER
34	bis	APPR
35	daher	PAV
36	seinen	PPOSAT
37	verborgenen	ADJA
38	Gang	NN
39	unter	APPR
40	der	ART
41	Erde	NN
42	gehabt	VAPP
43	/	$(
44	bis	VVFIN
45	unlängst	ADJD
46	die	ART
47	Quelle	NE
48	wieder	ADV
49	geöffnet	VVPP
50	/	$(
51	und	KON
52	der	ART
53	Brunnen	NN
54	wieder	ADV
55	zu	PTKZU
56	springen	VVINF
57	und	KON
58	hell	ADJD
59	zu	PTKZU
60	werden	VAINF
61	angefangen	VVPP
62	.	$.
1	wie	PWAV
2	solches	PIAT
3	zugegangen	VVPP
4	/	$(
5	will	VMFIN
6	ich	PPER
7	mit	APPR
8	dreien	CARD
9	Worten	NN
10	anzeigen	VVINF
11	/	$(
12	damit	PAV
13	menniglich	ADJD
14	wissen	VVINF
15	möge	VMFIN
16	/	$(
17	wie	KOKOM
18	es	PPER
19	in	APPR
20	der	ART
21	Wahrheit	NN
22	darum	PAV
23	gewandt	NN
24	/	$(
25	und	KON
26	auch	NE
27	anderes	ADJD
28	erdichtetes	ADJA
29	Fabelwerk	NN
30	sich	PRF
31	nicht	PTKNEG
32	kehren	VVFIN
33	dürfe	VMFIN
34	.	$.
1	gegen	APPR
2	Mitternacht	NN
3	eine	ART
4	halbe	ADJA
5	Meile	NN
6	von	APPR
7	diesem	PDAT
8	neuem	ADJA
9	Brunnen	NN
10	liegt	VVFIN
11	ein	ART
12	Städtlein	NN
13	Zwönitz	NN
14	/	$(
15	und	KON
16	nahe	APPR
17	dabei	PAV
18	ein	ART
19	Dorf	NN
20	/	$(
21	mit	APPR
22	Namen	NN
23	Grünheide	NE
24	/	$(
25	in	APPR
26	welchem	PWAT
27	eine	ART
28	Bäuerin	NE
29	bei	APPR
30	acht	CARD
31	Jahren	NN
32	ganz	ADV
33	übel	ADV
34	auf	APPR
35	gewesen	VAPP
36	/	$(
37	wegen	APPR
38	eines	ART
39	alten	ADJA
40	bösen	ADJA
41	Schadens	NN
42	an	APPR
43	einem	ART
44	Schenkel	NN
45	/	$(
46	welcher	PWAT
47	dermaßen	ADV
48	bei	APPR
49	ihr	PPOSAT
50	eingewurzelt	VVPP
51	und	KON
52	sie	PPER
53	also	ADV
54	abgemattet	VVPP
55	/	$(
56	dass	KOUS
57	es	PPER
58	sich	PRF
59	ansehen	VVINF
60	ließ	VVFIN
61	/	$(
62	als	KOKOM
63	möchte	VMFIN
64	es	PPER
65	ihr	PPOSAT
66	am	APPRART
67	Leben	NN
68	schaden	VVINF
69	/	$(
70	diese	PDAT
71	Bäuerin	NN
72	/	$(
73	dieweil	KOUS
74	sie	PPER
75	gern	ADV
76	wieder	ADV
77	zur	APPRART
78	Gesundheit	NN
79	und	KON
80	ihren	PPOSAT
81	vorigen	ADJA
82	Kräften	NN
83	kommen	VVFIN
84	wäre	VAFIN
85	/	$(
86	fragte	VVFIN
87	ihre	PPOSAT
88	Nachbarin	NN
89	um	APPR
90	Rat	NN
91	/	$(
92	was	PWS
93	sie	PPER
94	wider	APPR
95	diese	PDAT
96	große	ADJA
97	und	KON
98	langwierige	ADJA
99	Beschwerung	NN
100	tun	VVINF
101	solle	VMFIN
102	/	$(
103	weil	KOUS
104	die	ART
105	Schmerzen	NN
106	heftig	ADJD
107	anhielten	VVFIN
108	/	$(
109	und	KON
110	keine	PIAT
111	Arznei	NN
112	helfen	VVINF
113	wollte	VMFIN
114	.	$.
1	darauf	PAV
2	wird	VAFIN
3	ihr	PPOSAT
4	geraten	VVPP
5	/	$(
6	sie	PPER
7	soll	VMFIN
8	den	ART
9	Brunnen	NN
10	zun	APPRART
11	drei	CARD
12	Tannen	NN
13	brauchen	VVFIN
14	/	$(
15	sintemal	KOUS
16	bei	APPR
17	Mannes	NN
18	Gedenken	NN
19	ihr	PPOSAT
20	viel	ADV
21	dadurch	PAV
22	geheilt	VVPP
23	wären	VAFIN
24	.	$.
1	die	ART
2	Frau	NN
3	/	$(
4	welche	PWAT
5	nun	ADV
6	gar	ADV
7	von	APPR
8	Kräften	NN
9	gekommen	VVFIN
10	/	$(
11	folgt	VVFIN
12	diesem	PDAT
13	Rat	NN
14	/	$(
15	versucht	VVPP
16	was	PWS
17	der	ART
18	Brunnen	NN
19	vermag	VVFIN
20	/	$(
21	welcher	PWAT
22	damals	ADV
23	eine	ART
24	kleine	ADJA
25	enge	ADJA
26	Quelle	NE
27	hatte	VAFIN
28	/	$(
29	von	APPR
30	den	ART
31	Grashauern	NN
32	eröffnet	VVPP
33	/	$(
34	wusch	VVFIN
35	etliche	PIAT
36	Tage	NN
37	den	ART
38	bösen	ADJA
39	Schenkel	NN
40	damit	PAV
41	/	$(
42	und	KON
43	wurde	VAFIN
44	nächst	APPR
45	Gott	NN
46	/	$(
47	allein	ADV
48	durch	APPR
49	diesen	PDAT
50	Brunnen	NN
51	ihrer	PPOSAT
52	achtjährigen	ADJA
53	Beschwerung	NN
54	entledigt	VVPP
55	.	$.
1	dieses	PDAT
2	Wissen	NN
3	nach	APPR
4	dem	ART
5	sie	PPER
6	also	ADV
7	vermittels	ADJD
8	göttlicher	ADJD
9	Verleihung	NN
10	wieder	ADV
11	zu	PTKZU
12	voriger	ADJA
13	Gesundheit	NN
14	und	KON
15	Stärke	NN
16	gekommen	VVFIN
17	/	$(
18	lässt	VVFIN
19	unserem	PPOSAT
20	Herrn	NN
21	Gott	NN
22	öffentlich	ADJD
23	in	APPR
24	der	ART
25	Kirche	NN
26	für	APPR
27	solche	PIAT
28	gnädige	ADJA
29	Wohltat	NN
30	danken	VVINF
31	/	$(
32	rühmt	VVFIN
33	dieselbe	PDAT
34	allenthalben	ADV
35	.	$.
1	dannenhero	PAV
2	erfolgt	VVFIN
3	/	$(
4	dass	KOUS
5	ein	ART
6	großes	ADJD
7	Geschrei	NN
8	von	APPR
9	diesem	PDAT
10	heilsamen	ADJA
11	Brunnen	NE
12	in	APPR
13	der	ART
14	Nähe	NN
15	/	$(
16	und	KON
17	hin	PTKVZ
18	und	KON
19	wieder	ADV
20	erschollen	VVPP
21	und	KON
22	ausgebreitet	VVPP
23	/	$(
24	auch	ADV
25	ein	ART
26	großer	ADJA
27	Zulauf	NN
28	von	APPR
29	gemeinen	ADJA
30	und	KON
31	fürnehmen	ADJA
32	Leuten	NN
33	/	$(
34	nicht	PTKNEG
35	allein	ADV
36	aus	APPR
37	nahen	ADJA
38	/	$(
39	sondern	KON
40	auch	ADV
41	aus	APPR
42	fernen	ADJA
43	Orten	VVINF
44	gewesen	VAPP
45	/	$(
46	und	KON
47	noch	ADV
48	täglich	ADJD
49	ist	VAFIN
50	/	$(
51	wie	KOKOM
52	ich	PPER
53	selbst	ADV
54	bezeugen	VVFIN
55	kann	VMFIN
56	/	$(
57	der	ART
58	ich	PPER
59	beneben	APPR
60	meinem	VVFIN
61	Collega	NE
62	diesen	PDAT
63	Brunnen	NE
64	besichtigt	VVFIN
65	,	$,
66	und	KON
67	uns	PPER
68	über	APPR
69	der	ART
70	großen	ADJA
71	Menge	VVIMP
72	anwesender	ADJA
73	Leute	NN
74	heftig	ADJD
75	verwundert	VVFIN
76	haben	VAFIN
77	.	$.
1	und	KON
2	geht	VVFIN
3	nun	ADV
4	dieser	PDAT
5	Brunnen	NE
6	/	$(
7	dieweil	KOUS
8	seine	PPOSAT
9	vor	APPR
10	dessen	PDS
11	verstopfte	ADJA
12	Gänge	NN
13	wiederum	NE
14	eröffnet	VVPP
15	/	$(
16	und	KON
17	mit	APPR
18	vierecketem	NN
19	Gebäude	NN
20	auf	APPR
21	eine	ART
22	Zeitlang	NN
23	gefasst	VVPP
24	/	$(
25	so	ADV
26	stark	ADJD
27	/	$(
28	dass	KOUS
29	es	PPER
30	ihm	PPER
31	niemals	ADV
32	an	APPR
33	springenden	ADJA
34	frischen	ADJA
35	Wasser	NN
36	mangelt	VVFIN
37	/	$(
38	ob	KOUS
39	gleich	ADV
40	alle	PIAT
41	und	KON
42	jede	PIAT
43	Stunde	NN
44	mehr	ADV
45	als	KOKOM
46	vier	CARD
47	Fuder	NN
48	daraus	PAV
49	geschöpft	VVPP
50	wird	VAFIN
51	.	$.
1	das	ART
2	Wasser	NN
3	so	ADV
4	aus	APPR
5	diesem	PDAT
6	Brunnen	NN
7	geschöpft	VVPP
8	wird	VAFIN
9	/	$(
10	scheint	VVFIN
11	Blaufarbe	NN
12	zu	PTKZU
13	sein	VAINF
14	/	$(
15	und	KON
16	eines	ART
17	süßen	ADJA
18	Geschmacks	NN
19	/	$(
20	welches	PRELS
21	beides	PIS
22	es	PPER
23	/	$(
24	wenn	KOUS
25	es	PPER
26	anderswo	ADV
27	hin	PTKVZ
28	geführt	VVPP
29	wird	VAFIN
30	/	$(
31	allmählich	ADJD
32	verändert	VVFIN
33	/	$(
34	sonderlich	ADJD
35	/	$(
36	wenn	KOUS
37	man	PIS
38	es	PPER
39	wie	KOKOM
40	gemeiniglich	ADV
41	zu	PTKZU
42	geschehen	VVPP
43	pflegt	VVFIN
44	/	$(
45	in	APPR
46	gepichten	ADJA
47	und	KON
48	anderen	ADJA
49	dergleichen	PIS
50	Fässern	NN
51	führt	VVFIN
52	.	$.
1	von	APPR
2	den	ART
3	Eigenschaften	NN
4	und	KON
5	Temperament	NN
6	dieses	PDAT
7	Wassers	NN
8	/	$(
9	weil	KOUS
10	dasselbe	PDAT
11	gar	ADV
12	neulich	ADV
13	von	APPR
14	dem	ART
15	anderen	ADJA
16	pfülenschenden	NE
17	Wasser	NN
18	abgeschieden	ADJD
19	/	$(
20	hat	VAFIN
21	man	PIS
22	bisher	ADV
23	wenig	PIS
24	gewusst	VVPP
25	/	$(
26	allein	ADV
27	dass	KOUS
28	man	PIS
29	es	PPER
30	probiert	VVFIN
31	und	KON
32	befunden	VVPP
33	/	$(
34	es	PPER
35	habe	VAFIN
36	Kupfererz	NN
37	/	$(
38	Steinbrücken	NN
39	/	$(
40	und	KON
41	etwas	PIS
42	von	APPR
43	Kupferwasser	NN
44	oder	KON
45	Victril	NE
46	in	APPR
47	sich	PRF
48	/	$(
49	sonst	ADV
50	aber	ADV
51	nicht	PTKNEG
52	schwerer	ADJA
53	/	$(
54	als	KOKOM
55	anderes	ADJD
56	Brunnenwasser	NE
57	.	$.
1	ob	KOUS
2	aber	ADV
3	wohl	ADV
4	etliche	PIAT
5	in	APPR
6	der	ART
7	Meinung	NN
8	/	$(
9	dies	PDS
10	Wasser	NN
11	sei	VAFIN
12	ein	ART
13	rohes	ADJA
14	Wasser	NN
15	/	$(
16	welches	PRELS
17	nichts	PIS
18	oder	KON
19	ja	ADV
20	wenig	PIS
21	vermöge	VVFIN
22	/	$(
23	so	ADV
24	kann	VMFIN
25	und	KON
26	soll	VMFIN
27	es	PPER
28	doch	ADV
29	nicht	PTKNEG
30	gänzlich	ADJD
31	aller	PIAT
32	Kräfte	NN
33	beraubt	VVFIN
34	werden	VAINF
35	.	$.
1	denn	KON
2	die	ART
3	jenigen	PIAT
4	/	$(
5	so	ADV
6	bisher	ADV
7	hie	ADV
8	und	KON
9	anderswo	ADV
10	durch	APPR
11	kräftige	ADJA
12	Arznei	NN
13	nicht	PTKNEG
14	haben	VAFIN
15	können	VMFIN
16	zu	PTKZU
17	recht	ADJD
18	gebracht	VVPP
19	werden	VAINF
20	/	$(
21	die	ART
22	sind	VAFIN
23	nächst	APPR
24	Gott[14]	NE
25	Gott[14]	NE
26	Gott[14]	NE
27	Gott[14]	NE
28	allein	ADV
29	durch	APPR
30	dies	PDS
31	Wasser	NN
32	von	APPR
33	etlichen	ADJA
34	Krankheiten	NN
35	und	KON
36	Leibsbeschwerungen	NN
37	entledigt	VVPP
38	/	$(
39	und	KON
40	wieder	ADV
41	zu	PTKZU
42	ihren	PPOSAT
43	vorigen	ADJA
44	Kräften	NN
45	gekommen	VVFIN
46	.	$.
1	ein	ART
2	edler	NN
3	Knabe	NN
4	in	APPR
5	dieser	PDAT
6	Schule	NN
7	zu	PTKZU
8	Plauen	NN
9	/	$(
10	von	APPR
11	17.	ADJA
12	Jahren	NN
13	/	$(
14	hat	VAFIN
15	an	APPR
16	einem	ART
17	dreitägigem	ADJA
18	Fieber	NN
19	krank	ADJD
20	gelegen	VVPP
21	/	$(
22	welches	PRELS
23	durch	APPR
24	Arznei	NN
25	sich	PRF
26	nicht	PTKNEG
27	hat	VAFIN
28	vertreiben	VVINF
29	lassen	VVINF
30	wollen	VMFIN
31	.	$.
1	da	ADV
2	er	PPER
3	aber	ADV
4	dieses	PDAT
5	Wasser	NN
6	getrunken	VVPP
7	/	$(
8	hat	VAFIN
9	es	PPER
10	bald	ADV
11	nachgelassen	VVPP
12	/	$(
13	und	KON
14	ist	VAFIN
15	durch	APPR
16	dies	PDS
17	Wasser	NN
18	vertrieben	VVPP
19	und	KON
20	gleichsam	ADJD
21	ersäuft	VVFIN
22	worden	VAPP
23	.	$.
1	eines	PIS
2	hiesigen	ADV
3	Bürgers	NN
4	Töchterlein	NN
5	von	APPR
6	elf	CARD
7	Jahren	NN
8	hat	VAFIN
9	ein	ART
10	Bergweh	NN
11	gehabt	VAPP
12	/	$(
13	nicht	PTKNEG
14	ohne	APPR
15	Lebensgefahr	NN
16	/	$(
17	welches	PRELS
18	aber	ADV
19	durch	APPR
20	dies	PDS
21	Wasser	NN
22	wieder	ADV
23	zu	PTKZU
24	Kräften	NN
25	gekommen	VVFIN
26	/	$(
27	und	KON
28	von	APPR
29	seinen	PPOSAT
30	Schmerzen	NN
31	entledigt	VVPP
32	worden	VAPP
33	.	$.
1	desgleichen	KOUS
2	eine	ART
3	Witwe	NN
4	bei	APPR
5	uns	PPER
6	/	$(
7	war	VAFIN
8	nur	ADV
9	dem	ART
10	einem	ART
11	Auge	NN
12	blind	ADJD
13	/	$(
14	und	KON
15	hatte	VAFIN
16	große	ADJA
17	Hauptwehtag	NN
18	/	$(
19	welche	PWAT
20	Schwachheiten	NN
21	sich	PRF
22	verloren	VVPP
23	/	$(
24	nach	APPR
25	dem	ART
26	sie	PPER
27	nur	ADV
28	diesem	PDAT
29	Wasser	NN
30	alle	PIAT
31	ihre	PPOSAT
32	Speise	NN
33	kochte	VVFIN
34	.	$.
1	es	PPER
2	dient	VVFIN
3	auch	ADV
4	dies	PDS
5	Wasser	NN
6	denen	PRELS
7	/	$(
8	so	ADV
9	dumpfig	ADJD
10	und	KON
11	taub	ADJD
12	sind	VAFIN
13	/	$(
14	inmassen	KOUS
15	dieses	PDAT
16	Wasser	NN
17	getrunken	VVPP
18	ein	ART
19	Vornehmer	ADJA
20	von	APPR
21	Adel	NN
22	im	APPRART
23	Amt	NN
24	Plauen	NN
25	/	$(
26	vom	APPRART
27	Dumpf	ADJD
28	kuriert	VVFIN
29	und	KON
30	zu	PTKZU
31	recht	ADJD
32	gebracht	VVFIN
33	/	$(
34	auch	ADV
35	viel	ADV
36	in	APPR
37	dieser	PDAT
38	Gegend	NN
39	/	$(
40	nach	APPR
41	dem	ART
42	sie	PPER
43	dies	PDS
44	Wasser	NN
45	in	APPR
46	die	ART
47	Ohren	NN
48	geträufelt	VVPP
49	/	$(
50	ihr	PPOSAT
51	Gehör	NN
52	wieder	ADV
53	erlangt	VVFIN
54	haben	VAFIN
55	.	$.
1	über	APPR
2	das	ART
3	hat	VAFIN
4	ein	ART
5	Mann	PIS
6	zu	PTKZU
7	Schneeberg	NE
8	im	APPRART
9	Zipperlein	NN
10	dies	PDS
11	Wasser	NN
12	von	APPR
13	außen	ADV
14	um	APPR
15	die	ART
16	Gelenke	NE
17	geschlagen	VVPP
18	/	$(
19	und	KON
20	also	ADV
21	die	ART
22	Schmerzen	NN
23	gestillt	VVPP
24	.	$.
1	die	ART
2	nah	ADJD
3	bei	APPR
4	diesem	PDAT
5	Brunnen	NE
6	wohnen	VVINF
7	/	$(
8	berichten	VVFIN
9	dass	KOUS
10	dies	PDS
11	Wasser	NN
12	vorzeiten	ADV
13	die	ART
14	Krätze	NN
15	und	KON
16	alte	ADJA
17	Schäden	NN
18	geheilt	VVPP
19	/	$(
20	welche	PWAT
21	Kraft	NN
22	es	PPER
23	noch	ADV
24	hat	VAFIN
25	/	$(
26	und	KON
27	schon	ADV
28	vielen	PIAT
29	geholfen	VVPP
30	.	$.
1	dass	KOUS
2	er	PPER
3	aber	ADV
4	für	APPR
5	allerlei	PIAT
6	Krankheit	NN
7	dienen	VVINF
8	soll	VMFIN
9	/	$(
10	ist	VAFIN
11	nichts	PIS
12	/	$(
13	darum	PAV
14	sehe	VVFIN
15	sich	PRF
16	ein	ART
17	jeder	PIAT
18	wohl	ADV
19	für	APPR
20	dass	KOUS
21	er	PPER
22	ihn	PPER
23	zu	PTKZU
24	seiner	PPOSAT
25	Gesundheit	NN
26	recht	ADJD
27	gebrauche	VVFIN
28	.	$.
1	Deo	FM.la
2	soli	FM.la
3	gloria	FM.la
4	.	$.
