SID	TID	TOKEN	POS1	POS2
1	1	kurzer	ADJA	ADJA
1	2	/	$(	$(
1	3	doch	ADV	ADV
1	4	gründlicher	ADJD	ADJA
1	5	Bericht	NN	NN
1	6	/	$(	$(
1	7	von	APPR	APPR
1	8	Natur	NN	NN
1	9	/	$(	$(
1	10	Eigenschaft	NN	NN
1	11	/	$(	$(
1	12	Kraft	NN	NN
1	13	/	$(	$(
1	14	Wirkung	NN	NN
1	15	/	$(	$(
1	16	und	KON	KON
1	17	rechtmäßigem	ADJA	ADJA
1	18	Gebrauch	NN	NN
1	19	des	ART	ART
1	20	neu	ADJD	ADJD
1	21	erfundenen	ADJA	ADJA
1	22	Brunnens	NN	NN
1	23	/	$(	$(
1	24	zun	APPRART	APPRART
1	25	dreien	CARD	CARD
1	26	Tannen	NN	NN
1	27	in	APPR	APPR
1	28	Meißen	NE	NE
1	29	bei	APPR	APPR
1	30	der	ART	ART
1	31	Zwönitz	NN	NN
1	32	gelegen	VVPP	VVPP
1	33	.	$.	$.
2	1	gestellt	VVPP	VVPP
2	2	durch	APPR	APPR
2	3	Medikus	NE	NN
3	1	Joannem	FM	NE
3	2	Philippum	FM	NN
3	3	Brendelium	FM	NN
3	4	,	$,	$,
3	5	Medicum	FM	NN
3	6	jetzo	FM	ADV
3	7	zur	FM	APPRART
3	8	Neustadt	FM	NN
3	9	an	FM	APPR
3	10	der	FM	ART
3	11	Orla	FM	NE
3	12	.	$.	$.
4	1	samt	APPR	APPR
4	2	angehängtem	ADJA	ADJA
4	3	Extract	NN	NN
4	4	/	$(	$(
4	5	verdeutschter	NN	ADJA
4	6	historischer	NN	ADJA
4	7	Beschreibung	NN	NN
4	8	desselben	PDS	PDAT
4	9	Brunnens	NN	NN
4	10	/	$(	$(
4	11	unlängst	ADJD	ADV
4	12	von	APPR	APPR
4	13	Medikus	NE	NN
5	1	Martino	NE	NE
5	2	Pfuntelio	NE	NE
5	3	,	$,	$,
5	4	Rectore	NN	NN
5	5	zu	PTKZU	APPR
5	6	Plauen	NN	NE
5	7	in	FM	APPR
5	8	Latein	NN	NN
5	9	geschrieben	VVPP	VVPP
5	10	/	$(	$(
5	11	und	KON	KON
5	12	in	APPR	APPR
5	13	Druck	NN	NN
5	14	verfertigt	VVFIN	VVPP
5	15	.	$.	$.
5	16	1608	CARD	CARD
5	17	.	$.	$.
6	1	gedruckt	VVPP	NE
6	2	zu	PTKZU	APPR
6	3	Jena	NE	NE
6	4	/	$(	$(
6	5	durch	APPR	APPR
6	6	Johann	NE	NE
6	7	Weidnern	NE	NN
6	8	.	$.	$.
7	1	den	ART	ART
7	2	durchlauchtigen	NN	ADJA
7	3	/	$(	$(
7	4	hochgeborenen	NN	ADJA
7	5	Fürsten	NN	NN
7	6	und	KON	KON
7	7	Herren	NN	NN
7	8	:	$.	$.
8	1	Herrn	NN	NN
8	2	Johann	NE	NE
8	3	Philpen	NE	NN
8	4	/	$(	$(
8	5	Herrn	NN	NN
8	6	Friedrichen	NE	NE
8	7	/	$(	$(
8	8	Herrn	NN	NN
8	9	Johann	NE	NE
8	10	Wilhelmen	NE	NE
8	11	/	$(	$(
8	12	Gebrüdern	NN	NN
8	13	/	$(	$(
8	14	Herzögen	NE	NN
8	15	zu	PTKZU	APPR
8	16	Sachsen	NE	NE
8	17	/	$(	$(
8	18	Landgrafen	NN	NN
8	19	in	APPR	APPR
8	20	Thüringen	NE	NE
8	21	/	$(	$(
8	22	Markgrafen	NN	NN
8	23	zu	PTKZU	APPR
8	24	Meißen	NE	NE
8	25	/	$(	$(
8	26	et cetera	ADV	FM
9	1	meinen	VVFIN	PPOSAT
9	2	gnädigen	ADJA	ADJA
9	3	Fürsten	NN	NN
9	4	und	KON	KON
9	5	Herren	NN	NN
9	6	.	$.	$.
10	1	durchleuchtige	NN	ADJA
10	2	/	$(	$(
10	3	hochgeborene	NN	ADJA
10	4	Fürsten	NN	NN
10	5	/	$(	$(
10	6	euren	NN	PPOSAT
10	7	fürstlichen	NN	ADJA
10	8	Gnaden	NN	NN
10	9	sind	VAFIN	VAFIN
10	10	meine	PPOSAT	PPOSAT
10	11	untertänigen	ADJA	ADJA
10	12	Dienste	NN	NN
10	13	jederzeit	ADV	ADV
10	14	ganz	ADV	ADV
10	15	willig	ADJD	ADJD
10	16	zuvor	ADV	ADV
10	17	:	$.	$.
11	1	gnädige	NN	ADJA
11	2	Fürsten	NN	NN
11	3	und	KON	KON
11	4	Herren	NN	NN
11	5	/	$(	$(
11	6	der	ART	ART
11	7	Engel	NE	NN
11	8	Raphael	NE	NE
11	9	sagt	VVFIN	VVFIN
11	10	im	APPRART	APPRART
11	11	Buch	NN	NN
11	12	Tobias	NE	NE
11	13	am	APPRART	APPRART
11	14	12.	ADJA	ADJA
11	15	Kapitel	NN	NN
11	16	/	$(	$(
11	17	der	ART	ART
11	18	Könige	NN	NN
11	19	und	KON	KON
11	20	Fürsten	NN	NN
11	21	Rat	NN	NN
11	22	und	KON	KON
11	23	Heimlichkeit	NN	NN
11	24	soll	VMFIN	VMFIN
11	25	man	PIS	PIS
11	26	verschweigen	VVINF	VVINF
11	27	/	$(	$(
11	28	aber	KON	KON
11	29	Gottes	NN	NN
11	30	Werk	NN	NN
11	31	soll	VMFIN	VMFIN
11	32	man	PIS	PIS
11	33	herrlich	ADJD	ADJD
11	34	preisen	VVFIN	VVINF
11	35	und	KON	KON
11	36	offenbaren	VVINF	VVINF
11	37	.	$.	$.
12	1	welches	PWS	PWS
12	2	ob	KOUS	KOUS
12	3	es	PPER	PPER
12	4	wohl	ADV	ADV
12	5	in	APPR	APPR
12	6	gemein	ADJD	ADJD
12	7	von	APPR	APPR
12	8	allen	PIAT	PIAT
12	9	Werken	NN	NN
12	10	und	KON	KON
12	11	Wohltaten	NN	NN
12	12	Gottes	NN	NN
12	13	/	$(	$(
12	14	sie	PPER	PPER
12	15	seien	VAINF	VAFIN
12	16	allgemein	ADJD	ADJD
12	17	oder	KON	KON
12	18	sonderbar	ADJD	ADJD
12	19	/	$(	$(
12	20	in	APPR	APPR
12	21	allen	PIAT	PIAT
12	22	Ständen	NN	NN
12	23	geredet	VVPP	VVPP
12	24	wird	VAFIN	VAFIN
12	25	/	$(	$(
12	26	so	ADV	ADV
12	27	kann	VMFIN	VMFIN
12	28	es	PPER	PPER
12	29	doch	ADV	ADV
12	30	nicht	PTKNEG	PTKNEG
12	31	unbillig	ADJD	ADJD
12	32	auch	ADV	ADV
12	33	insonderheit	ADV	NN
12	34	auf	APPR	APPR
12	35	diese	PDAT	PDAT
12	36	Werke	NN	NN
12	37	und	KON	KON
12	38	Gaben	NN	NN
12	39	Gottes	NN	NN
12	40	gezogen	VVPP	VVPP
12	41	werden	VAINF	VAINF
12	42	/	$(	$(
12	43	welche	PWAT	PRELS
12	44	zu	PTKZU	APPR
12	45	Erlangung	NN	NN
12	46	und	KON	KON
12	47	Erhaltung	NN	NN
12	48	der	ART	ART
12	49	Gesundheit	NN	NN
12	50	des	ART	ART
12	51	Menschen	NN	NN
12	52	ersprießlich	ADJD	ADJD
12	53	seien	VAINF	VAFIN
12	54	/	$(	$(
12	55	inmassen	KOUS	NN
12	56	denn	KON	KON
12	57	der	ART	ART
12	58	Engel	NE	NN
12	59	Raphael	NE	NE
12	60	eben	ADV	ADV
12	61	daher	PAV	PAV
12	62	seinen	PPOSAT	PPOSAT
12	63	Namen	NN	NN
12	64	hat	VAFIN	VAFIN
12	65	/	$(	$(
12	66	dass	KOUS	KOUS
12	67	er	PPER	PPER
12	68	ein	ART	ART
12	69	Arzt	NN	NN
12	70	Gottes	NN	NN
12	71	genannt	VVPP	VVPP
12	72	wird	VAFIN	VAFIN
12	73	/	$(	$(
12	74	auch	ADV	ADV
12	75	solchen	PIAT	PIAT
12	76	seinen	PPOSAT	PPOSAT
12	77	Namen	NN	NN
12	78	in	APPR	APPR
12	79	der	ART	ART
12	80	Historie	NN	NN
12	81	Tobias	NE	NE
12	82	auf	APPR	APPR
12	83	viele	ADV	PIAT
12	84	Wege	NN	NN
12	85	in	APPR	APPR
12	86	der	ART	ART
12	87	Tat	NN	NN
12	88	erwiesen	VVPP	VVPP
12	89	.	$.	$.
13	1	geht	VVFIN	VVFIN
13	2	demnach	PAV	PAV
13	3	allhier	ADV	ADJA
13	4	der	ART	ART
13	5	Engel	NE	NN
13	6	Raphael	NE	NE
13	7	allen	PIAT	PIAT
13	8	christlichen	ADJA	ADJA
13	9	Ärzten	NN	NN
13	10	mit	APPR	APPR
13	11	gutem	ADJA	ADJA
13	12	Exempel	NN	NN
13	13	für	APPR	APPR
13	14	/	$(	$(
13	15	dieselben	PDAT	PDS
13	16	dadurch	PAV	PAV
13	17	anzumahnen	VVIZU	VVIZU
13	18	/	$(	$(
13	19	dass	KOUS	KOUS
13	20	sie	PPER	PPER
13	21	Gottes	NN	NN
13	22	milde	ADJA	ADJA
13	23	reiche	VVFIN	ADJA
13	24	Güte	NN	NN
13	25	in	APPR	APPR
13	26	Offenbarung	NN	NN
13	27	und	KON	KON
13	28	Ausbreitung	NN	NN
13	29	vieler	PIAT	PIAT
13	30	heilsamer	ADJA	ADJA
13	31	/	$(	$(
13	32	und	KON	KON
13	33	zur	APPRART	APPRART
13	34	Gesundheit	NN	NN
13	35	dienlicher	ADJA	ADJA
13	36	Mittel	NN	NN
13	37	/	$(	$(
13	38	so	ADV	ADV
13	39	viel	ADV	ADV
13	40	immer	ADV	ADV
13	41	müglich	ADJD	ADJD
13	42	/	$(	$(
13	43	rühmen	VVINF	VVFIN
13	44	/	$(	$(
13	45	loben	VVFIN	VVFIN
13	46	und	KON	KON
13	47	preisen	VVFIN	VVFIN
13	48	.	$.	$.
14	1	dazu	PAV	PAV
14	2	auch	ADV	ADV
14	3	der	ART	ART
14	4	weise	VVFIN	ADJA
14	5	Man	PIS	NN
14	6	Jesus	NE	NE
14	7	Sirach	NE	NE
14	8	/	$(	$(
14	9	welcher	PWAT	PWS
14	10	in	APPR	APPR
14	11	seinem	PPOSAT	PPOSAT
14	12	Buch	NN	NN
14	13	den	ART	ART
14	14	Arzt	NN	NN
14	15	und	KON	KON
14	16	die	ART	ART
14	17	Arznei	NN	NN
14	18	als	KOKOM	KOKOM
14	19	von	APPR	APPR
14	20	Gott	NN	NN
14	21	geschaffen	VVPP	VVPP
14	22	/	$(	$(
14	23	hoch	ADJD	ADJD
14	24	rühmt	VVFIN	VVFIN
14	25	/	$(	$(
14	26	und	KON	KON
14	27	ausdrücklich	ADJD	ADJD
14	28	anzeigt	VVFIN	VVFIN
14	29	/	$(	$(
14	30	dass	KOUS	KOUS
14	31	der	ART	ART
14	32	Herr	NN	NN
14	33	eben	ADV	ADV
14	34	darum	PAV	PAV
14	35	solche	PIAT	PIAT
14	36	Kunst	NN	NN
14	37	den	ART	ART
14	38	Menschen	NN	NN
14	39	gegeben	VVPP	VVPP
14	40	habe	VAFIN	VAFIN
14	41	/	$(	$(
14	42	dass	KOUS	KOUS
14	43	er	PPER	PPER
14	44	gepriesen	VVPP	VVPP
14	45	würde	VAFIN	VAFIN
14	46	in	APPR	APPR
14	47	seinen	PPOSAT	PPOSAT
14	48	Wundertaten	NN	NN
14	49	/	$(	$(
14	50	sie	PPER	PPER
14	51	und	KON	KON
14	52	alle	PIAT	PIAT
14	53	Christen	NN	NN
14	54	vermahnt	VVFIN	VVPP
14	55	/	$(	$(
14	56	in	APPR	APPR
14	57	dem	ART	ART
14	58	er	PPER	PPER
14	59	sagt	VVFIN	VVFIN
14	60	am	APPRART	APPRART
14	61	drei	CARD	CARD
14	62	und	KON	KON
14	63	vierzigsten	ADJA	ADJA
14	64	Kapitel	NN	NN
15	1	lobt	VVFIN	VVFIN
15	2	und	KON	KON
15	3	preist	VVFIN	VVFIN
15	4	den	ART	ART
15	5	Herrn	NN	NN
15	6	/	$(	$(
15	7	so	ADV	ADV
15	8	hoch	ADJD	ADJD
15	9	ihr	PPOSAT	PPER
15	10	vermögt	VVFIN	VVFIN
15	11	/	$(	$(
15	12	er	PPER	PPER
15	13	ist	VAFIN	VAFIN
15	14	doch	ADV	ADV
15	15	noch	ADV	ADV
15	16	höher	ADJD	ADJD
15	17	/	$(	$(
15	18	preist	NN	VVFIN
15	19	ihn	PPER	PPER
15	20	aus	APPR	APPR
15	21	allen	PIAT	PIAT
15	22	Kräften	NN	NN
15	23	/	$(	$(
15	24	und	KON	KON
15	25	lasst	VVFIN	VVFIN
15	26	nicht	PTKNEG	PTKNEG
15	27	ab	PTKVZ	PTKVZ
15	28	/	$(	$(
15	29	noch	ADV	ADV
15	30	werdet	VAFIN	VAFIN
15	31	ihr	PPOSAT	PPER
15	32	es	PPER	PPER
15	33	nicht	PTKNEG	PTKNEG
15	34	erreichen	VVINF	VVINF
15	35	et cetera	ADV	FM
16	1	wir	PPER	PPER
16	2	sehen	VVINF	VVFIN
16	3	seiner	PPOSAT	PPOSAT
16	4	Werke	NN	NN
16	5	das	ART	ART
16	6	Wenigste	ADJA	NN
16	7	/	$(	$(
16	8	denn	KON	KON
16	9	viel	ADV	ADV
16	10	größere	ADJA	ADJA
16	11	sind	VAFIN	VAFIN
16	12	uns	PPER	PPER
16	13	noch	ADV	ADV
16	14	verborgen	VVPP	VVPP
16	15	.	$.	$.
17	1	wann	PWAV	PWAV
17	2	dann	ADV	ADV
17	3	unter	APPR	APPR
17	4	solchen	PIAT	PIAT
17	5	heilsamen	ADJA	ADJA
17	6	/	$(	$(
17	7	und	KON	KON
17	8	zur	APPRART	APPRART
17	9	Gesundheit	NN	NN
17	10	dienlichen	ADJA	ADJA
17	11	Werken	NN	NN
17	12	und	KON	KON
17	13	Geschöpfen	NN	NN
17	14	Gottes	NN	NN
17	15	nicht	PTKNEG	PTKNEG
17	16	die	ART	ART
17	17	wenigsten	PIAT	PIS
17	18	sind	VAFIN	VAFIN
17	19	die	ART	ART
17	20	warmen	NN	ADJA
17	21	Bäder	NN	NN
17	22	/	$(	$(
17	23	Sauer	NN	NE
17	24	und	KON	KON
17	25	andere	ADJA	PIS
17	26	Brunnen	NN	NN
17	27	/	$(	$(
17	28	welche	PWAT	PRELS
17	29	allerlei	PIAT	PIAT
17	30	Mineralien	NN	NN
17	31	und	KON	KON
17	32	Bergarten	NN	NN
17	33	/	$(	$(
17	34	so	ADV	ADV
17	35	sie	PPER	PPER
17	36	führen	VVINF	VVINF
17	37	/	$(	$(
17	38	und	KON	KON
17	39	damit	PAV	PAV
17	40	vermengt	VVFIN	VVPP
17	41	seien	VAINF	VAFIN
17	42	/	$(	$(
17	43	Kraft	NN	NN
17	44	und	KON	KON
17	45	Wirkung	NN	NN
17	46	an	APPR	APPR
17	47	sich	PRF	PRF
17	48	haben	VAFIN	VAFIN
17	49	/	$(	$(
17	50	ist	VAFIN	VAFIN
17	51	es	PPER	PPER
17	52	billig	ADJD	ADJD
17	53	und	KON	KON
17	54	christlich	ADJD	ADJD
17	55	/	$(	$(
17	56	dass	KOUS	KOUS
17	57	alle	PIAT	PIAT
17	58	gottfürchtigen	NE	ADJA
17	59	Ärzte	NN	NN
17	60	Gott	NN	NN
17	61	dem	ART	ART
17	62	Schöpfer	NN	NN
17	63	zu	PTKZU	APPR
17	64	Ehren	NN	NN
17	65	denselben	PDAT	PDS
17	66	nachdenken	VVINF	VVINF
17	67	/	$(	$(
17	68	fleißig	ADJD	ADJD
17	69	erforschen	VVINF	VVINF
17	70	und	KON	KON
17	71	dartun	VVINF	VVFIN
17	72	/	$(	$(
17	73	was	PWS	PWS
17	74	sie	PPER	PPER
17	75	für	APPR	APPR
17	76	Art	NN	NN
17	77	und	KON	KON
17	78	Eigenschaft	NN	NN
17	79	an	APPR	APPR
17	80	sich	PRF	PRF
17	81	haben	VAFIN	VAFIN
17	82	/	$(	$(
17	83	wozu	PWAV	PWAV
17	84	sie	PPER	PPER
17	85	dienen	VVINF	VVINF
17	86	/	$(	$(
17	87	woher	PWAV	PWAV
17	88	sie	PPER	PPER
17	89	ihre	PPOSAT	PPOSAT
17	90	Kraft	NN	NN
17	91	haben	VAFIN	VAFIN
17	92	/	$(	$(
17	93	und	KON	KON
17	94	welcher	PWAT	PWS
17	95	Gestalt	NN	NN
17	96	sie	PPER	PPER
17	97	fruchtbarlich	ADJD	ADJD
17	98	zu	PTKZU	PTKZU
17	99	gebrauchen	VVINF	VVINF
17	100	.	$.	$.
18	1	und	KON	KON
18	2	dieweil	KOUS	ADV
18	3	dieses	PDAT	PDAT
18	4	Jahr	NN	NN
18	5	ein	ART	ART
18	6	solcher	PIAT	PIAT
18	7	heilsamer	ADJA	ADJA
18	8	Brunnen	NN	NN
18	9	im	APPRART	APPRART
18	10	Lande	NN	NN
18	11	zu	PTKZU	APPR
18	12	Meißen	NE	NE
18	13	/	$(	$(
18	14	dessen	PDS	PRELAT
18	15	man	PIS	PIS
18	16	eine	ART	ART
18	17	Zeit	NN	NN
18	18	her	APZR	APZR
18	19	nicht	PTKNEG	PTKNEG
18	20	geachtet	VVPP	VVPP
18	21	/	$(	$(
18	22	wiederum	ADV	ADV
18	23	in	APPR	APPR
18	24	Beruf	NN	NN
18	25	kommen	VVFIN	VVINF
18	26	/	$(	$(
18	27	habe	VAFIN	VAFIN
18	28	ich	PPER	PPER
18	29	zwar	ADV	ADV
18	30	bald	ADV	ADV
18	31	anfänglich	ADJD	ADJD
18	32	dem	ART	ART
18	33	selben	ADJA	PDAT
18	34	nachgeforscht	VVPP	VVPP
18	35	/	$(	$(
18	36	seinen	PPOSAT	PPOSAT
18	37	Halt	NN	NN
18	38	und	KON	KON
18	39	Mineram	NN	NN
18	40	/	$(	$(
18	41	so	ADV	ADV
18	42	viel	ADV	ADV
18	43	abwesend	ADJD	ADJD
18	44	geschehen	VVPP	VVINF
18	45	können	VMFIN	VMINF
18	46	/	$(	$(
18	47	probiert	VVFIN	VVFIN
18	48	/	$(	$(
18	49	aber	KON	ADV
18	50	lange	ADV	ADV
18	51	Zeit	NN	NN
18	52	in	APPR	APPR
18	53	Hoffnung	NN	NN
18	54	gestanden	VVPP	VVPP
18	55	/	$(	$(
18	56	es	PPER	PPER
18	57	würde	VAFIN	VAFIN
18	58	jemand	PIS	PIS
18	59	anderes	ADV	PIS
18	60	/	$(	$(
18	61	welcher	PWAT	PWS
18	62	mehr	ADV	PIAT
18	63	Berufs	NN	NN
18	64	und	KON	KON
18	65	Ansehens	NN	NN
18	66	hätte	VAFIN	VAFIN
18	67	/	$(	$(
18	68	sich	PRF	PRF
18	69	der	ART	ART
18	70	Sache	NN	NN
18	71	unterwinden	VVINF	VVINF
18	72	/	$(	$(
18	73	und	KON	KON
18	74	in	APPR	APPR
18	75	offenem	ADJA	ADJA
18	76	Druck	NN	NN
18	77	seine	PPOSAT	PPOSAT
18	78	Natur	NN	NN
18	79	/	$(	$(
18	80	Kraft	NN	NN
18	81	/	$(	$(
18	82	Wirkung	NN	NN
18	83	und	KON	KON
18	84	Gebrauch	NN	NN
18	85	/	$(	$(
18	86	menniglichen	ADJA	ADJA
18	87	zu	PTKZU	APPR
18	88	gute	ADJD	ADJA
18	89	an	APPR	APPR
18	90	Tag	NN	NN
18	91	geben	VVINF	VVINF
18	92	.	$.	$.
19	1	weil	KOUS	KOUS
19	2	ich	PPER	PPER
19	3	aber	ADV	ADV
19	4	bis	VVFIN	APPR
19	5	daher	PAV	PAV
19	6	vergeblich	ADJD	ADJD
19	7	gehofft	VVPP	VVPP
19	8	/	$(	$(
19	9	und	KON	KON
19	10	gleichwohl	ADV	ADV
19	11	von	APPR	APPR
19	12	vielen	PIAT	PIAT
19	13	gutherzigen	ADJA	ADJA
19	14	Leuten	NN	NN
19	15	/	$(	$(
19	16	was	PWS	PWS
19	17	ich	PPER	PPER
19	18	davon	PAV	PAV
19	19	hielte	VVFIN	VVFIN
19	20	/	$(	$(
19	21	oft	ADV	ADV
19	22	und	KON	KON
19	23	vielmals	ADV	ADV
19	24	ersucht	VVFIN	VVPP
19	25	und	KON	KON
19	26	angelangt	VVFIN	VVPP
19	27	worden	VAPP	VAPP
19	28	/	$(	$(
19	29	habe	NN	VAFIN
19	30	ich	PPER	PPER
19	31	mich	PPER	PRF
19	32	endlich	ADV	ADV
19	33	aus	APPR	APPR
19	34	Ursachen	NN	NN
19	35	/	$(	$(
19	36	so	ADV	ADV
19	37	ich	PPER	PPER
19	38	im	APPRART	APPRART
19	39	Eingange	NN	NN
19	40	dieses	PDAT	PDAT
19	41	Traktätleins	NN	NN
19	42	erzähle	VVFIN	VVFIN
19	43	/	$(	$(
19	44	solches	PIAT	PIAT
19	45	Werks	NN	NN
19	46	unterfangen	NN	VVINF
19	47	/	$(	$(
19	48	und	KON	KON
19	49	meine	PPOSAT	PPOSAT
19	50	Meinung	NN	NN
19	51	hiervon	PAV	PAV
19	52	in	APPR	APPR
19	53	diesem	PDAT	PDAT
19	54	Traktätlein	NN	NN
19	55	kurz	ADJD	ADJD
19	56	begriffen	VVPP	VVPP
19	57	.	$.	$.
20	1	welches	PWS	PWS
20	2	euren	NN	PPOSAT
20	3	fürstlichen	NE	ADJA
21	1	Gnaden	NN	NN
21	2	um	APPR	PTKVZ
21	3	desto	ADV	KON
21	4	mehrers	PIAT	ADJA
21	5	Ansehens	NN	NN
21	6	Willen	NN	APPO
21	7	/	$(	$(
21	8	ich	PPER	PPER
21	9	in	APPR	APPR
21	10	Untertänigkeit	NN	NN
21	11	hiermit	PAV	PAV
21	12	dediziere	VVFIN	VVFIN
21	13	und	KON	KON
21	14	zuschreibe	VVFIN	VVFIN
21	15	/	$(	$(
21	16	untertänig	ADJD	ADJD
21	17	bittend	ADJA	ADJD
21	18	/	$(	$(
21	19	solch	PIAT	PIAT
21	20	geringfügiges	ADJD	ADJA
21	21	Werk	NN	NN
21	22	in	APPR	APPR
21	23	Gnaden	NN	NN
21	24	von	APPR	APPR
21	25	mir	PPER	PPER
21	26	auf-	APPR	TRUNC
21	27	und	KON	KON
21	28	anzunehmen	VVIZU	VVIZU
21	29	/	$(	$(
21	30	und	KON	KON
21	31	meine	PPOSAT	PPOSAT
21	32	gnädige	ADJA	ADJA
21	33	Fürsten	NN	NN
21	34	und	KON	KON
21	35	Herren	NN	NN
21	36	zu	PTKZU	PTKZU
21	37	sein	VAINF	VAINF
21	38	und	KON	KON
21	39	zu	PTKZU	PTKZU
21	40	bleiben	VVINF	VVINF
21	41	.	$.	$.
22	1	das	ART	PDS
22	2	bin	VAFIN	VAFIN
22	3	um	APPR	APPR
22	4	eure	NN	PPOSAT
22	5	fürstliche	NE	ADJA
22	6	Gnaden	NN	NN
22	7	ich	PPER	PPER
22	8	mit	APPR	APPR
22	9	meinem	PPOSAT	PPOSAT
22	10	andächtigem	ADJA	ADJA
22	11	Gebet	NN	NN
22	12	um	APPR	APPR
22	13	dero	PRELAT	PIS
22	14	beständige	ADJA	ADJA
22	15	Gesundheit	NN	NN
22	16	/	$(	$(
22	17	langes	ADJA	ADJA
22	18	Leben	NN	NN
22	19	/	$(	$(
22	20	und	KON	KON
22	21	alle	PIAT	PIAT
22	22	gedeihliche	NE	ADJA
22	23	Wohlfahrt	NN	NN
22	24	/	$(	$(
22	25	beneben	APPR	VVFIN
22	26	meinen	VVFIN	PPOSAT
22	27	untertänigen	ADJA	ADJA
22	28	/	$(	$(
22	29	wiewohl	KOUS	KOUS
22	30	geringen	ADJA	ADJA
22	31	Diensten	NN	NN
22	32	zu	PTKZU	PTKZU
22	33	verdienen	VVFIN	VVINF
22	34	/	$(	$(
22	35	in	APPR	APPR
22	36	Untertänigkeit	NN	NN
22	37	ganz	ADV	ADV
22	38	willig	ADJD	ADJD
22	39	.	$.	$.
23	1	Datum	NN	NN
23	2	zur	APPRART	APPRART
23	3	Neustadt	NN	NN
23	4	an	APPR	APPR
23	5	der	ART	ART
23	6	Orla	NE	NE
23	7	/	$(	$(
23	8	am	APPRART	APPRART
23	9	Tage	NN	NN
23	10	Michaelis	NE	NE
23	11	/	$(	$(
23	12	1608	CARD	ADJA
23	13	.	$.	$.
23	14	eurer	PPOSAT	PPOSAT
23	15	fürstlichen	NN	ADJA
23	16	Gnaden	NN	NN
23	17	untertäniger	NN	ADJA
23	18	M.	NE	NE
23	19	Johannes	NE	NE
23	20	Philippus	NE	NE
23	21	Brendel	NE	NE
23	22	/	$(	$(
23	23	jetzt	ADV	ADV
23	24	Medikus	NN	NN
23	25	daselbst	PAV	ADV
23	26	 .	$.	$.
23	27	so	ADV	ADV
23	28	weit	ADJD	ADJD
23	29	und	KON	KON
23	30	breit	ADJD	ADJD
23	31	nicht	PTKNEG	PTKNEG
23	32	allein	ADV	ADV
23	33	in	APPR	APPR
23	34	dieser	PDAT	PDAT
23	35	Gegend	NN	NN
23	36	/	$(	$(
23	37	sondern	KON	KON
23	38	auch	ADV	ADV
23	39	fast	ADV	ADV
23	40	im	APPRART	APPRART
23	41	ganzen	ADJA	ADJA
23	42	Deutschen	ADJA	NN
23	43	/	$(	$(
23	44	auch	ADV	ADV
23	45	wohl	ADV	ADV
23	46	anderen	ADJA	PIS
23	47	Ländern	NN	NN
23	48	der	ART	ART
23	49	neuerfundene	ADJA	ADJA
23	50	/	$(	$(
23	51	oder	KON	KON
23	52	jetzo	ADV	ADV
23	53	aufs	APPRART	APPRART
23	54	Neue	ADJD	ADJA
23	55	ausgeschriene	ADJA	ADJA
23	56	und	KON	KON
23	57	berühmte	ADJA	ADJA
23	58	Brunnen	NN	NN
23	59	in	APPR	APPR
23	60	Meißen	NE	NE
23	61	/	$(	$(
23	62	bei	APPR	APPR
23	63	der	ART	ART
23	64	Zwönitz	NN	NN
23	65	gelegen	VVPP	VVPP
23	66	/	$(	$(
23	67	bekannt	ADJD	ADJD
23	68	ist	VAFIN	VAFIN
23	69	/	$(	$(
23	70	so	ADV	ADV
23	71	sehr	ADV	ADV
23	72	wundert	VVFIN	VVFIN
23	73	mich	PPER	PPER
23	74	/	$(	$(
23	75	das	ART	PRELS
23	76	sich	PRF	PRF
23	77	noch	ADV	ADV
23	78	zur	APPRART	APPRART
23	79	Zeit	NN	NN
23	80	niemand	PIS	PIS
23	81	/	$(	$(
23	82	welcher	PWAT	PWS
23	83	von	APPR	APPR
23	84	seiner	PPOSAT	PPOSAT
23	85	Natur	NN	NN
23	86	und	KON	KON
23	87	Gebrauch	NN	NN
23	88	etwas	PIS	PIAT
23	89	Gründliches	ADJA	NN
23	90	in	APPR	APPR
23	91	Druck	NN	NN
23	92	verfertigt	VVFIN	VVPP
23	93	/	$(	$(
23	94	gefunden	VVFIN	VVPP
23	95	.	$.	$.
24	1	zwar	ADV	ADV
24	2	ich	PPER	PPER
24	3	muss	VMFIN	VMFIN
24	4	selber	ADV	ADV
24	5	bekennen	VVFIN	VVINF
24	6	/	$(	$(
24	7	dass	KOUS	KOUS
24	8	ich	PPER	PPER
24	9	viel	ADV	ADV
24	10	lieber	ADV	ADJD
24	11	einen	ART	ART
24	12	anderen	ADJA	PIS
24	13	/	$(	$(
24	14	welcher	PWAT	PWS
24	15	davon	PAV	PAV
24	16	seine	PPOSAT	PPOSAT
24	17	Meinung	NN	NN
24	18	an	APPR	APPR
24	19	Tag	NN	NN
24	20	gegeben	VVPP	VVPP
24	21	hätte	VAFIN	VAFIN
24	22	/	$(	$(
24	23	lesen	VVINF	VVINF
24	24	wollte	VMFIN	VMFIN
24	25	/	$(	$(
24	26	als	KOKOM	KOKOM
24	27	dass	KOUS	KOUS
24	28	ich	PPER	PPER
24	29	hiervon	PAV	PAV
24	30	etwas	PIS	ADV
24	31	schreiben	VVINF	VVINF
24	32	und	KON	KON
24	33	in	APPR	APPR
24	34	Druck	NN	NN
24	35	gehen	VVINF	VVINF
24	36	lassen	VVINF	VVINF
24	37	soll	VMFIN	VMFIN
24	38	/	$(	$(
24	39	besonders	ADV	ADV
24	40	jetziger	ADJA	ADJA
24	41	Zeit	NN	NN
24	42	Gelegenheit	NN	NN
24	43	nach	APPR	PTKVZ
24	44	/	$(	$(
24	45	da	ADV	KOUS
24	46	man	PIS	PIS
24	47	wenige	PIS	PIAT
24	48	Leute	NN	NN
24	49	findet	VVFIN	VVFIN
24	50	/	$(	$(
24	51	die	ART	PRELS
24	52	eines	ART	ART
24	53	anderen	ADJA	PIAT
24	54	Arbeit	NN	NN
24	55	in	APPR	APPR
24	56	Gutem	ADJA	NN
24	57	/	$(	$(
24	58	wie	KOKOM	KOUS
24	59	sie	PPER	PPER
24	60	gemeint	VVPP	VVPP
24	61	aufnehmen	VVINF	VVINF
24	62	/	$(	$(
24	63	hergegen	ADV	ADV
24	64	aber	ADV	ADV
24	65	so	ADV	ADV
24	66	viele	ADV	PIAT
24	67	Schmeißhummeln	NN	NN
24	68	und	KON	KON
24	69	Momi	NN	NN
24	70	haufenweise	ADV	ADJD
24	71	/	$(	$(
24	72	wie	KOKOM	KOUS
24	73	die	ART	ART
24	74	Staren	NN	NN
24	75	/	$(	$(
24	76	sich	PRF	PRF
24	77	finden	VVINF	VVINF
24	78	/	$(	$(
24	79	welche	PWAT	PRELS
24	80	/	$(	$(
24	81	wenn	KOUS	KOUS
24	82	sie	PPER	PPER
24	83	gleich	ADV	ADJD
24	84	für	APPR	APPR
24	85	sich	PRF	PRF
24	86	selbst	ADV	ADV
24	87	nichts	PIS	PIAT
24	88	Gutes	NN	NN
24	89	tun	VVINF	VVINF
24	90	/	$(	$(
24	91	doch	ADV	KON
24	92	alles	PIS	PIS
24	93	/	$(	$(
24	94	was	PWS	PRELS
24	95	ihnen	PPER	PPER
24	96	unter	APPR	APPR
24	97	ihre	PPOSAT	PPOSAT
24	98	Krallen	NN	NN
24	99	kommt	VVFIN	VVFIN
24	100	/	$(	$(
24	101	es	PPER	PPER
24	102	sei	VAFIN	VAFIN
24	103	so	ADV	ADV
24	104	gut	ADJD	ADJD
24	105	oder	KON	KON
24	106	doch	ADV	ADV
24	107	wohlgemeint	ADJD	ADJD
24	108	es	PPER	PPER
24	109	immer	ADV	ADV
24	110	wolle	VMFIN	VMFIN
24	111	/	$(	$(
24	112	tadeln	VVINF	VVINF
24	113	und	KON	KON
24	114	vernichten	VVINF	VVINF
24	115	.	$.	$.
25	1	dessen	PDS	PDS
25	2	aber	ADV	ADV
25	3	ungeachtet	APPR	APPO
25	4	/	$(	$(
25	5	dieweil	KOUS	ADV
25	6	gleichwohl	ADV	ADV
25	7	allerlei	PIAT	PIAT
25	8	Ungelegenheiten	NN	NN
25	9	aus	APPR	APPR
25	10	Mangel	NN	NN
25	11	eines	ART	ART
25	12	gründlichen	ADJA	ADJA
25	13	Berichts	NN	NN
25	14	von	APPR	APPR
25	15	dieses	PDAT	PDAT
25	16	Brunnens	NN	NN
25	17	Natur	NN	NN
25	18	/	$(	$(
25	19	Wirkung	NN	NN
25	20	und	KON	KON
25	21	nützlichem	ADJA	ADJA
25	22	Brauch	NN	NN
25	23	entstehen	VVINF	VVINF
25	24	/	$(	$(
25	25	in	APPR	APPR
25	26	dem	ART	ART
25	27	der	ART	ART
25	28	gemeine	ADJA	ADJA
25	29	Mann	PIS	NN
25	30	eine	ART	ART
25	31	Panacaeam	NE	NN
25	32	daraus	PAV	PAV
25	33	machen	VVINF	VVINF
25	34	/	$(	$(
25	35	und	KON	KON
25	36	dafür	PAV	PAV
25	37	halten	VVINF	VVINF
25	38	will	VMFIN	VMFIN
25	39	/	$(	$(
25	40	dass	KOUS	KOUS
25	41	er	PPER	PPER
25	42	alle	PIAT	PIAT
25	43	Krankheiten	NN	NN
25	44	heile	ADJA	VVFIN
25	45	/	$(	$(
25	46	welches	PWS	PWS
25	47	/	$(	$(
25	48	dieweil	KOUS	KOUS
25	49	es	PPER	PPER
25	50	nicht	PTKNEG	PTKNEG
25	51	geschieht	VVFIN	VVFIN
25	52	/	$(	$(
25	53	nicht	PTKNEG	PTKNEG
25	54	allein	ADV	ADV
25	55	die	ART	ART
25	56	Zehrung	NN	NN
25	57	oder	KON	KON
25	58	Fuhrlohn	NN	NN
25	59	umsonst	ADV	ADV
25	60	angewendet	VVPP	VVPP
25	61	/	$(	$(
25	62	welches	PRELS	PWS
25	63	noch	ADV	ADV
25	64	zu	PTKZU	PTKZU
25	65	vergessen	VVPP	VVINF
25	66	wäre	VAFIN	VAFIN
25	67	/	$(	$(
25	68	sondern	KON	KON
25	69	auch	ADV	ADV
25	70	viele	ADV	PIAT
25	71	Leute	NN	NN
25	72	sich	PRF	PRF
25	73	damit	PAV	PAV
25	74	verderben	VVFIN	VVINF
25	75	/	$(	$(
25	76	wie	KOKOM	KOUS
25	77	ich	PPER	PPER
25	78	selbst	ADV	ADV
25	79	weiß	VVFIN	VVFIN
25	80	/	$(	$(
25	81	dass	KOUS	KOUS
25	82	etliche	PIAT	PIS
25	83	/	$(	$(
25	84	so	ADV	ADV
25	85	diesen	PDAT	PDAT
25	86	Brunnen	NN	NN
25	87	gebraucht	VVPP	VVPP
25	88	/	$(	$(
25	89	Hauptwehtage	NN	NN
25	90	/	$(	$(
25	91	Reißen	NN	NN
25	92	in	APPR	APPR
25	93	Gliedern	NN	NN
25	94	/	$(	$(
25	95	Convulsiones	NE	NN
25	96	und	KON	KON
25	97	andere	ADJA	PIS
25	98	Beschwerung	NN	NN
25	99	davon	PAV	PAV
25	100	erregt	VVPP	VVPP
25	101	/	$(	$(
25	102	und	KON	KON
25	103	derowegen	ADV	ADJA
25	104	Arznei	NN	NN
25	105	brauchen	VVFIN	VVINF
25	106	müssen	VMFIN	VMINF
25	107	.	$.	$.
26	1	dadurch	PAV	PAV
26	2	denn	KON	ADV
26	3	ferner	ADV	ADJA
26	4	Ursache	NN	NN
26	5	und	KON	KON
26	6	Anlass	NN	NN
26	7	gegeben	VVINF	VVPP
26	8	wird	VAFIN	VAFIN
26	9	/	$(	$(
26	10	das	ART	PRELS
26	11	dieser	PDAT	PDAT
26	12	Brunnen	NN	NN
26	13	/	$(	$(
26	14	welcher	PWAT	PWS
26	15	in	APPR	APPR
26	16	gewissen	ADJA	ADJA
26	17	Krankheiten	NN	NN
26	18	/	$(	$(
26	19	und	KON	KON
26	20	auf	APPR	APPR
26	21	gewisse	ADJA	ADJA
26	22	Maß	NN	NN
26	23	und	KON	KON
26	24	Weise	NN	NN
26	25	gebraucht	VVPP	VVPP
26	26	/	$(	$(
26	27	eine	ART	ART
26	28	sonderliche	ADJA	ADJA
26	29	Gabe	NN	NN
26	30	/	$(	$(
26	31	Werk	NN	NN
26	32	und	KON	KON
26	33	Geschöpf	NN	NN
26	34	Gottes	NN	NN
26	35	ist	VAFIN	VAFIN
26	36	/	$(	$(
26	37	von	APPR	APPR
26	38	vielen	PIAT	PIS
26	39	vernichtet	VVPP	VVPP
26	40	/	$(	$(
26	41	ja	ADV	ADV
26	42	wohl	ADV	ADV
26	43	für	APPR	APPR
26	44	schädlich	ADJD	ADJD
26	45	und	KON	KON
26	46	giftig	ADJD	ADJD
26	47	ausgeschrien	VVPP	VVPP
26	48	wird	VAFIN	VAFIN
26	49	.	$.	$.
27	1	zu	APPR	APPR
27	2	dem	ART	ART
27	3	auch	ADV	ADV
27	4	allen	PIAT	PIAT
27	5	Medizis	NE	NN
27	6	,	$,	$,
27	7	ja	ADV	ADV
27	8	allen	PIAT	PIAT
27	9	Physicis	NE	NN
27	10	oder	KON	KON
27	11	Naturkündigern	NN	NN
27	12	obliegen	VVINF	VVINF
27	13	und	KON	KON
27	14	gebühren	VVINF	VVINF
27	15	will	VMFIN	VMFIN
27	16	/	$(	$(
27	17	darob	PAV	ADV
27	18	zu	PTKZU	PTKZU
27	19	sein	VAINF	VAINF
27	20	/	$(	$(
27	21	dass	KOUS	KOUS
27	22	dieses	PDAT	PDAT
27	23	so	ADV	ADV
27	24	weit	ADJD	ADJD
27	25	und	KON	KON
27	26	hochberühmten	ADJA	ADJA
27	27	Brunnens	NN	NN
27	28	Art	NN	NN
27	29	und	KON	KON
27	30	Eigenschaft	NN	NN
27	31	nicht	PTKNEG	PTKNEG
27	32	verborgen	VVPP	VVPP
27	33	bleibe	VVFIN	VVFIN
27	34	/	$(	$(
27	35	sondern	KON	KON
27	36	erkundigt	VVFIN	VVPP
27	37	/	$(	$(
27	38	und	KON	KON
27	39	/	$(	$(
27	40	wie	KOKOM	KOKOM
27	41	männiglich	ADJD	ADJD
27	42	wünscht	VVFIN	VVFIN
27	43	/	$(	$(
27	44	hofft	VVFIN	VVFIN
27	45	/	$(	$(
27	46	und	KON	KON
27	47	mit	APPR	APPR
27	48	Verlangen	NN	NN
27	49	danach	PAV	PAV
27	50	wartet	VVFIN	VVFIN
27	51	/	$(	$(
27	52	ans	APPRART	APPRART
27	53	Licht	NN	NN
27	54	gebracht	VVFIN	VVPP
27	55	werde	VAFIN	VAFIN
27	56	:	$.	$.
28	1	als	KOKOM	KOKOM
28	2	habe	VAFIN	VAFIN
28	3	ich	PPER	PPER
28	4	/	$(	$(
28	5	sonderlich	ADJD	ADJD
28	6	auf	APPR	APPR
28	7	vieler	PIAT	PIAT
28	8	vornehmer	ADJA	ADJA
28	9	und	KON	KON
28	10	gutherziger	ADJA	ADJA
28	11	Leute	NN	NN
28	12	Anhalten	VVINF	NN
28	13	/	$(	$(
28	14	kürzlich	ADV	ADJD
28	15	hiervon	PAV	PAV
28	16	meine	PPOSAT	PPOSAT
28	17	Meinung	NN	NN
28	18	/	$(	$(
28	19	so	ADV	ADV
28	20	gut	ADJD	ADJD
28	21	mir	PPER	PPER
28	22	es	PPER	PPER
28	23	unser	PPOSAT	PPOSAT
28	24	Herr	NN	NN
28	25	Gott	NN	NN
28	26	beschert	VVPP	VVFIN
28	27	/	$(	$(
28	28	niemands	PIS	PIS
28	29	vorgegriffen	VVPP	VVPP
28	30	/	$(	$(
28	31	öffentlich	ADJD	ADJD
28	32	dartun	VVINF	VVINF
28	33	wollen	VMFIN	VMFIN
28	34	.	$.	$.
29	1	welches	PWS	PWS
29	2	der	ART	ART
29	3	gutherzige	ADJA	ADJA
29	4	Leser	NN	NN
29	5	im	APPRART	APPRART
29	6	Besten	ADJA	NN
29	7	vormerken	VVINF	VVINF
29	8	/	$(	$(
29	9	und	KON	KON
29	10	da	ADV	KOUS
29	11	ich	PPER	PPER
29	12	verhoffentlich	ADJD	ADJD
29	13	den	ART	ART
29	14	Zweck	NN	NN
29	15	getroffen	VVPP	VVPP
29	16	/	$(	$(
29	17	ihm	PPER	PPER
29	18	meine	PPOSAT	PPOSAT
29	19	gutherzige	ADJA	ADJA
29	20	Wohlmeinung	NN	NN
29	21	gefallen	VVPP	VVPP
29	22	lassen	VVINF	VVINF
29	23	/	$(	$(
29	24	da	ADV	KOUS
29	25	er	PPER	PPER
29	26	aber	ADV	ADV
29	27	einer	ART	ART
29	28	anderen	ADJA	PIAT
29	29	Meinung	NN	NN
29	30	/	$(	$(
29	31	welche	PWAT	PRELS
29	32	bas	NN	NE
29	33	gegründet	VVPP	VVPP
29	34	/	$(	$(
29	35	dieselbige	PDAT	ADJA
29	36	gemeines	ADJA	ADJA
29	37	Nutzens	NN	NN
29	38	halben	ADJA	APPO
29	39	nicht	PTKNEG	PTKNEG
29	40	verhehlen	VVINF	VVINF
29	41	wolle	VMFIN	VMFIN
29	42	.	$.	$.
30	1	soll	VMFIN	VMFIN
30	2	als	KOKOM	KOKOM
30	3	dann	ADV	ADV
30	4	mir	PPER	PPER
30	5	genug	ADV	ADV
30	6	sein	VAINF	VAINF
30	7	/	$(	$(
30	8	dass	KOUS	KOUS
30	9	/	$(	$(
30	10	wo	PWAV	PWAV
30	11	ich	PPER	PPER
30	12	durch	APPR	APPR
30	13	diese	PDAT	PDAT
30	14	meine	PPOSAT	PPOSAT
30	15	/	$(	$(
30	16	wiewohl	KOUS	KOUS
30	17	geringschätzige	ADJA	ADJA
30	18	/	$(	$(
30	19	Arbeit	NN	NN
30	20	/	$(	$(
30	21	nichts	PIS	PIAT
30	22	anderes	ADV	PIS
30	23	ausgerichtet	VVPP	VVPP
30	24	und	KON	KON
30	25	erlangt	VVFIN	VVPP
30	26	/	$(	$(
30	27	doch	ADV	KON
30	28	anderen	ADJA	PIS
30	29	den	ART	ART
30	30	Sachen	NN	NN
30	31	weiter	ADV	ADV
30	32	und	KON	KON
30	33	besser	ADJD	ADJD
30	34	nach	APPR	APPO
30	35	zu	PTKZU	PTKZU
30	36	denken	VVINF	VVINF
30	37	/	$(	$(
30	38	und	KON	KON
30	39	die	ART	ART
30	40	Wahrheit	NN	NN
30	41	zu	PTKZU	PTKZU
30	42	erfinden	VVINF	VVINF
30	43	/	$(	$(
30	44	Ursache	NN	NN
30	45	und	KON	KON
30	46	Anleitung	NN	NN
30	47	gegeben	VVPP	VVPP
30	48	habe	VAFIN	VAFIN
30	49	.	$.	$.
31	1	will	VMFIN	VMFIN
31	2	demnach	PAV	PAV
31	3	im	APPRART	APPRART
31	4	Namen	NN	NN
31	5	Gottes	NN	NN
31	6	zum	APPRART	APPRART
31	7	Handel	NN	NN
31	8	schreiten	VVFIN	VVINF
31	9	/	$(	$(
31	10	und	KON	KON
31	11	erstlich	ADV	ADJD
31	12	von	APPR	APPR
31	13	der	ART	ART
31	14	Natur	NN	NN
31	15	/	$(	$(
31	16	Art	NN	NN
31	17	und	KON	KON
31	18	Eigenschaft	NN	NN
31	19	/	$(	$(
31	20	oder	KON	KON
31	21	Essentia	NN	NE
31	22	und	KON	KON
31	23	Minera	NN	NE
31	24	,	$,	$,
31	25	daher	PAV	PAV
31	26	dieser	PDAT	PDAT
31	27	Brunnen	NN	NN
31	28	seine	PPOSAT	PPOSAT
31	29	Kraft	NN	NN
31	30	hat	VAFIN	VAFIN
31	31	/	$(	$(
31	32	berichten	VVFIN	VVINF
31	33	/	$(	$(
31	34	zum	APPRART	APPRART
31	35	2.	ADJA	ADJA
31	36	/	$(	$(
31	37	was	PWS	PIS
31	38	von	APPR	APPR
31	39	der	ART	ART
31	40	Komplexion	NN	NN
31	41	oder	KON	KON
31	42	Temperamento	NE	NN
31	43	und	KON	KON
31	44	Qualitäten	NN	NN
31	45	dieses	PDAT	PDAT
31	46	Brunnens	NN	NN
31	47	andeuten	VVINF	VVINF
31	48	/	$(	$(
31	49	zum	APPRART	APPRART
31	50	3.	ADJA	ADJA
31	51	seine	PPOSAT	PPOSAT
31	52	Kraft	NN	NN
31	53	und	KON	KON
31	54	Wirkungen	NN	NN
31	55	/	$(	$(
31	56	so	ADV	ADV
31	57	viel	ADV	ADV
31	58	mir	PPER	PPER
31	59	dieselben	PDAT	PDS
31	60	wissend	ADJD	ADJD
31	61	/	$(	$(
31	62	erzählen	VVINF	VVINF
31	63	/	$(	$(
31	64	und	KON	KON
31	65	letztlich	ADV	ADV
31	66	von	APPR	APPR
31	67	seinem	PPOSAT	PPOSAT
31	68	rechtmäßigen	ADJA	ADJA
31	69	/	$(	$(
31	70	heilsamen	ADJA	ADJA
31	71	/	$(	$(
31	72	und	KON	KON
31	73	nützlichen	ADJA	ADJA
31	74	Gebrauch	NN	NN
31	75	/	$(	$(
31	76	kurze	ADJA	ADJA
31	77	Erinnerung	NN	NN
31	78	tun	VVINF	VVINF
31	79	.	$.	$.
32	1	das	ART	ART
32	2	erste	ADJA	ADJA
32	3	Kapitel	NN	NN
32	4	.	$.	$.
33	1	von	APPR	APPR
33	2	der	ART	ART
33	3	Natur	NN	NN
33	4	/	$(	$(
33	5	oder	KON	KON
33	6	Minera	NN	NE
33	7	und	KON	KON
33	8	Essentia	NN	NE
33	9	dieses	PDAT	PDAT
33	10	Brunnens	NN	NN
33	11	.	$.	$.
34	1	anfänglich	ADJD	ADJD
34	2	wann	PWAV	PWAV
34	3	ein	ART	ART
34	4	Wasser	NN	NN
34	5	entweder	KON	KON
34	6	stark	ADJD	ADJD
34	7	reucht	VVFIN	VVFIN
34	8	/	$(	$(
34	9	oder	KON	KON
34	10	ist	VAFIN	VAFIN
34	11	trübe	ADJA	ADJD
34	12	/	$(	$(
34	13	oder	KON	KON
34	14	salzig	NE	ADJD
34	15	/	$(	$(
34	16	oder	KON	KON
34	17	sonsten	ADV	ADV
34	18	eine	ART	ART
34	19	zur	APPRART	APPRART
34	20	Arznei	NN	NN
34	21	dienende	ADJA	ADJA
34	22	Kraft	NN	NN
34	23	hat	VAFIN	VAFIN
34	24	/	$(	$(
34	25	so	ADV	ADV
34	26	heißt	VVFIN	VVFIN
34	27	es	PPER	PPER
34	28	der	ART	ART
34	29	fürnehme	ADJA	ADJA
34	30	Medikus	NN	NN
34	31	Galenus	NN	NE
34	32	recht	ADJD	ADJD
34	33	und	KON	KON
34	34	wohl	ADV	ADV
34	35	nicht	PTKNEG	PTKNEG
34	36	nur	ADV	ADV
34	37	schlecht	ADJD	ADJD
34	38	sondern	KON	KON
34	39	ein	ART	ART
34	40	vermischtes	ADJA	ADJA
34	41	Wasser	NN	NN
34	42	.	$.	$.
35	1	nun	ADV	ADV
35	2	ist	VAFIN	VAFIN
35	3	dieser	PDAT	PDAT
35	4	Brunnen	NN	NN
35	5	etwas	PIS	ADV
35	6	süßlicher	ADJA	ADJD
35	7	am	APPRART	APPRART
35	8	Geschmack	NN	NN
35	9	und	KON	KON
35	10	etwas	PIS	ADV
35	11	pfülentzschichter	NE	ADJD
35	12	/	$(	$(
35	13	dann	ADV	ADV
35	14	andere	ADJD	PIAT
35	15	gemeine	ADJD	ADJA
35	16	Wasser	NN	NN
35	17	/	$(	$(
35	18	und	KON	KON
35	19	an	APPR	APPR
35	20	der	ART	ART
35	21	Farbe	NN	NN
35	22	etwas	PIS	ADV
35	23	trüber	ADJD	ADJD
35	24	und	KON	KON
35	25	fast	ADV	ADV
35	26	einem	ART	ART
35	27	Molken	NN	NN
35	28	gleich	ADV	ADJD
35	29	/	$(	$(
35	30	wann	PWAV	PWAV
35	31	er	PPER	PPER
35	32	sich	PRF	PRF
35	33	nicht	PTKNEG	PTKNEG
35	34	abgeläutert	VVPP	VVPP
35	35	und	KON	KON
35	36	zu	PTKZU	APPR
35	37	Grunde	NN	NN
35	38	gesetzt	VVPP	VVPP
35	39	.	$.	$.
36	1	item	NN	ADV
36	2	wann	PWAV	PWAV
36	3	man	PIS	PIS
36	4	dessen	PDS	PDS
36	5	gleich	ADV	APPR
36	6	eine	ART	ART
36	7	gute	ADJA	ADJA
36	8	Notdurft	NN	NN
36	9	trinkt	VVFIN	VVFIN
36	10	/	$(	$(
36	11	so	ADV	ADV
36	12	fühlt	VVFIN	VVFIN
36	13	man	PIS	PIS
36	14	doch	ADV	ADV
36	15	in	APPR	APPR
36	16	Hypochondriis	NE	NN
36	17	und	KON	KON
36	18	Weichen	VVINF	NN
36	19	leichtlich	ADJD	ADV
36	20	keine	PIAT	PIAT
36	21	Beschwerung	NN	NN
36	22	oder	KON	KON
36	23	Blähung	NN	NN
36	24	davon	PAV	PAV
36	25	.	$.	$.
37	1	zu	APPR	APPR
37	2	dem	ART	PDS
37	3	hält	VVFIN	VVFIN
37	4	er	PPER	PPER
37	5	sich	PRF	PRF
37	6	lange	ADV	ADV
37	7	/	$(	$(
37	8	dass	KOUS	KOUS
37	9	er	PPER	PPER
37	10	nicht	PTKNEG	PTKNEG
37	11	so	ADV	ADV
37	12	leichtlich	ADJD	ADV
37	13	stinkend	VVPP	ADJD
37	14	wird	VAFIN	VAFIN
37	15	.	$.	$.
38	1	letztlich	ADV	ADV
38	2	so	ADV	ADV
38	3	hat	VAFIN	VAFIN
38	4	er	PPER	PPER
38	5	/	$(	$(
38	6	wie	KOKOM	KOUS
38	7	die	ART	ART
38	8	Erfahrung	NN	NN
38	9	zeugt	VVFIN	VVFIN
38	10	/	$(	$(
38	11	so	ADV	ADV
38	12	viel	ADV	ADV
38	13	zur	APPRART	APPRART
38	14	Gesundheit	NN	NN
38	15	dienliche	ADJA	ADJA
38	16	Kräfte	NN	NN
38	17	und	KON	KON
38	18	Tugenden	NN	NN
38	19	/	$(	$(
38	20	dergleichen	PIS	PIS
38	21	ein	ART	ART
38	22	schlechtes	ADJD	ADJA
38	23	Wasser	NN	NN
38	24	nicht	PTKNEG	PTKNEG
38	25	haben	VAFIN	VAINF
38	26	kann	VMFIN	VMFIN
38	27	.	$.	$.
39	1	dannenher	PAV	ADV
39	2	dann	ADV	ADV
39	3	ein	ART	ART
39	4	jeder	PIAT	PIS
39	5	leichtlich	ADJD	ADV
39	6	abzunehmen	VVINF	VVIZU
39	7	/	$(	$(
39	8	dass	KOUS	KOUS
39	9	dieser	PDAT	PDAT
39	10	Brunnen	NE	NN
39	11	mit	APPR	APPR
39	12	etwas	PIS	PIAT
39	13	anderem	ADV	PIS
39	14	vermischt	VVFIN	VVPP
39	15	sei	VAFIN	VAFIN
39	16	.	$.	$.
40	1	weil	KOUS	KOUS
40	2	aber	ADV	ADV
40	3	solches	PIAT	PIS
40	4	nicht	PTKNEG	PTKNEG
40	5	/	$(	$(
40	6	wie	KOKOM	KOKOM
40	7	in	APPR	APPR
40	8	den	ART	ART
40	9	Sauer-	NN	TRUNC
40	10	und	KON	KON
40	11	Salzbrunnen	NN	NN
40	12	/	$(	$(
40	13	durch	APPR	APPR
40	14	den	ART	ART
40	15	Geschmack	NN	NN
40	16	/	$(	$(
40	17	oder	KON	KON
40	18	durch	APPR	APPR
40	19	den	ART	ART
40	20	Geruch	NN	NN
40	21	/	$(	$(
40	22	wie	KOKOM	KOKOM
40	23	in	APPR	APPR
40	24	den	ART	ART
40	25	Schwefelwassern	NN	NN
40	26	/	$(	$(
40	27	viel	ADV	ADV
40	28	weniger	ADV	ADV
40	29	mit	APPR	APPR
40	30	dem	ART	ART
40	31	Gesicht	NN	NN
40	32	/	$(	$(
40	33	als	KOKOM	KOKOM
40	34	bald	ADV	ADV
40	35	erkannt	VVFIN	VVPP
40	36	/	$(	$(
40	37	und	KON	KON
40	38	unterschieden	VVPP	VVPP
40	39	werden	VAINF	VAINF
40	40	kann	VMFIN	VMFIN
40	41	/	$(	$(
40	42	als	KOKOM	KOKOM
40	43	ist	VAFIN	VAFIN
40	44	von	APPR	APPR
40	45	Nöten	VVINF	NN
40	46	/	$(	$(
40	47	dass	KOUS	KOUS
40	48	die	ART	ART
40	49	wässerige	ADJA	ADJA
40	50	Feuchtigkeit	NN	NN
40	51	von	APPR	APPR
40	52	der	ART	ART
40	53	corporalischen	ADJA	ADJA
40	54	Bergart	NN	NN
40	55	oder	KON	KON
40	56	Minera	NN	NE
40	57	/	$(	$(
40	58	damit	PAV	KOUS
40	59	sie	PPER	PPER
40	60	vermengt	VVFIN	VVPP
40	61	/	$(	$(
40	62	abgesondert	VVPP	VVPP
40	63	werde	VAFIN	VAFIN
40	64	/	$(	$(
40	65	welches	PRELS	PWS
40	66	denn	KON	ADV
40	67	geschieht	VVFIN	VVFIN
40	68	/	$(	$(
40	69	wenn	KOUS	KOUS
40	70	man	PIS	PIS
40	71	dieselbe	PDAT	PDS
40	72	entweder	KON	KON
40	73	im	APPRART	APPRART
40	74	Kochen	VVFIN	NN
40	75	verrauchen	VVINF	VVINF
40	76	und	KON	KON
40	77	evaporieren	VVINF	VVFIN
40	78	lässt	VVFIN	VVFIN
40	79	/	$(	$(
40	80	oder	KON	KON
40	81	durch	APPR	APPR
40	82	einen	ART	ART
40	83	Destillierkolben	NN	NN
40	84	abzieht	NN	VVFIN
40	85	/	$(	$(
40	86	dass	KOUS	KOUS
40	87	die	ART	ART
40	88	Minera	NN	NN
40	89	sich	PRF	PRF
40	90	zu	PTKZU	APPR
40	91	Grunde	NN	NN
40	92	setze	VVFIN	VVFIN
40	93	/	$(	$(
40	94	und	KON	KON
40	95	also	ADV	ADV
40	96	durch	APPR	APPR
40	97	gewisse	ADJA	ADJA
40	98	Proben	NN	NN
40	99	erkannt	VVPP	VVPP
40	100	werden	VAINF	VAINF
40	101	möge	VMFIN	VMFIN
40	102	.	$.	$.
41	1	damit	PAV	KOUS
41	2	nun	ADV	ADV
41	3	solches	PIAT	PIS
41	4	auch	ADV	ADV
41	5	bei	APPR	APPR
41	6	diesem	PDAT	PDAT
41	7	Brunnen	NN	NN
41	8	zu	PTKZU	APPR
41	9	Werk	NN	NN
41	10	gerichtet	VVPP	VVPP
41	11	werde	VAFIN	VAFIN
41	12	/	$(	$(
41	13	so	ADV	ADV
41	14	musst	VMFIN	VMFIN
41	15	du	PPER	PPER
41	16	eigentlich	ADV	ADV
41	17	zusehen	VVINF	VVINF
41	18	/	$(	$(
41	19	dass	KOUS	KOUS
41	20	du	PPER	PPER
41	21	des	ART	ART
41	22	Brunnens	NN	NN
41	23	halben	ADJA	ADJA
41	24	nicht	PTKNEG	PTKNEG
41	25	betrogen	VVPP	VVPP
41	26	werdest	VAFIN	VAFIN
41	27	/	$(	$(
41	28	sondern	KON	KON
41	29	allenthalben	ADV	ADV
41	30	recht	ADJD	ADJD
41	31	damit	PAV	PAV
41	32	gebarst	VVFIN	VVPP
41	33	.	$.	$.
42	1	und	KON	KON
42	2	erstlich	ADV	ADJD
42	3	musst	VMFIN	VMFIN
42	4	du	PPER	PPER
42	5	gewiss	ADV	ADJD
42	6	|	$(	XY
42	7	sein	VAINF	VAINF
42	8	/	$(	$(
42	9	dass	KOUS	KOUS
42	10	es	PPER	PPER
42	11	der	ART	ART
42	12	rechte	ADJA	ADJA
42	13	unverfälschte	ADJA	ADJA
42	14	Brunnen	NN	NN
42	15	sei	VAFIN	VAFIN
42	16	/	$(	$(
42	17	sintemal	KOUS	ADV
42	18	/	$(	$(
42	19	wie	KOKOM	KOUS
42	20	in	APPR	APPR
42	21	allen	PIAT	PIAT
42	22	Sachen	NN	NN
42	23	/	$(	$(
42	24	also	ADV	ADV
42	25	auch	ADV	ADV
42	26	hierin	ADV	PAV
42	27	viel	ADV	PIAT
42	28	Betrug	NN	NN
42	29	mit	APPR	APPR
42	30	unter	APPR	PTKVZ
42	31	läuft	VVFIN	VVFIN
42	32	/	$(	$(
42	33	wie	KOKOM	KOUS
42	34	ich	PPER	PPER
42	35	denn	KON	ADV
42	36	selber	ADV	ADV
42	37	gesehen	VVPP	VVPP
42	38	/	$(	$(
42	39	neben	APPR	APPR
42	40	anderen	ADJA	PIS
42	41	ehrlichen	ADJA	ADJA
42	42	Leuten	NN	NN
42	43	/	$(	$(
42	44	dass	KOUS	KOUS
42	45	einer	ART	PIS
42	46	in	APPR	APPR
42	47	einem	ART	ART
42	48	Städtlein	NN	NN
42	49	/	$(	$(
42	50	da	ADV	KOUS
42	51	er	PPER	PPER
42	52	zu	PTKZU	APPR
42	53	Nacht	NN	NN
42	54	über	APPR	PTKVZ
42	55	geherbergt	NE	VVPP
42	56	/	$(	$(
42	57	zwo	CARD	CARD
42	58	ganzer	ADJA	ADJA
42	59	Wasserkannen	NN	NN
42	60	voll	ADJD	ADJD
42	61	aus	APPR	APPR
42	62	einem	ART	ART
42	63	kleinen	ADJA	ADJA
42	64	Fass	NN	NN
42	65	verkauft	VVPP	VVPP
42	66	/	$(	$(
42	67	und	KON	KON
42	68	hergegen	ADV	ADV
42	69	anderes	ADJD	PIAT
42	70	Brunnenwasser	NE	NN
42	71	aus	APPR	APPR
42	72	dem	ART	ART
42	73	Röhrkasten	NN	NN
42	74	eingefüllt	VVPP	VVPP
42	75	.	$.	$.
43	1	zum	APPRART	APPRART
43	2	Anderen	ADJA	PIS
43	3	muss	VMFIN	VMFIN
43	4	zu	PTKZU	APPR
43	5	dieser	PDAT	PDAT
43	6	Probe	NN	NN
43	7	nicht	PTKNEG	PTKNEG
43	8	nur	ADV	ADV
43	9	das	ART	ART
43	10	Lautere	ADJA	NN
43	11	oben	ADV	ADV
43	12	/	$(	$(
43	13	davon	PAV	PAV
43	14	das	ART	ART
43	15	Trübe	ADJA	NN
43	16	sich	PRF	PRF
43	17	zu	PTKZU	APPR
43	18	Grunde	NN	NN
43	19	gesetzt	VVPP	VVPP
43	20	/	$(	$(
43	21	genommen	VVPP	VVPP
43	22	werden	VAINF	VAINF
43	23	/	$(	$(
43	24	damit	PAV	KOUS
43	25	man	PIS	PIS
43	26	nicht	PTKNEG	PTKNEG
43	27	ein	ART	ART
43	28	leeres	VVIMP	ADJA
43	29	Stroh	NN	NN
43	30	dresche	VVFIN	VVFIN
43	31	.	$.	$.
44	1	zum	APPRART	APPRART
44	2	Dritten	ADJA	NN
44	3	muss	VMFIN	VMFIN
44	4	der	ART	ART
44	5	Brunnen	NN	NN
44	6	nicht	PTKNEG	PTKNEG
44	7	zu	PTKZU	PTKA
44	8	lang	ADJD	ADJD
44	9	verlegen	VVINF	VVINF
44	10	sein	VAINF	VAINF
44	11	/	$(	$(
44	12	denn	KON	KON
44	13	ob	KOUS	KOUS
44	14	er	PPER	PPER
44	15	wohl	ADV	ADV
44	16	sich	PRF	PRF
44	17	(	$(	$(
44	18	wenn	KOUS	KOUS
44	19	er	PPER	PPER
44	20	recht	ADJD	ADJD
44	21	verwahrt	VVFIN	VVPP
44	22	wird	VAFIN	VAFIN
44	23	)	$(	$(
44	24	lange	ADV	ADV
44	25	hält	VVFIN	VVFIN
44	26	/	$(	$(
44	27	so	ADV	ADV
44	28	ist	VAFIN	VAFIN
44	29	doch	ADV	ADV
44	30	leicht	ADJD	ADJD
44	31	zu	PTKZU	PTKZU
44	32	erachten	VVINF	VVINF
44	33	/	$(	$(
44	34	dass	KOUS	KOUS
44	35	ihm	PPER	PPER
44	36	von	APPR	APPR
44	37	seinem	PPOSAT	PPOSAT
44	38	Halt	VVFIN	NN
44	39	/	$(	$(
44	40	sonderlich	ADJD	ADJD
44	41	was	PWS	PIS
44	42	subtil	ADJD	ADJD
44	43	ist	VAFIN	VAFIN
44	44	/	$(	$(
44	45	viel	ADV	ADV
44	46	abgehe	VVFIN	VVFIN
44	47	.	$.	$.
45	1	inmassen	KOUS	VVFIN
45	2	er	PPER	PPER
45	3	denn	KON	ADV
45	4	derentwegen	PAV	ADV
45	5	im	APPRART	APPRART
45	6	Führen	VVINF	NN
45	7	von	APPR	APPR
45	8	der	ART	ART
45	9	Luft	NN	NN
45	10	/	$(	$(
45	11	bevoraus	NE	KOUS
45	12	in	APPR	APPR
45	13	großer	ADJA	ADJA
45	14	Hitze	NN	NN
45	15	oder	KON	KON
45	16	Kälte	NN	NN
45	17	/	$(	$(
45	18	oder	KON	KON
45	19	sonst	ADV	ADV
45	20	ungestümem	ADJA	ADJA
45	21	Wetter	NN	NN
45	22	/	$(	$(
45	23	möglichen	ADJA	ADJA
45	24	Fleißes	NN	NN
45	25	verwahrt	VVFIN	VVPP
45	26	werden	VAINF	VAINF
45	27	muss	VMFIN	VMFIN
45	28	.	$.	$.
46	1	desgleichen	KOUS	ADV
46	2	muss	VMFIN	VMFIN
46	3	das	ART	ART
46	4	Fass	NN	NN
46	5	oder	KON	KON
46	6	Gefäß	NN	NN
46	7	/	$(	$(
46	8	darinnen	ADV	VVFIN
46	9	das	ART	ART
46	10	Wasser	NN	NN
46	11	geführt	VVPP	VVPP
46	12	und	KON	KON
46	13	behalten	VVINF	VVFIN
46	14	richtig	ADJD	ADJD
46	15	sein	VAINF	VAINF
46	16	/	$(	$(
46	17	und	KON	KON
46	18	keine	PIAT	PIAT
46	19	fremde	ADJA	ADJA
46	20	Qualität	NN	NN
46	21	an	APPR	APPR
46	22	sich	PRF	PRF
46	23	haben	VAFIN	VAINF
46	24	.	$.	$.
47	1	wenn	KOUS	KOUS
47	2	nun	ADV	ADV
47	3	solche	PIAT	PIAT
47	4	Conditiones	NE	NN
47	5	und	KON	KON
47	6	Umstände	NN	NN
47	7	in	APPR	APPR
47	8	Acht	CARD	NN
47	9	genommen	VVPP	VVPP
47	10	/	$(	$(
47	11	so	ADV	ADV
47	12	kann	VMFIN	VMFIN
47	13	man	PIS	PIS
47	14	diesen	PDAT	PDAT
47	15	Brunnen	NN	NN
47	16	in	APPR	APPR
47	17	eine	ART	ART
47	18	reine	ADJA	ADJA
47	19	gläserne	ADJA	ADJA
47	20	Kolbe	NN	NN
47	21	tun	VVINF	VVINF
47	22	/	$(	$(
47	23	einen	ART	ART
47	24	reinen	ADJA	ADJA
47	25	gläsernen	ADJD	ADJA
47	26	Helm	NN	NN
47	27	darauf	PAV	PAV
47	28	setzen	VVINF	VVINF
47	29	/	$(	$(
47	30	den	ART	ART
47	31	Rezipienten	NN	NN
47	32	vorlegen	VVINF	VVINF
47	33	/	$(	$(
47	34	und	KON	KON
47	35	alles	PIS	PIS
47	36	nach	APPR	APPR
47	37	der	ART	ART
47	38	Gewohnheit	NN	NN
47	39	und	KON	KON
47	40	Kunst	NN	NN
47	41	wohl	ADV	ADV
47	42	verwahren	VVINF	VVINF
47	43	/	$(	$(
47	44	und	KON	KON
47	45	in	APPR	APPR
47	46	einem	ART	ART
47	47	Balneo	NE	NN
47	48	Mariæ	NE	NE
47	49	ferventi	NE	NE
47	50	das	ART	ART
47	51	Wasser	NN	NN
47	52	abziehen	VVINF	VVINF
47	53	.	$.	$.
48	1	als	KOKOM	KOKOM
48	2	dann	ADV	ADV
48	3	wird	VAFIN	VAFIN
48	4	am	APPRART	APPRART
48	5	Grunde	NN	NN
48	6	der	ART	ART
48	7	Kolben	NN	NN
48	8	eine	ART	ART
48	9	dicke	ADJA	ADJA
48	10	Materie	NN	NN
48	11	bleiben	VVINF	VVINF
48	12	.	$.	$.
49	1	da	ADV	ADV
49	2	nun	ADV	ADV
49	3	bei	APPR	APPR
49	4	derselben	PDAT	PDAT
49	5	noch	ADV	ADV
49	6	etwas	PIS	ADV
49	7	viel	ADV	PIAT
49	8	wässeriger	ADJA	ADJA
49	9	Feuchtigkeit	NN	NN
49	10	übrig	PTKVZ	ADJD
49	11	/	$(	$(
49	12	kann	VMFIN	VMFIN
49	13	man	PIS	PIS
49	14	solch	PIAT	PIAT
49	15	Sedimentum	NE	NN
49	16	in	APPR	APPR
49	17	einem	ART	ART
49	18	irdischen	ADJA	ADJA
49	19	oder	KON	KON
49	20	kupfernen	NN	ADJA
49	21	Tiegel	NN	NN
49	22	tun	VVINF	VVINF
49	23	(	$(	$(
49	24	denn	KON	KON
49	25	hieran	PAV	PAV
49	26	nichts	PIS	PIS
49	27	gelegen	VVPP	VVPP
49	28	/	$(	$(
49	29	sintemal	KOUS	ADV
49	30	der	ART	ART
49	31	Augenschein	NN	NN
49	32	gibt	VVFIN	VVFIN
49	33	/	$(	$(
49	34	das	ART	ART
49	35	weder	KON	KON
49	36	das	ART	ART
49	37	Wasser	NN	NN
49	38	/	$(	$(
49	39	noch	ADV	ADV
49	40	das	ART	ART
49	41	jenige	PIAT	ADJA
49	42	/	$(	$(
49	43	was	PWS	PRELS
49	44	sich	PRF	PRF
49	45	nach	APPR	APPR
49	46	dem	ART	ART
49	47	Destillieren	NN	NN
49	48	in	APPR	APPR
49	49	der	ART	ART
49	50	gläsernen	ADJD	ADJA
49	51	Kolben	NN	NN
49	52	gesetzt	VVPP	VVPP
49	53	/	$(	$(
49	54	sich	PRF	PRF
49	55	ändert	VVFIN	VVFIN
49	56	/	$(	$(
49	57	man	PIS	PIS
49	58	siede	VVFIN	VVFIN
49	59	es	PPER	PPER
49	60	in	APPR	APPR
49	61	einem	ART	ART
49	62	irdischen	ADJA	ADJA
49	63	oder	KON	KON
49	64	kupfernen	VVINF	ADJA
49	65	Gefäß	NN	NN
49	66	/	$(	$(
49	67	welches	PRELS	PWS
49	68	sonsten	ADV	ADV
49	69	bei	APPR	APPR
49	70	vitriolischen	ADJD	ADJA
49	71	oder	KON	KON
49	72	anderen	ADJA	PIS
49	73	scharfen	ADJA	ADJA
49	74	metallischen	ADJA	ADJA
49	75	Wassern	NN	NN
49	76	nicht	PTKNEG	PTKNEG
49	77	zu	PTKZU	PTKZU
49	78	geschehen	VVPP	VVINF
49	79	pflegt	VVFIN	VVFIN
49	80	)	$(	$(
49	81	die	ART	ART
49	82	wässerige	ADJA	ADJA
49	83	Feuchtigkeit	NN	NN
49	84	/	$(	$(
49	85	|	$(	XY
49	86	so	ADV	ADV
49	87	noch	ADV	ADV
49	88	hinterstellig	NE	ADJD
49	89	/	$(	$(
49	90	über	APPR	APPR
49	91	einem	ART	ART
49	92	gelinden	ADJA	ADJA
49	93	Kohlenfeuer	NE	NN
49	94	verrauchen	VVINF	VVINF
49	95	lassen	VVINF	VVINF
49	96	.	$.	$.
50	1	als	KOKOM	KOKOM
50	2	denn	KON	ADV
50	3	so	ADV	ADV
50	4	findet	VVFIN	VVFIN
50	5	sich	PRF	PRF
50	6	unten	ADV	ADV
50	7	im	APPRART	APPRART
50	8	Tiegel	NN	NN
50	9	eine	ART	ART
50	10	rotschwärzliche	NE	ADJA
50	11	Materi	NN	NN
50	12	ex	APPR	FM
50	13	ferrugineo	NE	NE
50	14	colore	NE	NE
50	15	nigricans	NE	NE
50	16	,	$,	$,
50	17	einem	ART	ART
50	18	Pech	NN	NN
50	19	ähnlich	ADJD	ADJD
50	20	.	$.	$.
51	1	damit	PAV	KOUS
51	2	man	PIS	PIS
51	3	nun	ADV	ADV
51	4	ferner	ADV	ADJD
51	5	dahinter	PAV	PAV
51	6	komme	VVFIN	VVFIN
51	7	/	$(	$(
51	8	was	PWS	PWS
51	9	solche	PIAT	PIAT
51	10	Materie	NN	NN
51	11	sei	VAFIN	VAFIN
51	12	/	$(	$(
51	13	so	ADV	ADV
51	14	kann	VMFIN	VMFIN
51	15	man	PIS	PIS
51	16	dieselbe	PDAT	PDS
51	17	in	APPR	APPR
51	18	drei	CARD	CARD
51	19	Teile	NN	NN
51	20	teilen	VVFIN	VVINF
51	21	/	$(	$(
51	22	das	ART	ART
51	23	eine	ART	PIS
51	24	kann	VMFIN	VMFIN
51	25	man	PIS	PIS
51	26	gar	ADV	ADV
51	27	hart	ADJD	ADJD
51	28	austrucknen	VVINF	VVINF
51	29	/	$(	$(
51	30	dass	KOUS	KOUS
51	31	es	PPER	PPER
51	32	gleichsam	ADJD	ADJD
51	33	verbrenne	VVFIN	VVFIN
51	34	und	KON	KON
51	35	zu	PTKZU	APPR
51	36	Asche	NN	NN
51	37	werde	VAFIN	VAFIN
51	38	.	$.	$.
52	1	das	ART	ART
52	2	Andere	ADJA	PIS
52	3	nicht	PTKNEG	PTKNEG
52	4	so	ADV	ADV
52	5	sehr	ADV	ADV
52	6	ausdörren	VVINF	VVINF
52	7	/	$(	$(
52	8	sondern	KON	KON
52	9	mittelmäßig	ADJD	ADJD
52	10	bleiben	VVINF	VVINF
52	11	lassen	VVINF	VVINF
52	12	.	$.	$.
53	1	dem	ART	ART
53	2	Dritten	ADJA	NN
53	3	kann	VMFIN	VMFIN
53	4	man	PIS	PIS
53	5	noch	ADV	ADV
53	6	etwas	PIS	ADV
53	7	von	APPR	APPR
53	8	wässeriger	NN	ADJA
53	9	Feuchtigkeit	NN	NN
53	10	lassen	VVINF	VVINF
53	11	.	$.	$.
54	1	wenn	KOUS	KOUS
54	2	dies	PDS	PDS
54	3	geschehen	VVPP	VVPP
54	4	/	$(	$(
54	5	und	KON	KON
54	6	man	PIS	PIS
54	7	Feuer	NN	NN
54	8	oder	KON	KON
54	9	ein	ART	ART
54	10	Licht	NN	NN
54	11	an	APPR	APPR
54	12	das	ART	ART
54	13	Teil	NN	NN
54	14	/	$(	$(
54	15	das	ART	ART
54	16	noch	ADV	ADV
54	17	etwas	PIS	PIAT
54	18	Wasser	NN	NN
54	19	bei	APPR	APPR
54	20	sich	PRF	PRF
54	21	hat	VAFIN	VAFIN
54	22	/	$(	$(
54	23	hält	VVFIN	VVFIN
54	24	/	$(	$(
54	25	so	ADV	ADV
54	26	nimmt	VVFIN	VVFIN
54	27	es	PPER	PPER
54	28	zwar	ADV	ADV
54	29	von	APPR	APPR
54	30	wegen	APPR	APPR
54	31	der	ART	ART
54	32	bei	APPR	APPR
54	33	sich	PRF	PRF
54	34	habenden	ADJA	ADJA
54	35	wässerigen	ADJA	ADJA
54	36	Feuchtigkeit	NN	NN
54	37	das	ART	ART
54	38	Feuer	NN	NN
54	39	nicht	PTKNEG	PTKNEG
54	40	bald	ADV	ADV
54	41	an	APPR	PTKVZ
54	42	/	$(	$(
54	43	aber	ADV	KON
54	44	doch	ADV	KON
54	45	fäht	VVFIN	VVFIN
54	46	es	PPER	PPER
54	47	zu	PTKZU	APPR
54	48	letzt	ADV	ADV
54	49	an	APPR	PTKVZ
54	50	zu	PTKZU	PTKZU
54	51	brennen	VVINF	VVINF
54	52	.	$.	$.
55	1	das	ART	ART
55	2	andere	ADJD	PIAT
55	3	Teil	NN	NN
55	4	aber	ADV	ADV
55	5	/	$(	$(
55	6	so	ADV	ADV
55	7	fast	ADV	ADV
55	8	einer	ART	ART
55	9	Asche	NN	NN
55	10	gleich	ADV	ADJD
55	11	worden	VAPP	VAPP
55	12	/	$(	$(
55	13	feht	VVFIN	VVFIN
55	14	als	KOKOM	KOKOM
55	15	bald	ADV	ADV
55	16	an	APPR	PTKVZ
55	17	zu	PTKZU	PTKZU
55	18	glimmen	VVFIN	VVINF
55	19	/	$(	$(
55	20	wie	PWAV	KOUS
55	21	dann	ADV	ADV
55	22	auch	ADV	ADV
55	23	das	ART	ART
55	24	dritte	ADJA	ADJA
55	25	Teil	NN	NN
55	26	/	$(	$(
55	27	welches	PRELS	PWS
55	28	weder	KON	KON
55	29	zu	PTKZU	PTKA
55	30	feucht	ADJA	ADJD
55	31	/	$(	$(
55	32	noch	ADV	ADV
55	33	zu	PTKZU	PTKA
55	34	sehr	ADV	ADV
55	35	verbrannt	VVPP	VVPP
55	36	/	$(	$(
55	37	sondern	KON	KON
55	38	in	APPR	APPR
55	39	mittelmäßigem	ADJA	ADJA
55	40	Stand	NN	NN
55	41	gelassen	VVPP	VVPP
55	42	/	$(	$(
55	43	bald	ADV	ADV
55	44	zu	PTKZU	PTKZU
55	45	brennen	VVINF	VVINF
55	46	anfäht	VVFIN	VVFIN
55	47	.	$.	$.
56	1	insonderheit	ADV	NN
56	2	aber	ADV	ADV
56	3	räucht	VVFIN	VVFIN
56	4	dieses	PDAT	PDAT
56	5	mittelmäßige	ADJA	ADJA
56	6	Teil	NN	NN
56	7	gar	ADV	ADV
56	8	lieblich	ADJD	ADJD
56	9	/	$(	$(
56	10	wie	KOKOM	KOUS
56	11	ein	ART	ART
56	12	Bisam	NN	NN
56	13	oder	KON	KON
56	14	Ambra	NN	NN
56	15	/	$(	$(
56	16	der	ART	ART
56	17	Liquor	NE	NN
56	18	Mercurialis	ADJA	NE
56	19	aber	ADV	ADV
56	20	/	$(	$(
56	21	oder	KON	KON
56	22	das	ART	ART
56	23	über	APPR	APPR
56	24	gezogene	ADJA	ADJA
56	25	destillierte	VVFIN	ADJA
56	26	Wasser	NN	NN
56	27	in	APPR	APPR
56	28	dem	ART	ART
56	29	Rezipienten	NN	NN
56	30	/	$(	$(
56	31	ist	VAFIN	VAFIN
56	32	hübsch	ADJD	ADJD
56	33	hell	ADJA	ADJD
56	34	/	$(	$(
56	35	hat	VAFIN	VAFIN
56	36	keinen	PIAT	PIAT
56	37	sonderlichen	ADJA	ADJA
56	38	Geschmack	NN	NN
56	39	/	$(	$(
56	40	allein	ADV	ADV
56	41	von	APPR	APPR
56	42	wegen	APPR	APPR
56	43	der	ART	ART
56	44	Spirituum	NE	NN
56	45	,	$,	$,
56	46	damit	PAV	KOUS
56	47	der	ART	ART
56	48	Liquor	NE	NN
56	49	imprägniert	VVPP	VVPP
56	50	ist	VAFIN	VAFIN
56	51	/	$(	$(
56	52	weil	KOUS	KOUS
56	53	sie	PPER	PPER
56	54	nicht	PTKNEG	PTKNEG
56	55	evaporieren	VVINF	VVINF
56	56	,	$,	$,
56	57	sondern	KON	KON
56	58	im	APPRART	APPRART
56	59	Destillieren	VVINF	NN
56	60	mit	APPR	APPR
56	61	herüber	APZR	ADV
56	62	steigen	VVINF	VVINF
56	63	/	$(	$(
56	64	reucht	VVFIN	VVFIN
56	65	er	PPER	PPER
56	66	auch	ADV	ADV
56	67	wie	KOKOM	KOKOM
56	68	ein	ART	ART
56	69	Bisam	NN	NN
56	70	oder	KON	KON
56	71	Ambra	NN	NN
56	72	/	$(	$(
56	73	eben	ADV	ADV
56	74	wie	KOKOM	KOKOM
56	75	von	APPR	APPR
56	76	dem	ART	ART
56	77	mittelmäßig	ADJD	ADJD
56	78	gelassenem	ADJA	ADJA
56	79	Teil	NN	NN
56	80	des	ART	ART
56	81	Sedimenti	NN	NN
56	82	unlängst	ADJD	ADV
56	83	gesagt	VVPP	VVPP
56	84	ist	VAFIN	VAFIN
56	85	.	$.	$.
57	1	solches	PIAT	PIS
57	2	findet	VVFIN	VVFIN
57	3	sich	PRF	PRF
57	4	alles	PIS	PIS
57	5	in	APPR	APPR
57	6	der	ART	ART
57	7	Destillation	NN	NN
57	8	,	$,	$,
57	9	wo	PWAV	PWAV
57	10	damit	PAV	PAV
57	11	recht	ADJD	ADJD
57	12	prozediert	VVFIN	VVPP
57	13	und	KON	KON
57	14	umgegangen	VVPP	VVPP
57	15	wird	VAFIN	VAFIN
57	16	.	$.	$.
58	1	dieser	PDAT	PDAT
58	2	Weg	NN	NN
58	3	durch	APPR	APPR
58	4	die	ART	ART
58	5	Destillation	NN	NN
58	6	das	ART	ART
58	7	Sedimentum	NE	NN
58	8	vom	APPRART	APPRART
58	9	Wasser	NN	NN
58	10	zu	PTKZU	PTKVZ
58	11	sondern	KON	KON
58	12	ist	VAFIN	VAFIN
58	13	besser	ADJD	ADJD
58	14	/	$(	$(
58	15	denn	KON	KON
58	16	der	ART	ART
58	17	nur	ADV	ADV
58	18	durch	APPR	APPR
58	19	das	ART	ART
58	20	bloße	ADJA	ADJA
58	21	Sieden	VVINF	NN
58	22	verbracht	VVPP	VVPP
58	23	wird	VAFIN	VAFIN
58	24	.	$.	$.
59	1	Reinerus	NN	NE
59	2	Solenander	NE	NE
59	3	de	NE	NE
59	4	fontib.	NE	NE
59	5	temper.	NN	NE
59	6	lib.	NN	NE
59	7	2.	ADJA	ADJA
59	8	cap.	NN	ADJA
59	9	3.	ADJA	ADJA
59	10	pag.	NN	VVFIN
59	11	208.	ADJA	ADJA
59	12	wer	PWS	PWS
59	13	aber	ADV	ADV
59	14	aus	APPR	APPR
59	15	Mangel	NN	NN
59	16	der	ART	ART
59	17	Destillation	NN	NN
59	18	diesen	PDAT	PDAT
59	19	Brunnen	NN	NN
59	20	nur	ADV	ADV
59	21	absieden	VVINF	VVFIN
59	22	/	$(	$(
59	23	und	KON	KON
59	24	also	ADV	ADV
59	25	seine	PPOSAT	PPOSAT
59	26	Natur	NN	NN
59	27	erkundigen	VVINF	VVINF
59	28	will	VMFIN	VMFIN
59	29	/	$(	$(
59	30	der	ART	PRELS
59	31	mag	VMFIN	VMFIN
59	32	diesen	PDAT	PDAT
59	33	Brunnen	NN	NN
59	34	in	APPR	APPR
59	35	verglasten	VVFIN	ADJA
59	36	Töpfen	NN	NN
59	37	zum	APPRART	APPRART
59	38	Feuer	NN	NN
59	39	setzen	VVINF	VVINF
59	40	/	$(	$(
59	41	und	KON	KON
59	42	als	KOKOM	KOKOM
59	43	denn	KON	ADV
59	44	werden	VAINF	VAFIN
59	45	sich	PRF	PRF
59	46	nachfolgende	ADJA	ADJA
59	47	Dinge	NN	NN
59	48	ereignen	VVINF	VVINF
59	49	.	$.	$.
60	1	erstlich	ADV	ADJD
60	2	wird	VAFIN	VAFIN
60	3	es	PPER	PPER
60	4	durch	APPR	APPR
60	5	die	ART	ART
60	6	Töpfe	NN	NN
60	7	dringen	VVFIN	VVINF
60	8	/	$(	$(
60	9	wie	KOKOM	KOUS
60	10	ein	ART	ART
60	11	Öl	NE	NN
60	12	.	$.	$.
61	1	zum	APPRART	APPRART
61	2	Anderen	ADJA	PIS
61	3	wird	VAFIN	VAFIN
61	4	die	ART	ART
61	5	Fettigkeit	NN	NN
61	6	auswendig	ADJD	ADV
61	7	an	APPR	APPR
61	8	den	ART	ART
61	9	Töpfen	NN	NN
61	10	beim	APPRART	APPRART
61	11	Feuer	NN	NN
61	12	verharschen	VVINF	VVINF
61	13	und	KON	KON
61	14	anlaufen	VVINF	VVINF
61	15	.	$.	$.
62	1	zum	APPRART	APPRART
62	2	Dritten	ADJA	NN
62	3	wird	VAFIN	VAFIN
62	4	es	PPER	PPER
62	5	/	$(	$(
62	6	dieweil	KOUS	KOUS
62	7	man	PIS	PIS
62	8	es	PPER	PPER
62	9	beim	APPRART	APPRART
62	10	Feuer	NN	NN
62	11	hat	VAFIN	VAFIN
62	12	/	$(	$(
62	13	von	APPR	APPR
62	14	fern	ADJA	ADJD
62	15	einen	ART	ART
62	16	Nidorem	NE	NN
62	17	oder	KON	KON
62	18	Geruch	NN	NN
62	19	von	APPR	APPR
62	20	sich	PRF	PRF
62	21	geben	VVINF	VVINF
62	22	/	$(	$(
62	23	als	KOKOM	KOKOM
62	24	wenn	KOUS	KOUS
62	25	etwas	PIS	PIAT
62	26	Fettes	NN	NN
62	27	im	APPRART	APPRART
62	28	Tiegel	NN	NN
62	29	verbrannt	VVPP	VVPP
62	30	wird	VAFIN	VAFIN
62	31	.	$.	$.
63	1	zum	APPRART	APPRART
63	2	Vierten	ADJA	NN
63	3	/	$(	$(
63	4	wenn	KOUS	KOUS
63	5	man	PIS	PIS
63	6	eine	ART	ART
63	7	Hand	NN	NN
63	8	im	APPRART	APPRART
63	9	Sieden	VVINF	NN
63	10	erstlich	ADV	ADJD
63	11	vor	APPR	APPR
63	12	die	ART	ART
63	13	Töpfe	NN	NN
63	14	/	$(	$(
63	15	und	KON	KON
63	16	geschwind	ADJD	ADJD
63	17	drauf	PTKVZ	PAV
63	18	vor	APPR	APPR
63	19	die	ART	ART
63	20	Nase	NN	NN
63	21	hält	VVFIN	VVFIN
63	22	/	$(	$(
63	23	so	ADV	ADV
63	24	wird	VAFIN	VAFIN
63	25	dieselbe	PDAT	PDS
63	26	gleichsam	ADJD	ADJD
63	27	harzig	ADJD	ADJD
63	28	oder	KON	KON
63	29	pechig	VVFIN	ADJD
63	30	riechen	VVINF	VVINF
63	31	.	$.	$.
64	1	folgend	VVPP	ADJD
64	2	wenn	KOUS	KOUS
64	3	das	ART	ART
64	4	Wasser	NN	NN
64	5	fast	ADV	ADV
64	6	gar	ADV	ADV
64	7	eingesotten	ADJD	VVPP
64	8	/	$(	$(
64	9	lassen	VVINF	VVFIN
64	10	sich	PRF	PRF
64	11	kleine	ADJA	ADJA
64	12	Tröpflein	NN	NN
64	13	/	$(	$(
64	14	wie	KOKOM	KOKOM
64	15	Öl	NE	NN
64	16	sehen	VVINF	VVINF
64	17	/	$(	$(
64	18	und	KON	KON
64	19	endlich	ADV	ADV
64	20	bleibt	VVFIN	VVFIN
64	21	auf	APPR	APPR
64	22	dem	ART	ART
64	23	Grunde	NN	NN
64	24	eine	ART	ART
64	25	pechige	VVFIN	ADJA
64	26	Materie	NN	NN
64	27	/	$(	$(
64	28	aller	PIAT	PIAT
64	29	Dinge	NN	NN
64	30	/	$(	$(
64	31	wie	KOKOM	KOKOM
64	32	in	APPR	APPR
64	33	der	ART	ART
64	34	Destillation	NN	NN
64	35	geschehen	VVPP	VVPP
64	36	.	$.	$.
65	1	ja	PTKANT	ADV
65	2	wenn	KOUS	KOUS
65	3	man	PIS	PIS
65	4	gleich	ADV	ADJD
65	5	mit	APPR	APPR
65	6	den	ART	ART
65	7	geläuterten	ADJA	ADJA
65	8	Brunnen	NN	NN
65	9	siedet	VAFIN	VVFIN
65	10	/	$(	$(
65	11	findet	VVFIN	VVFIN
65	12	sich	PRF	PRF
65	13	unten	ADV	ADV
65	14	wiewohl	KOUS	KOUS
65	15	wenig	PIS	ADV
65	16	eine	ART	ART
65	17	schwarze	ADJA	ADJA
65	18	Materie	NN	NN
65	19	/	$(	$(
65	20	welche	PWAT	PRELS
65	21	das	ART	ART
65	22	Feuer	NN	NN
65	23	annimmt	VVFIN	VVFIN
65	24	/	$(	$(
65	25	brennt	VVFIN	VVFIN
65	26	und	KON	KON
65	27	glimmt	VVFIN	VVFIN
65	28	/	$(	$(
65	29	und	KON	KON
65	30	gleich	ADV	ADJD
65	31	weißliche	ADJA	ADJA
65	32	silberne	ADJA	ADJA
65	33	Pünktlein	NN	NN
65	34	bekommt	VVFIN	VVFIN
65	35	.	$.	$.
66	1	weil	KOUS	KOUS
66	2	demnach	PAV	PAV
66	3	erstlich	ADV	ADJD
66	4	das	ART	ART
66	5	Sedimentum	NE	NN
66	6	das	ART	PDS
66	7	ist	VAFIN	VAFIN
66	8	das	ART	ART
66	9	jenige	PIAT	PDAT
66	10	/	$(	$(
66	11	was	PWS	PRELS
66	12	sich	PRF	PRF
66	13	in	APPR	APPR
66	14	der	ART	ART
66	15	Destillation	NN	NN
66	16	und	KON	KON
66	17	Sieden	VVINF	NN
66	18	zu	PTKZU	APPR
66	19	Grunde	NN	NN
66	20	setzt	VVFIN	VVFIN
66	21	/	$(	$(
66	22	einem	ART	ART
66	23	Bitumini	NE	NN
66	24	oder	KON	KON
66	25	Erdpech	NN	NN
66	26	oder	KON	KON
66	27	Erdwachs	NN	NN
66	28	gar	ADV	ADV
66	29	gleich	ADV	ADJD
66	30	und	KON	KON
66	31	ähnlich	ADJD	ADJD
66	32	ist	VAFIN	VAFIN
66	33	/	$(	$(
66	34	vors	APPRART	APPR
66	35	Andere	ADJD	PIS
66	36	/	$(	$(
66	37	weil	KOUS	KOUS
66	38	es	PPER	PPER
66	39	brennt	VVFIN	VVFIN
66	40	/	$(	$(
66	41	und	KON	KON
66	42	zwar	ADV	ADV
66	43	auch	ADV	ADV
66	44	im	APPRART	APPRART
66	45	Wasser	NN	NN
66	46	/	$(	$(
66	47	und	KON	KON
66	48	nicht	PTKNEG	PTKNEG
66	49	bald	ADV	ADV
66	50	verlischt	VVFIN	VVPP
66	51	.	$.	$.
67	1	(	$(	$(
67	2	Ardere	FM	NN
67	3	in	FM	APPR
67	4	aquis	FM	NN
67	5	,	$,	$,
67	6	amiciss	FM	NE
67	7	.	$.	$.
67	8	esse	FM	VVFIN
67	9	igni	FM	NE
67	10	,	$,	$,
67	11	cumq̒ue	FM	ADJA
67	12	facilè	FM	ADJA
67	13	conceptum	FM	NN
67	14	non	FM	ADJA
67	15	facilè	FM	ADJA
67	16	dimittere	FM	VVFIN
67	17	bitumini	FM	ADJA
67	18	peculiare	FM	ADJA
67	19	est	FM	ADJA
67	20	.	$.	$.
67	21	Solenander	FM	NN
67	22	lib.	FM	NE
67	23	1.	FM	ADJA
67	24	de	FM	NE
67	25	font	FM	NE
67	26	.	$.	$.
68	1	Cal	FM	NE
68	2	.	$.	NE
68	3	causa	FM	NE
68	4	cap.	FM	NE
68	5	10.	FM	ADJA
68	6	pag.	FM	VVFIN
68	7	90.	FM	ADJA
68	8	&	$(	KON
68	9	ibidem	FM	NN
68	10	pag.	FM	VVFIN
68	11	97.	FM	ADJA
68	12	Bitumen	FM	NN
68	13	,	$,	$,
68	14	facilè	FM	ADJA
68	15	inflammatur	FM	NN
68	16	,	$,	$,
68	17	pertinaciter	FM	ADJA
68	18	ignem	FM	ADJA
68	19	retinet	FM	NN
68	20	,	$,	$,
68	21	&	$(	KON
68	22	difficulter	FM	ADJA
68	23	aut	FM	ADJA
68	24	nunquam	FM	NN
68	25	aqua	FM	NE
68	26	extinguitur	FM	NN
68	27	.	$.	$.
69	1	)	$(	$(
69	2	zum	APPRART	APPRART
69	3	Dritten	ADJA	NN
69	4	/	$(	$(
69	5	weil	KOUS	KOUS
69	6	das	ART	ART
69	7	Wasser	NN	NN
69	8	/	$(	$(
69	9	in	APPR	APPR
69	10	dem	ART	ART
69	11	es	PPER	PPER
69	12	gesotten	VVPP	VVPP
69	13	/	$(	$(
69	14	und	KON	KON
69	15	das	ART	ART
69	16	Sedimentum	NE	NN
69	17	,	$,	$,
69	18	wenn	KOUS	KOUS
69	19	es	PPER	PPER
69	20	verbrannt	VVPP	VVPP
69	21	wird	VAFIN	VAFIN
69	22	/	$(	$(
69	23	einen	ART	ART
69	24	Geruch	NN	NN
69	25	/	$(	$(
69	26	wie	KOKOM	KOKOM
69	27	ein	ART	ART
69	28	Pech	NN	NN
69	29	/	$(	$(
69	30	von	APPR	APPR
69	31	sich	PRF	PRF
69	32	gibt	VVFIN	VVFIN
69	33	.	$.	$.
70	1	(	$(	$(
70	2	Picem	FM	NE
70	3	reddere	FM	ADJA
70	4	videri	FM	NE
70	5	commune	FM	NE
70	6	est	FM	ADJA
70	7	omnibus	FM	NN
70	8	his	FM	NE
70	9	,	$,	$,
70	10	quæ	FM	NE
70	11	ex	FM	FM
70	12	bitumine	FM	NN
70	13	suam	FM	ADJA
70	14	originem	FM	ADJA
70	15	trahunt	FM	NE
70	16	.	$.	$.
70	17	Solenander	FM	NE
70	18	cap.	FM	NE
70	19	citato.	FM	NE
70	20	pag.	FM	VVFIN
70	21	97	FM	CARD
70	22	.	$.	$.
71	1	)	$(	$(
71	2	zum	APPRART	APPRART
71	3	Vierten	ADJA	NN
71	4	/	$(	$(
71	5	weil	KOUS	KOUS
71	6	auch	ADV	ADV
71	7	das	ART	ART
71	8	destillierte	VVFIN	ADJA
71	9	Wasser	NN	NN
71	10	/	$(	$(
71	11	und	KON	KON
71	12	das	ART	ART
71	13	mittlere	NN	ADJA
71	14	Teil	NN	NN
71	15	des	ART	ART
71	16	Sediments	NN	NN
71	17	nach	APPR	APPR
71	18	Ambra	NN	NN
71	19	/	$(	$(
71	20	welche	PWAT	PRELS
71	21	auch	ADV	ADV
71	22	eine	ART	ART
71	23	Art	NN	NN
71	24	eines	ART	ART
71	25	Erdpechs	NN	NN
71	26	ist	VAFIN	VAFIN
71	27	/	$(	$(
71	28	reucht	VVFIN	VVFIN
71	29	/	$(	$(
71	30	weil	KOUS	KOUS
71	31	/	$(	$(
71	32	sage	VVFIN	VVFIN
71	33	ich	PPER	PPER
71	34	/	$(	$(
71	35	dem	ART	ART
71	36	allen	PIAT	PIS
71	37	also	ADV	ADV
71	38	/	$(	$(
71	39	wie	KOKOM	KOKOM
71	40	gesagt	VVPP	VVPP
71	41	/	$(	$(
71	42	so	ADV	ADV
71	43	muss	VMFIN	VMFIN
71	44	folgen	VVINF	VVFIN
71	45	/	$(	$(
71	46	dass	KOUS	KOUS
71	47	dieses	PDAT	PDAT
71	48	Brunnens	NN	NN
71	49	Natur	NN	NN
71	50	im	APPRART	APPRART
71	51	Bitumine	NN	NN
71	52	,	$,	$,
71	53	Erdpech	NN	NN
71	54	/	$(	$(
71	55	oder	KON	KON
71	56	Erdwachs	NN	NN
71	57	bestehe	VVFIN	VVFIN
71	58	/	$(	$(
71	59	und	KON	KON
71	60	dessen	PDS	PDAT
71	61	corporalische	ADJA	ADJA
71	62	Mineram	NN	NN
71	63	in	APPR	APPR
71	64	sich	PRF	PRF
71	65	habe	VAFIN	VAFIN
71	66	/	$(	$(
71	67	und	KON	KON
71	68	seine	PPOSAT	PPOSAT
71	69	Kraft	NN	NN
71	70	von	APPR	APPR
71	71	demselben	PDAT	PDAT
71	72	empfange	NE	VVFIN
71	73	/	$(	$(
71	74	und	KON	KON
71	75	zwar	ADV	ADV
71	76	hat	VAFIN	VAFIN
71	77	es	PPER	PPER
71	78	dasselbige	PDAT	ADJA
71	79	dreierlei	PIS	ADJA
71	80	Art	NN	NN
71	81	in	APPR	APPR
71	82	sich	PRF	PRF
71	83	/	$(	$(
71	84	nämlich	ADV	ADV
71	85	ein	ART	ART
71	86	irdisches	ADJA	ADJA
71	87	dickes	ADJA	ADJA
71	88	und	KON	KON
71	89	hartes	ADJA	ADJA
71	90	/	$(	$(
71	91	von	APPR	APPR
71	92	welchem	PWAT	PRELS
71	93	das	ART	ART
71	94	Sedimentum	NE	NN
71	95	einem	ART	ART
71	96	Pech	NN	NN
71	97	oder	KON	KON
71	98	Kohlen	NN	NN
71	99	gleich	ADV	ADJD
71	100	sehend	ADJA	ADJD
71	101	herkommt	VVFIN	VVFIN
71	102	/	$(	$(
71	103	zum	APPRART	APPRART
71	104	Anderen	ADJA	PIS
71	105	ein	ART	ART
71	106	fließendes	ADJA	ADJA
71	107	und	KON	KON
71	108	öliges	ADJA	ADJA
71	109	/	$(	$(
71	110	ein	ART	ART
71	111	Petroleum	FM	NN
71	112	oder	KON	KON
71	113	Steinöl	NE	NN
71	114	/	$(	$(
71	115	oder	KON	KON
71	116	Naphtha	NE	NN
71	117	,	$,	$,
71	118	oder	KON	KON
71	119	demselben	PDAT	PDAT
71	120	Analogum	NE	NN
71	121	.	$.	$.
72	1	(	$(	$(
72	2	besehe	FM	VVFIN
72	3	von	FM	APPR
72	4	der	FM	ART
72	5	Naphtha	FM	NN
72	6	Plutarchum	FM	NN
72	7	in	FM	APPR
72	8	Vita	FM	NE
72	9	Alexandri	FM	NE
72	10	Magni	FM	NE
72	11	.	$.	$.
73	1	)	$(	$(
73	2	dessen	PDS	PDS
73	3	die	ART	ART
73	4	Öltröpflein	NE	NN
73	5	Zeugnis	NN	NN
73	6	sind	VAFIN	VAFIN
73	7	/	$(	$(
73	8	beneben	APPR	VVFIN
73	9	dem	ART	ART
73	10	/	$(	$(
73	11	dass	KOUS	KOUS
73	12	das	ART	ART
73	13	Wasser	NN	NN
73	14	wie	KOKOM	KOKOM
73	15	ein	ART	ART
73	16	Öl	NE	NN
73	17	durch	APPR	APPR
73	18	die	ART	ART
73	19	Töpfe	NN	NN
73	20	dringt	VVFIN	VVFIN
73	21	/	$(	$(
73	22	und	KON	KON
73	23	eines	ART	ART
73	24	verbrannten	VVFIN	ADJA
73	25	Fettes	NN	NN
73	26	Geruch	NN	NN
73	27	beim	APPRART	APPRART
73	28	Feuer	NN	NN
73	29	von	APPR	APPR
73	30	sich	PRF	PRF
73	31	gibt	VVFIN	VVFIN
73	32	/	$(	$(
73	33	und	KON	KON
73	34	denn	KON	ADV
73	35	zum	APPRART	APPRART
73	36	Dritten	ADJA	NN
73	37	/	$(	$(
73	38	mittelmäßiger	ADJA	ADJA
73	39	Art	NN	NN
73	40	einer	ART	ART
73	41	Ambra	NN	NN
73	42	gleich	ADV	PTKVZ
73	43	.	$.	$.
74	1	2.	NE	CARD
75	1	dieses	PDAT	PDS
75	2	bekräftigen	VVINF	VVFIN
75	3	auch	ADV	ADV
75	4	ferner	ADV	ADJD
75	5	nicht	PTKNEG	PTKNEG
75	6	wenig	PIS	ADV
75	7	die	ART	ART
75	8	Wirkung	NN	NN
75	9	oder	KON	KON
75	10	Tugenden	NN	NN
75	11	dieses	PDAT	PDAT
75	12	Brunnens	NE	NN
75	13	/	$(	$(
75	14	von	APPR	APPR
75	15	welchen	PWAT	PIS
75	16	unten	ADV	ADV
75	17	wird	VAFIN	VAFIN
75	18	gemeldet	VVPP	VVPP
75	19	werden	VAINF	VAINF
75	20	/	$(	$(
75	21	sintemal	KOUS	ADV
75	22	dieselbigen	PDAT	ADJA
75	23	alle	PIAT	PIAT
75	24	solche	PIAT	PIS
75	25	sind	VAFIN	VAFIN
75	26	/	$(	$(
75	27	dergleichen	PIS	PIS
75	28	den	ART	ART
75	29	Bituminibus	NN	NN
75	30	oder	KON	KON
75	31	Erdpechen	NN	NN
75	32	und	KON	KON
75	33	insonderheit	ADV	NN
75	34	auch	ADV	ADV
75	35	der	ART	ART
75	36	Ambra	NN	NN
75	37	von	APPR	APPR
75	38	verständigen	VVINF	ADJA
75	39	Medizis	NE	NN
75	40	zugeschrieben	VVPP	VVPP
75	41	werden	VAINF	VAINF
75	42	.	$.	$.
76	1	3.	NE	ADJA
76	2	über	APPR	APPR
76	3	das	ART	PDS
76	4	so	ADV	ADV
76	5	haben	VAFIN	VAFIN
76	6	die	ART	ART
76	7	gelehrten	ADJA	ADJA
76	8	Leute	NN	NN
76	9	durch	APPR	APPR
76	10	langwierige	ADJA	ADJA
76	11	Erfahrung	NN	NN
76	12	erforscht	VVFIN	VVPP
76	13	/	$(	$(
76	14	das	ART	PDS
76	15	fast	ADV	ADV
76	16	allezeit	ADV	ADV
76	17	/	$(	$(
76	18	wo	PWAV	PWAV
76	19	solche	PIAT	PIAT
76	20	heilsamen	ADJA	ADJA
76	21	Wasser	NN	NN
76	22	/	$(	$(
76	23	Bäder	NN	NN
76	24	oder	KON	KON
76	25	Brunnen	NN	NN
76	26	sein	VAINF	VAINF
76	27	/	$(	$(
76	28	die	ART	ART
76	29	jenigen	PIAT	ADJA
76	30	oder	KON	KON
76	31	dergleichen	PIS	PIS
76	32	Bergarten	NN	NN
76	33	und	KON	KON
76	34	Mineralien	NN	NN
76	35	/	$(	$(
76	36	mit	APPR	APPR
76	37	welchen	PWAT	PIS
76	38	die	ART	ART
76	39	medizinischen	ADJA	ADJA
76	40	und	KON	KON
76	41	zur	APPRART	APPRART
76	42	Arznei	NN	NN
76	43	dienenden	ADJA	ADJA
76	44	Wasser	NN	NN
76	45	vermischt	VVFIN	VVPP
76	46	/	$(	$(
76	47	und	KON	KON
76	48	von	APPR	APPR
76	49	welchen	PWAT	PIS
76	50	sie	PPER	PPER
76	51	ihre	PPOSAT	PPOSAT
76	52	Natur	NN	NN
76	53	und	KON	KON
76	54	Kraft	NN	NN
76	55	haben	VAFIN	VAFIN
76	56	/	$(	$(
76	57	daselbst	PAV	ADV
76	58	oder	KON	KON
76	59	in	APPR	APPR
76	60	der	ART	ART
76	61	Nähe	NN	NN
76	62	gefunden	VVPP	VVPP
76	63	und	KON	KON
76	64	ausgegraben	VVPP	VVPP
76	65	werden	VAINF	VAINF
76	66	.	$.	$.
77	1	nun	ADV	ADV
77	2	aber	ADV	ADV
77	3	findet	VVFIN	VVFIN
77	4	man	PIS	PIS
77	5	nicht	PTKNEG	PTKNEG
77	6	weit	ADJD	ADJD
77	7	von	APPR	APPR
77	8	diesem	PDAT	PDAT
77	9	Brunnen	NN	NN
77	10	die	ART	ART
77	11	Steinkohlen	NN	NN
77	12	/	$(	$(
77	13	so	ADV	ADV
77	14	lithanthraces	NE	NN
77	15	,	$,	$,
77	16	carbones	NE	NE
77	17	bituminosi	NE	NE
77	18	,	$,	$,
77	19	terra	NE	NE
77	20	ampelitis	NE	NE
77	21	,	$,	$,
77	22	populariter	NE	ADJD
77	23	zu	PTKZU	PTKZU
77	24	reden	VVINF	VVINF
77	25	/	$(	$(
77	26	und	KON	KON
77	27	vom	APPRART	APPRART
77	28	Theopompos	NE	NN
77	29	/	$(	$(
77	30	wie	KOKOM	KOUS
77	31	es	PPER	PPER
77	32	Solenander	NE	NN
77	33	dafür	PAV	PAV
77	34	hält	VVFIN	VVFIN
77	35	/	$(	$(
77	36	pix	NE	NE
77	37	fossiliis	NE	NE
77	38	genannt	VVPP	VVPP
77	39	werden	VAINF	VAINF
77	40	/	$(	$(
77	41	und	KON	KON
77	42	gräbt	VVFIN	VVFIN
77	43	sie	PPER	PPER
77	44	in	APPR	APPR
77	45	großer	ADJA	ADJA
77	46	Menge	NN	NN
77	47	aus	APPR	PTKVZ
77	48	.	$.	$.
78	1	welche	PWAT	PRELS
78	2	aber	ADV	ADV
78	3	nichts	PIS	PIS
78	4	anderes	ADV	PIS
78	5	sein	VAINF	VAINF
78	6	/	$(	$(
78	7	als	KOKOM	KOKOM
78	8	ein	ART	ART
78	9	irdisches	ADJD	ADJA
78	10	und	KON	KON
78	11	steinhartes	ADJD	ADJA
78	12	Bitumen	NN	NN
78	13	,	$,	$,
78	14	wie	PWAV	KOUS
78	15	solches	PIAT	PIS
78	16	bezeugen	VVFIN	VVFIN
78	17	Reinerus	NN	NE
78	18	Solenander	NE	NE
78	19	capite	NE	NE
78	20	sæpius	NE	NE
78	21	citato	NE	NE
78	22	.	$.	$.
78	23	pag.	NN	VVFIN
78	24	93.	ADJA	ADJA
78	25	Georgius	NE	NE
78	26	Agricola	NN	NE
78	27	libr.	NN	NE
78	28	4.	ADJA	ADJA
78	29	de	NE	NE
78	30	natura	FM	NE
78	31	foßilium	NE	NN
78	32	.	$.	$.
78	33	pag.	NN	VVFIN
78	34	233.	ADJA	ADJA
78	35	Cæsalpinus	NE	NE
78	36	de	NE	NE
78	37	Metallicis.	NN	NE
78	38	lib.	NN	NE
78	39	2.	ADJA	ADJA
78	40	cap.	NN	ADJA
78	41	53.	ADJA	ADJA
78	42	und	KON	KON
78	43	insonderheit	ADV	NN
78	44	der	ART	ART
78	45	hochberühmte	NN	ADJA
78	46	Philosophus	NE	NN
78	47	und	KON	KON
78	48	Medikus	NN	NN
78	49	unserer	PPOSAT	PPOSAT
78	50	Zeiten	NN	NN
78	51	/	$(	$(
78	52	Doktor	NN	NN
78	53	Andreas	NE	NE
78	54	Libavius	NE	NE
78	55	in	APPR	APPR
78	56	seinen	PPOSAT	PPOSAT
78	57	singularibus	NE	NN
78	58	,	$,	$,
78	59	parte	NE	NN
78	60	tertia	NE	NE
78	61	.	$.	$.
78	62	lib	ADJD	NE
78	63	.	$.	$.
79	1	3.	ADJA	ADJA
79	2	cap.	NN	ADJA
79	3	10	CARD	CARD
79	4	.	$.	$.
80	1	an	APPR	APPR
80	2	welchem	PWAT	PRELS
80	3	Ort	NN	NN
80	4	er	PPER	PPER
80	5	allerlei	PIAT	PIAT
80	6	Arten	NN	NN
80	7	des	ART	ART
80	8	Erdpechs	NN	NN
80	9	und	KON	KON
80	10	was	PWS	PWS
80	11	dem	ART	ART
80	12	angehörig	ADJD	ADJD
80	13	/	$(	$(
80	14	oder	KON	KON
80	15	damit	PAV	PAV
80	16	Gemeinschaft	NN	NN
80	17	hat	VAFIN	VAFIN
80	18	/	$(	$(
80	19	ausführlich	ADJD	ADJD
80	20	/	$(	$(
80	21	eigentlich	ADV	ADV
80	22	/	$(	$(
80	23	und	KON	KON
80	24	gründlich	ADJD	ADJD
80	25	hat	VAFIN	VAFIN
80	26	beschrieben	VVPP	VVPP
80	27	/	$(	$(
80	28	von	APPR	APPR
80	29	welchen	PWAT	PIS
80	30	aber	ADV	ADV
80	31	ich	PPER	PPER
80	32	hie	ADV	VVFIN
80	33	dieses	PDAT	PDAT
80	34	Orts	NN	NN
80	35	nur	ADV	ADV
80	36	in	APPR	APPR
80	37	gemein	ADJD	ADJD
80	38	und	KON	KON
80	39	ohne	APPR	APPR
80	40	genauen	ADJA	ADJA
80	41	Unterschied	NN	NN
80	42	reden	VVINF	VVINF
80	43	wollen	VMFIN	VMFIN
80	44	.	$.	$.
81	1	ist	VAFIN	VAFIN
81	2	also	ADV	ADV
81	3	dieses	PDAT	PDAT
81	4	meine	PPOSAT	PPOSAT
81	5	gründliche	ADJA	ADJA
81	6	Meinung	NN	NN
81	7	von	APPR	APPR
81	8	des	ART	ART
81	9	Brunnens	NN	NN
81	10	Natur	NN	NN
81	11	oder	KON	KON
81	12	Minera	NN	NE
81	13	/	$(	$(
81	14	so	ADV	ADV
81	15	er	PPER	PPER
81	16	in	APPR	APPR
81	17	sich	PRF	PRF
81	18	hält	VVFIN	VVFIN
81	19	.	$.	$.
82	1	zum	APPRART	APPRART
82	2	Überfluss	NN	NN
82	3	aber	ADV	ADV
82	4	soll	VMFIN	VMFIN
82	5	es	PPER	PPER
82	6	nicht	PTKNEG	PTKNEG
82	7	genug	ADV	ADV
82	8	sein	VAINF	VAINF
82	9	/	$(	$(
82	10	dass	KOUS	KOUS
82	11	ich	PPER	PPER
82	12	meine	PPOSAT	PPOSAT
82	13	Meinung	NN	NN
82	14	mit	APPR	APPR
82	15	angezogenen	ADJA	ADJA
82	16	Gründen	NN	NN
82	17	und	KON	KON
82	18	Argumentis	NE	NN
82	19	bekräftigt	VVFIN	VVPP
82	20	habe	VAFIN	VAFIN
82	21	/	$(	$(
82	22	sondern	KON	KON
82	23	ich	PPER	PPER
82	24	will	VMFIN	VMFIN
82	25	auch	ADV	ADV
82	26	/	$(	$(
82	27	damit	PAV	KOUS
82	28	das	ART	ART
82	29	jenige	PIAT	PDAT
82	30	/	$(	$(
82	31	was	PWS	PRELS
82	32	mir	PPER	PPER
82	33	im	APPRART	APPRART
82	34	Wege	NN	NN
82	35	steht	VVFIN	VVFIN
82	36	/	$(	$(
82	37	und	KON	KON
82	38	mir	PPER	PPER
82	39	zu	PTKZU	PTKA
82	40	wider	APPR	PTKVZ
82	41	/	$(	$(
82	42	weggeräumt	VVPP	VVPP
82	43	werde	VAFIN	VAFIN
82	44	/	$(	$(
82	45	andere	ADJA	PIS
82	46	der	ART	ART
82	47	meinigen	PPOSAT	ADJA
82	48	zu	PTKZU	APPR
82	49	wider	APPR	APPR
82	50	laufende	NE	ADJA
82	51	Meinung	NN	NN
82	52	/	$(	$(
82	53	so	ADV	ADV
82	54	auch	ADV	ADV
82	55	ihren	PPOSAT	PPOSAT
82	56	Grund	NN	NN
82	57	und	KON	KON
82	58	Beweis	NN	NN
82	59	haben	VAFIN	VAFIN
82	60	/	$(	$(
82	61	nach	APPR	APPR
82	62	Vermögen	NN	NN
82	63	widerlegen	VVINF	VVINF
82	64	und	KON	KON
82	65	ablehnen	VVFIN	VVINF
82	66	.	$.	$.
83	1	und	KON	KON
83	2	erstlich	ADV	ADJD
83	3	werde	VAFIN	VAFIN
83	4	ich	PPER	PPER
83	5	berichtet	VVFIN	VVPP
83	6	/	$(	$(
83	7	das	ART	ART
83	8	etliche	PIAT	PIS
83	9	der	ART	ART
83	10	Meinung	NN	NN
83	11	seien	VAINF	VAFIN
83	12	/	$(	$(
83	13	dass	KOUS	KOUS
83	14	dieser	PDAT	PDAT
83	15	Brunnen	NN	NN
83	16	seine	PPOSAT	PPOSAT
83	17	Kraft	NN	NN
83	18	vom	APPRART	APPRART
83	19	Gold	NN	NN
83	20	vornehmlich	ADJD	ADJD
83	21	habe	VAFIN	VAFIN
83	22	/	$(	$(
83	23	aus	APPR	APPR
83	24	folgenden	ADJA	ADJA
83	25	Ursachen	NN	NN
83	26	und	KON	KON
83	27	Gründen	NN	NN
83	28	.	$.	$.
84	1	erstlich	ADV	ADJD
84	2	weil	KOUS	KOUS
84	3	dieser	PDAT	PDAT
84	4	Brunnen	NN	NN
84	5	die	ART	ART
84	6	äußerste	ADJA	ADJA
84	7	sonst	ADV	ADV
84	8	fast	ADV	ADV
84	9	und	KON	KON
84	10	unheilbare	ADJA	ADJA
84	11	Lähme	NN	NN
84	12	heilt	VVFIN	VVFIN
84	13	/	$(	$(
84	14	auch	ADV	ADV
84	15	andere	ADJA	PIAT
84	16	Tugenden	NN	NN
84	17	mehr	ADV	ADV
84	18	hat	VAFIN	VAFIN
84	19	/	$(	$(
84	20	so	ADV	ADV
84	21	dem	ART	ART
84	22	Gold	NN	NN
84	23	zugeschrieben	VVPP	VVPP
84	24	werden	VAINF	VAINF
84	25	/	$(	$(
84	26	inmassen	KOUS	VVFIN
84	27	die	ART	ART
84	28	Chymici	NE	NN
84	29	eben	ADV	ADV
84	30	das	ART	ART
84	31	/	$(	$(
84	32	was	PWS	PRELS
84	33	dieser	PDAT	PDAT
84	34	Brunnen	NN	NN
84	35	vermag	VVFIN	VVFIN
84	36	/	$(	$(
84	37	mit	APPR	APPR
84	38	ihrem	PPOSAT	PPOSAT
84	39	auro	NE	ADJA
84	40	potabili	NE	NE
84	41	auszurichten	VVIZU	VVIZU
84	42	vermeinen	VVFIN	VVINF
84	43	.	$.	$.
85	1	zum	APPRART	APPRART
85	2	Anderen	ADJA	PIS
85	3	/	$(	$(
85	4	weil	KOUS	KOUS
85	5	dieser	PDAT	PDAT
85	6	Brunnen	NN	NN
85	7	/	$(	$(
85	8	welcher	PWAT	PWS
85	9	doch	ADV	ADV
85	10	mit	APPR	APPR
85	11	so	ADV	ADV
85	12	vielen	ADV	PIAT
85	13	herrlichen	ADJA	ADJA
85	14	Tugenden	NN	NN
85	15	und	KON	KON
85	16	Kräften	NN	NN
85	17	begabt	ADJD	VVPP
85	18	/	$(	$(
85	19	keinen	PIAT	PIAT
85	20	sonderlichen	ADJA	ADJA
85	21	Geschmack	NN	NN
85	22	hat	VAFIN	VAFIN
85	23	/	$(	$(
85	24	daraus	PAV	PAV
85	25	einer	ART	PIS
85	26	wohl	ADV	ADV
85	27	schließen	VVINF	VVINF
85	28	könnte	VMFIN	VMFIN
85	29	/	$(	$(
85	30	dass	KOUS	KOUS
85	31	solche	PIAT	PIAT
85	32	Kraft	NN	NN
85	33	des	ART	ART
85	34	Wassers	NN	NN
85	35	von	APPR	APPR
85	36	keinem	PIAT	PIAT
85	37	Erdsaft	NN	NN
85	38	oder	KON	KON
85	39	anderer	ADJA	PIAT
85	40	Bergart	NN	NN
85	41	und	KON	KON
85	42	Metall	NN	NN
85	43	/	$(	$(
85	44	sondern	KON	KON
85	45	fast	ADV	ADV
85	46	einig	ADJD	ADJD
85	47	und	KON	KON
85	48	allein	ADV	ADV
85	49	vom	APPRART	APPRART
85	50	Gold	NN	NN
85	51	oder	KON	KON
85	52	Silber	NN	NN
85	53	herkomme	VVFIN	VVFIN
85	54	.	$.	$.
86	1	3.	NE	CARD
87	1	so	ADV	ADV
87	2	soll	VMFIN	VMFIN
87	3	auch	ADV	ADV
87	4	solches	PIAT	PIS
87	5	der	ART	ART
87	6	Augenschein	NN	NN
87	7	geben	VVINF	VVINF
87	8	/	$(	$(
87	9	in	APPR	APPR
87	10	dem	ART	ART
87	11	/	$(	$(
87	12	wie	KOKOM	KOUS
87	13	etliche	PIAT	PIS
87	14	sagen	VVINF	VVINF
87	15	/	$(	$(
87	16	der	ART	ART
87	17	Brunnen	NN	NN
87	18	kleine	ADJA	ADJA
87	19	Goldkörnlein	NN	NN
87	20	mit	APPR	APPR
87	21	sich	PRF	PRF
87	22	bringt	VVFIN	VVFIN
87	23	/	$(	$(
87	24	welches	PRELS	PWS
87	25	in	APPR	APPR
87	26	der	ART	ART
87	27	Quelle	NN	NN
87	28	und	KON	KON
87	29	im	APPRART	APPRART
87	30	Sande	NN	NN
87	31	zu	PTKZU	PTKZU
87	32	sehen	VVINF	VVINF
87	33	/	$(	$(
87	34	wenn	KOUS	KOUS
87	35	er	PPER	PPER
87	36	ausgeschöpft	VVPP	VVPP
87	37	.	$.	$.
88	1	4.	NE	ADJA
88	2	item	NN	ADV
88	3	weil	KOUS	KOUS
88	4	unten	ADV	ADV
88	5	auf	APPR	APPR
88	6	dem	ART	ART
88	7	Grunde	NN	NN
88	8	rote	ADJA	ADJA
88	9	Steinlein	NN	NN
88	10	/	$(	$(
88	11	welche	PWAT	PRELS
88	12	/	$(	$(
88	13	wie	KOKOM	KOUS
88	14	ich	PPER	PPER
88	15	selbsten	ADV	ADV
88	16	weiß	VVFIN	VVFIN
88	17	/	$(	$(
88	18	den	ART	ART
88	19	Kindern	NN	NN
88	20	mit	APPR	APPR
88	21	großem	ADJA	ADJA
88	22	Nutzen	NN	NN
88	23	vor	APPR	APPR
88	24	die	ART	ART
88	25	schwere	ADJA	ADJA
88	26	Not	NN	NN
88	27	eingegeben	VVPP	VVPP
88	28	worden	VAPP	VAPP
88	29	.	$.	$.
89	1	5.	NE	CARD
90	1	ein	ART	ART
90	2	vornehmer	ADJA	ADJA
90	3	Chymicus	NE	NE
90	4	als	KOKOM	KOUS
90	5	er	PPER	PPER
90	6	den	ART	ART
90	7	Brunnen	NN	NN
90	8	destilliert	VVPP	VVPP
90	9	/	$(	$(
90	10	hat	VAFIN	VAFIN
90	11	auf	APPR	APPR
90	12	dem	ART	ART
90	13	Grunde	NN	NN
90	14	ein	ART	ART
90	15	rötliches	ADJD	ADJA
90	16	Sedimentum	NE	NN
90	17	,	$,	$,
90	18	darinnen	ADV	VVFIN
90	19	weiße	ADJA	ADJA
90	20	Pünktlein	NN	NN
90	21	oder	KON	KON
90	22	Tiiplein	NE	NN
90	23	gewesen	VAPP	VAPP
90	24	/	$(	$(
90	25	gefunden	VVPP	VVPP
90	26	/	$(	$(
90	27	welches	PRELS	PRELS
90	28	er	PPER	PPER
90	29	vor	APPR	APPR
90	30	eine	ART	ART
90	31	gewisse	ADJA	ADJA
90	32	Anzeigung	NN	NN
90	33	gehalten	VVPP	VVPP
90	34	/	$(	$(
90	35	dass	KOUS	KOUS
90	36	dieser	PDAT	PDAT
90	37	Brunnen	NN	NN
90	38	von	APPR	APPR
90	39	Gold	NN	NN
90	40	und	KON	KON
90	41	Silber	NN	NN
90	42	/	$(	$(
90	43	welches	PRELS	PWS
90	44	aber	ADV	ADV
90	45	noch	ADV	ADV
90	46	nicht	PTKNEG	PTKNEG
90	47	zeitig	ADJD	ADJD
90	48	/	$(	$(
90	49	herkäme	VVFIN	VVFIN
90	50	/	$(	$(
90	51	und	KON	KON
90	52	seine	PPOSAT	PPOSAT
90	53	Mineram	NN	NN
90	54	hätte	VAFIN	VAFIN
90	55	.	$.	$.
91	1	zwar	ADV	ADV
91	2	ich	PPER	PPER
91	3	muss	VMFIN	VMFIN
91	4	bekennen	VVFIN	VVINF
91	5	/	$(	$(
91	6	dass	KOUS	KOUS
91	7	ich	PPER	PPER
91	8	im	APPRART	APPRART
91	9	Anfang	NN	NN
91	10	/	$(	$(
91	11	ehe	KOUS	KOUS
91	12	dann	ADV	ADV
91	13	ich	PPER	PPER
91	14	dieses	PDS	PDAT
91	15	Wasser	NN	NN
91	16	zu	PTKZU	PTKZU
91	17	probieren	VVINF	VVINF
91	18	bekommen	VVINF	VVINF
91	19	können	VMFIN	VMINF
91	20	/	$(	$(
91	21	mich	PPER	PRF
91	22	durch	APPR	APPR
91	23	den	ART	ART
91	24	ersten	ADJA	ADJA
91	25	und	KON	KON
91	26	anderen	ADJA	PIS
91	27	Beweis	NN	NN
91	28	habe	VAFIN	VAFIN
91	29	bewegen	VVINF	VVINF
91	30	lassen	VVINF	VVINF
91	31	/	$(	$(
91	32	dass	KOUS	KOUS
91	33	ich	PPER	PPER
91	34	fast	ADV	ADV
91	35	eben	ADV	ADV
91	36	dieser	PDAT	PDAT
91	37	Meinung	NN	NN
91	38	gewesen	VAPP	VAPP
91	39	/	$(	$(
91	40	mich	PPER	PRF
91	41	auch	ADV	ADV
91	42	bei	APPR	APPR
91	43	etlichen	ADJA	PIAT
91	44	zu	PTKZU	APPR
91	45	derselben	PDAT	PDAT
91	46	Meinung	NN	NN
91	47	bekannt	VVFIN	ADJD
91	48	.	$.	$.
92	1	nach	APPR	APPR
92	2	dem	ART	ART
92	3	ich	PPER	PPER
92	4	aber	ADV	ADV
92	5	den	ART	ART
92	6	Sachen	NN	NN
92	7	weiter	ADV	ADV
92	8	nachgegangen	NN	VVPP
92	9	/	$(	$(
92	10	habe	VAFIN	VAFIN
92	11	ich	PPER	PPER
92	12	befunden	VVPP	VVPP
92	13	/	$(	$(
92	14	dass	KOUS	KOUS
92	15	sich	PPER	PRF
92	16	es	PPER	PPER
92	17	in	APPR	APPR
92	18	der	ART	ART
92	19	Wahrheit	NN	NN
92	20	anders	ADV	ADV
92	21	verhalte	VVFIN	VVFIN
92	22	/	$(	$(
92	23	und	KON	KON
92	24	diese	PDAT	PDAT
92	25	Meinung	NN	NN
92	26	nicht	PTKNEG	PTKNEG
92	27	Stadt	NN	NN
92	28	und	KON	KON
92	29	Raum	NN	NN
92	30	haben	VAFIN	VAINF
92	31	könne	VMFIN	VMFIN
92	32	.	$.	$.
92	33	sintemal	KOUS	ADV
92	34	1.	NE	ADV
92	35	das	ART	ART
92	36	Sedimentum	NE	NN
92	37	brennt	VVFIN	VVFIN
92	38	/	$(	$(
92	39	welches	PRELS	PWS
92	40	so	ADV	ADV
92	41	es	PPER	PPER
92	42	von	APPR	APPR
92	43	einem	ART	ART
92	44	Gold	NN	NN
92	45	oder	KON	KON
92	46	Silber	NN	NN
92	47	/	$(	$(
92	48	es	PPER	PPER
92	49	wäre	VAFIN	VAFIN
92	50	zeitig	ADJD	ADJD
92	51	oder	KON	KON
92	52	unzeitig	ADJD	ADJD
92	53	/	$(	$(
92	54	herrührte	VVFIN	VVFIN
92	55	/	$(	$(
92	56	nicht	PTKNEG	PTKNEG
92	57	also	ADV	ADV
92	58	leichtlich	ADJD	ADV
92	59	geschehen	VVPP	VVINF
92	60	könnte	VMFIN	VMFIN
92	61	.	$.	$.
93	1	2.	NE	ADV
93	2	dieweil	KOUS	KOUS
93	3	ich	PPER	PPER
93	4	halte	VVFIN	VVFIN
93	5	/	$(	$(
93	6	das	ART	ART
93	7	mit	APPR	APPR
93	8	wenigem	PIAT	PIAT
93	9	Grund	NN	NN
93	10	gesagt	VVPP	VVPP
93	11	werde	VAFIN	VAFIN
93	12	/	$(	$(
93	13	das	ART	ART
93	14	eigentlich	ADV	ADV
93	15	zu	PTKZU	PTKZU
93	16	reden	VVINF	VVINF
93	17	/	$(	$(
93	18	unreifes	ADJD	ADJA
93	19	Gold	NN	NN
93	20	oder	KON	KON
93	21	Silber	NN	NN
93	22	sei	VAFIN	VAFIN
93	23	/	$(	$(
93	24	sintemal	KOUS	ADV
93	25	es	PPER	PPER
93	26	wider	APPR	APPR
93	27	die	ART	ART
93	28	Natur	NN	NN
93	29	und	KON	KON
93	30	rationem	NE	ADJA
93	31	generationis	NE	ADJA
93	32	horum	NE	NN
93	33	metallorum	NE	ADJD
93	34	in	APPR	APPR
93	35	terræ	NE	ADJA
93	36	visceribus	NE	NN
93	37	läuft	VVFIN	VVFIN
93	38	/	$(	$(
93	39	dass	KOUS	KOUS
93	40	sie	PPER	PPER
93	41	gleich	ADV	ADJD
93	42	wie	KOKOM	KOKOM
93	43	die	ART	ART
93	44	Äpfel	NE	NN
93	45	und	KON	KON
93	46	Birnen	NN	NN
93	47	auf	APPR	APPR
93	48	den	ART	ART
93	49	Bäumen	NN	NN
93	50	allgemachsam	ADJD	ADJD
93	51	reif	ADJD	ADJD
93	52	werden	VAINF	VAINF
93	53	sollten	VMFIN	VMFIN
93	54	.	$.	$.
94	1	es	PPER	PPER
94	2	ist	VAFIN	VAFIN
94	3	auch	ADV	ADV
94	4	niemals	ADV	ADV
94	5	erfahren	VVINF	VVPP
94	6	worden	VAPP	VAPP
94	7	/	$(	$(
94	8	dass	KOUS	KOUS
94	9	die	ART	ART
94	10	Bergleute	NN	NN
94	11	jemals	ADV	ADV
94	12	unter	APPR	APPR
94	13	der	ART	ART
94	14	Erde	NN	NN
94	15	unreifes	ADJD	ADJA
94	16	Gold	NN	NN
94	17	oder	KON	KON
94	18	Silber	NN	NN
94	19	angetroffen	VVPP	VVPP
94	20	hätten	VAFIN	VAFIN
94	21	/	$(	$(
94	22	welches	PRELS	PWS
94	23	doch	ADV	ADV
94	24	nicht	PTKNEG	PTKNEG
94	25	möglich	ADJD	ADJD
94	26	gewesen	VAPP	VAPP
94	27	wäre	VAFIN	VAFIN
94	28	/	$(	$(
94	29	so	ADV	ADV
94	30	desselben	PDS	PDS
94	31	etwas	PIS	ADV
94	32	unter	APPR	APPR
94	33	der	ART	ART
94	34	Erde	NN	NN
94	35	vorhanden	ADJD	ADJD
94	36	/	$(	$(
94	37	oder	KON	KON
94	38	da	ADV	ADV
94	39	die	ART	ART
94	40	Metalle	NN	NN
94	41	unter	APPR	APPR
94	42	der	ART	ART
94	43	Erde	NN	NN
94	44	allgemachsam	ADJD	ADJD
94	45	perfiziert	NE	VVPP
94	46	und	KON	KON
94	47	zeitig	ADJD	ADJD
94	48	würden	VAFIN	VAFIN
94	49	.	$.	$.
95	1	denn	KON	KON
95	2	was	PWS	PWS
95	3	der	ART	ART
95	4	gottselige	ADJA	ADJA
95	5	und	KON	KON
95	6	hoch	ADJD	ADJD
95	7	erfahrene	ADJA	ADJA
95	8	Herr	NN	NN
95	9	Magister	NN	NN
95	10	Johannes	NE	NE
95	11	Matthesius	NE	NE
95	12	christlicher	NN	ADJA
95	13	Gedächtnis	NN	NN
95	14	/	$(	$(
95	15	in	APPR	APPR
95	16	seiner	PPOSAT	PPOSAT
95	17	Bergpostille	NN	NN
95	18	in	APPR	APPR
95	19	der	ART	ART
95	20	dritten	ADJA	ADJA
95	21	Predigt	NN	NN
95	22	für	APPR	APPR
95	23	Experimenta	NE	NN
95	24	anzeucht	NN	VVFIN
95	25	/	$(	$(
95	26	damit	PAV	PAV
95	27	zu	PTKZU	PTKZU
95	28	behaupten	VVFIN	VVINF
95	29	/	$(	$(
95	30	dass	KOUS	KOUS
95	31	die	ART	ART
95	32	Metalle	NN	NN
95	33	von	APPR	APPR
95	34	Jahr	NN	NN
95	35	zu	PTKZU	APPR
95	36	Jahr	NN	NN
95	37	/	$(	$(
95	38	besser	ADJD	ADJD
95	39	/	$(	$(
95	40	vollkommener	ADJA	ADJD
95	41	und	KON	KON
95	42	gültiger	ADJA	ADJD
95	43	werden	VAINF	VAINF
95	44	/	$(	$(
95	45	bis	VVFIN	KOUS
95	46	sie	PPER	PPER
95	47	gediegen	ADJD	VVPP
95	48	oder	KON	KON
95	49	zu	PTKZU	APPR
95	50	ihrem	PPOSAT	PPOSAT
95	51	Stillstand	NN	NN
95	52	und	KON	KON
95	53	Vollkommenheit	NN	NN
95	54	gebracht	VVPP	VVPP
95	55	werden	VAINF	VAINF
95	56	/	$(	$(
95	57	hat	VAFIN	VAFIN
95	58	viel	ADV	ADV
95	59	eine	ART	ART
95	60	andere	ADJA	PIAT
95	61	Meinung	NN	NN
95	62	und	KON	KON
95	63	Ursache	NN	NN
95	64	/	$(	$(
95	65	und	KON	KON
95	66	lassen	VVINF	VVFIN
95	67	die	ART	ART
95	68	Philosophi	NN	NN
95	69	/	$(	$(
95	70	die	ART	ART
95	71	nicht	PTKNEG	PTKNEG
95	72	oben	ADV	ADV
95	73	hin	PTKVZ	ADV
95	74	nach	APPR	APPR
95	75	dem	ART	ART
95	76	Ansehen	NN	NN
95	77	urteilen	VVINF	VVINF
95	78	/	$(	$(
95	79	sondern	KON	KON
95	80	der	ART	ART
95	81	Natur	NN	NN
95	82	Wirkung	NN	NN
95	83	eigentlich	ADV	ADV
95	84	erwägen	VVFIN	VVINF
95	85	und	KON	KON
95	86	unterscheiden	VVINF	VVINF
95	87	/	$(	$(
95	88	den	ART	ART
95	89	Bergleuten	NN	NN
95	90	ihre	PPOSAT	PPOSAT
95	91	Art	NN	NN
95	92	zu	PTKZU	PTKZU
95	93	reden	VVINF	VVINF
95	94	:	$.	$.
96	1	Loquentes	FM	ADJA
96	2	cum	FM	NN
96	3	multis	FM	ADJA
96	4	;	$.	$(
96	5	sapientes	FM	ADJA
96	6	cum	FM	NN
96	7	paucis	FM	NE
96	8	.	$.	$.
97	1	aber	KON	KON
97	2	davon	PAV	PAV
97	3	ausführlich	ADJD	ADJD
97	4	zu	PTKZU	PTKZU
97	5	disputieren	VVINF	VVINF
97	6	wollte	VMFIN	VMFIN
97	7	allhier	ADV	ADJA
97	8	zu	PTKZU	PTKA
97	9	lang	ADJD	ADJD
97	10	werden	VAINF	VAINF
97	11	.	$.	$.
98	1	3.	NE	CARD
99	1	man	PIS	PIS
99	2	findet	VVFIN	VVFIN
99	3	auch	ADV	ADV
99	4	in	APPR	APPR
99	5	etlichen	ADJA	PIAT
99	6	Brunnen	NN	NN
99	7	und	KON	KON
99	8	fließenden	ADJA	ADJA
99	9	Wassern	NN	NN
99	10	Goldkörner	NN	NN
99	11	und	KON	KON
99	12	Goldseifen	NN	NN
99	13	/	$(	$(
99	14	welche	PWAT	PRELS
99	15	aber	ADV	ADV
99	16	der	ART	ART
99	17	Goldes	NN	NN
99	18	Kraft	NN	NN
99	19	nicht	PTKNEG	PTKNEG
99	20	an	APPR	APPR
99	21	sich	PRF	PRF
99	22	nehmen	VVINF	VVINF
99	23	.	$.	$.
100	1	4.	NE	CARD
101	1	ich	PPER	PPER
101	2	will	VMFIN	VMFIN
101	3	geschweigen	VVINF	VVFIN
101	4	/	$(	$(
101	5	das	ART	PRELS
101	6	/	$(	$(
101	7	wie	KOKOM	KOKOM
101	8	Fallopius	NE	NE
101	9	libro	NE	NE
101	10	de	NE	NE
101	11	aquis	NE	NE
101	12	Thermalibus	NE	NN
101	13	cap.	NN	ADJA
101	14	8.	ADJA	ADJA
101	15	auch	ADV	ADV
101	16	hiervon	PAV	PAV
101	17	disputiert	VVPP	VVFIN
101	18	/	$(	$(
101	19	fast	ADV	ADV
101	20	nicht	PTKNEG	PTKNEG
101	21	müglich	ADJD	ADJD
101	22	sei	VAFIN	VAFIN
101	23	/	$(	$(
101	24	dass	KOUS	KOUS
101	25	sich	PRF	PRF
101	26	das	ART	ART
101	27	schlechte	ADJA	ADJA
101	28	Wasser	NN	NN
101	29	mit	APPR	APPR
101	30	dem	ART	ART
101	31	Gold	NN	NN
101	32	also	ADV	ADV
101	33	vermische	VVFIN	VVFIN
101	34	/	$(	$(
101	35	dass	KOUS	KOUS
101	36	es	PPER	PPER
101	37	seine	PPOSAT	PPOSAT
101	38	Natur	NN	NN
101	39	an	APPR	APPR
101	40	sich	PRF	PRF
101	41	nehme	VVFIN	VVFIN
101	42	/	$(	$(
101	43	sintemal	KOUS	ADV
101	44	das	ART	ART
101	45	Gold	NN	NN
101	46	also	ADV	ADV
101	47	hart	ADJD	ADJD
101	48	und	KON	KON
101	49	tüchte	NN	ADJD
101	50	ist	VAFIN	VAFIN
101	51	/	$(	$(
101	52	dass	KOUS	KOUS
101	53	es	PPER	PPER
101	54	einem	ART	ART
101	55	kalten	ADJA	ADJA
101	56	schlechten	ADJA	ADJA
101	57	Wasser	NN	NN
101	58	von	APPR	APPR
101	59	seiner	PPOSAT	PPOSAT
101	60	Substanz	NN	NN
101	61	nichts	PIS	PIS
101	62	zukommen	VVINF	VVINF
101	63	lässt	VVFIN	VVFIN
101	64	.	$.	$.
102	1	Dahero	FM	PAV
102	2	Reinerus	FM	NE
102	3	Solenander	FM	NE
102	4	lib.	FM	NE
102	5	2.	FM	ADJA
102	6	c.	FM	NN
102	7	2.	FM	ADJA
102	8	de	FM	NE
102	9	font	FM	NE
102	10	.	$.	$.
102	11	temper.	FM	NE
102	12	p.	FM	APPR
102	13	148.	FM	ADJA
102	14	sagt	FM	VVFIN
102	15	:	$.	$.
102	16	Quæ	FM	NE
102	17	perfectissimè	FM	NE
102	18	mista	FM	NE
102	19	sunt	FM	VVFIN
102	20	,	$,	$,
102	21	benè	FM	NE
102	22	compacta	FM	NE
102	23	insigniter	FM	NE
102	24	dura	FM	NE
102	25	,	$,	$,
102	26	nihil	FM	NE
102	27	ea	FM	ADJA
102	28	humectatione	FM	NN
102	29	(	$(	$(
102	30	nisi	FM	NE
102	31	id	FM	NE
102	32	,	$,	$,
102	33	quo	FM	NE
102	34	humectentur	FM	NN
102	35	,	$,	$,
102	36	insigniter	FM	NN
102	37	acre	FM	NE
102	38	fuerit	FM	NE
102	39	)	$(	$(
102	40	dimittunt	FM	NE
102	41	,	$,	$,
102	42	ut	FM	ADJA
102	43	videre	FM	ADJA
102	44	licet	FM	VVFIN
102	45	in	FM	APPR
102	46	vitro	FM	NE
102	47	,	$,	$,
102	48	auro	FM	NE
102	49	,	$,	$,
102	50	argento	FM	NE
102	51	,	$,	$,
102	52	marmore	FM	NE
102	53	,	$,	$,
102	54	maximè	FM	NE
102	55	Carrariensi	FM	NE
102	56	,	$,	$,
102	57	vel	FM	VVFIN
102	58	alio	FM	NE
102	59	quovis	FM	NE
102	60	durissimo	FM	NE
102	61	.	$.	$.
103	1	Nam	FM	NE
103	2	licet	FM	NE
103	3	aqua	FM	NE
103	4	ex	FM	FM
103	5	his	FM	PPOSAT
103	6	concrescat	FM	NN
103	7	,	$,	$,
103	8	nihil	FM	ADJD
103	9	ex	FM	FM
103	10	his	FM	PPOSAT
103	11	sibi	FM	NE
103	12	assumit	FM	NE
103	13	,	$,	$,
103	14	quod	FM	NE
103	15	observatione	FM	NN
103	16	sit	FM	VVFIN
103	17	dignum	FM	NN
103	18	.	$.	$.
104	1	At	FM	FM
104	2	si	FM	NE
104	3	in	FM	APPR
104	4	aliis	FM	NE
104	5	condensetur	FM	NN
104	6	,	$,	$,
104	7	terreo	FM	NE
104	8	corpore	FM	NE
104	9	,	$,	$,
104	10	succo	FM	NE
104	11	concreto	FM	NE
104	12	,	$,	$,
104	13	saxo	FM	NE
104	14	aliquo	FM	NE
104	15	vel	FM	VVFIN
104	16	metallo	FM	NE
104	17	molli	FM	NE
104	18	impuróve	FM	NE
104	19	,	$,	$,
104	20	sanè	FM	ADJA
104	21	permultum	FM	NN
104	22	ejus	FM	NE
104	23	qualitatis	FM	NE
104	24	&	$(	KON
104	25	naturæ	FM	ADJA
104	26	imbibit	FM	NN
104	27	.	$.	$.
105	1	ja	PTKANT	ADV
105	2	ob	KOUS	KOUS
105	3	gleich	ADV	ADJD
105	4	der	ART	ART
105	5	Brunnen	NN	NN
105	6	das	ART	ART
105	7	Gold	NN	NN
105	8	oder	KON	KON
105	9	Silber	NN	NN
105	10	leibhaftig	ADJD	ADJD
105	11	in	APPR	APPR
105	12	sich	PRF	PRF
105	13	hätte	VAFIN	VAFIN
105	14	/	$(	$(
105	15	so	ADV	ADV
105	16	könnte	VMFIN	VMFIN
105	17	er	PPER	PPER
105	18	doch	ADV	ADV
105	19	die	ART	ART
105	20	Kräfte	NN	NN
105	21	nicht	PTKNEG	PTKNEG
105	22	von	APPR	APPR
105	23	ihnen	PPER	PPER
105	24	haben	VAFIN	VAFIN
105	25	/	$(	$(
105	26	sintemal	KOUS	ADV
105	27	die	ART	ART
105	28	Chymici	NE	NN
105	29	selber	ADV	ADV
105	30	bekennen	VVFIN	VVINF
105	31	/	$(	$(
105	32	dass	KOUS	KOUS
105	33	das	ART	ART
105	34	Gold	NN	NN
105	35	/	$(	$(
105	36	wenn	KOUS	KOUS
105	37	man	PIS	PIS
105	38	es	PPER	PPER
105	39	schon	ADV	ADV
105	40	in	APPR	APPR
105	41	Leib	NN	NN
105	42	nimmt	VVFIN	VVFIN
105	43	/	$(	$(
105	44	doch	ADV	ADV
105	45	nicht	PTKNEG	PTKNEG
105	46	von	APPR	APPR
105	47	unserer	PPOSAT	PPOSAT
105	48	natürlichen	ADJA	ADJA
105	49	Wärme	NN	NN
105	50	bezwungen	VVPP	VVPP
105	51	und	KON	KON
105	52	verdaut	VVFIN	VVPP
105	53	werden	VAINF	VAINF
105	54	könne	VMFIN	VMFIN
105	55	.	$.	$.
106	1	Aurum	FM	NN
106	2	,	$,	$,
106	3	inquiunt	FM	NN
106	4	,	$,	$,
106	5	init	FM	ADJA
106	6	;	$.	NN
106	7	aurum	FM	NN
106	8	exit	FM	NN
106	9	,	$,	$,
106	10	si	FM	NE
106	11	sit	FM	VVFIN
106	12	minerale	FM	ADJA
106	13	&	$(	KON
106	14	nisi	FM	NE
106	15	vegetabile	FM	ADJA
106	16	fiat	FM	NE
106	17	,	$,	$,
106	18	quod	FM	NE
106	19	sit	FM	VVFIN
106	20	per	FM	APPR
106	21	solutionem	FM	ADJA
106	22	ejus	FM	NN
106	23	Spagyricam	FM	NN
106	24	.	$.	$.
107	1	das	ART	ART
107	2	Gold	NN	NN
107	3	/	$(	$(
107	4	sagen	VVINF	VVFIN
107	5	sie	PPER	PPER
107	6	/	$(	$(
107	7	geht	VVFIN	VVFIN
107	8	in	APPR	APPR
107	9	den	ART	ART
107	10	Leib	NN	NN
107	11	/	$(	$(
107	12	und	KON	KON
107	13	geht	VVFIN	VVFIN
107	14	unversehrt	ADJD	ADJD
107	15	wieder	ADV	ADV
107	16	heraus	PTKVZ	PTKVZ
107	17	/	$(	$(
107	18	alldieweil	KOUS	KOUS
107	19	es	PPER	PPER
107	20	noch	ADV	ADV
107	21	mineralisch	ADJD	ADJD
107	22	/	$(	$(
107	23	und	KON	KON
107	24	durch	APPR	APPR
107	25	die	ART	ART
107	26	spagirische	ADJA	ADJA
107	27	Kunst	NN	NN
107	28	noch	ADV	ADV
107	29	nicht	PTKNEG	PTKNEG
107	30	gleichsam	ADJD	ADJD
107	31	lebendig	ADJD	ADJD
107	32	gemacht	VVPP	VVPP
107	33	worden	VAPP	VAPP
107	34	ist	VAFIN	VAFIN
107	35	.	$.	$.
108	1	belangend	NN	ADJD
108	2	aber	ADV	ADV
108	3	die	ART	ART
108	4	Gründe	NN	NN
108	5	/	$(	$(
108	6	so	ADV	ADV
108	7	oben	ADV	ADV
108	8	zur	APPRART	APPRART
108	9	Beweisung	NN	NN
108	10	angezogen	VVPP	VVPP
108	11	worden	VAPP	VAPP
108	12	/	$(	$(
108	13	dass	KOUS	KOUS
108	14	dieser	PDAT	PDAT
108	15	Brunnen	NN	NN
108	16	seine	PPOSAT	PPOSAT
108	17	Mineram	NN	NN
108	18	vom	APPRART	APPRART
108	19	Gold	NN	NN
108	20	/	$(	$(
108	21	oder	KON	KON
108	22	Silber	NN	NN
108	23	habe	VAFIN	VAFIN
108	24	/	$(	$(
108	25	so	ADV	ADV
108	26	ist	VAFIN	VAFIN
108	27	auf	APPR	APPR
108	28	dieselbige	PDAT	ADJA
108	29	kürzlich	ADV	ADJD
108	30	meine	PPOSAT	PPOSAT
108	31	Antwort	NN	NN
108	32	?	$.	$.
109	1	1.	NE	CARD
110	1	dass	KOUS	KOUS
110	2	es	PPER	PPER
110	3	nicht	PTKNEG	PTKNEG
110	4	folge	VVFIN	VVFIN
110	5	/	$(	$(
110	6	weil	KOUS	KOUS
110	7	dieser	PDAT	PDAT
110	8	Brunnen	NN	NN
110	9	die	ART	ART
110	10	Lähme	NN	NN
110	11	heilt	VVFIN	VVFIN
110	12	/	$(	$(
110	13	es	PPER	PPER
110	14	derowegen	ADV	VVFIN
110	15	von	APPR	APPR
110	16	Gold	NN	NN
110	17	sei	VAFIN	VAFIN
110	18	/	$(	$(
110	19	sintemal	KOUS	ADV
110	20	solches	PIAT	PIS
110	21	nicht	PTKNEG	PTKNEG
110	22	weniger	ADV	ADV
110	23	den	ART	ART
110	24	Bituminibus	NE	NN
110	25	wie	KOKOM	KOKOM
110	26	unten	ADV	ADV
110	27	wird	VAFIN	VAFIN
110	28	gemeldet	VVPP	VVPP
110	29	werden	VAINF	VAINF
110	30	/	$(	$(
110	31	zuzuschreiben	VVIZU	VVIZU
110	32	,	$,	$,
110	33	2.	CARD	CARD
111	1	dass	KOUS	KOUS
111	2	aber	ADV	ADV
111	3	der	ART	ART
111	4	Brunnen	NN	NN
111	5	keinen	PIAT	PIAT
111	6	sonderlichen	ADJA	ADJA
111	7	Geschmack	NN	NN
111	8	/	$(	$(
111	9	geschieht	VVFIN	VVFIN
111	10	nicht	PTKNEG	PTKNEG
111	11	wegen	APPR	APPR
111	12	des	ART	ART
111	13	Goldes	NN	NN
111	14	/	$(	$(
111	15	oder	KON	KON
111	16	Silbers	NN	NN
111	17	/	$(	$(
111	18	sondern	KON	KON
111	19	von	APPR	APPR
111	20	wegen	APPR	APPR
111	21	der	ART	ART
111	22	Menge	NN	NN
111	23	des	ART	ART
111	24	Wassers	NN	NN
111	25	wird	VAFIN	VAFIN
111	26	der	ART	ART
111	27	Geschmack	NN	NN
111	28	des	ART	ART
111	29	Bituminis	NN	NN
111	30	obtundirt	NE	ADJD
111	31	und	KON	KON
111	32	gedämpft	VVPP	VVPP
111	33	/	$(	$(
111	34	welches	PRELS	PWS
111	35	weil	KOUS	KOUS
111	36	es	PPER	PPER
111	37	auch	ADV	ADV
111	38	in	APPR	APPR
111	39	Nitro	NE	NE
111	40	,	$,	$,
111	41	und	KON	KON
111	42	Atramento	NE	NN
111	43	geschieht	VVFIN	VVFIN
111	44	/	$(	$(
111	45	wie	PWAV	KOKOM
111	46	Solenander	NE	NN
111	47	bezeigt	VVPP	VVFIN
111	48	lib.	NN	NE
111	49	2.	ADJA	ADJA
111	50	de	NE	NE
111	51	Temp.	NN	NE
111	52	font.	NN	NE
111	53	cap.	NN	NE
111	54	4.	ADJA	ADJA
111	55	p.	NN	APPR
111	56	166.	ADJA	ADJA
111	57	ist	VAFIN	VAFIN
111	58	kein	PIAT	PIAT
111	59	Wunder	NN	NN
111	60	/	$(	$(
111	61	dass	KOUS	KOUS
111	62	sich	PRF	PRF
111	63	solches	PIAT	PIS
111	64	auch	ADV	ADV
111	65	mit	APPR	APPR
111	66	dem	ART	ART
111	67	Bitumine	NE	NN
111	68	zuträgt	VVFIN	VVFIN
111	69	/	$(	$(
111	70	sondern	KON	KON
111	71	ist	VAFIN	VAFIN
111	72	dass	KOUS	KOUS
111	73	dieser	PDAT	PDAT
111	74	Brunnen	NN	NN
111	75	gleich	ADV	ADJD
111	76	ein	ART	ART
111	77	wenig	PIS	PIAT
111	78	süßlichen	ADJA	ADJA
111	79	und	KON	KON
111	80	pfülenschenden	NE	ADJA
111	81	Geschmack	NN	NN
111	82	hat	VAFIN	VAFIN
111	83	/	$(	$(
111	84	gar	ADV	ADV
111	85	genug	ADV	ADV
111	86	.	$.	$.
112	1	3.	NE	ADJA
112	2	lasse	VVIMP	VVFIN
112	3	ich	PPER	PPER
112	4	in	APPR	APPR
112	5	seinem	PPOSAT	PPOSAT
112	6	Wert	ADJD	NN
112	7	und	KON	KON
112	8	Unwert	NN	NN
112	9	beruhen	VVFIN	VVINF
112	10	/	$(	$(
112	11	dass	KOUS	KOUS
112	12	dieser	PDAT	PDAT
112	13	Brunnen	NN	NN
112	14	Gold	NN	NN
112	15	mit	APPR	APPR
112	16	sich	PRF	PRF
112	17	bringe	VVFIN	VVFIN
112	18	/	$(	$(
112	19	es	PPER	PPER
112	20	folgt	VVFIN	VVFIN
112	21	aber	ADV	ADV
112	22	nicht	PTKNEG	PTKNEG
112	23	daraus	PAV	PAV
112	24	/	$(	$(
112	25	dass	KOUS	KOUS
112	26	die	ART	ART
112	27	Minera	NN	NN
112	28	von	APPR	APPR
112	29	Gold	NN	NN
112	30	sei	VAFIN	VAFIN
112	31	/	$(	$(
112	32	wie	KOKOM	KOKOM
112	33	aus	APPR	APPR
112	34	unsern	PPOSAT	PPOSAT
112	35	/	$(	$(
112	36	wider	APPR	APPR
112	37	diese	PDAT	PDAT
112	38	Meinung	NN	NN
112	39	/	$(	$(
112	40	obangezogenem	ADJA	ADJA
112	41	dritten	ADJA	ADJA
112	42	Argument	NN	NN
112	43	weitläufiger	NN	ADJD
112	44	zu	PTKZU	PTKZU
112	45	sehen	VVINF	VVINF
112	46	.	$.	$.
113	1	4.	NE	CARD
114	1	die	ART	ART
114	2	rötlichen	ADJA	ADJA
114	3	Steinlein	NN	NN
114	4	aber	ADV	ADV
114	5	/	$(	$(
114	6	so	ADV	ADV
114	7	wider	APPR	APPR
114	8	die	ART	ART
114	9	schwere	ADJA	ADJA
114	10	Not	NN	NN
114	11	dienen	VVINF	VVINF
114	12	/	$(	$(
114	13	sind	VAFIN	VAFIN
114	14	nicht	PTKNEG	PTKNEG
114	15	vom	APPRART	APPRART
114	16	Gold	NN	NN
114	17	/	$(	$(
114	18	sondern	KON	KON
114	19	vielmehr	ADV	ADV
114	20	Stücklein	NN	NN
114	21	eines	ART	ART
114	22	Bituminis	NN	NN
114	23	,	$,	$,
114	24	irgend	ADV	ADV
114	25	der	ART	ART
114	26	Ambra	NN	NN
114	27	,	$,	$,
114	28	welche	PWAT	PRELS
114	29	/	$(	$(
114	30	wie	KOKOM	KOKOM
114	31	jetzo	ADV	ADV
114	32	wird	VAFIN	VAFIN
114	33	gemeldet	VVPP	VVPP
114	34	werden	VAINF	VAINF
114	35	/	$(	$(
114	36	solche	PIAT	PIAT
114	37	Farbe	NN	NN
114	38	auch	ADV	ADV
114	39	in	APPR	APPR
114	40	sich	PRF	PRF
114	41	hat	VAFIN	VAFIN
114	42	/	$(	$(
114	43	oder	KON	KON
114	44	des	ART	ART
114	45	Agtsteins	NN	NN
114	46	/	$(	$(
114	47	welcher	PWAT	PWS
114	48	auch	ADV	ADV
114	49	eine	ART	ART
114	50	Art	NN	NN
114	51	des	ART	ART
114	52	Erdpechs	NN	NN
114	53	ist	VAFIN	VAFIN
114	54	/	$(	$(
114	55	und	KON	KON
114	56	hat	VAFIN	VAFIN
114	57	man	PIS	PIS
114	58	in	APPR	APPR
114	59	diesem	PDAT	PDAT
114	60	Brunnen	NN	NN
114	61	etlichen	ADJA	PIAT
114	62	Riss	NN	NN
114	63	gefunden	VVFIN	VVPP
114	64	/	$(	$(
114	65	der	ART	ART
114	66	sich	PRF	PRF
114	67	schneiden	VVFIN	VVINF
114	68	lässt	VVFIN	VVFIN
114	69	/	$(	$(
114	70	und	KON	KON
114	71	dem	ART	ART
114	72	weißen	ADJA	ADJA
114	73	Bern-	NE	TRUNC
114	74	oder	KON	KON
114	75	Agtstein	NN	NN
114	76	gar	ADV	ADV
114	77	ähnlich	ADJD	ADJD
114	78	ist	VAFIN	VAFIN
114	79	.	$.	$.
115	1	5.	NE	CARD
116	1	das	ART	ART
116	2	letzte	ADJA	ADJA
116	3	Argument	NN	NN
116	4	/	$(	$(
116	5	hat	VAFIN	VAFIN
116	6	zwar	ADV	ADV
116	7	ein	ART	ART
116	8	feines	ADJD	ADJA
116	9	Ansehen	NN	NN
116	10	/	$(	$(
116	11	aber	ADV	KON
116	12	wann	PWAV	PWAV
116	13	man	PIS	PIS
116	14	es	PPER	PPER
116	15	recht	ADJD	ADJD
116	16	anschaut	VVFIN	VVFIN
116	17	/	$(	$(
116	18	ist	VAFIN	VAFIN
116	19	es	PPER	PPER
116	20	zu	PTKZU	PTKA
116	21	schwach	ADJD	ADJD
116	22	/	$(	$(
116	23	dieweil	KOUS	ADV
116	24	nicht	PTKNEG	PTKNEG
116	25	flugs	ADV	ADV
116	26	folgt	VVFIN	VVFIN
116	27	:	$.	$.
116	28	das	ART	ART
116	29	Sedimentum	NE	NN
116	30	ist	VAFIN	VAFIN
116	31	rötlich	ADJD	ADJD
116	32	mit	APPR	APPR
116	33	weißen	ADJA	ADJA
116	34	Pünktlein	NN	NN
116	35	vermischt	VVFIN	VVPP
116	36	.	$.	$.
117	1	darum	PAV	PAV
117	2	ist	VAFIN	VAFIN
117	3	es	PPER	PPER
117	4	Gold	NN	NN
117	5	und	KON	KON
117	6	Silber	NN	NN
117	7	:	$.	$.
118	1	dann	ADV	ADV
118	2	nicht	PTKNEG	PTKNEG
118	3	alles	PIS	PIS
118	4	was	PWS	PRELS
118	5	da	ADV	ADV
118	6	gleißt	VVFIN	VVFIN
118	7	Gold	NN	NN
118	8	ist	VAFIN	VAFIN
118	9	.	$.	$.
119	1	sondern	KON	KON
119	2	viel	ADV	ADV
119	3	mehr	ADV	ADV
119	4	wollte	VMFIN	VMFIN
119	5	ich	PPER	PPER
119	6	argumentieren	VVFIN	VVINF
119	7	/	$(	$(
119	8	das	ART	ART
119	9	Sedimentum	NE	NN
119	10	brennt	VVFIN	VVFIN
119	11	/	$(	$(
119	12	ist	VAFIN	VAFIN
119	13	rötlich	ADJD	ADJD
119	14	et cetera	ADV	FM
120	1	ergo	NE	ADV
120	2	so	ADV	ADV
120	3	ist	VAFIN	VAFIN
120	4	es	PPER	PPER
120	5	eine	ART	ART
120	6	Art	NN	NN
120	7	einer	ART	ART
120	8	Ambra	NN	NN
120	9	,	$,	$,
120	10	die	ART	PRELS
120	11	da	ADV	ADV
120	12	rot	ADJD	ADJD
120	13	ist	VAFIN	VAFIN
120	14	/	$(	$(
120	15	gleich	ADV	ADJD
120	16	wie	KOKOM	KOKOM
120	17	die	ART	PDS
120	18	gewesen	VAPP	VAPP
120	19	/	$(	$(
120	20	welche	PWAT	PRELS
120	21	von	APPR	APPR
120	22	Kaiser	NN	NE
120	23	Caroli	NE	NE
120	24	5.	NE	ADJA
120	25	Tochter	NN	NN
120	26	/	$(	$(
120	27	des	ART	ART
120	28	Kaisers	NN	NN
120	29	Maximiliani	NE	NE
120	30	Gemahl	NN	NN
120	31	/	$(	$(
120	32	dem	ART	ART
120	33	vornehmen	VVINF	ADJA
120	34	Medico	NE	NE
120	35	Cratoni	NE	NE
120	36	ist	VAFIN	VAFIN
120	37	verehrt	VVFIN	VVPP
120	38	worden	VAPP	VAPP
120	39	/	$(	$(
120	40	welche	PWAT	PRELS
120	41	er	PPER	PPER
120	42	schreibt	VVFIN	VVFIN
120	43	dass	KOUS	KOUS
120	44	sie	PPER	PPER
120	45	gebrannt	VVPP	VVPP
120	46	/	$(	$(
120	47	schweflige	ADJA	ADJA
120	48	/	$(	$(
120	49	das	ART	PDS
120	50	ist	VAFIN	VAFIN
120	51	rötliche	ADJA	ADJA
120	52	/	$(	$(
120	53	oder	KON	KON
120	54	gelbliche	ADJA	ADJA
120	55	Pünktlein	NN	NN
120	56	gehabt	VAPP	VAPP
120	57	/	$(	$(
120	58	und	KON	KON
120	59	die	ART	ART
120	60	man	PIS	PIS
120	61	sonst	ADV	ADV
120	62	nicht	PTKNEG	PTKNEG
120	63	zu	PTKZU	PTKZU
120	64	kaufen	NN	VVINF
120	65	/	$(	$(
120	66	bekommen	VVINF	VVINF
120	67	könne	VMFIN	VMFIN
120	68	.	$.	$.
121	1	Hæc	FM	NE
121	2	Ambra	FM	NE
121	3	&	$(	KON
121	4	c.	FM	NE
121	5	vulgo	FM	NE
121	6	non	FM	ADJA
121	7	venditur	FM	NE
121	8	.	$.	$.
121	9	lib.	FM	NE
121	10	de	FM	NE
121	11	Peste	FM	NN
121	12	latino	FM	NE
121	13	p.	FM	APPR
121	14	548.	FM	ADJA
121	15	besiehe	FM	VVFIN
121	16	von	FM	APPR
121	17	der	FM	ART
121	18	Ambra	FM	NE
121	19	Libavium	FM	NN
121	20	in	FM	APPR
121	21	tertia	FM	NE
121	22	parte	FM	ADJA
121	23	singularium	FM	NN
121	24	,	$,	$,
121	25	lib.	FM	NE
121	26	4.	FM	ADJA
121	27	cap.	FM	ADJA
121	28	2.	FM	ADJA
121	29	und	FM	KON
121	30	so	FM	ADV
121	31	viel	FM	ADV
121	32	von	FM	APPR
121	33	dieser	FM	PDAT
121	34	Meinung	FM	NN
121	35	.	$.	$.
122	1	die	ART	ART
122	2	andere	ADJA	PIAT
122	3	Meinung	NN	NN
122	4	ist	VAFIN	VAFIN
122	5	diese	PDAT	PDAT
122	6	/	$(	$(
122	7	dass	KOUS	KOUS
122	8	dieser	PDAT	PDAT
122	9	Brunnen	NN	NN
122	10	in	APPR	APPR
122	11	sich	PRF	PRF
122	12	habe	VAFIN	VAFIN
122	13	Sulfur	NN	NN
122	14	,	$,	$,
122	15	das	ART	PDS
122	16	ist	VAFIN	VAFIN
122	17	/	$(	$(
122	18	Schwefel	NN	NN
122	19	und	KON	KON
122	20	Nitrum	NE	NN
122	21	Salpeter	NN	NN
122	22	/	$(	$(
122	23	welche	PWAT	PRELS
122	24	Meinung	NN	NN
122	25	zwar	ADV	ADV
122	26	auch	ADV	ADV
122	27	oben	ADV	ADV
122	28	angezogenes	ADJA	ADJA
122	29	Argument	NN	NN
122	30	/	$(	$(
122	31	so	ADV	ADV
122	32	wir	PPER	PPER
122	33	daher	PAV	PAV
122	34	genommen	VVPP	VVPP
122	35	/	$(	$(
122	36	dass	KOUS	KOUS
122	37	das	ART	ART
122	38	Sedimentum	NE	NN
122	39	brenne	VVFIN	VVFIN
122	40	/	$(	$(
122	41	für	APPR	APPR
122	42	sich	PRF	PRF
122	43	hat	VAFIN	VAFIN
122	44	/	$(	$(
122	45	sintemal	KOUS	ADV
122	46	das	ART	ART
122	47	Sulfur	NN	NN
122	48	gerne	ADV	ADV
122	49	brennt	NE	VVFIN
122	50	.	$.	$.
123	1	aber	KON	KON
123	2	diese	PDAT	PDAT
123	3	Communis	NE	NN
123	4	ratio	NE	NE
123	5	ist	VAFIN	VAFIN
123	6	allein	ADV	ADV
123	7	zu	PTKZU	PTKA
123	8	schwach	ADJD	ADJD
123	9	/	$(	$(
123	10	dann	ADV	ADV
123	11	wie	KOKOM	KOKOM
123	12	gesagt	VVPP	VVPP
123	13	/	$(	$(
123	14	und	KON	KON
123	15	sonst	ADV	ADV
123	16	bewusst	ADJD	ADJD
123	17	/	$(	$(
123	18	so	ADV	ADV
123	19	brennt	VVFIN	VVFIN
123	20	das	ART	ART
123	21	Bitumen	NN	NN
123	22	ja	ADV	ADV
123	23	so	ADV	ADV
123	24	bald	ADV	ADV
123	25	/	$(	$(
123	26	als	KOKOM	KOKOM
123	27	Sulfur	NN	NN
123	28	,	$,	$,
123	29	sonderlich	ADJD	ADJD
123	30	die	ART	ART
123	31	Naphtha	NN	NN
123	32	,	$,	$,
123	33	wie	KOKOM	KOUS
123	34	Solenander	NE	NN
123	35	sagt	VVFIN	VVFIN
123	36	libr.	NN	NE
123	37	1.	ADJA	ADJA
123	38	de	NE	NE
123	39	font.	NN	NE
123	40	cal.	NN	NE
123	41	causa.	NN	NE
123	42	in	APPR	APPR
123	43	fine.	NN	ADJA
123	44	cap.	NN	ADJA
123	45	5.	ADJA	ADJA
123	46	Est	NE	NN
123	47	quædam	NE	NE
123	48	bituminis	NE	NE
123	49	species	NE	NE
123	50	&	$(	KON
123	51	præsertim	NE	ADJA
123	52	Naphtha	NN	NE
123	53	,	$,	$,
123	54	cui	NE	NE
123	55	est	FM	ADJA
123	56	sane	NE	ADJA
123	57	magna	NE	NE
123	58	cognatio	NE	NE
123	59	,	$,	$,
123	60	&	$(	KON
123	61	quasi	ADV	ADV
123	62	quædam	NE	NE
123	63	vis	NE	ADJA
123	64	ignium	NE	NN
123	65	rapax	NE	NE
123	66	,	$,	$,
123	67	ita	NE	NE
123	68	ut	FM	ADJA
123	69	is	FM	VAFIN
123	70	protinus	NE	NN
123	71	in	APPR	APPR
123	72	eam	NE	ADJA
123	73	transiliat	NE	NN
123	74	.	$.	$.
124	1	hergegen	ADV	ADV
124	2	aber	ADV	ADV
124	3	/	$(	$(
124	4	dass	KOUS	KOUS
124	5	kein	PIAT	PIAT
124	6	Sulfur	NN	NN
124	7	des	ART	ART
124	8	Brunnens	NN	NN
124	9	Minera	NN	NE
124	10	sei	VAFIN	VAFIN
124	11	/	$(	$(
124	12	ist	VAFIN	VAFIN
124	13	daher	PAV	PAV
124	14	sonnenklar	NN	ADJD
124	15	/	$(	$(
124	16	dass	KOUS	KOUS
124	17	nicht	PTKNEG	PTKNEG
124	18	allein	ADV	ADV
124	19	das	ART	ART
124	20	Wasser	NN	NN
124	21	/	$(	$(
124	22	sondern	KON	KON
124	23	auch	ADV	ADV
124	24	das	ART	ART
124	25	angezündete	ADJA	ADJA
124	26	Sedimentum	NE	NN
124	27	im	APPRART	APPRART
124	28	Geringsten	ADJA	NN
124	29	keinen	PIAT	PIAT
124	30	schwefligen	ADJA	ADJA
124	31	Geruch	NN	NN
124	32	von	APPR	APPR
124	33	sich	PRF	PRF
124	34	gibt	VVFIN	VVFIN
124	35	/	$(	$(
124	36	da	ADV	ADV
124	37	doch	ADV	ADV
124	38	solches	PIAT	PIS
124	39	wider	APPR	APPR
124	40	die	ART	ART
124	41	Natur	NN	NN
124	42	des	ART	ART
124	43	Schwefels	NN	NN
124	44	/	$(	$(
124	45	welcher	PWAT	PWS
124	46	nicht	PTKNEG	PTKNEG
124	47	allein	ADV	ADV
124	48	gar	ADV	ADV
124	49	stark	ADJD	ADJD
124	50	riecht	VVFIN	VVFIN
124	51	/	$(	$(
124	52	sondern	KON	KON
124	53	auch	ADV	ADV
124	54	mit	APPR	APPR
124	55	Gewalt	NN	NN
124	56	in	APPR	APPR
124	57	die	ART	ART
124	58	Nase	NN	NN
124	59	kriecht	VVFIN	VVFIN
124	60	/	$(	$(
124	61	dass	KOUS	KOUS
124	62	einer	ART	PIS
124	63	schier	ADJD	ADJD
124	64	ersticken	VVINF	VVINF
124	65	möchte	VMFIN	VMFIN
124	66	/	$(	$(
124	67	wie	KOKOM	KOUS
124	68	solches	PIAT	PIS
124	69	neben	APPR	APPR
124	70	der	ART	ART
124	71	täglichen	ADJA	ADJA
124	72	Erfahrung	NN	NN
124	73	bezeugen	VVFIN	VVINF
124	74	:	$.	$.
124	75	Solenander	NE	NE
124	76	lib.	NN	NE
124	77	1.	ADJA	ADJA
124	78	de	NE	NE
124	79	Font	NN	NE
124	80	:	$.	$.
124	81	cal.	NN	NE
124	82	causa.	NN	NE
124	83	cap.	NN	NE
124	84	11.	ADJA	ADJA
124	85	p.	NN	APPR
124	86	104.	ADJA	ADJA
124	87	Odor	NN	NN
124	88	sulfuris	NE	ADJA
124	89	injucundus	NE	NN
124	90	est	FM	ADJA
124	91	&	$(	KON
124	92	gravis	NN	NE
124	93	,	$,	$,
124	94	suusq̒ue	NE	NN
124	95	peculiaris	NE	NE
124	96	,	$,	$,
124	97	quique	NE	NE
124	98	vehementius	NE	NE
124	99	nares	NE	ADJA
124	100	ferit	NE	ADJD
124	101	,	$,	$,
124	102	cum	NE	NN
124	103	accenditur	NE	NN
124	104	.	$.	$.
125	1	Et	FM	FM
125	2	mox	FM	NN
125	3	:	$.	$.
125	4	Odor	FM	NN
125	5	in	FM	APPR
125	6	fulmine	FM	ADJA
125	7	ei	FM	ADJA
125	8	similis	FM	ADJA
125	9	cognoscitur	FM	NN
125	10	.	$.	$.
126	1	und	FM	KON
126	2	Johannes	FM	NE
126	3	Gorrhaeus	FM	NE
126	4	desin.	FM	NE
126	5	medic.	FM	NE
126	6	titulo	FM	NE
126	7	[	$(	$(
126	8	Griech.	FM	NE
126	9	]	$(	$(
126	10	p.	FM	APPR
126	11	177.	FM	ADJA
126	12	Odore	FM	NE
126	13	sulfur	FM	NE
126	14	est	FM	ADJA
126	15	gravi	FM	NE
126	16	fulminis	FM	NE
126	17	&	$(	KON
126	18	fulguris	FM	NN
126	19	,	$,	$,
126	20	cumque	FM	NN
126	21	uritur	FM	NN
126	22	,	$,	$,
126	23	nares	FM	ADJA
126	24	ferit	FM	NE
126	25	aurâ	FM	NE
126	26	acri	FM	NE
126	27	&	$(	KON
126	28	igneä	FM	NE
126	29	.	$.	$.
127	1	über	FM	APPR
127	2	das	FM	PDS
127	3	/	$(	$(
127	4	so	FM	ADV
127	5	schreibt	FM	VVFIN
127	6	Paulus	FM	NE
127	7	Ägineta	FM	NE
127	8	lib.	FM	NE
127	9	1.	FM	ADJA
127	10	de	FM	NE
127	11	arte	FM	ADJA
127	12	med.	FM	NE
127	13	cap	FM	NE
127	14	:	$.	$.
127	15	52.	FM	ADJA
127	16	Quæ	FM	NE
127	17	vero	FM	NE
127	18	aquæ	FM	NE
127	19	sulfuris	FM	NE
127	20	vim	FM	NE
127	21	possident	FM	NE
127	22	,	$,	$,
127	23	stomachum	FM	NN
127	24	non	FM	ADJA
127	25	effæminant	FM	ADJA
127	26	tantum	FM	NN
127	27	,	$,	$,
127	28	verum	FM	NN
127	29	etiam	FM	NE
127	30	subvertunt	FM	ADJD
127	31	.	$.	$.
128	1	das	ART	PDS
128	2	ist	VAFIN	VAFIN
128	3	:	$.	$.
129	1	die	ART	ART
129	2	schwefligen	ADJA	ADJA
129	3	Wasser	NN	NN
129	4	schwächen	VVINF	VVFIN
129	5	nicht	PTKNEG	PTKNEG
129	6	allein	ADV	ADV
129	7	den	ART	ART
129	8	Magen	NN	NN
129	9	/	$(	$(
129	10	sondern	KON	KON
129	11	sie	PPER	PPER
129	12	verderben	VVFIN	VVFIN
129	13	ihn	PPER	PPER
129	14	auch	ADV	ADV
129	15	ganz	ADV	ADV
129	16	und	KON	KON
129	17	gar	ADV	ADV
129	18	.	$.	$.
130	1	dessen	PDS	PDAT
130	2	Gegenteil	NN	NN
130	3	aber	ADV	ADV
130	4	in	APPR	APPR
130	5	diesem	PDAT	PDAT
130	6	Brunnen	NN	NN
130	7	erscheint	VVFIN	VVFIN
130	8	/	$(	$(
130	9	in	APPR	APPR
130	10	dem	ART	ART
130	11	niemand	PIS	PIS
130	12	jemals	ADV	ADV
130	13	/	$(	$(
130	14	der	ART	PRELS
130	15	ihn	PPER	PPER
130	16	zu	PTKZU	APPR
130	17	rechter	ADJA	ADJA
130	18	Zeit	NN	NN
130	19	getrunken	VVPP	VVPP
130	20	/	$(	$(
130	21	dass	KOUS	KOUS
130	22	er	PPER	PPER
130	23	dem	ART	ART
130	24	Magen	NN	NN
130	25	geschadet	VVPP	VVPP
130	26	/	$(	$(
130	27	geklagt	VVPP	VVPP
130	28	/	$(	$(
130	29	sondern	KON	KON
130	30	viel	ADV	ADV
130	31	mehr	ADV	ADV
130	32	/	$(	$(
130	33	die	ART	ART
130	34	so	ADV	ADV
130	35	blöde	ADJA	ADJA
130	36	/	$(	$(
130	37	verschleimte	VVFIN	ADJA
130	38	Magen	NN	NN
130	39	/	$(	$(
130	40	und	KON	KON
130	41	[	$(	$(
130	42	Griech.	NN	NE
130	43	]	$(	$(
130	44	,	$,	$,
130	45	oder	KON	KON
130	46	Drücken	VVINF	NN
130	47	am	APPRART	APPRART
130	48	Herzen	NN	NN
130	49	gehabt	VAPP	VAPP
130	50	/	$(	$(
130	51	dass	KOUS	KOUS
130	52	sie	PPER	PPER
130	53	durch	APPR	APPR
130	54	den	ART	ART
130	55	Brunnen	NN	NN
130	56	seien	VAINF	VAFIN
130	57	wieder	ADV	ADV
130	58	zu	PTKZU	PTKA
130	59	recht	ADJD	ADJD
130	60	gebracht	VVPP	VVPP
130	61	worden	VAPP	VAPP
130	62	/	$(	$(
130	63	empfunden	VVPP	VVPP
130	64	und	KON	KON
130	65	ausgesagt	VVPP	VVPP
130	66	.	$.	$.
131	1	das	ART	PDS
131	2	endlich	ADV	ADV
131	3	auch	ADV	ADV
131	4	dieser	PDAT	PDAT
131	5	Brunnen	NN	NN
131	6	kein	PIAT	PIAT
131	7	Nitrum	NE	NN
131	8	oder	KON	KON
131	9	Salpeter	NN	NN
131	10	bei	APPR	APPR
131	11	ihm	PPER	PPER
131	12	oder	KON	KON
131	13	in	APPR	APPR
131	14	sich	PRF	PRF
131	15	habe	VAFIN	VAFIN
131	16	/	$(	$(
131	17	darf	VMFIN	VMFIN
131	18	nicht	PTKNEG	PTKNEG
131	19	viel	ADV	PIAT
131	20	Beweisens	NN	NN
131	21	/	$(	$(
131	22	sintemal	KOUS	ADV
131	23	/	$(	$(
131	24	wo	PWAV	PWAV
131	25	dessen	PDS	PDAT
131	26	echtes	ADJA	ADJA
131	27	vorhanden	ADJD	ADJD
131	28	/	$(	$(
131	29	das	ART	ART
131	30	Sedimentum	NE	NN
131	31	/	$(	$(
131	32	wann	PWAV	PWAV
131	33	man	PIS	PIS
131	34	es	PPER	PPER
131	35	bei	APPR	APPR
131	36	das	ART	ART
131	37	Feuer	NN	NN
131	38	hielte	VVFIN	VVFIN
131	39	/	$(	$(
131	40	nach	APPR	APPR
131	41	des	ART	ART
131	42	Nitri	NE	NN
131	43	Natur	NN	NN
131	44	/	$(	$(
131	45	wie	KOKOM	KOUS
131	46	jedermann	PIS	PIS
131	47	bekannt	ADJD	ADJD
131	48	/	$(	$(
131	49	zu	PTKZU	PTKZU
131	50	funkeln	VVINF	VVINF
131	51	/	$(	$(
131	52	zu	PTKZU	PTKZU
131	53	knacken	VVINF	VVINF
131	54	/	$(	$(
131	55	oder	KON	KON
131	56	zu	PTKZU	PTKZU
131	57	krachen	VVFIN	VVINF
131	58	und	KON	KON
131	59	zu	PTKZU	PTKZU
131	60	brutzeln	VVINF	VVINF
131	61	anfinge	VVFIN	VVFIN
131	62	/	$(	$(
131	63	welches	PRELS	PWS
131	64	doch	ADV	ADV
131	65	hie	ADV	ADV
131	66	nicht	PTKNEG	PTKNEG
131	67	geschieht	VVFIN	VVFIN
131	68	.	$.	$.
132	1	die	ART	ART
132	2	dritte	ADJA	ADJA
132	3	Meinung	NN	NN
132	4	steht	VVFIN	VVFIN
132	5	in	APPR	APPR
132	6	nachgesetzter	ADJA	ADJA
132	7	historischer	NN	ADJA
132	8	Beschreibung	NN	NN
132	9	/	$(	$(
132	10	das	ART	PRELS
132	11	dieser	PDAT	PDAT
132	12	Brunnen	NN	NN
132	13	in	APPR	APPR
132	14	sich	PRF	PRF
132	15	habe	VAFIN	VAFIN
132	16	Kupfererz	NN	NN
132	17	/	$(	$(
132	18	Steinbrocken	NN	NN
132	19	/	$(	$(
132	20	und	KON	KON
132	21	Vitriol	NE	NN
132	22	.	$.	$.
133	1	aber	KON	KON
133	2	Kupfererz	NN	NN
133	3	und	KON	KON
133	4	Steinbrocken	NN	NN
133	5	können	VMFIN	VMFIN
133	6	wegen	APPR	APPR
133	7	ihrer	PPOSAT	PPOSAT
133	8	Härtigkeit	NE	NN
133	9	von	APPR	APPR
133	10	ihrer	PPOSAT	PPOSAT
133	11	Substanz	NN	NN
133	12	dem	ART	ART
133	13	kalten	ADJA	ADJA
133	14	Wasser	NN	NN
133	15	keine	PIAT	PIAT
133	16	Kraft	NN	NN
133	17	mitteilen	VVINF	VVINF
133	18	/	$(	$(
133	19	wie	KOKOM	KOUS
133	20	oben	ADV	ADV
133	21	von	APPR	APPR
133	22	Gold	NN	NN
133	23	gesagt	VVPP	VVPP
133	24	/	$(	$(
133	25	wenn	KOUS	KOUS
133	26	auch	ADV	ADV
133	27	Vitriol	NE	NN
133	28	oder	KON	KON
133	29	Kupferwasser	NN	NN
133	30	dabei	PAV	PAV
133	31	wäre	VAFIN	VAFIN
133	32	/	$(	$(
133	33	müsste	VMFIN	VMFIN
133	34	der	ART	ART
133	35	Brunnen	NN	NN
133	36	sauer	ADJD	ADJD
133	37	sein	VAINF	VAINF
133	38	/	$(	$(
133	39	und	KON	KON
133	40	würde	VAFIN	VAFIN
133	41	/	$(	$(
133	42	wenn	KOUS	KOUS
133	43	er	PPER	PPER
133	44	in	APPR	APPR
133	45	kupfernen	VVINF	ADJA
133	46	Gefäßen	NN	NN
133	47	gesotten	VVPP	VVPP
133	48	würde	VAFIN	VAFIN
133	49	/	$(	$(
133	50	anlaufen	VVINF	VVINF
133	51	/	$(	$(
133	52	und	KON	KON
133	53	wenn	KOUS	KOUS
133	54	Gallus	NE	NE
133	55	hinein	APZR	ADV
133	56	getan	VVPP	VVPP
133	57	würde	VAFIN	VAFIN
133	58	/	$(	$(
133	59	eine	ART	ART
133	60	schwarze	ADJA	ADJA
133	61	Farbe	NN	NN
133	62	oder	KON	KON
133	63	Tinte	VVFIN	NN
133	64	geben	VVINF	VVINF
133	65	.	$.	$.
134	1	derentwegen	PAV	ADV
134	2	so	ADV	ADV
134	3	bleibt	VVFIN	VVFIN
134	4	es	PPER	PPER
134	5	nun	ADV	ADV
134	6	gewiss	ADV	ADJD
134	7	dabei	PAV	PAV
134	8	/	$(	$(
134	9	dass	KOUS	KOUS
134	10	dieses	PDAT	PDAT
134	11	Brunnens	NN	NN
134	12	Natur	NN	NN
134	13	und	KON	KON
134	14	Minera	NN	NE
134	15	sei	VAFIN	VAFIN
134	16	ein	ART	ART
134	17	Bitumen	NN	NN
134	18	oder	KON	KON
134	19	Erdwachs	NN	NN
134	20	/	$(	$(
134	21	oder	KON	KON
134	22	Erdpech	NN	NN
134	23	/	$(	$(
134	24	nämlich	ADV	ADV
134	25	/	$(	$(
134	26	wie	KOKOM	KOUS
134	27	ob	KOUS	KOUS
134	28	gemeldet	VVPP	VVPP
134	29	/	$(	$(
134	30	zum	APPRART	APPRART
134	31	Teil	NN	NN
134	32	ein	ART	ART
134	33	irdisches	ADJA	ADJA
134	34	und	KON	KON
134	35	steinhartes	ADJA	ADJA
134	36	/	$(	$(
134	37	wie	KOKOM	KOKOM
134	38	die	ART	ART
134	39	Steinkohlen	NN	NN
134	40	sein	VAINF	VAINF
134	41	/	$(	$(
134	42	zum	APPRART	APPRART
134	43	Teil	NN	NN
134	44	aber	ADV	ADV
134	45	flüssig	ADJD	ADJD
134	46	wie	KOKOM	KOKOM
134	47	ein	ART	ART
134	48	Öl	NE	NN
134	49	/	$(	$(
134	50	als	KOKOM	KOKOM
134	51	ein	ART	ART
134	52	Petroleum	FM	NN
134	53	oder	KON	KON
134	54	Naphtha	NN	NN
134	55	/	$(	$(
134	56	zum	APPRART	APPRART
134	57	Teil	NN	NN
134	58	ein	ART	ART
134	59	mittelmäßiges	ADJA	ADJA
134	60	als	KOKOM	KOKOM
134	61	eine	ART	ART
134	62	Ambra	NN	NN
134	63	/	$(	$(
134	64	oder	KON	KON
134	65	derselben	PDAT	PDAT
134	66	gleichen	ADJA	ADJA
134	67	und	KON	KON
134	68	Analogum	NE	NN
134	69	.	$.	$.
135	1	und	KON	KON
135	2	sei	VAFIN	VAFIN
135	3	also	ADV	ADV
135	4	hiermit	PAV	PAV
135	5	von	APPR	APPR
135	6	der	ART	ART
135	7	Natur	NN	NN
135	8	dieses	PDAT	PDAT
135	9	Brunnens	NE	NN
135	10	genug	ADV	ADV
135	11	gesagt	VVPP	VVPP
135	12	.	$.	$.
136	1	das	ART	ART
136	2	andere	ADJD	PIAT
136	3	Kapitel	NN	NN
136	4	.	$.	$.
137	1	von	APPR	APPR
137	2	Komplexion	NN	NN
137	3	oder	KON	KON
137	4	Temperament	NN	NN
137	5	dieses	PDAT	PDAT
137	6	Brunnens	NN	NN
137	7	.	$.	$.
138	1	nun	ADV	ADV
138	2	ferner	ADV	ADJD
138	3	von	APPR	APPR
138	4	seiner	PPOSAT	PPOSAT
138	5	Komplexion	NN	NN
138	6	oder	KON	KON
138	7	Qualitäten	NN	NN
138	8	.	$.	$.
139	1	weil	KOUS	KOUS
139	2	aber	ADV	ADV
139	3	ausgeführt	VVPP	VVPP
139	4	/	$(	$(
139	5	das	ART	PRELS
139	6	dies	PDS	PDS
139	7	Wasser	NN	NN
139	8	seine	PPOSAT	PPOSAT
139	9	Mineram	NN	NN
139	10	von	APPR	APPR
139	11	den	ART	ART
139	12	Bituminibus	NE	NN
139	13	habe	VAFIN	VAFIN
139	14	/	$(	$(
139	15	als	KOKOM	KOKOM
139	16	folgt	VVFIN	VVFIN
139	17	/	$(	$(
139	18	dass	KOUS	KOUS
139	19	es	PPER	PPER
139	20	eben	ADV	ADV
139	21	dergleichen	PIS	PIS
139	22	Komplexion	NN	NN
139	23	sei	VAFIN	VAFIN
139	24	/	$(	$(
139	25	und	KON	KON
139	26	eben	ADV	ADV
139	27	die	ART	ART
139	28	Qualitäten	NN	NN
139	29	ihm	PPER	PPER
139	30	imprimiert	VVPP	VVPP
139	31	sein	VAINF	VAINF
139	32	/	$(	$(
139	33	welche	PWAT	PRELS
139	34	die	ART	ART
139	35	Bitumina	NE	NN
139	36	haben	VAFIN	VAFIN
139	37	.	$.	$.
140	1	welches	PWS	PWS
140	2	aber	ADV	ADV
140	3	zuuerstehen	VVINF	VVFIN
140	4	nicht	PTKNEG	PTKNEG
140	5	von	APPR	APPR
140	6	der	ART	ART
140	7	Qualität	NN	NN
140	8	oder	KON	KON
140	9	Fakultät	NN	NN
140	10	/	$(	$(
140	11	welche	PWAT	PRELS
140	12	für	APPR	APPR
140	13	sich	PRF	PRF
140	14	in	APPR	APPR
140	15	dem	ART	ART
140	16	Wasser	NN	NN
140	17	ist	VAFIN	VAFIN
140	18	/	$(	$(
140	19	und	KON	KON
140	20	die	ART	ART
140	21	man	PIS	PIS
140	22	fühlt	VVFIN	VVFIN
140	23	/	$(	$(
140	24	sondern	KON	KON
140	25	von	APPR	APPR
140	26	der	ART	ART
140	27	jenigen	PIAT	PDAT
140	28	/	$(	$(
140	29	die	ART	PRELS
140	30	es	PPER	PPER
140	31	hat	VAFIN	VAFIN
140	32	gegen	APPR	APPR
140	33	des	ART	ART
140	34	Menschen	NN	NN
140	35	Leib	NN	NN
140	36	gerechnet	VVPP	VVPP
140	37	/	$(	$(
140	38	und	KON	KON
140	39	wann	PWAV	PWAV
140	40	es	PPER	PPER
140	41	in	APPR	APPR
140	42	demselben	PDAT	PDAT
140	43	gebraucht	VVPP	VVPP
140	44	wird	VAFIN	VAFIN
140	45	.	$.	$.
141	1	denn	FM	KON
141	2	Galenus	FM	NE
141	3	spricht	FM	VVFIN
141	4	:	$.	$.
141	5	r.	FM	ADJA
141	6	Simplic	FM	NE
141	7	.	$.	$.
141	8	Medicam.	FM	NE
141	9	c.	FM	NE
141	10	ult.	FM	NE
141	11	:	$.	$.
141	12	Non	FM	NN
141	13	quale	FM	NN
141	14	per	FM	APPR
141	15	se	FM	ADV
141	16	,	$,	$,
141	17	&	$(	KON
141	18	ad	FM	FM
141	19	totam	FM	ADJA
141	20	naturam	FM	ADJA
141	21	Medicamentum	FM	NN
141	22	sit	FM	VVFIN
141	23	,	$,	$,
141	24	confideramus	FM	NN
141	25	(	$(	$(
141	26	patet	FM	NN
141	27	enim	FM	ADJA
141	28	ita	FM	NE
141	29	nec	FM	NE
141	30	acetum	FM	NN
141	31	nee	FM	ART
141	32	mare	FM	NE
141	33	dici	FM	NE
141	34	,	$,	$,
141	35	quod	FM	NE
141	36	nos	FM	ADJA
141	37	exiccet	FM	NE
141	38	,	$,	$,
141	39	aut	FM	ADJA
141	40	siccum	FM	ADJA
141	41	sit	FM	ADJA
141	42	facultate	FM	NN
141	43	,	$,	$,
141	44	cùm	FM	ADJA
141	45	actu	FM	ADJA
141	46	horum	FM	NN
141	47	utrumq̒ue	FM	ADJA
141	48	sit	FM	ADJA
141	49	humidum	FM	NN
141	50	)	$(	$(
141	51	verum	FM	NN
141	52	si	FM	NE
141	53	nos	FM	ADJA
141	54	siccare	FM	NE
141	55	appareat	FM	NE
141	56	,	$,	$,
141	57	sicca	FM	NE
141	58	dicentur	FM	NN
141	59	,	$,	$,
141	60	ad	FM	FM
141	61	nos	FM	ADJA
141	62	videlicet	FM	NE
141	63	&	$(	KON
141	64	naturam	FM	NN
141	65	nostram	FM	NN
141	66	,	$,	$,
141	67	perinde	FM	NE
141	68	ac	FM	NE
141	69	si	FM	ADJA
141	70	dicas	FM	NE
141	71	exiccantia	FM	NE
141	72	.	$.	$.
142	1	Et	FM	FM
142	2	mox	FM	NN
142	3	:	$.	$.
142	4	Nobis	FM	NE
142	5	non	FM	ADJA
142	6	quale	FM	ADJA
142	7	secundum	FM	NN
142	8	naturam	FM	ADJD
142	9	sit	FM	VVFIN
142	10	Medicamentum	FM	NN
142	11	,	$,	$,
142	12	quærere	FM	NN
142	13	est	FM	ADJA
142	14	propositum	FM	NN
142	15	,	$,	$,
142	16	sed	FM	NN
142	17	quid	FM	ADJD
142	18	in	FM	APPR
142	19	nos	FM	ADJA
142	20	efficere	FM	ADJA
142	21	aptum	FM	NN
142	22	sit	FM	VVFIN
142	23	.	$.	$.
143	1	dann	ADV	ADV
143	2	gleich	ADV	ADJD
143	3	wenn	KOUS	KOUS
143	4	man	PIS	PIS
143	5	fragt	VVFIN	VVFIN
143	6	/	$(	$(
143	7	was	PWS	PWS
143	8	der	ART	ART
143	9	Wein	NN	NN
143	10	für	APPR	APPR
143	11	eine	ART	ART
143	12	Qualität	NN	NN
143	13	habe	VAFIN	VAFIN
143	14	/	$(	$(
143	15	so	ADV	ADV
143	16	versteht	VVFIN	VVFIN
143	17	man	PIS	PIS
143	18	es	PPER	PPER
143	19	nicht	PTKNEG	PTKNEG
143	20	von	APPR	APPR
143	21	der	ART	ART
143	22	/	$(	$(
143	23	welche	PWAT	PRELS
143	24	er	PPER	PPER
143	25	an	APPR	APPR
143	26	sich	PRF	PRF
143	27	selbst	ADV	ADV
143	28	in	APPR	APPR
143	29	den	ART	ART
143	30	Fässern	NN	NN
143	31	hat	VAFIN	VAFIN
143	32	/	$(	$(
143	33	nämlich	ADV	ADV
143	34	dass	KOUS	KOUS
143	35	er	PPER	PPER
143	36	kalt	ADJD	ADJD
143	37	und	KON	KON
143	38	feucht	ADJA	ADJD
143	39	ist	VAFIN	VAFIN
143	40	/	$(	$(
143	41	sondern	KON	KON
143	42	man	PIS	PIS
143	43	meint	VVFIN	VVFIN
143	44	/	$(	$(
143	45	was	PWS	PRELS
143	46	er	PPER	PPER
143	47	für	APPR	APPR
143	48	eine	ART	ART
143	49	Fakultät	NN	NN
143	50	oder	KON	KON
143	51	Komplexion	NN	NN
143	52	sei	VAFIN	VAFIN
143	53	/	$(	$(
143	54	weil	KOUS	KOUS
143	55	er	PPER	PPER
143	56	uns	PPER	PPER
143	57	/	$(	$(
143	58	so	ADV	ADV
143	59	wir	PPER	PPER
143	60	ihn	PPER	PPER
143	61	trinken	VVFIN	VVINF
143	62	/	$(	$(
143	63	hitzt	VVFIN	VVFIN
143	64	und	KON	KON
143	65	wärmt	VVFIN	VVFIN
143	66	/	$(	$(
143	67	ob	KOUS	KOUS
143	68	er	PPER	PPER
143	69	gleich	ADV	ADJD
143	70	an	APPR	PTKVZ
143	71	und	KON	KON
143	72	für	APPR	APPR
143	73	sich	PRF	PRF
143	74	selbst	ADV	ADV
143	75	kalt	ADJD	ADJD
143	76	und	KON	KON
143	77	frisch	ADJD	ADJD
143	78	ist	VAFIN	VAFIN
143	79	/	$(	$(
143	80	wie	PWAV	KOUS
143	81	wir	PPER	PPER
143	82	Deutschen	ADJA	NN
143	83	singen	VVINF	VVINF
143	84	:	$.	$.
144	1	beim	APPRART	APPRART
144	2	kühlen	ADJA	ADJA
144	3	Wein	NN	NN
144	4	.	$.	$.
145	1	also	ADV	ADV
145	2	auch	ADV	ADV
145	3	/	$(	$(
145	4	wann	PWAV	PWAV
145	5	wir	PPER	PPER
145	6	hier	ADV	ADV
145	7	von	APPR	APPR
145	8	des	ART	ART
145	9	Brunnens	NN	NN
145	10	Qualitäten	NN	NN
145	11	und	KON	KON
145	12	Komplexion	NN	NN
145	13	sagen	VVINF	VVINF
145	14	/	$(	$(
145	15	meinen	VVFIN	VVFIN
145	16	wir	PPER	PPER
145	17	nicht	PTKNEG	PTKNEG
145	18	die	ART	ART
145	19	jenigen	PIAT	PDAT
145	20	/	$(	$(
145	21	welche	PWAT	PRELS
145	22	er	PPER	PPER
145	23	für	APPR	APPR
145	24	sich	PRF	PRF
145	25	hat	VAFIN	VAFIN
145	26	/	$(	$(
145	27	und	KON	KON
145	28	die	ART	PRELS
145	29	wir	PPER	PPER
145	30	fühlen	VVFIN	VVINF
145	31	/	$(	$(
145	32	nämlich	ADV	ADV
145	33	dass	KOUS	KOUS
145	34	er	PPER	PPER
145	35	kalt	ADJD	ADJD
145	36	und	KON	KON
145	37	feucht	ADJA	ADJD
145	38	ist	VAFIN	VAFIN
145	39	/	$(	$(
145	40	sondern	KON	KON
145	41	wir	PPER	PPER
145	42	verstehen	VVINF	VVFIN
145	43	es	PPER	PPER
145	44	von	APPR	APPR
145	45	der	ART	ART
145	46	Qualität	NN	NN
145	47	oder	KON	KON
145	48	Fakultät	NN	NN
145	49	/	$(	$(
145	50	die	ART	PRELS
145	51	er	PPER	PPER
145	52	hat	VAFIN	VAFIN
145	53	in	APPR	APPR
145	54	unseren	PPOSAT	PPOSAT
145	55	Leibern	NN	NN
145	56	/	$(	$(
145	57	wann	PWAV	PWAV
145	58	wir	PPER	PPER
145	59	denselben	PDAT	PDS
145	60	entweder	KON	KON
145	61	inwendig	ADJD	ADJD
145	62	oder	KON	KON
145	63	auswendig	ADJD	ADV
145	64	gebrauchen	VVINF	VVINF
145	65	.	$.	$.
146	1	solches	PIAT	PIS
146	2	habe	VAFIN	VAFIN
146	3	ich	PPER	PPER
146	4	von	APPR	APPR
146	5	wegen	APPR	APPR
146	6	der	ART	ART
146	7	jenigen	PIAT	PDAT
146	8	so	ADV	ADV
146	9	der	ART	ART
146	10	Terminorum	NE	NN
146	11	Medicorum	NE	NN
146	12	nicht	PTKNEG	PTKNEG
146	13	kundig	VVIMP	ADJD
146	14	/	$(	$(
146	15	damit	PAV	KOUS
146	16	sie	PPER	PPER
146	17	nicht	PTKNEG	PTKNEG
146	18	irre	NN	ADJD
146	19	gemacht	VVPP	VVPP
146	20	werden	VAINF	VAINF
146	21	/	$(	$(
146	22	gleichsam	ADJD	ADJD
146	23	beiläufig	NE	ADJD
146	24	erinnern	VVINF	VVINF
146	25	müssen	VMFIN	VMINF
146	26	.	$.	$.
147	1	nun	ADV	ADV
147	2	aber	ADV	ADV
147	3	ist	VAFIN	VAFIN
147	4	alles	PIS	PIAT
147	5	Bitumen	NN	NN
147	6	warm	ADJD	ADJD
147	7	und	KON	KON
147	8	trocken	ADJD	ADJD
147	9	/	$(	$(
147	10	wie	PWAV	KOUS
147	11	Aëtius	NE	NE
147	12	schreibt	VVFIN	VVFIN
147	13	Tetrabibl	NE	NE
147	14	.	$.	$.
148	1	4.	FM	ADJA
148	2	serm.	FM	NN
148	3	2.	FM	ADJA
148	4	sub	FM	NN
148	5	finem	FM	ADJA
148	6	ferè	FM	NE
148	7	cap.	FM	NE
148	8	28.	FM	ADJA
148	9	Bitumen	FM	NN
148	10	præclarè	FM	NE
148	11	calefacit	FM	NE
148	12	,	$,	$,
148	13	&	$(	KON
148	14	siccat	FM	NE
148	15	.	$.	$.
149	1	und	KON	KON
149	2	Tetrabibl	NE	NE
149	3	.	$.	$.
150	1	1.	ADJA	ADJA
150	2	serm.	NN	NE
150	3	2.	ADJA	ADV
150	4	e.	ADJA	ART
150	5	49	CARD	CARD
150	6	.	$.	$.
151	1	Vis	FM	ADJA
151	2	est	FM	ADJA
151	3	omni	FM	ADJA
151	4	Bituminicalfactoria	FM	NE
151	5	&	$(	KON
151	6	siccatoria	FM	NE
151	7	.	$.	$.
152	1	und	KON	KON
152	2	zwar	ADV	ADV
152	3	wie	KOKOM	KOUS
152	4	eben	ADV	ADV
152	5	dieser	PDAT	PDAT
152	6	Aëtius	NE	NN
152	7	an	APPR	APPR
152	8	diesem	PDAT	PDAT
152	9	letzt	ADV	ADJD
152	10	angezogenem	ADJA	ADJA
152	11	Ort	NN	NN
152	12	will	VMFIN	VMFIN
152	13	/	$(	$(
152	14	im	APPRART	APPRART
152	15	anderen	ADJA	PIS
152	16	Grad	NN	NN
152	17	oder	KON	KON
152	18	Stufen	NN	NN
152	19	/	$(	$(
152	20	mit	APPR	APPR
152	21	welchem	PWAT	PRELS
152	22	auch	ADV	ADV
152	23	Paulus	NE	NE
152	24	Ägineta	NE	NE
152	25	überein	PTKVZ	ADV
152	26	stimmt	VVFIN	VVFIN
152	27	/	$(	$(
152	28	da	ADV	KOUS
152	29	er	PPER	PPER
152	30	spricht	VVFIN	VVFIN
152	31	lib.	NN	NE
152	32	7.	ADJA	ADJA
152	33	de	NE	NE
152	34	arte	VVFIN	NE
152	35	med.	NN	NE
152	36	pagin	NN	NE
152	37	346.	ADJA	ADJA
152	38	Bitumen	NN	NN
152	39	secundi	NE	ADJA
152	40	ordinis	NE	NE
152	41	arefacientium	NE	NN
152	42	&	$(	KON
152	43	calefacientium	NE	NN
152	44	est	FM	ADJD
152	45	:	$.	$.
153	1	oder	KON	KON
153	2	wie	KOKOM	KOUS
153	3	Johannes	NE	NE
154	1	Gorrhæus	NE	NE
154	2	in	APPR	APPR
154	3	definit	ADJD	NE
154	4	.	$.	$.
155	1	Medicis	FM	NE
155	2	,	$,	$,
155	3	titulo	FM	NE
155	4	[	$(	$(
155	5	Griech.	FM	NE
155	6	]	$(	$(
155	7	schreibt	FM	VVFIN
155	8	/	$(	$(
155	9	im	FM	APPRART
155	10	dritten	FM	ADJA
155	11	Graduale	FM	NN
155	12	:	$.	$.
155	13	Omne	FM	NN
155	14	Bitumen	FM	NN
155	15	,	$,	$,
155	16	sagt	FM	VVFIN
155	17	er	FM	PPER
155	18	/	$(	$(
155	19	in	FM	APPR
155	20	tertio	FM	NE
155	21	ordine	FM	ADJA
155	22	calidissimum	FM	NN
155	23	&	$(	KON
155	24	siccissimum	FM	NN
155	25	est	FM	ADJD
155	26	.	$.	$.
156	1	welcher	PWAT	PWS
156	2	Streit	NN	NN
156	3	doch	ADV	ADV
156	4	leichtlich	ADJD	ADV
156	5	hin	PTKVZ	ADV
156	6	zu	PTKZU	PTKZU
156	7	legen	VVINF	VVINF
156	8	/	$(	$(
156	9	so	ADV	ADV
156	10	man	PIS	PIS
156	11	sagt	VVFIN	VVFIN
156	12	/	$(	$(
156	13	dass	KOUS	KOUS
156	14	Aëtius	NE	NE
156	15	und	KON	KON
156	16	die	ART	ART
156	17	seiner	PPOSAT	PPOSAT
156	18	Meinung	NN	NN
156	19	sein	VAINF	VAINF
156	20	/	$(	$(
156	21	verstehen	VVINF	VVFIN
156	22	das	ART	ART
156	23	Ende	NN	NN
156	24	des	ART	ART
156	25	anderen	ADJA	PIAT
156	26	Grads	NN	NN
156	27	/	$(	$(
156	28	dagegen	PAV	PAV
156	29	aber	ADV	ADV
156	30	Gorrhaeus	NE	NE
156	31	den	ART	ART
156	32	Anfang	NN	NN
156	33	des	ART	ART
156	34	dritten	ADJA	ADJA
156	35	Grads	NN	NN
156	36	meint	VVFIN	VVFIN
156	37	/	$(	$(
156	38	und	KON	KON
156	39	derowegen	ADV	VVFIN
156	40	nicht	PTKNEG	PTKNEG
156	41	weit	ADJD	ADJD
156	42	voneinander	ADV	ADV
156	43	sein	VAINF	VAINF
156	44	/	$(	$(
156	45	sintemal	KOUS	ADV
156	46	ein	ART	ART
156	47	jeglicher	PIAT	PIAT
156	48	Gradus	NE	NN
156	49	noch	ADV	ADV
156	50	seine	PPOSAT	PPOSAT
156	51	Latitudines	NE	NN
156	52	habe	VAFIN	VAFIN
156	53	/	$(	$(
156	54	und	KON	KON
156	55	den	ART	ART
156	56	Medizis	NE	NN
156	57	,	$,	$,
156	58	welche	PWAT	PRELS
156	59	Artifices	NE	NN
156	60	sensati	NE	NE
156	61	sein	VAINF	VAINF
156	62	/	$(	$(
156	63	und	KON	KON
156	64	die	ART	ART
156	65	gar	ADV	ADV
156	66	geringe	ADJA	ADJA
156	67	Unterschiede	NN	NN
156	68	/	$(	$(
156	69	welche	PWAT	PRELS
156	70	keinen	PIAT	PIAT
156	71	Nutzen	NN	NN
156	72	haben	VAFIN	VAFIN
156	73	/	$(	$(
156	74	nicht	PTKNEG	PTKNEG
156	75	achten	ADJA	VVINF
156	76	/	$(	$(
156	77	fast	ADV	ADV
156	78	gleich	ADV	ADJD
156	79	gölte	VVFIN	VVFIN
156	80	/	$(	$(
156	81	wenn	KOUS	KOUS
156	82	ein	ART	ART
156	83	Ding	NN	NN
156	84	in	APPR	APPR
156	85	sine	FM	NE
156	86	secundi	NE	NE
156	87	oder	KON	KON
156	88	in	APPR	APPR
156	89	Principio	NE	NN
156	90	Tertiigradus	NE	NE
156	91	und	KON	KON
156	92	Ordinis	NE	NN
156	93	zu	PTKZU	PTKZU
156	94	sein	VAINF	VAINF
156	95	gesagt	VVPP	VVPP
156	96	wird	VAFIN	VAFIN
156	97	.	$.	$.
157	1	weil	KOUS	KOUS
157	2	dann	ADV	ADV
157	3	nun	ADV	ADV
157	4	die	ART	ART
157	5	Bitumina	NN	NN
157	6	in	APPR	APPR
157	7	dem	ART	ART
157	8	Grad	NN	NN
157	9	warmer	ADJA	ADJA
157	10	und	KON	KON
157	11	trockner	NN	ADJA
157	12	Komplexion	NN	NN
157	13	sein	VAINF	VAINF
157	14	/	$(	$(
157	15	so	ADV	ADV
157	16	wird	VAFIN	VAFIN
157	17	desgleichen	ADV	ADV
157	18	Temperament	NN	NN
157	19	oder	KON	KON
157	20	Qualitäten	NN	NN
157	21	auch	ADV	ADV
157	22	der	ART	ART
157	23	Brunnen	NN	NN
157	24	in	APPR	APPR
157	25	sich	PRF	PRF
157	26	haben	VAFIN	VAFIN
157	27	/	$(	$(
157	28	ob	KOUS	KOUS
157	29	gleich	ADV	ADJD
157	30	etwas	PIS	ADV
157	31	von	APPR	APPR
157	32	wegen	APPR	APPR
157	33	des	ART	ART
157	34	vielfältigen	ADJA	ADJA
157	35	Wassers	NN	NN
157	36	beiwesender	NE	ADJA
157	37	kalter	ADJA	ADJA
157	38	und	KON	KON
157	39	feuchter	ADJA	ADJA
157	40	Qualität	NN	NN
157	41	davon	PAV	PAV
157	42	geringert	VVPP	ADJD
157	43	wird	VAFIN	VAFIN
157	44	.	$.	$.
158	1	das	ART	ART
158	2	dritte	ADJA	ADJA
158	3	Kapitel	NN	NN
158	4	.	$.	$.
159	1	von	APPR	APPR
159	2	den	ART	ART
159	3	Tugenden	NN	NN
159	4	/	$(	$(
159	5	Kräften	NN	NN
159	6	und	KON	KON
159	7	Wirkungen	NN	NN
159	8	dieses	PDAT	PDAT
159	9	Brunnens	NN	NN
159	10	.	$.	$.
160	1	aus	NE	APPR
160	2	diesem	PDAT	PDAT
160	3	folgt	VVFIN	VVFIN
160	4	nun	ADV	ADV
160	5	/	$(	$(
160	6	dass	KOUS	KOUS
160	7	dieser	PDAT	PDAT
160	8	Brunnen	NN	NN
160	9	zu	PTKZU	APPR
160	10	allen	PIAT	PIAT
160	11	kalten	ADJA	ADJA
160	12	/	$(	$(
160	13	und	KON	KON
160	14	von	APPR	APPR
160	15	übriger	ADJA	ADJA
160	16	Kälte	NN	NN
160	17	und	KON	KON
160	18	Feuchtigkeit	NN	NN
160	19	herrührenden	ADJA	ADJA
160	20	Krankheiten	NN	NN
160	21	dienlich	ADJD	ADJD
160	22	sei	VAFIN	VAFIN
160	23	/	$(	$(
160	24	dass	KOUS	KOUS
160	25	er	PPER	PPER
160	26	kuriere	NN	VVFIN
160	27	die	ART	ART
160	28	wässerige	ADJA	ADJA
160	29	Geschwulst	NN	NN
160	30	/	$(	$(
160	31	die	ART	ART
160	32	feuchte	ADJA	ADJA
160	33	fließende	ADJA	ADJA
160	34	Krätze	NN	NN
160	35	und	KON	KON
160	36	alle	PIAT	PIAT
160	37	wässerigen	ADJA	ADJA
160	38	Tumore	NE	NN
160	39	und	KON	KON
160	40	Beulen	NN	NN
160	41	.	$.	$.
161	1	weil	KOUS	KOUS
161	2	auch	ADV	ADV
161	3	das	ART	ART
161	4	Erdpech	NN	NN
161	5	/	$(	$(
161	6	über	APPR	APPR
161	7	das	ART	ART
161	8	dass	KOUS	KOUS
161	9	es	PPER	PPER
161	10	hitzig	ADJD	ADJD
161	11	und	KON	KON
161	12	trucken	ADJD	VVFIN
161	13	/	$(	$(
161	14	auch	ADV	ADV
161	15	tenuissimae	NE	ADJA
161	16	substantiae	NE	NE
161	17	,	$,	$,
161	18	das	ART	PDS
161	19	ist	VAFIN	VAFIN
161	20	einer	ART	ART
161	21	durchdringenden	ADJA	ADJA
161	22	Art	NN	NN
161	23	ist	VAFIN	VAFIN
161	24	/	$(	$(
161	25	so	ADV	ADV
161	26	folgt	VVFIN	VVFIN
161	27	/	$(	$(
161	28	dass	KOUS	KOUS
161	29	er	PPER	PPER
161	30	auch	ADV	ADV
161	31	die	ART	ART
161	32	Verstopfung	NN	NN
161	33	der	ART	ART
161	34	Leber	NN	NN
161	35	eröffnet	VVPP	VVFIN
161	36	/	$(	$(
161	37	die	ART	ART
161	38	monatliche	ADJA	ADJA
161	39	Reinigung	NN	NN
161	40	bei	APPR	APPR
161	41	Weibspersonen	NN	NN
161	42	/	$(	$(
161	43	auch	ADV	ADV
161	44	das	ART	ART
161	45	Wasser	NN	NN
161	46	und	KON	KON
161	47	Harn	NN	NN
161	48	befördere	VVFIN	VVFIN
161	49	/	$(	$(
161	50	den	ART	ART
161	51	Stein	NN	NN
161	52	fort	PTKVZ	ADV
161	53	treibe	VVFIN	VVFIN
161	54	/	$(	$(
161	55	alle	PIAT	PIAT
161	56	dünnen	ADJA	ADJA
161	57	wässerigen	ADJA	ADJA
161	58	Feuchtigkeiten	NN	NN
161	59	auch	ADV	ADV
161	60	durch	APPR	APPR
161	61	den	ART	ART
161	62	Schweiß	NN	NN
161	63	mit	APPR	APPR
161	64	Gewalt	NN	NN
161	65	austreibe	VVFIN	VVFIN
161	66	/	$(	$(
161	67	die	ART	ART
161	68	dicke	ADJA	ADJA
161	69	und	KON	KON
161	70	zähe	NN	ADJA
161	71	Materie	NN	NN
161	72	dünne	ADJA	ADJD
161	73	mache	VVFIN	VVFIN
161	74	und	KON	KON
161	75	zerteile	VVFIN	VVFIN
161	76	.	$.	$.
162	1	dannenher	PAV	VVFIN
162	2	es	PPER	PPER
162	3	/	$(	$(
162	4	weil	KOUS	KOUS
162	5	es	PPER	PPER
162	6	nämlich	ADV	ADV
162	7	die	ART	ART
162	8	dicken	ADJA	ADJA
162	9	und	KON	KON
162	10	zähen	CARD	ADJA
162	11	Flüsse	NN	NN
162	12	und	KON	KON
162	13	Schleim	NN	NN
162	14	auf	APPR	APPR
162	15	der	ART	ART
162	16	Brust	NN	NN
162	17	und	KON	KON
162	18	in	APPR	APPR
162	19	der	ART	ART
162	20	Lunge	NN	NN
162	21	zerteilt	VVFIN	VVPP
162	22	und	KON	KON
162	23	verzehrt	VVFIN	VVPP
162	24	/	$(	$(
162	25	den	ART	ART
162	26	Asthmaticis	NE	NN
162	27	oder	KON	KON
162	28	dumpfigen	ADJA	ADJA
162	29	Leuten	NN	NN
162	30	so	ADV	ADV
162	31	wohl	ADV	ADV
162	32	bekömmt	VVFIN	VVFIN
162	33	/	$(	$(
162	34	dass	ART	KOUS
162	35	/	$(	$(
162	36	wie	KOKOM	KOUS
162	37	ich	PPER	PPER
162	38	es	PPER	PPER
162	39	bei	APPR	APPR
162	40	etlichen	ADJA	PIAT
162	41	Personen	NN	NN
162	42	in	APPR	APPR
162	43	umliegenden	ADJA	ADJA
162	44	Städtlein	NN	NN
162	45	und	KON	KON
162	46	Dörfern	ADJD	NN
162	47	/	$(	$(
162	48	insonderheit	ADV	NN
162	49	bei	APPR	APPR
162	50	der	ART	ART
162	51	Müllerin	NN	NN
162	52	zu	PTKZU	APPR
162	53	Triptis	NE	NN
162	54	/	$(	$(
162	55	erfahren	VVINF	VVPP
162	56	/	$(	$(
162	57	nach	APPR	APPR
162	58	dem	ART	ART
162	59	viele	ADV	PIAT
162	60	andere	ADJA	PIS
162	61	Mittel	NN	NN
162	62	vergeblich	ADJD	ADJD
162	63	und	KON	KON
162	64	ohne	APPR	APPR
162	65	Nutzen	NN	NN
162	66	gebraucht	VVPP	VVPP
162	67	worden	VAPP	VAPP
162	68	/	$(	$(
162	69	sie	PPER	PPER
162	70	endlich	ADV	ADV
162	71	durch	APPR	APPR
162	72	diesen	PDAT	PDAT
162	73	Brunnen	NN	NN
162	74	zu	PTKZU	APPR
162	75	vollständiger	ADJA	ADJA
162	76	Gesundheit	NN	NN
162	77	gekommen	VVFIN	VVPP
162	78	sind	VAFIN	VAFIN
162	79	.	$.	$.
163	1	es	PPER	PPER
163	2	ist	VAFIN	VAFIN
163	3	auch	ADV	ADV
163	4	dieser	PDAT	PDAT
163	5	Brunnen	NN	NN
163	6	eine	ART	ART
163	7	gewisse	ADJA	ADJA
163	8	und	KON	KON
163	9	herrliche	ADJA	ADJA
163	10	Arznei	NN	NN
163	11	wider	APPR	APPR
163	12	das	ART	ART
163	13	Zipperlein	NN	NN
163	14	und	KON	KON
163	15	Podagram	NE	NN
163	16	/	$(	$(
163	17	also	ADV	ADV
163	18	das	ART	PDS
163	19	auch	ADV	ADV
163	20	die	ART	ART
163	21	Beulen	NN	NN
163	22	und	KON	KON
163	23	Knoten	NN	NN
163	24	etlicher	ADJA	PIAT
163	25	massen	NN	NN
163	26	zerteilt	VVFIN	VVPP
163	27	/	$(	$(
163	28	inmassen	KOUS	VVFIN
163	29	allhier	ADV	ADJA
163	30	zur	APPRART	APPRART
163	31	Neustadt	NN	NN
163	32	eine	ART	ART
163	33	Person	NN	NN
163	34	/	$(	$(
163	35	so	ADV	ADV
163	36	vom	APPRART	APPRART
163	37	Zipperlein	NN	NN
163	38	an	APPR	APPR
163	39	Händen	NN	NN
163	40	und	KON	KON
163	41	Füßen	NN	NN
163	42	gar	ADV	ADV
163	43	lahm	NE	ADJD
163	44	gerissen	VVPP	VVPP
163	45	worden	VAPP	VAPP
163	46	/	$(	$(
163	47	nunmehr	ADV	ADV
163	48	nicht	PTKNEG	PTKNEG
163	49	allein	ADV	ADV
163	50	gehen	VVINF	VVINF
163	51	und	KON	KON
163	52	stehen	VVFIN	VVFIN
163	53	/	$(	$(
163	54	sondern	KON	KON
163	55	auch	ADV	ADV
163	56	wieder	ADV	ADV
163	57	auf	APPR	APPR
163	58	der	ART	ART
163	59	Laute	NN	NN
163	60	schlagen	VVFIN	VVINF
163	61	kann	VMFIN	VMFIN
163	62	.	$.	$.
164	1	kürzlich	ADV	ADJD
164	2	zu	PTKZU	PTKZU
164	3	melden	VVINF	VVINF
164	4	/	$(	$(
164	5	dient	VVFIN	VVFIN
164	6	er	PPER	PPER
164	7	wider	APPR	APPR
164	8	alle	PIAT	PIAT
164	9	kalten	ADJA	ADJA
164	10	und	KON	KON
164	11	feuchten	ADJA	ADJA
164	12	Flüsse	NN	NN
164	13	oder	KON	KON
164	14	Krankheiten	NN	NN
164	15	/	$(	$(
164	16	wie	KOKOM	KOKOM
164	17	Aëtius	NE	NE
164	18	bezeugt	VVFIN	VVFIN
164	19	Tetrabibl.	NN	NE
164	20	serm.	NN	NE
164	21	3.	ADJA	ADJA
164	22	cap.	NN	ADJA
164	23	167.	ADJA	ADJA
164	24	da	ADV	KOUS
164	25	er	PPER	PPER
164	26	spricht	VVFIN	VVFIN
164	27	:	$.	$.
165	1	Omnia	FM	NE
165	2	autem	FM	ADJD
165	3	(	$(	$(
165	4	unter	FM	APPR
165	5	denen	FM	PRELS
165	6	er	FM	PPER
165	7	auch	FM	ADV
165	8	die	FM	ART
165	9	Balnea	FM	NE
165	10	bituminosa	FM	NE
165	11	begreift	FM	VVFIN
165	12	)	$(	$(
165	13	sunt	FM	VVFIN
165	14	commoda	FM	NE
165	15	humidis	FM	NE
165	16	&	$(	KON
165	17	frigidis	FM	NE
165	18	præter	FM	ADJA
165	19	naturam	FM	ADJA
165	20	corporibus	FM	NN
165	21	,	$,	$,
165	22	&	$(	KON
165	23	talibus	FM	NN
165	24	morbis	FM	NE
165	25	diuturnis	FM	NE
165	26	.	$.	$.
166	1	Quapropter	FM	NN
166	2	conveniunt	FM	NN
166	3	morbo	FM	NE
166	4	articulari	FM	NE
166	5	,	$,	$,
166	6	podagræ	FM	NE
166	7	,	$,	$,
166	8	resolutionibus	FM	NN
166	9	,	$,	$,
166	10	nephritidi	FM	NE
166	11	,	$,	$,
166	12	anhelosis	FM	NN
166	13	.	$.	$.
167	1	&	$(	KON
167	2	cetera	NE	NN
167	3	über	APPR	APPR
167	4	diese	PDAT	PDAT
167	5	Tugenden	NN	NN
167	6	so	ADV	ADV
167	7	dient	VVFIN	VVFIN
167	8	dieser	PDAT	PDAT
167	9	Brunnen	NN	NN
167	10	auch	ADV	ADV
167	11	zum	APPRART	APPRART
167	12	Gehör	NN	NN
167	13	/	$(	$(
167	14	so	ADV	ADV
167	15	von	APPR	APPR
167	16	kalten	ADJA	ADJA
167	17	Flüssen	NN	NN
167	18	/	$(	$(
167	19	oder	KON	KON
167	20	von	APPR	APPR
167	21	der	ART	ART
167	22	kühlen	ADJA	ADJA
167	23	intemperie	NE	NN
167	24	verderbt	VVFIN	VVFIN
167	25	/	$(	$(
167	26	ja	ADV	ADV
167	27	auch	ADV	ADV
167	28	für	APPR	APPR
167	29	die	ART	ART
167	30	Felle	NN	NN
167	31	in	APPR	APPR
167	32	Augen	NN	NN
167	33	/	$(	$(
167	34	welche	PWAT	PRELS
167	35	zwar	ADV	ADV
167	36	nichts	PIS	PIS
167	37	anderes	ADV	PIS
167	38	sein	VAINF	VAINF
167	39	/	$(	$(
167	40	als	KOKOM	KOKOM
167	41	ein	ART	ART
167	42	dickes	ADJD	ADJA
167	43	böses	ADJD	ADJA
167	44	Geblüt	NN	NN
167	45	/	$(	$(
167	46	so	ADV	ADV
167	47	zur	APPRART	APPRART
167	48	Tunica	NE	NE
167	49	adnata	NE	NE
167	50	fließt	VVFIN	VVFIN
167	51	/	$(	$(
167	52	und	KON	KON
167	53	daselbst	PAV	ADV
167	54	zu	PTKZU	APPR
167	55	einer	ART	ART
167	56	Haut	NN	NN
167	57	wird	VAFIN	VAFIN
167	58	/	$(	$(
167	59	die	ART	ART
167	60	Sehe	VVFIN	NN
167	61	verdunkelt	VVPP	VVPP
167	62	/	$(	$(
167	63	und	KON	KON
167	64	also	ADV	ADV
167	65	dem	ART	ART
167	66	Gesicht	NN	NN
167	67	schadet	VVFIN	VVFIN
167	68	.	$.	$.
168	1	welche	PWAT	PRELS
168	2	Tugend	NN	NN
168	3	des	ART	ART
168	4	Brunnens	NN	NN
168	5	unter	APPR	APPR
168	6	anderen	ADJA	PIS
168	7	unlängst	ADJA	ADV
168	8	in	APPR	APPR
168	9	Franken	NN	NE
168	10	an	APPR	APPR
168	11	einem	ART	ART
168	12	Mägdlein	NN	NN
168	13	probiert	VVFIN	VVPP
168	14	/	$(	$(
168	15	von	APPR	APPR
168	16	dessen	PDS	PDAT
168	17	Augen	NN	NN
168	18	die	ART	ART
168	19	Felle	NN	NN
168	20	durch	APPR	APPR
168	21	diesen	PDAT	PDAT
168	22	Brunnen	NN	NN
168	23	mit	APPR	APPR
168	24	Gottes	NN	NN
168	25	Hilfe	NN	NN
168	26	innerhalb	APPR	APPR
168	27	weniger	PIS	PIAT
168	28	Tage	NN	NN
168	29	sind	VAFIN	VAFIN
168	30	abgetrieben	VVPP	VVPP
168	31	worden	VAPP	VAPP
168	32	.	$.	$.
169	1	deswegen	PAV	PAV
169	2	denn	KON	ADV
169	3	dem	ART	ART
169	4	Kärrner	NN	NN
169	5	/	$(	$(
169	6	so	ADV	ADV
169	7	solchen	PIAT	PIAT
169	8	Brunnen	NN	NN
169	9	dahin	PAV	PAV
169	10	geführt	VVPP	VVPP
169	11	/	$(	$(
169	12	von	APPR	APPR
169	13	des	ART	ART
169	14	Mägdleins	NN	NN
169	15	Vater	NN	NN
169	16	etliche	PIAT	PIAT
169	17	Franken	NN	NN
169	18	sind	VAFIN	VAFIN
169	19	verehrt	VVFIN	VVPP
169	20	worden	VAPP	VAPP
169	21	/	$(	$(
169	22	welches	PWS	PWS
169	23	alles	PIS	PIS
169	24	ich	PPER	PPER
169	25	von	APPR	APPR
169	26	glaubwürdigen	ADJA	ADJA
169	27	Leuten	NN	NN
169	28	berichtet	VVFIN	VVPP
169	29	.	$.	$.
170	1	und	KON	KON
170	2	tragen	VVINF	VVFIN
170	3	sich	PRF	PRF
170	4	dergleichen	PIS	PIS
170	5	Exempel	NN	NN
170	6	fast	ADV	ADV
170	7	täglich	ADJD	ADJD
170	8	zu	PTKZU	PTKVZ
170	9	/	$(	$(
170	10	wie	KOKOM	KOUS
170	11	den	ART	ART
170	12	jenigen	PIAT	PDAT
170	13	bewusst	ADJD	ADJD
170	14	/	$(	$(
170	15	so	ADV	ADV
170	16	diesen	PDAT	PDAT
170	17	Brunnen	NN	NN
170	18	persönlich	ADJD	ADJD
170	19	besuchen	VVINF	VVINF
170	20	.	$.	$.
171	1	so	ADV	ADV
171	2	ist	VAFIN	VAFIN
171	3	auch	ADV	ADV
171	4	nicht	PTKNEG	PTKNEG
171	5	unglaublich	ADJD	ADJD
171	6	/	$(	$(
171	7	dass	KOUS	KOUS
171	8	auch	ADV	ADV
171	9	etliche	PIAT	PIAT
171	10	Suffusiones	NE	NN
171	11	oder	KON	KON
171	12	Star	NN	NN
171	13	in	APPR	APPR
171	14	Augen	NN	NN
171	15	durch	APPR	APPR
171	16	dieses	PDAT	PDAT
171	17	Wasser	NN	NN
171	18	zerteilt	VVFIN	VVPP
171	19	werden	VAINF	VAINF
171	20	können	VMFIN	VMFIN
171	21	/	$(	$(
171	22	inmassen	KOUS	ADV
171	23	beym	APPRART	ADV
171	24	Dioscoride	NE	NE
171	25	Naptha	NE	NE
171	26	als	KOKOM	KOKOM
171	27	zum	APPRART	APPRART
171	28	Star	NN	NN
171	29	dienlich	ADJD	ADJD
171	30	/	$(	$(
171	31	gerühmt	VVPP	VVPP
171	32	wird	VAFIN	VAFIN
171	33	.	$.	$.
172	1	ferner	ADV	ADJD
172	2	weil	KOUS	KOUS
172	3	die	ART	ART
172	4	Ambra	NN	NN
172	5	oder	KON	KON
172	6	derselben	PDAT	PDAT
172	7	Analogum	NE	NN
172	8	auch	ADV	ADV
172	9	in	APPR	APPR
172	10	diesem	PDAT	PDAT
172	11	Brunnen	NN	NN
172	12	vorhanden	ADJD	ADJD
172	13	/	$(	$(
172	14	wie	KOKOM	KOKOM
172	15	oben	ADV	ADV
172	16	erwiesen	VVPP	VVPP
172	17	/	$(	$(
172	18	und	KON	KON
172	19	aber	ADV	ADV
172	20	dieselbige	PDAT	ADJA
172	21	über	APPR	APPR
172	22	diese	PDAT	PDAT
172	23	manifestas	NE	NN
172	24	qualitates	NE	VVFIN
172	25	,	$,	$,
172	26	dass	KOUS	KOUS
172	27	sie	PPER	PPER
172	28	trucken	ADJD	VVFIN
172	29	/	$(	$(
172	30	hitzig	ADJD	ADJD
172	31	und	KON	KON
172	32	durchdringend	ADJD	ADJD
172	33	ist	VAFIN	VAFIN
172	34	/	$(	$(
172	35	noch	ADV	ADV
172	36	andere	ADJD	PIAT
172	37	sonderbare	ADJA	ADJA
172	38	Specificas	NE	NN
172	39	Proprietates	NE	NN
172	40	und	KON	KON
172	41	Tugenden	NN	NN
172	42	hat	VAFIN	VAFIN
172	43	/	$(	$(
172	44	als	KOKOM	KOKOM
172	45	folgt	VVFIN	VVFIN
172	46	/	$(	$(
172	47	dass	KOUS	KOUS
172	48	dieser	PDAT	PDAT
172	49	Brunnen	NN	NN
172	50	gleichfalls	ADV	ADV
172	51	mit	APPR	APPR
172	52	denselben	PDAT	PDAT
172	53	Tugenden	NN	NN
172	54	begabt	ADJD	VVPP
172	55	sei	VAFIN	VAFIN
172	56	.	$.	$.
173	1	und	KON	KON
173	2	erstlich	ADV	ADJD
173	3	ist	VAFIN	VAFIN
173	4	die	ART	ART
173	5	Ambra	NN	NN
173	6	eine	ART	ART
173	7	sehr	ADV	ADV
173	8	kräftige	ADJA	ADJA
173	9	und	KON	KON
173	10	herrliche	ADJA	ADJA
173	11	Arznei	NN	NN
173	12	in	APPR	APPR
173	13	Schwachheiten	NN	NN
173	14	des	ART	ART
173	15	Gehirns	NN	NN
173	16	/	$(	$(
173	17	welches	PRELS	PRELS
173	18	sie	PPER	PPER
173	19	mehr	ADV	ADV
173	20	denn	KON	ADV
173	21	sonsten	ADV	ADV
173	22	irgend	ADV	ADV
173	23	etwas	PIS	ADV
173	24	anderes	ADV	PIS
173	25	stärkt	VVFIN	VVFIN
173	26	/	$(	$(
173	27	wie	PWAV	KOUS
173	28	der	ART	ART
173	29	vornehme	ADJA	ADJA
173	30	Medikus	NN	NN
173	31	Crato	NE	NE
173	32	sagt	VVFIN	VVFIN
173	33	/	$(	$(
173	34	Consilio	NE	NE
173	35	174.	ADJA	ADJA
173	36	posterioris	NE	NN
173	37	editionis	NE	NE
173	38	:	$.	$.
173	39	Inter	NN	NE
173	40	ea	NE	NE
173	41	,	$,	$,
173	42	quæ	NE	NE
173	43	cerebrum	NE	NN
173	44	roborant	NE	ADJD
173	45	,	$,	$,
173	46	magnam	NE	NE
173	47	vim	NE	NE
173	48	Ambræ	NN	NE
173	49	orientali	NE	NE
173	50	tribuo	NE	NE
173	51	.	$.	$.
174	1	und	KON	KON
174	2	Nicolaus	NN	NE
174	3	Monardis	NE	NE
174	4	in	APPR	APPR
174	5	histor.	NN	ADJA
174	6	simpl.	NN	NE
174	7	med.	NN	NE
174	8	ex	APPR	FM
174	9	novo	NE	ADJA
174	10	orbe	NE	ADJA
174	11	delatorum	NE	NN
174	12	pag.	NN	VVFIN
174	13	10.	ADJA	ADJA
174	14	sagt	VVFIN	VVFIN
174	15	:	$.	$.
175	1	Ambarum	FM	NN
175	2	cum	FM	NN
175	3	oleo	FM	ADJA
175	4	florum	FM	NN
175	5	mali	FM	NE
175	6	Atantii	FM	NE
175	7	sive	FM	NE
175	8	Assyrii	FM	NE
175	9	in	FM	APPR
175	10	calente	FM	NE
175	11	mortario	FM	NE
175	12	permixtum	FM	NN
175	13	,	$,	$,
175	14	&	$(	KON
175	15	unguenti	FM	ADJA
175	16	modo	FM	NE
175	17	capiti	FM	NE
175	18	illitum	FM	NN
175	19	,	$,	$,
175	20	illius	FM	NE
175	21	dolorem	FM	NE
175	22	levat	FM	NE
175	23	,	$,	$,
175	24	cerebrum	FM	NN
175	25	roborat	FM	ADJD
175	26	&	$(	KON
175	27	nervos	FM	NN
175	28	,	$,	$,
175	29	&	$(	KON
175	30	frigidos	FM	NN
175	31	,	$,	$,
175	32	qui	FM	NE
175	33	infarcti	FM	NE
175	34	sunt	FM	VVFIN
175	35	,	$,	$,
175	36	humores	FM	NN
175	37	resolvit	FM	NN
175	38	:	$.	$(
175	39	ad	FM	FM
175	40	eadem	FM	ADJA
175	41	efficax	FM	NN
175	42	emplastri	FM	NE
175	43	modo	FM	NE
175	44	cum	FM	NN
175	45	alipta	FM	NE
175	46	moschata	FM	NE
175	47	assiduè	FM	NE
175	48	gestatum	FM	NN
175	49	.	$.	$.
176	1	Ejus	FM	NE
176	2	solius	FM	NE
176	3	.	$.	$.
176	4	aut	FM	ADJA
176	5	cum	FM	NN
176	6	moscho	FM	NE
176	7	&	$(	KON
176	8	ligno	FM	NE
176	9	aloës	FM	NE
176	10	permixti	FM	NE
176	11	,	$,	$,
176	12	olfactu	FM	ADJA
176	13	cerebrum	FM	NN
176	14	roboratur	FM	NN
176	15	,	$,	$,
176	16	memoria	FM	NE
176	17	augetur	FM	NN
176	18	.	$.	$.
177	1	&	$(	KON
177	2	cetera	NE	NN
177	3	ja	PTKANT	ADV
177	4	sie	PPER	PPER
177	5	stärkt	VVFIN	VVFIN
177	6	nicht	PTKNEG	PTKNEG
177	7	allein	ADV	ADV
177	8	das	ART	ART
177	9	Gehirn	NN	NN
177	10	/	$(	$(
177	11	sondern	KON	KON
177	12	auch	ADV	ADV
177	13	die	ART	ART
177	14	Sehnenadern	NN	NN
177	15	/	$(	$(
177	16	die	ART	ART
177	17	Gelenke	NE	NN
177	18	und	KON	KON
177	19	Glieder	NN	NN
177	20	/	$(	$(
177	21	die	ART	ART
177	22	Gicht	NN	NN
177	23	/	$(	$(
177	24	Reißen	VVFIN	NN
177	25	in	APPR	APPR
177	26	Gliedern	NN	NN
177	27	/	$(	$(
177	28	Lähme	NN	NN
177	29	/	$(	$(
177	30	dahero	PAV	PAV
177	31	jetzt	ADV	ADV
177	32	gedachter	ADJA	ADJA
177	33	Monardis	NE	NN
177	34	im	APPRART	APPRART
177	35	angezogenen	ADJA	ADJA
177	36	Buch	NN	NN
177	37	am	APPRART	APPRART
177	38	11.	ADJA	ADJA
177	39	Blatt	NN	NN
177	40	sagt	VVFIN	VVFIN
177	41	/	$(	$(
177	42	Convenit	NE	NN
177	43	etiam	NE	NE
177	44	Paralyticis	NE	NE
177	45	,	$,	$,
177	46	si	NE	ADJA
177	47	eo	NE	ADJA
177	48	,	$,	$,
177	49	aut	NE	ADJA
177	50	ejus	NE	NN
177	51	mixtura	NE	NE
177	52	suffiantur	NE	NN
177	53	,	$,	$,
177	54	aut	NE	ADJA
177	55	cerebrum	NE	NN
177	56	totaq̒ue	NE	ADJA
177	57	spina	NE	NE
177	58	eo	NE	ADJA
177	59	inungantur	NE	NN
177	60	.	$.	$.
178	1	Etenim	FM	NE
178	2	Ambra	FM	NE
178	3	præ	FM	NE
178	4	cæteris	FM	NE
178	5	cerebrum	FM	NN
178	6	&	$(	KON
178	7	nervos	FM	NN
178	8	roborat	FM	NE
178	9	.	$.	$.
179	1	ferner	ADV	ADJD
179	2	so	ADV	ADV
179	3	dient	VVFIN	VVFIN
179	4	sie	PPER	PPER
179	5	wider	APPR	APPR
179	6	den	ART	ART
179	7	Schlag	NN	NN
179	8	/	$(	$(
179	9	wie	KOKOM	KOKOM
179	10	aus	APPR	APPR
179	11	dem	ART	ART
179	12	Schlagsälblein	NE	NN
179	13	/	$(	$(
179	14	und	KON	KON
179	15	aus	APPR	APPR
179	16	der	ART	ART
179	17	Komposition	NN	NN
179	18	in	APPR	APPR
179	19	der	ART	ART
179	20	Apotheke	NN	NN
179	21	so	ADV	ADV
179	22	von	APPR	APPR
179	23	der	ART	ART
179	24	Ambra	NN	NN
179	25	den	ART	ART
179	26	Namen	NN	NN
179	27	hat	VAFIN	VAFIN
179	28	/	$(	$(
179	29	abzunehmen	VVINF	VVIZU
179	31	.	$.	$.
180	1	sie	PPER	PPER
180	2	ist	VAFIN	VAFIN
180	3	auch	ADV	ADV
180	4	eine	ART	ART
180	5	herrliche	ADJA	ADJA
180	6	Arznei	NN	NN
180	7	wider	APPR	APPR
180	8	die	ART	ART
180	9	schwere	ADJA	ADJA
180	10	Not	NN	NN
180	11	/	$(	$(
180	12	wie	KOKOM	KOKOM
180	13	obberührter	ADJA	ADJA
180	14	Monardis	NE	NE
180	15	meldet	VVFIN	VVFIN
180	16	Seite	NN	NN
180	17	12.	ADJA	ADJA
180	18	und	KON	KON
180	19	Gesnerus	NE	NN
180	20	zeugt	VVFIN	VVFIN
180	21	in	APPR	APPR
180	22	gemein	ADJD	ADJD
180	23	von	APPR	APPR
180	24	allem	PIS	PIAT
180	25	Erdpech	NN	NN
180	26	/	$(	$(
180	27	dass	KOUS	KOUS
180	28	es	PPER	PPER
180	29	nicht	PTKNEG	PTKNEG
180	30	allein	ADV	ADV
180	31	die	ART	ART
180	32	jenige	PIAT	PDAT
180	33	/	$(	$(
180	34	so	ADV	ADV
180	35	mit	APPR	APPR
180	36	der	ART	ART
180	37	schweren	ADJA	ADJA
180	38	Not	NN	NN
180	39	behaftet	VVPP	ADJD
180	40	/	$(	$(
180	41	wie	KOKOM	KOKOM
180	42	Dioscorides	NE	NE
180	43	libr.	NN	NE
180	44	r.	NN	NE
180	45	cap.	NN	ADJA
180	46	85.	ADJA	ADJA
180	47	durch	APPR	APPR
180	48	den	ART	ART
180	49	Rauch	NN	NN
180	50	meldet	VVFIN	VVFIN
180	51	und	KON	KON
180	52	an	APPR	APPR
180	53	Tag	NN	NN
180	54	gibt	VVFIN	VVFIN
180	55	/	$(	$(
180	56	sondern	KON	KON
180	57	auch	ADV	ADV
180	58	zu	PTKZU	APPR
180	59	sich	PRF	PRF
180	60	selbst	ADV	ADV
180	61	wieder	ADV	ADV
180	62	bringt	VVFIN	VVFIN
180	63	und	KON	KON
180	64	heilt	VVFIN	VVFIN
180	65	.	$.	$.
181	1	sie	PPER	PPER
181	2	ist	VAFIN	VAFIN
181	3	auch	ADV	ADV
181	4	gut	ADJD	ADJD
181	5	den	ART	ART
181	6	blöden	ADJA	ADJA
181	7	Magen	NN	NN
181	8	/	$(	$(
181	9	erwärmt	VVFIN	VVFIN
181	10	denselbigen	PDAT	ADJA
181	11	/	$(	$(
181	12	fördert	VVFIN	VVFIN
181	13	die	ART	ART
181	14	Däuung	NE	NN
181	15	/	$(	$(
181	16	zerteilt	VVPP	VVFIN
181	17	die	ART	ART
181	18	Winde	NN	NN
181	19	und	KON	KON
181	20	Blähung	NN	NN
181	21	/	$(	$(
181	22	wie	PWAV	KOKOM
181	23	Crato	NE	NE
181	24	an	APPR	APPR
181	25	unterschiedenen	ADJA	ADJA
181	26	Orten	NN	NN
181	27	gedenkt	VVFIN	VVFIN
181	28	/	$(	$(
181	29	und	KON	KON
181	30	bei	APPR	APPR
181	31	Monardi	NE	NE
181	32	,	$,	$,
181	33	Matthiolo	NE	NE
181	34	,	$,	$,
181	35	und	KON	KON
181	36	anderen	ADJA	PIS
181	37	zu	PTKZU	PTKZU
181	38	lesen	VVINF	VVINF
181	39	/	$(	$(
181	40	und	KON	KON
181	41	dient	VVFIN	VVFIN
181	42	sonderlich	ADJD	ADJD
181	43	auch	ADV	ADV
181	44	wider	APPR	APPR
181	45	das	ART	ART
181	46	Drücken	NN	NN
181	47	im	APPRART	APPRART
181	48	Magen	NN	NN
181	49	/	$(	$(
181	50	oder	KON	KON
181	51	/	$(	$(
181	52	wie	KOKOM	KOUS
181	53	der	ART	ART
181	54	gemeine	ADJA	ADJA
181	55	Mann	PIS	NN
181	56	sagt	VVFIN	VVFIN
181	57	/	$(	$(
181	58	am	APPRART	APPRART
181	59	Herzen	NN	NN
181	60	/	$(	$(
181	61	wie	PWAV	KOUS
181	62	Aetius	NE	NE
181	63	sagt	VVFIN	VVFIN
181	64	/	$(	$(
181	65	Tetrabibl	NE	NE
181	66	.	$.	$.
182	1	1.	FM	ADJA
182	2	serm.	FM	NN
182	3	2.	FM	ADJA
182	4	cap.	FM	ADJA
182	5	49.	FM	ADJA
182	6	Potum	FM	NN
182	7	bitumen	FM	ADJA
182	8	nucis	FM	NE
182	9	ponticæ	FM	NE
182	10	aut	FM	ADJA
182	11	fabæ	FM	NE
182	12	magnitudine	FM	ADJA
182	13	cum	FM	NN
182	14	vino	FM	ADJA
182	15	tritum	FM	NN
182	16	cardiacis	FM	NE
182	17	,	$,	$,
182	18	qui	FM	NE
182	19	animo	FM	NE
182	20	linquuntur	FM	NN
182	21	,	$,	$,
182	22	magnopere	FM	NN
182	23	&	$(	KON
182	24	è	FM	ADJA
182	25	vestigio	FM	NE
182	26	prodest	FM	NN
182	27	.	$.	$.
183	1	den	ART	ART
183	2	Weibspersonen	NN	NN
183	3	ist	VAFIN	VAFIN
183	4	sie	PPER	PPER
183	5	auch	ADV	ADV
183	6	eine	ART	ART
183	7	gute	ADJA	ADJA
183	8	Arznei	NN	NN
183	9	/	$(	$(
183	10	|	$(	XY
183	11	sintemal	KOUS	ADV
183	12	sie	PPER	PPER
183	13	von	APPR	APPR
183	14	unten	ADV	ADV
183	15	auf	APPR	APPR
183	16	gebraucht	VVPP	VVPP
183	17	/	$(	$(
183	18	dient	VVFIN	VVFIN
183	19	wider	APPR	APPR
183	20	das	ART	ART
183	21	Aufsteigen	VVINF	NN
183	22	der	ART	ART
183	23	Mutter	NN	NN
183	24	/	$(	$(
183	25	und	KON	KON
183	26	alle	PIAT	PIAT
183	27	andere	ADJA	PIS
183	28	Beschwerung	NN	NN
183	29	/	$(	$(
183	30	so	ADV	ADV
183	31	von	APPR	APPR
183	32	derselben	PDAT	PDAT
183	33	entstehen	VVINF	VVINF
183	34	.	$.	$.
184	1	ja	PTKANT	ADV
184	2	oft	ADV	ADV
184	3	gedachter	ADJA	ADJA
184	4	Monardes	NE	NN
184	5	kuriert	VVPP	VVFIN
184	6	die	ART	ART
184	7	Unfruchtbarkeit	NN	NN
184	8	/	$(	$(
184	9	so	ADV	ADV
184	10	von	APPR	APPR
184	11	kalten	ADJA	ADJA
184	12	bösen	ADJA	ADJA
184	13	Feuchtigkeiten	NN	NN
184	14	verursacht	VVFIN	VVPP
184	15	wird	VAFIN	VAFIN
184	16	mit	APPR	APPR
184	17	einem	ART	ART
184	18	Pflaster	NN	NN
184	19	zum	APPRART	APPRART
184	20	Nabel	NN	NN
184	21	/	$(	$(
184	22	und	KON	KON
184	23	einem	ART	ART
184	24	Mutterzäpflein	NE	NN
184	25	von	APPR	APPR
184	26	Ambra	NN	NN
184	27	gemacht	VVPP	VVPP
184	28	/	$(	$(
184	29	wie	PWAV	KOKOM
184	30	an	APPR	APPR
184	31	oft	ADV	ADV
184	32	angezogenem	ADJA	ADJA
184	33	Ort	NN	NN
184	34	zu	PTKZU	PTKZU
184	35	lesen	VVINF	VVINF
184	36	.	$.	$.
185	1	endlich	ADV	ADV
185	2	/	$(	$(
185	3	damit	PAV	KOUS
185	4	wir	PPER	PPER
185	5	anderer	ADJA	PIS
185	6	der	ART	ART
185	7	Ambra	NN	NN
185	8	Tugenden	NN	NN
185	9	geschweigen	VVINF	VVINF
185	10	/	$(	$(
185	11	so	ADV	ADV
185	12	dient	VVFIN	VVFIN
185	13	sie	PPER	PPER
185	14	gewaltig	ADJD	ADJD
185	15	wider	APPR	APPR
185	16	die	ART	ART
185	17	Ohnmacht	NN	NN
185	18	/	$(	$(
185	19	und	KON	KON
185	20	ist	VAFIN	VAFIN
185	21	eine	ART	ART
185	22	fürnehme	ADJA	ADJA
185	23	Herzstärkung	NN	NN
185	24	/	$(	$(
185	25	daher	PAV	PAV
185	26	Garzias	NE	NE
185	27	ab	PTKVZ	APPR
185	28	Orto	NE	NE
185	29	lib.	NN	NE
185	30	1.	ADJA	ADJA
185	31	aromatum	NE	NN
185	32	Inditorum	NN	NN
185	33	cap.	NN	NE
185	34	r.	NN	NE
185	35	sagt	VVFIN	VVFIN
185	36	:	$.	$.
185	37	Quod	NE	NN
185	38	ambarum	NE	NN
185	39	sit	NE	VVFIN
185	40	ex	APPR	FM
185	41	eorum	NE	NN
185	42	numero	NE	NE
185	43	,	$,	$,
185	44	quæ	NE	NE
185	45	maximæ	NE	NE
185	46	cordis	NE	NE
185	47	vires	NE	NE
185	48	reficiunt	NE	VVFIN
185	49	.	$.	$.
186	1	und	KON	KON
186	2	Monardes	NE	NN
186	3	spricht	VVFIN	VVFIN
186	4	:	$.	$.
187	1	Ambræ	FM	NE
187	2	olfactu	FM	NE
187	3	spiritus	FM	NE
187	4	&	$(	KON
187	5	vigor	FM	NE
187	6	cordis	FM	NE
187	7	reficiuntur	FM	NN
187	8	:	$.	$.
187	9	ideoq̒ue	FM	NN
187	10	in	FM	APPR
187	11	pestis	FM	ADJA
187	12	contagiis	FM	NE
187	13	ejus	FM	NN
187	14	odor	FM	NE
187	15	apprimè	FM	NE
187	16	utilis	FM	NE
187	17	.	$.	$.
188	1	insonderheit	ADV	NN
188	2	bekommt	VVFIN	VVFIN
188	3	sie	PPER	PPER
188	4	den	ART	ART
188	5	alten	ADJA	ADJA
188	6	Leuten	NN	NN
188	7	trefflich	ADJD	ADJD
188	8	wohl	ADV	ADV
188	9	/	$(	$(
188	10	wie	PWAV	KOKOM
188	11	Matthiolus	NE	NE
188	12	ad	FM	FM
188	13	cap.	NN	ADJA
188	14	20.	ADJA	ADJA
188	15	lib.	NN	NE
188	16	1.	ADJA	ADJA
188	17	Dioscoridis	NE	NE
188	18	,	$,	$,
188	19	und	KON	KON
188	20	Crato	NE	NE
188	21	an	APPR	APPR
188	22	vielen	PIAT	PIAT
188	23	unterschiedenen	ADJA	ADJA
188	24	Orten	NN	NN
188	25	gedenkt	VVFIN	VVFIN
188	26	.	$.	$.
189	1	dessen	PDS	PDAT
189	2	Ursache	NN	NN
189	3	Monardes	NE	NN
189	4	klärlich	ADV	ADJD
189	5	hat	VAFIN	VAFIN
189	6	/	$(	$(
189	7	da	ADV	KOUS
189	8	er	PPER	PPER
189	9	sagt	VVFIN	VVFIN
189	10	lib.	NN	NE
189	11	citato	NE	NE
189	12	.	$.	$.
189	13	pagin	NN	NE
189	14	.	$.	$.
190	1	11	FM	CARD
190	2	Maximè	FM	NN
190	3	prodest	FM	ADJA
190	4	Senibus	FM	NN
190	5	,	$,	$,
190	6	quod	FM	NE
190	7	illorum	FM	ADJA
190	8	spiritus	FM	NN
190	9	vegetet	FM	VVFIN
190	10	,	$,	$,
190	11	cor	FM	NE
190	12	&	$(	KON
190	13	cerebrum	FM	NN
190	14	roboret	FM	ADJD
190	15	,	$,	$,
190	16	&	$(	KON
190	17	crassos	FM	NN
190	18	lentosque	FM	NE
190	19	humores	FM	NN
190	20	,	$,	$,
190	21	quibus	FM	NN
190	22	plurimum	FM	NN
190	23	abundant	FM	ADJD
190	24	,	$,	$,
190	25	extenuet	FM	ADJD
190	26	,	$,	$,
190	27	sive	FM	ADJA
190	28	cibis	FM	NE
190	29	indatur	FM	NN
190	30	,	$,	$,
190	31	sive	FM	ADJA
190	32	vestes	FM	ADJA
190	33	suffiantur	FM	NN
190	34	,	$,	$,
190	35	sive	FM	NE
190	36	cerebro	FM	NE
190	37	cordisq̒ue	FM	ADJA
190	38	regioni	FM	NE
190	39	applicetur	FM	NN
190	40	,	$,	$,
190	41	sive	FM	NE
190	42	vino	FM	NE
190	43	,	$,	$,
190	44	quo	FM	NE
190	45	sibi	FM	NE
190	46	faciem	FM	NE
190	47	&	$(	KON
190	48	manus	FM	NE
190	49	abluunt	FM	NN
190	50	,	$,	$,
190	51	permisceatur	FM	NN
190	52	.	$.	$.
191	1	eben	ADV	ADV
191	2	diese	PDAT	PDAT
191	3	gedachte	VVFIN	ADJA
191	4	/	$(	$(
191	5	und	KON	KON
191	6	dergleichen	PIS	PIS
191	7	Wirkungen	NN	NN
191	8	hat	VAFIN	VAFIN
191	9	auch	ADV	ADV
191	10	dieser	PDAT	PDAT
191	11	Brunnen	NE	NN
191	12	.	$.	$.
192	1	denn	KON	KON
192	2	wie	KOKOM	KOUS
192	3	oben	ADV	ADV
192	4	gemeldet	VVPP	VVPP
192	5	er	PPER	PPER
192	6	nicht	PTKNEG	PTKNEG
192	7	alleine	ADV	ADV
192	8	/	$(	$(
192	9	alle	PIAT	PIAT
192	10	wässerige	ADJA	ADJA
192	11	Geschwulst	NN	NN
192	12	/	$(	$(
192	13	Drüsen	NN	NN
192	14	/	$(	$(
192	15	Beulen	NN	NN
192	16	/	$(	$(
192	17	die	ART	ART
192	18	Krätze	NN	NN
192	19	/	$(	$(
192	20	und	KON	KON
192	21	alle	PIAT	PIAT
192	22	kalten	ADJA	ADJA
192	23	Flüsse	NN	NN
192	24	/	$(	$(
192	25	das	ART	ART
192	26	Zipperlein	NN	NN
192	27	/	$(	$(
192	28	das	ART	ART
192	29	verderbte	ADJA	ADJA
192	30	Gehör	NN	NN
192	31	von	APPR	APPR
192	32	kalten	ADJA	ADJA
192	33	Flüssen	NN	NN
192	34	/	$(	$(
192	35	die	ART	ART
192	36	Felle	NN	NN
192	37	der	ART	ART
192	38	Augen	NN	NN
192	39	/	$(	$(
192	40	so	ADV	ADV
192	41	möglich	ADJD	ADJD
192	42	zu	PTKZU	PTKZU
192	43	kurieren	VVINF	VVINF
192	44	sein	VAINF	VAINF
192	45	/	$(	$(
192	46	heilt	VVFIN	VVFIN
192	47	.	$.	$.
193	1	item	NN	ADV
193	2	den	ART	ART
193	3	Harn	NN	NN
193	4	den	ART	ART
193	5	Stein	NN	NN
193	6	fördert	VVFIN	VVFIN
193	7	/	$(	$(
193	8	und	KON	KON
193	9	eine	ART	ART
193	10	gewisse	ADJA	ADJA
193	11	Arznei	NN	NN
193	12	wider	APPR	APPR
193	13	den	ART	ART
193	14	Dumpf	ADJD	NN
193	15	ist	VAFIN	VAFIN
193	16	/	$(	$(
193	17	sondern	KON	KON
193	18	er	PPER	PPER
193	19	stärkt	VVFIN	VVFIN
193	20	auch	ADV	ADV
193	21	das	ART	ART
193	22	Haupt	NN	NN
193	23	/	$(	$(
193	24	die	ART	ART
193	25	Glieder	NN	NN
193	26	/	$(	$(
193	27	die	ART	ART
193	28	Sehnenader	NN	NN
193	29	/	$(	$(
193	30	und	KON	KON
193	31	welches	PRELS	PWS
193	32	seiner	PPOSAT	PPOSAT
193	33	vornehmen	VVINF	ADJA
193	34	und	KON	KON
193	35	gewissen	ADJA	ADJA
193	36	Tugenden	NN	NN
193	37	auch	ADV	ADV
193	38	eine	ART	PIS
193	39	ist	VAFIN	VAFIN
193	40	/	$(	$(
193	41	so	ADV	ADV
193	42	restituiert	VVPP	VVFIN
193	43	er	PPER	PPER
193	44	die	ART	ART
193	45	Paralysis	NN	NN
193	46	,	$,	$,
193	47	das	ART	PDS
193	48	ist	VAFIN	VAFIN
193	49	eine	ART	ART
193	50	solche	PIAT	PIAT
193	51	Lähme	NN	NN
193	52	/	$(	$(
193	53	darinnen	ADV	VVFIN
193	54	die	ART	ART
193	55	Sehnenadern	NN	NN
193	56	/	$(	$(
193	57	durch	APPR	APPR
193	58	welche	PWAT	PRELS
193	59	den	ART	ART
193	60	Gliedern	NN	NN
193	61	die	ART	ART
193	62	Bewegung	NN	NN
193	63	/	$(	$(
193	64	und	KON	KON
193	65	das	ART	ART
193	66	Fühlen	VVFIN	NN
193	67	mit	APPR	ADV
193	68	getheilet	VVPP	VVPP
193	69	wird	VAFIN	VAFIN
193	70	/	$(	$(
193	71	durch	APPR	APPR
193	72	die	ART	ART
193	73	kalten	ADJA	ADJA
193	74	Flüsse	NN	NN
193	75	verstopft	VVFIN	VVPP
193	76	sind	VAFIN	VAFIN
193	77	/	$(	$(
193	78	dass	KOUS	KOUS
193	79	den	ART	ART
193	80	Gliedern	NN	NN
193	81	ob	KOUS	KOUS
193	82	angedeutete	ADJA	ADJA
193	83	Kräfte	NN	NN
193	84	nicht	PTKNEG	PTKNEG
193	85	zukommen	VVINF	VVINF
193	86	mögen	VMFIN	VMFIN
193	87	/	$(	$(
193	88	sondern	KON	KON
193	89	dieselben	PDAT	PDS
193	90	gleichsam	ADJD	ADJD
193	91	tot	NN	ADJD
193	92	sein	VAINF	VAINF
193	93	/	$(	$(
193	94	dass	KOUS	KOUS
193	95	man	PIS	PIS
193	96	solche	PIAT	PIS
193	97	zu	PTKZU	APPR
193	98	nichts	PIS	PIAT
193	99	sonderliches	ADJA	ADJA
193	100	brauchen	VVFIN	VVINF
193	101	kann	VMFIN	VMFIN
193	102	.	$.	$.
194	1	solche	PIAT	PIAT
194	2	Kraft	NN	NN
194	3	haben	VAFIN	VAFIN
194	4	/	$(	$(
194	5	Gott	NN	NN
194	6	Lob	NN	NN
194	7	/	$(	$(
194	8	sehr	ADV	ADV
194	9	viele	ADV	PIS
194	10	in	APPR	APPR
194	11	dem	ART	ART
194	12	Brunnen	NN	NN
194	13	erfahren	VVINF	VVPP
194	14	/	$(	$(
194	15	wie	PWAV	KOUS
194	16	dann	ADV	ADV
194	17	nur	ADV	ADV
194	18	vor	APPR	APPR
194	19	etlichen	ADJA	PIAT
194	20	Tagen	NN	NN
194	21	ein	ART	ART
194	22	Paralyticus	NE	NN
194	23	welcher	PWAT	PWS
194	24	etliche	PIAT	PIS
194	25	jahrlang	ADJD	ADJD
194	26	nicht	PTKNEG	PTKNEG
194	27	gehen	VVINF	VVINF
194	28	können	VMFIN	VMINF
194	29	/	$(	$(
194	30	als	KOKOM	KOUS
194	31	er	PPER	PPER
194	32	diesen	PDAT	PDAT
194	33	Brunnen	NN	NN
194	34	nicht	PTKNEG	PTKNEG
194	35	lange	ADV	ADV
194	36	getrunken	VVPP	VVPP
194	37	/	$(	$(
194	38	und	KON	KON
194	39	sich	PRF	PRF
194	40	darinnen	ADV	VVFIN
194	41	gebadet	VVPP	VVPP
194	42	/	$(	$(
194	43	wieder	ADV	ADV
194	44	frisch	ADJD	ADJD
194	45	und	KON	KON
194	46	gesund	ADJD	ADJD
194	47	davon	PAV	PAV
194	48	gegangen	VVPP	VVPP
194	49	.	$.	$.
195	1	und	KON	KON
195	2	ein	ART	ART
195	3	Anderer	NE	PIS
195	4	/	$(	$(
195	5	welcher	PWAT	PWS
195	6	zuvor	ADV	ADV
195	7	an	APPR	APPR
195	8	einer	ART	ART
195	9	Krücke	NN	NN
195	10	gehunken	NE	VVPP
195	11	/	$(	$(
195	12	hernach	ADV	ADV
195	13	aber	ADV	ADV
195	14	/	$(	$(
195	15	als	KOKOM	KOUS
195	16	er	PPER	PPER
195	17	diesen	PDAT	PDAT
195	18	Brunnen	NN	NN
195	19	gebraucht	VVPP	VVPP
195	20	/	$(	$(
195	21	ohne	APPR	APPR
195	22	Krücken	NN	NN
195	23	davon	PAV	PAV
195	24	gegangen	VVPP	VVPP
195	25	/	$(	$(
195	26	und	KON	KON
195	27	zum	APPRART	APPRART
195	28	Zeichen	NN	NN
195	29	seiner	PPOSAT	PPOSAT
195	30	Gesundheit	NN	NN
195	31	früh	ADJD	ADJD
195	32	/	$(	$(
195	33	ehe	KOUS	KOUS
195	34	er	PPER	PPER
195	35	wieder	ADV	ADV
195	36	nach	APPR	APPR
195	37	Hause	NN	NN
195	38	gereist	VVPP	VVPP
195	39	/	$(	$(
195	40	die	ART	ART
195	41	Krücken	NN	NN
195	42	zerhackt	VVFIN	VVPP
195	43	/	$(	$(
195	44	und	KON	KON
195	45	ihm	PPER	PPER
195	46	bei	APPR	APPR
195	47	derselben	PDAT	PDAT
195	48	eine	ART	ART
195	49	Suppe	NN	NN
195	50	gekocht	VVPP	VVPP
195	51	.	$.	$.
196	1	ich	PPER	PPER
196	2	will	VMFIN	VMFIN
196	3	geschweigen	VVINF	VVFIN
196	4	anderer	ADJA	PIS
196	5	/	$(	$(
196	6	und	KON	KON
196	7	auch	ADV	ADV
196	8	des	ART	ART
196	9	jenigen	PIAT	PDAT
196	10	/	$(	$(
196	11	so	ADV	ADV
196	12	sich	PRF	PRF
196	13	in	APPR	APPR
196	14	einem	ART	ART
196	15	Backtrog	NN	NN
196	16	zum	APPRART	APPRART
196	17	Brunnen	NN	NN
196	18	führen	VVINF	VVINF
196	19	lassen	VVINF	VVINF
196	20	müssen	VMFIN	VMINF
196	21	/	$(	$(
196	22	und	KON	KON
196	23	hernach	ADV	ADV
196	24	als	KOKOM	KOKOM
196	25	er	PPER	PPER
196	26	gesund	ADJD	ADJD
196	27	worden	VAPP	VAPP
196	28	/	$(	$(
196	29	den	ART	ART
196	30	Backtrog	NN	NN
196	31	an	APPR	APPR
196	32	einen	ART	ART
196	33	Baum	NE	NN
196	34	aufgehängt	VVPP	VVPP
196	35	/	$(	$(
196	36	welcher	PWAT	PWS
196	37	noch	ADV	ADV
196	38	heutigen	ADJA	ADJA
196	39	Tages	NN	NN
196	40	daran	PAV	PAV
196	41	zu	PTKZU	PTKZU
196	42	sehen	VVINF	VVINF
196	43	.	$.	$.
197	1	es	PPER	PPER
197	2	möchte	VMFIN	VMFIN
197	3	aber	ADV	ADV
197	4	jemand	PIS	PIS
197	5	sagen	VVINF	VVINF
197	6	/	$(	$(
197	7	wann	PWAV	PWAV
197	8	dann	ADV	ADV
197	9	dieser	PDAT	PDAT
197	10	Brunnen	NN	NN
197	11	dem	ART	ART
197	12	Gehirn	NN	NN
197	13	/	$(	$(
197	14	und	KON	KON
197	15	den	ART	ART
197	16	Gliedern	NN	NN
197	17	so	ADV	ADV
197	18	gut	ADJD	ADJD
197	19	/	$(	$(
197	20	wie	KOKOM	KOUS
197	21	koͤmpt	VVFIN	NN
197	22	es	PPER	PPER
197	23	/	$(	$(
197	24	dass	KOUS	KOUS
197	25	es	PPER	PPER
197	26	etlichen	ADJA	PIAT
197	27	Leuten	NN	NN
197	28	/	$(	$(
197	29	wann	PWAV	PWAV
197	30	sie	PPER	PPER
197	31	ihn	PPER	PPER
197	32	trinken	VVFIN	VVINF
197	33	/	$(	$(
197	34	so	ADV	ADV
197	35	beschwerlich	ADJD	ADJD
197	36	Reißen	VVFIN	NN
197	37	im	APPRART	APPRART
197	38	Kopf	NN	NN
197	39	/	$(	$(
197	40	und	KON	KON
197	41	in	APPR	APPR
197	42	Gliedern	NN	NN
197	43	etc.	ADV	ADV
197	44	erregt	VVFIN	VVPP
197	45	?	$.	$.
198	1	hierauf	PAV	PAV
198	2	ist	VAFIN	VAFIN
198	3	meine	PPOSAT	PPOSAT
198	4	Antwort	NN	NN
198	5	.	$.	$.
199	1	1.	ADJA	ADV
199	2	dass	KOUS	KOUS
199	3	entweder	KON	KON
199	4	solches	PIAT	PIS
199	5	nicht	PTKNEG	PTKNEG
199	6	von	APPR	APPR
199	7	allem	PIS	PIS
199	8	Brunnen	NN	NN
199	9	geschehe	VVFIN	VVFIN
199	10	/	$(	$(
199	11	sondern	KON	KON
199	12	wenn	KOUS	KOUS
199	13	etwan	ADV	ADV
199	14	einer	ART	PIS
199	15	des	ART	ART
199	16	Teils	NN	NN
199	17	des	ART	ART
199	18	Brunnens	NN	NN
199	19	etwas	PIS	ADV
199	20	zu	PTKZU	PTKA
199	21	viel	ADV	ADV
199	22	bekömmt	VVFIN	VVFIN
199	23	/	$(	$(
199	24	darinnen	ADV	VVFIN
199	25	fast	ADV	ADV
199	26	lauter	PIAT	ADJD
199	27	irdisches	ADJD	ADJA
199	28	Bitumen	NN	NN
199	29	/	$(	$(
199	30	oder	KON	KON
199	31	Steinkohlen	NN	NN
199	32	sein	VAINF	VAINF
199	33	/	$(	$(
199	34	welches	PRELS	PWS
199	35	Geschlecht	NN	NN
199	36	des	ART	ART
199	37	Bituminis	NE	NN
199	38	sonderlich	ADJD	ADJD
199	39	die	ART	ART
199	40	Art	NN	NN
199	41	hat	VAFIN	VAFIN
199	42	/	$(	$(
199	43	dass	KOUS	KOUS
199	44	es	PPER	PPER
199	45	in	APPR	APPR
199	46	den	ART	ART
199	47	Kopf	NN	NN
199	48	steige	VVFIN	VVFIN
199	49	/	$(	$(
199	50	und	KON	KON
199	51	daselbst	PAV	ADV
199	52	Beschweren	NE	NN
199	53	anrichte	VVFIN	VVFIN
199	54	/	$(	$(
199	55	davon	PAV	PAV
199	56	Solenander	NE	NE
199	57	lib.	NN	NE
199	58	1.	ADJA	ADJA
199	59	defont.	NN	NE
199	60	cal.	NN	NE
199	61	cans.	NN	NE
199	62	cap.	NN	NE
199	63	10.	ADJA	ADJA
199	64	p.	NN	APPR
199	65	83.	ADJA	ADJA
199	66	sagt	VVFIN	VVFIN
199	67	:	$.	$.
199	68	Nigrum	NE	NN
199	69	,	$,	$,
199	70	quod	NE	NE
199	71	crassius	NE	NE
199	72	,	$,	$,
199	73	fœtet	NE	NN
199	74	,	$,	$,
199	75	&	$(	KON
199	76	amarius	NE	NN
199	77	est	FM	ADJA
199	78	:	$.	$(
199	79	cætera	NE	NE
199	80	medio	ADV	NE
199	81	modo	NE	NE
199	82	se	FM	VVFIN
199	83	habent	NE	VVFIN
199	84	.	$.	$.
200	1	2.	ADJA	ADV
200	2	oder	KON	KON
200	3	sage	VVFIN	VVFIN
200	4	darauf	PAV	PAV
200	5	/	$(	$(
200	6	das	ART	PRELS
200	7	solch	PIAT	PIAT
200	8	Reißen	NN	NN
200	9	nicht	PTKNEG	PTKNEG
200	10	dem	ART	ART
200	11	Brunnen	NE	NN
200	12	zuzumessen	VVIZU	VVIZU
200	13	sei	VAFIN	VAFIN
200	14	/	$(	$(
200	15	sondern	KON	KON
200	16	der	ART	ART
200	17	Unreinigkeit	NN	NN
200	18	des	ART	ART
200	19	Leibes	NN	NN
200	20	/	$(	$(
200	21	und	KON	KON
200	22	der	ART	ART
200	23	großen	ADJA	ADJA
200	24	Menge	VVIMP	NN
200	25	der	ART	ART
200	26	zähen	CARD	ADJA
200	27	pituitosischen	NE	ADJA
200	28	oder	KON	KON
200	29	tartarischen	ADJD	ADJA
200	30	Materien	NN	NN
200	31	/	$(	$(
200	32	welche	PWAT	PRELS
200	33	/	$(	$(
200	34	so	ADV	ADV
200	35	sie	PPER	PPER
200	36	von	APPR	APPR
200	37	dem	ART	ART
200	38	Brunnen	NN	NN
200	39	angegriffen	VVPP	VVPP
200	40	wird	VAFIN	VAFIN
200	41	/	$(	$(
200	42	und	KON	KON
200	43	doch	ADV	ADV
200	44	so	ADV	ADV
200	45	rebellisch	ADJD	ADJD
200	46	ist	VAFIN	VAFIN
200	47	/	$(	$(
200	48	dass	KOUS	KOUS
200	49	sie	PPER	PPER
200	50	sich	PRF	PRF
200	51	nicht	PTKNEG	PTKNEG
200	52	flugs	ADV	ADJD
200	53	zwingen	VVINF	VVINF
200	54	lässt	VVIMP	VVFIN
200	55	/	$(	$(
200	56	diese	PDAT	PDAT
200	57	Schmerzen	NN	NN
200	58	verursacht	VVPP	VVPP
200	59	.	$.	$.
201	1	und	KON	KON
201	2	solches	PIAT	PIS
201	3	sehen	VVINF	VVFIN
201	4	wir	PPER	PPER
201	5	auch	ADV	ADV
201	6	in	APPR	APPR
201	7	der	ART	ART
201	8	Colica	NE	NE
201	9	oder	KON	KON
201	10	Hefenmutter	NN	NN
201	11	/	$(	$(
201	12	so	ADV	ADV
201	13	von	APPR	APPR
201	14	dem	ART	ART
201	15	kalten	ADJA	ADJA
201	16	Schleim	NN	NN
201	17	/	$(	$(
201	18	oder	KON	KON
201	19	Tartaro	NE	NE
201	20	intestinorum	NE	NN
201	21	entsteht	VVFIN	VVFIN
201	22	/	$(	$(
201	23	in	APPR	APPR
201	24	welcher	PWAT	PIS
201	25	/	$(	$(
201	26	wenn	KOUS	KOUS
201	27	man	PIS	PIS
201	28	die	ART	ART
201	29	fomenta	NE	NE
201	30	,	$,	$,
201	31	und	KON	KON
201	32	wärmende	ADJA	ADJA
201	33	oder	KON	KON
201	34	zerteilende	ADJA	ADJA
201	35	Sachen	NN	NN
201	36	/	$(	$(
201	37	wie	KOKOM	KOUS
201	38	sich	PPER	PRF
201	39	es	PPER	PPER
201	40	gebührt	VVFIN	VVPP
201	41	/	$(	$(
201	42	auflegt	VVFIN	VVFIN
201	43	/	$(	$(
201	44	im	APPRART	APPRART
201	45	Anfang	NN	NN
201	46	/	$(	$(
201	47	weil	KOUS	KOUS
201	48	die	ART	ART
201	49	Materia	NN	NN
201	50	zerteilt	NE	VVPP
201	51	/	$(	$(
201	52	und	KON	KON
201	53	in	APPR	APPR
201	54	Flatus	NE	NN
201	55	vertiert	VVFIN	VVPP
201	56	wird	VAFIN	VAFIN
201	57	/	$(	$(
201	58	von	APPR	APPR
201	59	den	ART	ART
201	60	Fomentis	NE	NE
201	61	&	$(	KON
201	62	cetera	NE	NN
201	63	die	ART	ART
201	64	Schmerzen	NN	NN
201	65	sich	PRF	PRF
201	66	mehren	VVFIN	VVINF
201	67	/	$(	$(
201	68	aber	KON	KON
201	69	doch	ADV	ADV
201	70	wann	PWAV	PWAV
201	71	man	PIS	PIS
201	72	mit	APPR	APPR
201	73	den	ART	ART
201	74	Anodynis	NE	NN
201	75	fortfährt	VVFIN	VVFIN
201	76	/	$(	$(
201	77	so	ADV	ADV
201	78	stillen	ADJA	VVFIN
201	79	sie	PPER	PPER
201	80	sich	PRF	PRF
201	81	.	$.	$.
202	1	desgleichen	KOUS	ADV
202	2	haben	VAFIN	VAFIN
202	3	wir	PPER	PPER
202	4	ein	ART	ART
202	5	Exempel	NN	NN
202	6	an	APPR	APPR
202	7	den	ART	ART
202	8	Sennesblättern	NE	NN
202	9	/	$(	$(
202	10	welche	PWAT	PRELS
202	11	für	APPR	APPR
202	12	sich	PRF	PRF
202	13	eine	ART	ART
202	14	gute	ADJA	ADJA
202	15	/	$(	$(
202	16	gelinde	ADJA	ADJD
202	17	/	$(	$(
202	18	und	KON	KON
202	19	derowegen	ADV	ADV
202	20	kein	PIAT	PIAT
202	21	Grimmen	NN	NN
202	22	verursachende	ADJA	ADJA
202	23	Arznei	NN	NN
202	24	sein	VAINF	VAINF
202	25	.	$.	$.
203	1	wann	PWAV	PWAV
203	2	sie	PPER	PPER
203	3	aber	ADV	ADV
203	4	in	APPR	APPR
203	5	einen	ART	ART
203	6	Leib	NN	NN
203	7	kommen	VVFIN	VVFIN
203	8	da	ADV	ADV
203	9	viel	ADV	PIAT
203	10	Schleims	NN	NN
203	11	/	$(	$(
203	12	und	KON	KON
203	13	denselben	PDAT	PDS
203	14	angreifen	VVINF	VVINF
203	15	/	$(	$(
203	16	aber	ADV	ADV
203	17	wegen	APPR	APPR
203	18	seiner	PPOSAT	PPOSAT
203	19	Zähe	NN	NN
203	20	und	KON	KON
203	21	Härtigkeit	NE	NN
203	22	ihn	PPER	PPER
203	23	nicht	PTKNEG	PTKNEG
203	24	stracks	ADV	ADJD
203	25	überwinden	VVINF	VVINF
203	26	/	$(	$(
203	27	oder	KON	KON
203	28	aus	APPR	APPR
203	29	dem	ART	ART
203	30	Leib	NN	NN
203	31	treiben	VVINF	VVINF
203	32	können	VMFIN	VMINF
203	33	/	$(	$(
203	34	so	ADV	ADV
203	35	entsteht	VVFIN	VVFIN
203	36	großes	ADJD	ADJA
203	37	Grimmen	NN	NN
203	38	und	KON	KON
203	39	Reißen	NN	NN
203	40	im	APPRART	APPRART
203	41	Leib	NN	NN
203	42	/	$(	$(
203	43	welches	PRELS	PWS
203	44	doch	ADV	ADV
203	45	nicht	PTKNEG	PTKNEG
203	46	der	ART	ART
203	47	Sennae	NE	NE
203	48	Schuld	NN	NN
203	49	ist	VAFIN	VAFIN
203	50	.	$.	$.
204	1	gleich	ADV	ADJD
204	2	wie	KOKOM	KOKOM
204	3	nun	ADV	ADV
204	4	von	APPR	APPR
204	5	niemand	PIS	PIS
204	6	/	$(	$(
204	7	der	ART	PRELS
204	8	die	ART	ART
204	9	Sachen	NN	NN
204	10	recht	ADJD	ADJD
204	11	versteht	VVFIN	VVFIN
204	12	/	$(	$(
204	13	deswegen	PAV	PAV
204	14	weder	KON	KON
204	15	die	ART	ART
204	16	Fomenta	NN	NN
204	17	in	APPR	APPR
204	18	der	ART	ART
204	19	Colica	NE	NE
204	20	,	$,	$,
204	21	vor	APPR	APPR
204	22	Unrecht	NN	NN
204	23	erkannt	VVPP	VVPP
204	24	/	$(	$(
204	25	noch	ADV	ADV
204	26	die	ART	ART
204	27	Senna	NE	NE
204	28	verdampft	VVPP	VVPP
204	29	/	$(	$(
204	30	oder	KON	KON
204	31	für	APPR	APPR
204	32	schädlich	ADJD	ADJD
204	33	erkannt	VVPP	VVPP
204	34	wird	VAFIN	VAFIN
204	35	/	$(	$(
204	36	als	KOKOM	KOUS
204	37	welche	PWAT	PIS
204	38	nicht	PTKNEG	PTKNEG
204	39	für	APPR	APPR
204	40	sich	PRF	PRF
204	41	/	$(	$(
204	42	sondern	KON	KON
204	43	zufälliger	ADJA	ADJA
204	44	Weise	VVFIN	NN
204	45	die	ART	ART
204	46	Beschwerung	NN	NN
204	47	verursachen	VVINF	VVINF
204	48	/	$(	$(
204	49	sonsten	ADV	ADV
204	50	aber	ADV	ADV
204	51	herrliche	ADJA	ADJA
204	52	/	$(	$(
204	53	und	KON	KON
204	54	gute	ADJA	ADJA
204	55	Arzneien	NN	NN
204	56	sein	VAINF	VAINF
204	57	/	$(	$(
204	58	also	ADV	ADV
204	59	auch	ADV	ADV
204	60	soll	VMFIN	VMFIN
204	61	solch	PIAT	PIAT
204	62	Reißen	NN	NN
204	63	/	$(	$(
204	64	nicht	PTKNEG	PTKNEG
204	65	dem	ART	ART
204	66	Wasser	NN	NN
204	67	/	$(	$(
204	68	sondern	KON	KON
204	69	der	ART	ART
204	70	Unreinigkeit	NN	NN
204	71	der	ART	ART
204	72	Leiber	NN	NN
204	73	/	$(	$(
204	74	Schuld	NN	NN
204	75	gegeben	VVPP	VVPP
204	76	werden	VAINF	VAINF
204	77	.	$.	$.
205	1	bleibt	VVFIN	VVFIN
205	2	demnach	PAV	PAV
205	3	das	ART	ART
205	4	Wasser	NN	NN
205	5	oder	KON	KON
205	6	Brunnen	NN	NN
205	7	für	APPR	APPR
205	8	sich	PRF	PRF
205	9	heilsam	ADJD	ADJD
205	10	/	$(	$(
205	11	herrlich	ADJD	ADJD
205	12	/	$(	$(
205	13	und	KON	KON
205	14	gut	ADJD	ADJD
205	15	.	$.	$.
206	1	desgleichen	KOUS	ADV
206	2	dass	KOUS	KOUS
206	3	er	PPER	PPER
206	4	auch	ADV	ADV
206	5	ein	ART	ART
206	6	herrlich	ADJD	ADJD
206	7	Mittel	NN	NN
206	8	wider	APPR	APPR
206	9	die	ART	ART
206	10	schwere	ADJA	ADJA
206	11	Not	NN	NN
206	12	sei	VAFIN	VAFIN
206	13	/	$(	$(
206	14	ist	VAFIN	VAFIN
206	15	/	$(	$(
206	16	dass	KOUS	KOUS
206	17	ich	PPER	PPER
206	18	anderer	ADJA	PIAT
206	19	viele	ADV	PIAT
206	20	Exempel	NN	NN
206	21	geschweige	KON	ADV
206	22	/	$(	$(
206	23	sonderlich	ADJD	ADJD
206	24	an	APPR	APPR
206	25	einer	ART	ART
206	26	Weibsperson	NN	NN
206	27	zum	APPRART	APPRART
206	28	Breitenbrunnen	NE	NN
206	29	probiert	VVPP	VVPP
206	30	/	$(	$(
206	31	welche	PWAT	PRELS
206	32	täglich	ADJD	ADJD
206	33	etliche	ADJD	PIAT
206	34	Male	NN	NN
206	35	mit	APPR	APPR
206	36	dieser	PDAT	PDAT
206	37	schweren	ADJA	ADJA
206	38	Krankheit	NN	NN
206	39	beladen	VVPP	VVPP
206	40	gewesen	VAPP	VAPP
206	41	/	$(	$(
206	42	aber	KON	KON
206	43	nach	APPR	APPR
206	44	dem	ART	ART
206	45	sie	PPER	PPER
206	46	diesen	PDAT	PDAT
206	47	Brunnen	NN	NN
206	48	gebraucht	VVPP	VVPP
206	49	/	$(	$(
206	50	durch	APPR	APPR
206	51	denselbigen	PDAT	ADJA
206	52	/	$(	$(
206	53	Gott	NN	NN
206	54	Lob	NN	NN
206	55	/	$(	$(
206	56	restituiert	VVPP	VVPP
206	57	worden	VAPP	VAPP
206	58	insonderheit	ADV	NN
206	59	aber	ADV	ADV
206	60	dienen	VVINF	VVFIN
206	61	hierzu	PAV	PAV
206	62	sehr	ADV	ADV
206	63	die	ART	ART
206	64	rötlichen	ADJA	ADJA
206	65	Steinlein	NN	NN
206	66	/	$(	$(
206	67	so	ADV	ADV
206	68	man	PIS	PIS
206	69	an	APPR	APPR
206	70	dem	ART	ART
206	71	Grunde	NN	NN
206	72	findet	VVFIN	VVFIN
206	73	/	$(	$(
206	74	mit	APPR	APPR
206	75	Lindenblütenwasser	NE	NN
206	76	/	$(	$(
206	77	oder	KON	KON
206	78	einem	ART	ART
206	79	anderen	ADJA	PIS
206	80	appropriata	NE	NE
206	81	epilepsiae	NE	NE
206	82	aqua	NE	NE
206	83	den	ART	ART
206	84	Kindern	NN	NN
206	85	eingegeben	VVPP	VVPP
206	86	.	$.	$.
207	1	es	PPER	PPER
207	2	ist	VAFIN	VAFIN
207	3	aber	ADV	ADV
207	4	zu	PTKZU	PTKZU
207	5	wissen	VVINF	VVINF
207	6	/	$(	$(
207	7	dass	KOUS	KOUS
207	8	wie	KOKOM	KOUS
207	9	andere	ADJA	PIS
207	10	Krankheiten	NN	NN
207	11	/	$(	$(
207	12	also	ADV	ADV
207	13	auch	ADV	ADV
207	14	die	ART	ART
207	15	Epilepsia	NE	NN
207	16	bisweilen	ADV	ADV
207	17	nicht	PTKNEG	PTKNEG
207	18	per	APPR	APPR
207	19	[	$(	$(
207	20	Griech.	NN	NN
207	21	]	$(	$(
207	22	ihren	PPOSAT	PPOSAT
207	23	Sitz	NN	NN
207	24	im	APPRART	APPRART
207	25	Gehirn	NN	NN
207	26	habe	VAFIN	VAFIN
207	27	/	$(	$(
207	28	sondern	KON	KON
207	29	es	PPER	PPER
207	30	geschieht	VVFIN	VVFIN
207	31	oft	ADV	ADV
207	32	per	APPR	APPR
207	33	[	$(	$(
207	34	Griech.	NN	NN
207	35	]	$(	$(
207	36	,	$,	$,
207	37	das	ART	PRELS
207	38	von	APPR	APPR
207	39	dem	ART	ART
207	40	Magen	NN	NN
207	41	/	$(	$(
207	42	von	APPR	APPR
207	43	den	ART	ART
207	44	Därmen	NN	NN
207	45	/	$(	$(
207	46	von	APPR	APPR
207	47	den	ART	ART
207	48	Würmern	NN	NN
207	49	/	$(	$(
207	50	von	APPR	APPR
207	51	der	ART	ART
207	52	Leber	NN	NN
207	53	/	$(	$(
207	54	bei	APPR	APPR
207	55	Weibspersonen	NN	NN
207	56	von	APPR	APPR
207	57	der	ART	ART
207	58	Mutter	NN	NN
207	59	/	$(	$(
207	60	oder	KON	KON
207	61	auch	ADV	ADV
207	62	von	APPR	APPR
207	63	einem	ART	ART
207	64	Arm	NN	NN
207	65	oder	KON	KON
207	66	Bein	NN	NN
207	67	etc.	ADV	ADV
207	68	böse	ADJA	ADJA
207	69	/	$(	$(
207	70	faule	ADJA	ADJA
207	71	/	$(	$(
207	72	und	KON	KON
207	73	giftige	ADJA	ADJA
207	74	Dünste	NN	NN
207	75	aufsteigen	VVINF	VVINF
207	76	/	$(	$(
207	77	und	KON	KON
207	78	also	ADV	ADV
207	79	die	ART	ART
207	80	Paroxismos	NE	NN
207	81	Epilepticos	NE	NN
207	82	verursachen	VVINF	VVINF
207	83	.	$.	$.
207	84	Galenus	NN	NE
207	85	lib.	NN	NE
207	86	3.	ADJA	ADJA
207	87	de	NE	NE
207	88	locis	NE	NE
207	89	aff.	NN	NE
207	90	cap.	NN	ADJA
207	91	7.	ADJA	ADJA
207	92	Aêtius	NE	NE
207	93	Tetrab	NE	NN
207	94	.	$.	$.
208	1	2.	ADJA	ADJA
208	2	serm.	NN	ADJA
208	3	2.	ADJA	ADJA
208	4	cap.	NN	ADJA
208	5	r	NE	NN
208	6	3.	ADJA	ADJA
208	7	Alexander	NE	NE
208	8	Trallian.	NN	NE
208	9	lib.	NN	NE
208	10	r-c.	NN	NN
208	11	21.	ADJA	ADJA
208	12	Avicenna	NE	NE
208	13	lib.	NN	NE
208	14	3.	ADJA	ADJA
208	15	tract.	NN	ADJA
208	16	5.	ADJA	ADJA
208	17	c.	NE	NN
208	18	8.	ADJA	ADJA
208	19	wann	PWAV	PWAV
208	20	nun	ADV	ADV
208	21	dem	ART	ART
208	22	also	ADV	ADV
208	23	/	$(	$(
208	24	so	ADV	ADV
208	25	muss	VMFIN	VMFIN
208	26	man	PIS	PIS
208	27	zuvor	ADV	ADV
208	28	von	APPR	APPR
208	29	einem	ART	ART
208	30	verständigen	ADJA	ADJA
208	31	Medico	NE	NE
208	32	die	ART	ART
208	33	Würmer	NN	NN
208	34	/	$(	$(
208	35	die	ART	ART
208	36	böse	ADJA	ADJA
208	37	Materiam	NE	NE
208	38	&	$(	KON
208	39	cetera	NE	NN
208	40	austreiben	VVINF	VVINF
208	41	/	$(	$(
208	42	die	ART	ART
208	43	Mutter	NN	NN
208	44	reinigen	VVINF	VVINF
208	45	/	$(	$(
208	46	des	ART	ART
208	47	Magens	NN	NN
208	48	/	$(	$(
208	49	der	ART	ART
208	50	Leber	NN	NN
208	51	Intemperiem	NE	NN
208	52	korrigieren	VVINF	VVINF
208	53	und	KON	KON
208	54	alterieren	VVINF	VVINF
208	55	/	$(	$(
208	56	oder	KON	KON
208	57	was	PWS	PWS
208	58	sonsten	ADV	ADV
208	59	die	ART	ART
208	60	Indicantia	NE	NE
208	61	erfordern	VVINF	VVINF
208	62	und	KON	KON
208	63	einem	ART	ART
208	64	Medico	NE	NE
208	65	gebührt	VVFIN	VVFIN
208	66	tun	VVINF	VVINF
208	67	lassen	VVINF	VVINF
208	68	/	$(	$(
208	69	als	KOKOM	KOKOM
208	70	dann	ADV	ADV
208	71	mag	VMFIN	VMFIN
208	72	man	PIS	PIS
208	73	wohl	ADV	ADV
208	74	zu	PTKZU	APPR
208	75	Stärkung	NN	NN
208	76	des	ART	ART
208	77	Gehirns	NN	NN
208	78	etc.	ADV	ADV
208	79	dies	PDS	PDS
208	80	specificum	NN	ADJA
208	81	epilepsiae	NE	NE
208	82	,	$,	$,
208	83	den	ART	ART
208	84	Brunnen	NN	NN
208	85	gebrauchen	VVINF	VVINF
208	86	/	$(	$(
208	87	so	ADV	ADV
208	88	wird	VAFIN	VAFIN
208	89	es	PPER	PPER
208	90	als	KOKOM	KOKOM
208	91	dann	ADV	ADV
208	92	/	$(	$(
208	93	da	ADV	ADV
208	94	sonsten	ADV	NN
208	95	in	APPR	APPR
208	96	Verbleibung	NN	NN
208	97	gedachter	ADJA	ADJA
208	98	Sachen	NN	NN
208	99	der	ART	ART
208	100	Brunnen	NN	NN
208	101	wenig	PIS	ADV
208	102	fruchten	VVINF	VVINF
208	103	würde	VAFIN	VAFIN
208	104	/	$(	$(
208	105	mit	APPR	APPR
208	106	göttlicher	ADJD	ADJA
208	107	Hilfe	NN	NN
208	108	ohne	APPR	APPR
208	109	Frucht	NN	NN
208	110	nicht	PTKNEG	PTKNEG
208	111	abgehen	VVINF	VVINF
208	112	/	$(	$(
208	113	so	ADV	ADV
208	114	fern	ADJA	ADJD
208	115	die	ART	ART
208	116	Krankheit	NN	NN
208	117	möglich	ADJD	ADJD
208	118	zu	PTKZU	PTKZU
208	119	kurieren	VVINF	VVINF
208	120	/	$(	$(
208	121	und	KON	KON
208	122	die	ART	ART
208	123	Person	NN	NN
208	124	nicht	PTKNEG	PTKNEG
208	125	zu	PTKZU	PTKA
208	126	alt	ADJD	ADJD
208	127	.	$.	$.
209	1	dann	ADV	ADV
209	2	wie	KOKOM	KOKOM
209	3	Hippocrates	NN	NN
209	4	sagt	VVFIN	VVFIN
209	5	libr.	NN	NE
209	6	5.	ADJA	ADJA
209	7	Aphoris	NE	NN
209	8	.	$.	$.
210	1	7.	FM	ADJA
210	2	Comitiales	FM	NN
210	3	morbi	FM	NE
210	4	,	$,	$,
210	5	aut	FM	ADJA
210	6	convulsiones	FM	NN
210	7	Epilepticæ	FM	NN
210	8	,	$,	$,
210	9	quibus	FM	NN
210	10	ante	FM	ADJA
210	11	pubertatem	FM	NN
210	12	eveniunt	FM	NE
210	13	,	$,	$,
210	14	curationem	FM	NN
210	15	recipiunt	FM	NN
210	16	,	$,	$,
210	17	At	FM	NE
210	18	quibus	FM	NN
210	19	eæ	FM	NE
210	20	eveniunt	FM	NE
210	21	vigesimo	FM	NE
210	22	quinto	FM	NE
210	23	ætatis	FM	ADJA
210	24	anno	FM	NE
210	25	,	$,	$,
210	26	maximam	FM	ADJA
210	27	partem	FM	ADJA
210	28	commoriuntur	FM	NN
210	29	:	$.	$.
211	1	Vel	FM	NE
211	2	,	$,	$,
211	3	ut	FM	ADJA
211	4	Galenus	FM	NE
211	5	paulò	FM	NN
211	6	aliter	FM	NE
211	7	in	FM	APPR
211	8	Comment	FM	NE
211	9	.	$.	$.
211	10	hujus	FM	NE
211	11	Aphorismi	FM	NN
211	12	reddidit	FM	NE
211	13	:	$.	$.
212	1	Comitiales	FM	ADJA
212	2	affectus	FM	NN
212	3	qui	FM	NE
212	4	ante	FM	ADJA
212	5	pubertatem	FM	ADJA
212	6	ortum	FM	NN
212	7	habent	FM	VVFIN
212	8	.	$.	$.
212	9	pubertatis	FM	NE
212	10	tempore	FM	NN
212	11	solvuntur	FM	NN
212	12	;	$.	$.
212	13	qui	FM	NE
212	14	vero	FM	NE
212	15	ultra	FM	NE
212	16	pubertatem	FM	ADJA
212	17	longius	FM	NE
212	18	sunt	FM	VVFIN
212	19	progressi	FM	NE
212	20	,	$,	$,
212	21	ferè	FM	ADJA
212	22	commoriuntur	FM	NN
212	23	.	$.	$.
213	1	dass	KOUS	KOUS
213	2	ferner	ADV	ADJD
213	3	dieser	PDAT	PDAT
213	4	Brunnen	NN	NN
213	5	dem	ART	ART
213	6	Magen	NN	NN
213	7	nicht	PTKNEG	PTKNEG
213	8	schädlich	ADJD	ADJD
213	9	/	$(	$(
213	10	sondern	KON	KON
213	11	nützlich	ADJD	ADJD
213	12	sei	VAFIN	VAFIN
213	13	/	$(	$(
213	14	ist	VAFIN	VAFIN
213	15	daher	PAV	PAV
213	16	leichtlich	ADJD	ADV
213	17	abzunehmen	VVINF	VVIZU
213	18	/	$(	$(
213	19	das	ART	PDS
213	20	/	$(	$(
213	21	wann	PWAV	PWAV
213	22	einer	ART	PIS
213	23	/	$(	$(
213	24	der	ART	PRELS
213	25	schon	ADV	ADV
213	26	einen	ART	ART
213	27	blöden	ADJA	ADJA
213	28	Magen	NN	NN
213	29	hat	VAFIN	VAFIN
213	30	/	$(	$(
213	31	dieses	PDAT	PDAT
213	32	Wassers	NN	NN
213	33	gleich	ADV	APPR
213	34	eine	ART	ART
213	35	gute	ADJA	ADJA
213	36	Notdurft	NN	NN
213	37	trinkt	VVFIN	VVFIN
213	38	/	$(	$(
213	39	doch	ADV	ADV
213	40	kein	PIAT	PIAT
213	41	Blähen	NN	NN
213	42	oder	KON	KON
213	43	Tension	NN	NN
213	44	in	APPR	APPR
213	45	den	ART	ART
213	46	Weichen	VVINF	NN
213	47	oder	KON	KON
213	48	Hypochondriis	NE	NN
213	49	fühlt	VVFIN	VVFIN
213	50	/	$(	$(
213	51	ja	ADV	ADV
213	52	viele	ADV	PIAT
213	53	Leute	NN	NN
213	54	/	$(	$(
213	55	so	ADV	ADV
213	56	Unlust	NN	NN
213	57	zum	APPRART	APPRART
213	58	Essen	NE	NN
213	59	/	$(	$(
213	60	Undäuen	NE	NN
213	61	/	$(	$(
213	62	Drückung	NN	NN
213	63	und	KON	KON
213	64	Beschwerung	NN	NN
213	65	des	ART	ART
213	66	Magens	NN	NN
213	67	gehabt	VAPP	VAPP
213	68	/	$(	$(
213	69	vom	APPRART	APPRART
213	70	Gebrauch	NN	NN
213	71	dieses	PDAT	PDAT
213	72	Brunnens	NN	NN
213	73	sein	VAINF	PPOSAT
213	74	wieder	ADV	ADV
213	75	zu	PTKZU	PTKA
213	76	recht	ADJD	ADJD
213	77	kommen	VVFIN	VVINF
213	78	.	$.	$.
214	1	wie	PWAV	KOKOM
214	2	dann	ADV	ADV
214	3	dies	PDS	PDS
214	4	nicht	PTKNEG	PTKNEG
214	5	allein	ADV	ADV
214	6	zu	PTKZU	PTKZU
214	7	beweisen	VVINF	VVINF
214	8	/	$(	$(
214	9	sondern	KON	KON
214	10	es	PPER	PPER
214	11	bekennen	VVFIN	VVFIN
214	12	auch	ADV	ADV
214	13	alte	ADJA	ADJA
214	14	Leute	NN	NN
214	15	/	$(	$(
214	16	das	ART	PDS
214	17	da	ADV	ADV
214	18	sie	PPER	PPER
214	19	vorhin	ADV	ADV
214	20	matt	PTKVZ	ADJD
214	21	/	$(	$(
214	22	müde	ADJD	ADJD
214	23	/	$(	$(
214	24	und	KON	KON
214	25	ganz	ADV	ADV
214	26	unlustig	ADJD	ADJD
214	27	gewesen	VAPP	VAPP
214	28	/	$(	$(
214	29	nach	APPR	APPR
214	30	diesem	PDAT	PDAT
214	31	Brunnen	NN	NN
214	32	aber	ADV	ADV
214	33	frisch	ADJD	ADJD
214	34	/	$(	$(
214	35	hurtig	ADJD	ADJD
214	36	/	$(	$(
214	37	lustig	ADJD	ADJD
214	38	/	$(	$(
214	39	und	KON	KON
214	40	wie	KOKOM	KOUS
214	41	sie	PPER	PPER
214	42	sagen	VVINF	VVINF
214	43	/	$(	$(
214	44	gleich	ADV	ADJD
214	45	als	KOKOM	KOKOM
214	46	wären	VAFIN	VAFIN
214	47	sie	PPER	PPER
214	48	neu	ADJD	ADJD
214	49	geboren	VVPP	VVPP
214	50	/	$(	$(
214	51	worden	VAPP	VAPP
214	52	sein	VAINF	VAINF
214	53	.	$.	$.
215	1	dannenher	NE	ADV
215	2	das	ART	PDS
215	3	dieser	PDAT	PDAT
215	4	Brunnen	NN	NN
215	5	das	ART	ART
215	6	Herz	NN	NN
215	7	stärke	NN	VVFIN
215	8	/	$(	$(
215	9	den	ART	ART
215	10	vigorem	NE	NN
215	11	und	KON	KON
215	12	die	ART	ART
215	13	Spiritus	NE	NN
215	14	cordis	NE	NE
215	15	reficire	NE	VVFIN
215	16	,	$,	$,
215	17	von	APPR	APPR
215	18	welchem	PWAT	PRELS
215	19	fonte	NE	NN
215	20	vitae	NE	NE
215	21	&	$(	KON
215	22	caloris	NE	NN
215	23	danach	PAV	PAV
215	24	in	APPR	APPR
215	25	alle	PIAT	PIAT
215	26	Glieder	NN	NN
215	27	der	ART	ART
215	28	calor	NE	NE
215	29	influens	NE	NN
215	30	abgeteilt	VVPP	VVPP
215	31	wird	VAFIN	VAFIN
215	32	/	$(	$(
215	33	und	KON	KON
215	34	sonderlich	ADJD	ADJD
215	35	alten	ADJA	ADJA
215	36	Leuten	NN	NN
215	37	wohl	ADV	ADV
215	38	bekomme	VVFIN	VVFIN
215	39	/	$(	$(
215	40	genugsam	ADJD	ADV
215	41	abzunehmen	VVINF	VVIZU
215	42	ist	VAFIN	VAFIN
215	43	.	$.	$.
216	1	letztlich	ADV	ADV
216	2	so	ADV	ADV
216	3	dient	VVFIN	VVFIN
216	4	er	PPER	PPER
216	5	auch	ADV	ADV
216	6	den	ART	ART
216	7	Weibspersonen	NN	NN
216	8	sehr	ADV	ADV
216	9	wohl	ADV	ADV
216	10	/	$(	$(
216	11	wider	APPR	APPR
216	12	das	ART	ART
216	13	Aufsteigen	VVINF	NN
216	14	/	$(	$(
216	15	und	KON	KON
216	16	andere	ADJA	PIS
216	17	Beschwerung	NN	NN
216	18	der	ART	ART
216	19	Mutter	NN	NN
216	20	.	$.	$.
217	1	dann	ADV	ADV
217	2	ihr	PPOSAT	PPOSAT
217	3	viel	ADV	ADV
217	4	/	$(	$(
217	5	so	ADV	ADV
217	6	über	APPR	APPR
217	7	das	ART	ART
217	8	Herz	NN	NN
217	9	/	$(	$(
217	10	auch	ADV	ADV
217	11	Seiten	NN	NN
217	12	geklagt	VVPP	VVPP
217	13	/	$(	$(
217	14	bleiche	ADJA	ADJA
217	15	Farbe	NN	NN
217	16	/	$(	$(
217	17	Unlust	NN	NN
217	18	zum	APPRART	APPRART
217	19	Essen	NE	NN
217	20	gehabt	VAPP	VAPP
217	21	/	$(	$(
217	22	mit	APPR	APPR
217	23	Mattigkeit	NN	NN
217	24	und	KON	KON
217	25	schweren	ADJA	ADJA
217	26	Atem	NN	NN
217	27	/	$(	$(
217	28	wann	PWAV	PWAV
217	29	sie	PPER	PPER
217	30	irgend	ADV	ADV
217	31	eine	ART	ART
217	32	Stiege	NN	NN
217	33	oder	KON	KON
217	34	Hügellein	NN	NN
217	35	steigen	VVINF	VVINF
217	36	wollen	VMFIN	VMFIN
217	37	/	$(	$(
217	38	beladen	VVPP	VVPP
217	39	gewesen	VAPP	VAPP
217	40	/	$(	$(
217	41	von	APPR	APPR
217	42	diesem	PDAT	PDAT
217	43	Brunnen	NN	NN
217	44	merkliche	ADJA	ADJA
217	45	Hilfe	NN	NN
217	46	gespürt	VVPP	VVPP
217	47	haben	VAFIN	VAFIN
217	48	.	$.	$.
218	1	aber	KON	KON
218	2	hier	ADV	ADV
218	3	steht	VVFIN	VVFIN
218	4	uns	PPER	PPER
218	5	noch	ADV	ADV
218	6	etwas	PIS	ADV
218	7	im	APPRART	APPRART
218	8	Wege	NN	NN
218	9	/	$(	$(
218	10	welches	PRELS	PRELS
218	11	/	$(	$(
218	12	wo	PWAV	PWAV
218	13	es	PPER	PPER
218	14	nicht	PTKNEG	PTKNEG
218	15	daraus	PAV	PAV
218	16	geräumt	VVPP	VVPP
218	17	/	$(	$(
218	18	diesen	PDAT	PDAT
218	19	Brunnen	NN	NN
218	20	etwas	PIS	ADV
218	21	verdunkeln	VVINF	VVINF
218	22	möchte	VMFIN	VMFIN
218	23	.	$.	$.
219	1	dann	ADV	ADV
219	2	/	$(	$(
219	3	wie	KOKOM	KOUS
219	4	ich	PPER	PPER
219	5	vernommen	VVPP	VVPP
219	6	/	$(	$(
219	7	trägt	VVFIN	VVFIN
219	8	es	PPER	PPER
219	9	sich	PRF	PRF
219	10	bei	APPR	APPR
219	11	etlichen	ADJA	PIAT
219	12	Weibspersonen	NN	NN
219	13	zu	PTKZU	PTKVZ
219	14	/	$(	$(
219	15	das	ART	ART
219	16	wann	PWAV	PWAV
219	17	sie	PPER	PPER
219	18	vor	APPR	APPR
219	19	das	ART	ART
219	20	Herzpochen	NN	NN
219	21	diesen	PDAT	PDAT
219	22	Brunnen	NN	NN
219	23	trinken	VVFIN	VVINF
219	24	/	$(	$(
219	25	eine	ART	ART
219	26	Geschwulst	NN	NN
219	27	sich	PRF	PRF
219	28	findet	VVFIN	VVFIN
219	29	/	$(	$(
219	30	welche	PWAT	PRELS
219	31	so	ADV	ADV
219	32	es	PPER	PPER
219	33	von	APPR	APPR
219	34	diesem	PDAT	PDAT
219	35	Brunnen	NN	NN
219	36	herkäme	VVFIN	VVFIN
219	37	/	$(	$(
219	38	ja	ADV	ADV
219	39	derselbe	PDAT	PDS
219	40	den	ART	ART
219	41	Weibsbildern	NN	NN
219	42	hierinnen	PAV	NN
219	43	nicht	PTKNEG	PTKNEG
219	44	dienlich	ADJD	ADJD
219	45	/	$(	$(
219	46	sondern	KON	KON
219	47	viel	ADV	ADV
219	48	mehr	ADV	ADV
219	49	schädlich	ADJD	ADJD
219	50	wäre	VAFIN	VAFIN
219	51	.	$.	$.
220	1	hierauf	PAV	PAV
220	2	ist	VAFIN	VAFIN
220	3	nun	ADV	ADV
220	4	meine	PPOSAT	PPOSAT
220	5	Antwort	NN	NN
220	6	/	$(	$(
220	7	das	ART	ART
220	8	in	APPR	APPR
220	9	der	ART	ART
220	10	Kur	NN	NN
220	11	des	ART	ART
220	12	Herzpochens	NN	NN
220	13	nicht	PTKNEG	PTKNEG
220	14	so	ADV	ADV
220	15	fast	ADV	ADV
220	16	auf	APPR	APPR
220	17	das	ART	ART
220	18	verhaltene	ADJA	ADJA
220	19	Geblüt	NN	NN
220	20	in	APPR	APPR
220	21	den	ART	ART
220	22	Adern	NN	NN
220	23	der	ART	ART
220	24	Mutter	NN	NN
220	25	/	$(	$(
220	26	als	KOKOM	KOKOM
220	27	auf	APPR	APPR
220	28	die	ART	ART
220	29	Verstopfung	NN	NN
220	30	der	ART	ART
220	31	Venarum	NE	NN
220	32	mesaraicarum	NE	NN
220	33	oder	KON	KON
220	34	der	ART	ART
220	35	Adern	NN	NN
220	36	/	$(	$(
220	37	welche	PWAT	PRELS
220	38	die	ART	ART
220	39	Nahrung	NN	NN
220	40	von	APPR	APPR
220	41	dem	ART	ART
220	42	Magen	NN	NN
220	43	und	KON	KON
220	44	Därmen	NN	NN
220	45	zur	APPRART	APPRART
220	46	Leber	NN	NN
220	47	führen	VVINF	VVINF
220	48	/	$(	$(
220	49	und	KON	KON
220	50	auf	APPR	APPR
220	51	die	ART	ART
220	52	Leber	NN	NN
220	53	selbsten	ADV	VVFIN
220	54	/	$(	$(
220	55	welche	PWAT	PRELS
220	56	verderbt	ADJD	VVFIN
220	57	/	$(	$(
220	58	und	KON	KON
220	59	kein	PIAT	PIAT
220	60	gutes	ADJD	ADJA
220	61	/	$(	$(
220	62	sondern	KON	KON
220	63	wässriges	ADJD	ADJA
220	64	und	KON	KON
220	65	phlegmatisches	ADJD	ADJA
220	66	Geblüt	NN	NN
220	67	wirkt	VVFIN	VVFIN
220	68	/	$(	$(
220	69	zu	PTKZU	PTKZU
220	70	sehen	VVINF	VVINF
220	71	:	$.	$.
220	72	daher	PAV	PAV
220	73	der	ART	ART
220	74	fürnehme	ADJA	ADJA
220	75	Medikus	NN	NN
220	76	zu	PTKZU	APPR
220	77	Basel	NE	NE
220	78	Felix	NE	NE
220	79	Platerus	NE	NN
220	80	wohl	ADV	ADV
220	81	von	APPR	APPR
220	82	dieser	PDAT	PDAT
220	83	Cachexia	NE	NN
220	84	im	APPRART	APPRART
220	85	Herzpochen	NE	NN
220	86	/	$(	$(
220	87	weißen	ADJA	ADJA
220	88	Fieber	NN	NN
220	89	/	$(	$(
220	90	oder	KON	KON
220	91	morbo	NE	NE
220	92	virgineo	NE	NE
220	93	gesagt	VVPP	VVPP
220	94	:	$.	$.
221	1	Nos	FM	NE
221	2	non	FM	ADJA
221	3	amplectimur	FM	NN
221	4	sententiam	FM	NE
221	5	eorum	FM	NN
221	6	,	$,	$,
221	7	qui	FM	NE
221	8	dicunt	FM	NE
221	9	,	$,	$,
221	10	quod	FM	NN
221	11	ex	FM	FM
221	12	mensibus	FM	NN
221	13	suppressis	FM	NE
221	14	causetur	FM	NN
221	15	Cachexia	FM	NE
221	16	:	$.	$.
221	17	cum	FM	NN
221	18	Cachexia	FM	NE
221	19	ipsa	FM	NE
221	20	pariat	FM	NE
221	21	hanc	FM	NE
221	22	mensium	FM	NN
221	23	suppressionem	FM	NN
221	24	,	$,	$,
221	25	quod	FM	NE
221	26	diligenter	FM	ADJA
221	27	notandum	FM	NN
221	28	contra	FM	NN
221	29	opinionem	FM	NN
221	30	vulgi	FM	NE
221	31	huic	FM	NE
221	32	nostræ	FM	NE
221	33	contrariam	FM	NE
221	34	.	$.	$.
222	1	Nos	FM	ADJA
222	2	dicimus	FM	NN
222	3	;	$.	$.
222	4	Quia	FM	NE
222	5	sanguis	FM	NE
222	6	non	FM	ADJA
222	7	generatur	FM	NN
222	8	in	FM	APPR
222	9	Epate	FM	NE
222	10	:	$.	$.
222	11	ideo	FM	NE
222	12	menstrua	FM	NN
222	13	supprimuntur	FM	NN
222	14	:	$.	$.
222	15	ideoq̒ue	FM	NN
222	16	tunc	FM	VVFIN
222	17	frustra	FM	NE
222	18	laborant	FM	NE
222	19	Medici	FM	NE
222	20	in	FM	APPR
222	21	promovendis	FM	NE
222	22	mensibus	FM	NN
222	23	.	$.	$.
223	1	Nam	FM	NE
223	2	nisi	FM	NE
223	3	adsit	FM	NE
223	4	sanguinis	FM	NE
223	5	copia	FM	NE
223	6	,	$,	$,
223	7	menses	FM	ADJA
223	8	non	FM	ADJA
223	9	fluunt	FM	NN
223	10	,	$,	$,
223	11	quicquid	FM	NE
223	12	etiam	FM	NE
223	13	moliantur	FM	NN
223	14	.	$.	$.
224	1	weil	KOUS	KOUS
224	2	denn	KON	ADV
224	3	dem	ART	PDS
224	4	also	ADV	ADV
224	5	/	$(	$(
224	6	und	KON	KON
224	7	bei	APPR	APPR
224	8	denen	PRELS	PDS
224	9	Personen	NN	NN
224	10	/	$(	$(
224	11	so	ADV	ADV
224	12	mit	APPR	APPR
224	13	dem	ART	ART
224	14	Herzpochen	NN	NN
224	15	beladen	VVPP	VVPP
224	16	/	$(	$(
224	17	keine	PIAT	PIAT
224	18	tüchtige	ADJA	ADJA
224	19	genugsame	ADJA	ADJA
224	20	purgationes	NE	NN
224	21	vorher	ADV	ADV
224	22	gegangen	VVPP	VVPP
224	23	/	$(	$(
224	24	welche	PWAT	PRELS
224	25	die	ART	ART
224	26	Materiam	NE	NN
224	27	aus	APPR	APPR
224	28	dem	ART	ART
224	29	Magen	NN	NN
224	30	und	KON	KON
224	31	primis	NE	NE
224	32	viis	NE	NE
224	33	ausgetrieben	VVPP	VVPP
224	34	/	$(	$(
224	35	viel	ADV	ADV
224	36	weniger	ADV	ADV
224	37	die	ART	ART
224	38	Verstopfung	NN	NN
224	39	der	ART	ART
224	40	Leber	NN	NN
224	41	und	KON	KON
224	42	gedachter	ADJA	ADJA
224	43	Ader	NN	NN
224	44	des	ART	ART
224	45	Gekröses	NN	NN
224	46	eröffnet	VVPP	VVPP
224	47	/	$(	$(
224	48	als	KOKOM	KOKOM
224	49	ist	VAFIN	VAFIN
224	50	es	PPER	PPER
224	51	nicht	PTKNEG	PTKNEG
224	52	Wunder	NN	NN
224	53	/	$(	$(
224	54	dass	KOUS	KOUS
224	55	dieser	PDAT	PDAT
224	56	Brunnen	NN	NN
224	57	die	ART	ART
224	58	böse	ADJA	ADJA
224	59	Materiam	NE	NN
224	60	aus	APPR	APPR
224	61	gedachten	VVFIN	ADJA
224	62	Örtern	VVINF	NN
224	63	genommen	VVPP	VVPP
224	64	/	$(	$(
224	65	in	APPR	APPR
224	66	das	ART	ART
224	67	Abdomen	NN	NN
224	68	zwischen	APPR	APPR
224	69	Fell	NN	NN
224	70	und	KON	KON
224	71	Fleisch	NN	NN
224	72	/	$(	$(
224	73	und	KON	KON
224	74	in	APPR	APPR
224	75	die	ART	ART
224	76	Beine	NN	NN
224	77	/	$(	$(
224	78	als	KOKOM	KOKOM
224	79	partes	NE	ADJA
224	80	ignobiliores	NE	NE
224	81	&	$(	KON
224	82	longissimè	NE	NE
224	83	à	NE	FM
224	84	corde	NE	NE
224	85	caloris	NE	NE
224	86	nativi	NE	NE
224	87	domicilio	NE	NE
224	88	sitas	NE	NE
224	89	getrieben	VVPP	VVPP
224	90	hat	VAFIN	VAFIN
224	91	.	$.	$.
225	1	derowegen	ADV	NN
225	2	die	ART	ART
225	3	Schuld	NN	NN
225	4	hierin	ADV	PAV
225	5	dem	ART	ART
225	6	Brunnen	NN	NN
225	7	nicht	PTKNEG	PTKNEG
225	8	gegeben	VVPP	VVPP
225	9	werden	VAINF	VAINF
225	10	soll	VMFIN	VMFIN
225	11	/	$(	$(
225	12	sondern	KON	KON
225	13	es	PPER	PPER
225	14	sind	VAFIN	VAFIN
225	15	die	ART	ART
225	16	Personen	NN	NN
225	17	so	ADV	ADV
225	18	den	ART	ART
225	19	Brunnen	NN	NN
225	20	zu	PTKZU	APPR
225	21	unrechter	ADJA	ADJA
225	22	Zeit	NN	NN
225	23	gebraucht	VVPP	VVPP
225	24	/	$(	$(
225	25	und	KON	KON
225	26	gleich	ADV	ADJD
225	27	die	ART	ART
225	28	Pferde	NN	NN
225	29	hinten	ADV	ADV
225	30	an	APPR	APPR
225	31	Wagen	NN	NN
225	32	gespannt	ADJD	VVPP
225	33	/	$(	$(
225	34	Ursache	NN	NN
225	35	dran	PAV	PAV
225	36	.	$.	$.
226	1	und	KON	KON
226	2	ist	VAFIN	VAFIN
226	3	solches	PIAT	PIS
226	4	nichts	PIS	PIAT
226	5	Neues	ADJA	NN
226	6	/	$(	$(
226	7	sintemal	KOUS	ADV
226	8	in	APPR	APPR
226	9	anderen	ADJA	PIS
226	10	vornehmen	VVINF	ADJA
226	11	Mitteln	NN	NN
226	12	dergleichen	PIS	PIS
226	13	geschieht	VVFIN	VVFIN
226	14	.	$.	$.
227	1	als	KOKOM	KOKOM
227	2	zum	APPRART	APPRART
227	3	Exempel	NN	NN
227	4	;	$.	$.
227	5	die	ART	ART
227	6	Wurzel	NN	NN
227	7	Sarsa	NE	NE
227	8	parillae	NE	NE
227	9	,	$,	$,
227	10	und	KON	KON
227	11	das	ART	ART
227	12	Lignum	NE	NN
227	13	Guaiacum	NE	NN
227	14	,	$,	$,
227	15	item	NN	ADV
227	16	die	ART	ART
227	17	Radix	NE	NN
227	18	Chinae	ADJA	NE
227	19	,	$,	$,
227	20	sind	VAFIN	VAFIN
227	21	herrliche	ADJA	ADJA
227	22	Dinge	NN	NN
227	23	alle	PIAT	PIAT
227	24	alte	ADJA	ADJA
227	25	Verstopfung	NN	NN
227	26	zu	PTKZU	PTKZU
227	27	eröffnen	VVINF	VVINF
227	28	/	$(	$(
227	29	und	KON	KON
227	30	insonderheit	ADV	NN
227	31	auch	ADV	ADV
227	32	die	ART	ART
227	33	Wassersucht	NN	NN
227	34	zu	PTKZU	PTKZU
227	35	kurieren	VVINF	VVINF
227	36	.	$.	$.
228	1	wann	PWAV	PWAV
228	2	man	PIS	PIS
228	3	aber	ADV	ADV
228	4	diese	PDAT	PDAT
228	5	Mittel	NN	NN
228	6	braucht	VVFIN	VVFIN
228	7	in	APPR	APPR
228	8	einem	ART	ART
228	9	unreinem	ADJA	ADJA
228	10	Leib	NN	NN
228	11	/	$(	$(
228	12	der	ART	ART
228	13	nicht	PTKNEG	PTKNEG
228	14	zuvor	ADV	ADV
228	15	genugsam	ADJD	ADV
228	16	purgiert	VVFIN	VVFIN
228	17	/	$(	$(
228	18	so	ADV	ADV
228	19	werden	VAINF	VAFIN
228	20	die	ART	ART
228	21	Verstopfungen	NN	NN
228	22	nicht	PTKNEG	PTKNEG
228	23	allein	ADV	ADV
228	24	nicht	PTKNEG	PTKNEG
228	25	eröffnet	VVPP	VVPP
228	26	/	$(	$(
228	27	sondern	KON	KON
228	28	noch	ADV	ADV
228	29	ärger	ADJD	ADJD
228	30	/	$(	$(
228	31	in	APPR	APPR
228	32	dem	ART	ART
228	33	die	ART	ART
228	34	Materia	NN	NN
228	35	/	$(	$(
228	36	so	ADV	ADV
228	37	noch	ADV	ADV
228	38	im	APPRART	APPRART
228	39	Magen	NN	NN
228	40	und	KON	KON
228	41	primis	NE	NE
228	42	viis	NE	NE
228	43	,	$,	$,
228	44	oder	KON	KON
228	45	noch	ADV	ADV
228	46	in	APPR	APPR
228	47	venis	NE	NE
228	48	ist	VAFIN	VAFIN
228	49	/	$(	$(
228	50	weiter	ADV	ADV
228	51	und	KON	KON
228	52	in	APPR	APPR
228	53	habitum	NE	NN
228	54	totius	NE	NE
228	55	corporis	NE	NE
228	56	auch	ADV	ADV
228	57	darzu	PAV	ADV
228	58	geführt	VVPP	VVPP
228	59	wird	VAFIN	VAFIN
228	60	/	$(	$(
228	61	ja	ADV	ADV
228	62	es	PPER	PPER
228	63	entsteht	VVFIN	VVFIN
228	64	wohl	ADV	ADV
228	65	ein	ART	ART
228	66	Fieber	NN	NN
228	67	oder	KON	KON
228	68	Wassersucht	NN	NN
228	69	/	$(	$(
228	70	oder	KON	KON
228	71	zum	APPRART	APPRART
228	72	Wenigsten	PIAT	NN
228	73	eine	ART	ART
228	74	Cachexia	NE	NN
228	75	daraus	PAV	PAV
228	76	.	$.	$.
229	1	das	ART	ART
229	2	vierte	ADJA	ADJA
229	3	und	KON	KON
229	4	letzte	ADJA	ADJA
229	5	Kapitel	NN	NN
229	6	.	$.	$.
230	1	wie	PWAV	KOUS
230	2	man	PIS	PIS
230	3	solchen	PIAT	PIAT
230	4	Brunnen	NN	NN
230	5	recht	ADJD	ADJD
230	6	und	KON	KON
230	7	nützlich	ADJD	ADJD
230	8	gebrauchen	VVINF	VVINF
230	9	solle	VMFIN	VMFIN
230	10	.	$.	$.
231	1	demnach	PAV	PAV
231	2	nun	ADV	ADV
231	3	angezeigt	VVPP	VVPP
231	4	/	$(	$(
231	5	das	ART	ART
231	6	aus	APPR	APPR
231	7	unrechtem	ADJA	ADJA
231	8	Brauch	NN	NN
231	9	dieses	PDAT	PDAT
231	10	Brunnens	NN	NN
231	11	ja	ADV	ADV
231	12	so	ADV	ADV
231	13	bald	ADV	ADV
231	14	was	PWS	PIAT
231	15	Böses	NN	NN
231	16	/	$(	$(
231	17	als	KOKOM	KOKOM
231	18	Gutes	NN	NN
231	19	entstehe	VVFIN	VVFIN
231	20	/	$(	$(
231	21	als	KOKOM	KOKOM
231	22	wird	VAFIN	VAFIN
231	23	hiermit	PAV	PAV
231	24	jedermänniglich	ADJD	ADJD
231	25	erinnert	VVFIN	VVPP
231	26	/	$(	$(
231	27	dass	KOUS	KOUS
231	28	er	PPER	PPER
231	29	sich	PRF	PRF
231	30	zuvor	ADV	ADV
231	31	wohl	ADV	ADV
231	32	in	APPR	APPR
231	33	Acht	CARD	NN
231	34	nehme	VVFIN	VVFIN
231	35	/	$(	$(
231	36	damit	PAV	KOUS
231	37	nicht	PTKNEG	PTKNEG
231	38	durch	APPR	APPR
231	39	solchen	PIAT	PIAT
231	40	Missbrauch	NN	NN
231	41	der	ART	ART
231	42	Brunnen	NN	NN
231	43	in	APPR	APPR
231	44	Verdacht	NN	NN
231	45	gezogen	VVPP	VVPP
231	46	werde	VAFIN	VAFIN
231	47	/	$(	$(
231	48	oder	KON	KON
231	49	man	PIS	PIS
231	50	ihm	PPER	PPER
231	51	selbsten	ADV	ADJA
231	52	Geschwulst	NN	NN
231	53	/	$(	$(
231	54	Reißen	NN	NN
231	55	/	$(	$(
231	56	und	KON	KON
231	57	andere	ADJA	PIS
231	58	Beschwerung	NN	NN
231	59	auf	APPR	APPR
231	60	den	ART	ART
231	61	Hals	NN	NN
231	62	ziehe	VVFIN	VVFIN
231	63	/	$(	$(
231	64	wie	PWAV	KOKOM
231	65	ohne	APPR	APPR
231	66	das	ART	PDS
231	67	des	ART	ART
231	68	gemeinen	ADJA	ADJA
231	69	unverständigen	ADJA	ADJA
231	70	Pöbels	NN	NN
231	71	Brauch	NN	NN
231	72	ist	VAFIN	VAFIN
231	73	dass	KOUS	KOUS
231	74	er	PPER	PPER
231	75	anfänglich	NE	ADJD
231	76	/	$(	$(
231	77	wenn	KOUS	KOUS
231	78	solche	PIAT	PIAT
231	79	Brunnen	NN	NN
231	80	und	KON	KON
231	81	Bäder	NN	NN
231	82	neu	ADJD	ADJD
231	83	sein	VAINF	VAINF
231	84	/	$(	$(
231	85	mit	APPR	APPR
231	86	Gewalt	NN	NN
231	87	zuläuft	VVFIN	VVFIN
231	88	/	$(	$(
231	89	ohne	APPR	APPR
231	90	alle	PIAT	PIAT
231	91	nötige	ADJA	ADJA
231	92	Vorbereitung	NN	NN
231	93	/	$(	$(
231	94	als	KOKOM	KOKOM
231	95	dienten	VVFIN	VVFIN
231	96	dieselbigen	PDAT	ADJA
231	97	allein	ADV	ADV
231	98	vor	APPR	APPR
231	99	alle	PIAT	PIAT
231	100	Krankheiten	NN	NN
231	101	/	$(	$(
231	102	hernach	ADV	ADV
231	103	aber	ADV	ADV
231	104	/	$(	$(
231	105	wenn	KOUS	KOUS
231	106	es	PPER	PPER
231	107	nicht	PTKNEG	PTKNEG
231	108	nach	APPR	APPR
231	109	ihren	PPOSAT	PPOSAT
231	110	Willen	NN	NN
231	111	geht	VVFIN	VVFIN
231	112	/	$(	$(
231	113	mit	APPR	APPR
231	114	gleicher	ADJA	ADJA
231	115	Unbedachtsamkeit	NN	NN
231	116	/	$(	$(
231	117	als	KOKOM	KOKOM
231	118	sie	PPER	PPER
231	119	zu	PTKZU	PTKZU
231	120	gelauffen	VVPP	VVFIN
231	121	/	$(	$(
231	122	hinweg	APZR	ADV
231	123	gelaufen	VVFIN	VVPP
231	124	/	$(	$(
231	125	und	KON	KON
231	126	dieselbige	PDAT	ADJA
231	127	liegen	VVFIN	VVINF
231	128	lassen	VVINF	VVINF
231	129	.	$.	$.
232	1	wie	PWAV	KOUS
232	2	der	ART	ART
232	3	Herr	NN	NN
232	4	Chyträus	NE	NN
232	5	erzählt	VVFIN	VVFIN
232	6	in	APPR	APPR
232	7	seiner	PPOSAT	PPOSAT
232	8	Chronico	NE	NN
232	9	,	$,	$,
232	10	dass	KOUS	KOUS
232	11	es	PPER	PPER
232	12	Anno	NN	NE
232	13	1556	CARD	ADJA
232	14	.	$.	$.
232	15	geschehen	VVPP	VVPP
232	16	sei	VAFIN	VAFIN
232	17	bei	APPR	APPR
232	18	einem	ART	ART
232	19	Brunnen	NN	NN
232	20	in	APPR	APPR
232	21	dem	ART	ART
232	22	Herzogtum	NN	NN
232	23	Braunschweig	NE	NE
232	24	an	APPR	APPR
232	25	der	ART	ART
232	26	Weser	NE	NE
232	27	über	APPR	APPR
232	28	Hameln	NE	NE
232	29	/	$(	$(
232	30	dessen	PDS	PRELAT
232	31	auch	ADV	ADV
232	32	Herr	NN	NN
232	33	Johann	NE	NE
232	34	Becherer	NN	NN
232	35	in	APPR	APPR
232	36	seiner	PPOSAT	PPOSAT
232	37	Thüringischen	NN	ADJA
232	38	Chronica	NE	NN
232	39	Anno	NN	NE
232	40	1602	CARD	CARD
232	41	zu	PTKZU	APPR
232	42	Mühlhausen	NE	NE
232	43	gedruckt	VVPP	VVPP
232	44	Meldung	NN	NN
232	45	tut	VVFIN	VVFIN
232	46	.	$.	$.
233	1	und	KON	KON
233	2	ist	VAFIN	VAFIN
233	3	beides	PIS	PIS
233	4	unrecht	NN	ADJD
233	5	/	$(	$(
233	6	wenn	KOUS	KOUS
233	7	man	PIS	PIS
233	8	entweder	KON	KON
233	9	aus	APPR	APPR
233	10	Unbedacht	ADJD	NN
233	11	zu	PTKZU	PTKA
233	12	viele	ADV	PIAT
233	13	Kräfte	NN	NN
233	14	diesen	PDAT	PDAT
233	15	und	KON	KON
233	16	anderen	ADJA	PIS
233	17	natürlichen	ADJA	ADJA
233	18	Mitteln	NN	NN
233	19	zuschreibt	VVFIN	VVFIN
233	20	/	$(	$(
233	21	oder	KON	KON
233	22	aus	APPR	APPR
233	23	Leichtfertigkeit	NN	NN
233	24	dieselbe	PDAT	PDS
233	25	bald	ADV	ADV
233	26	ganz	ADV	ADV
233	27	und	KON	KON
233	28	gar	ADV	ADV
233	29	fahren	VVINF	VVINF
233	30	lässt	VVFIN	VVFIN
233	31	und	KON	KON
233	32	vernichtet	VVPP	VVPP
233	33	.	$.	$.
234	1	derowegen	ADV	NN
234	2	so	ADV	ADV
234	3	nun	ADV	ADV
234	4	jemand	PIS	PIS
234	5	diesen	PDAT	PDAT
234	6	Brunnen	NN	NN
234	7	recht	ADJD	ADJD
234	8	brauchen	VVFIN	VVINF
234	9	will	VMFIN	VMFIN
234	10	/	$(	$(
234	11	oder	KON	KON
234	12	denselben	PDAT	PDS
234	13	zu	PTKZU	PTKZU
234	14	brauchen	VVFIN	VVINF
234	15	ihn	PPER	PPER
234	16	die	ART	ART
234	17	Not	NN	NN
234	18	zwingt	VVFIN	VVFIN
234	19	/	$(	$(
234	20	der	ART	PDS
234	21	soll	VMFIN	VMFIN
234	22	erstlich	ADV	ADJD
234	23	wissen	VVINF	VVINF
234	24	/	$(	$(
234	25	dass	KOUS	KOUS
234	26	dieser	PDAT	PDAT
234	27	Brunnen	NN	NN
234	28	vor	APPR	APPR
234	29	sich	PRF	PRF
234	30	selbst	ADV	ADV
234	31	/	$(	$(
234	32	die	ART	ART
234	33	Natur	NN	NN
234	34	zu	PTKZU	PTKZU
234	35	purgieren	VVINF	VVINF
234	36	nicht	PTKNEG	PTKNEG
234	37	hat	VAFIN	VAFIN
234	38	/	$(	$(
234	39	sintemal	KOUS	ADV
234	40	er	PPER	PPER
234	41	unter	APPR	APPR
234	42	hundert	CARD	CARD
234	43	Personen	NN	NN
234	44	kaum	ADV	ADV
234	45	eine	ART	PIS
234	46	purgiert	VVFIN	VVFIN
234	47	/	$(	$(
234	48	und	KON	KON
234	49	ob	KOUS	KOUS
234	50	gleich	ADV	ADJD
234	51	bei	APPR	APPR
234	52	etlichen	ADJA	PIAT
234	53	purgationes	NE	NN
234	54	erfolgen	VVINF	VVINF
234	55	/	$(	$(
234	56	so	ADV	ADV
234	57	geschieht	VVFIN	VVFIN
234	58	es	PPER	PPER
234	59	doch	ADV	ADV
234	60	nur	ADV	ADV
234	61	zufälliger	ADJA	ADJA
234	62	Weise	NN	NN
234	63	/	$(	$(
234	64	weil	KOUS	KOUS
234	65	durch	APPR	APPR
234	66	diesen	PDAT	PDAT
234	67	Brunnen	NN	NN
234	68	entweder	KON	KON
234	69	die	ART	ART
234	70	bösen	ADJA	ADJA
234	71	Feuchtigkeiten	NN	NN
234	72	erweicht	VVFIN	VVPP
234	73	und	KON	KON
234	74	zubereitet	VVPP	VVPP
234	75	werden	VAINF	VAINF
234	76	/	$(	$(
234	77	dass	KOUS	KOUS
234	78	sie	PPER	PPER
234	79	hernach	ADV	ADV
234	80	von	APPR	APPR
234	81	der	ART	ART
234	82	Natur	NN	NN
234	83	ausgetrieben	VVPP	VVPP
234	84	/	$(	$(
234	85	oder	KON	KON
234	86	die	ART	ART
234	87	Natur	NN	NN
234	88	durch	APPR	APPR
234	89	denselben	PDAT	PDAT
234	90	gestärkt	VVPP	VVPP
234	91	wird	VAFIN	VAFIN
234	92	/	$(	$(
234	93	dass	KOUS	KOUS
234	94	sie	PPER	PPER
234	95	solche	PIAT	PIAT
234	96	böse	ADJA	ADJA
234	97	Feuchtigkeit	NN	NN
234	98	angreift	VVFIN	VVFIN
234	99	/	$(	$(
234	100	und	KON	KON
234	101	durch	APPR	APPR
234	102	bequeme	ADJA	ADJA
234	103	/	$(	$(
234	104	oder	KON	KON
234	105	sonsten	ADV	ADV
234	106	ihr	PPOSAT	PPER
234	107	vor	APPR	APPR
234	108	dessen	PDS	PDAT
234	109	gewöhnliche	ADJA	ADJA
234	110	Wege	NN	NN
234	111	ausführt	VVFIN	VVFIN
234	112	.	$.	$.
235	1	dergleichen	PIS	PIS
235	2	weiß	VVFIN	VVFIN
235	3	ich	PPER	PPER
235	4	dass	KOUS	KOUS
235	5	sich	PPER	PRF
235	6	es	PPER	PPER
235	7	auch	ADV	ADV
235	8	mit	APPR	APPR
235	9	dem	ART	ART
235	10	lapidaren	NE	ADJA
235	11	Bezoar	NN	NN
235	12	oder	KON	KON
235	13	Giftstein	NN	NN
235	14	zugetragen	VVPP	VVPP
235	15	/	$(	$(
235	16	dass	KOUS	KOUS
235	17	/	$(	$(
235	18	da	ADV	KOUS
235	19	man	PIS	PIS
235	20	denselben	PDAT	PDS
235	21	einem	ART	ART
235	22	Patienten	NN	NN
235	23	eingegeben	VVPP	VVPP
235	24	/	$(	$(
235	25	gleich	ADV	ADJD
235	26	so	ADV	ADV
235	27	viel	ADV	ADV
235	28	/	$(	$(
235	29	Salva	NE	NE
235	30	reverentia	NE	NE
235	31	,	$,	$,
235	32	Stuhlgänge	NN	NN
235	33	darauf	PAV	PAV
235	34	erfolgten	VVFIN	VVFIN
235	35	/	$(	$(
235	36	so	ADV	ADV
235	37	viele	ADV	PIAT
235	38	Gerstenkörner	NN	NN
235	39	schwer	ADJD	ADJD
235	40	desselben	PDS	PDS
235	41	eingenommen	VVPP	VVPP
235	42	worden	VAPP	VAPP
235	43	/	$(	$(
235	44	welches	PRELS	PWS
235	45	doch	ADV	ADV
235	46	ganz	ADV	ADV
235	47	und	KON	KON
235	48	gar	ADV	ADV
235	49	wider	APPR	APPR
235	50	die	ART	ART
235	51	Natur	NN	NN
235	52	des	ART	ART
235	53	Steins	NN	NN
235	54	läuft	VVFIN	VVFIN
235	55	/	$(	$(
235	56	sintemal	KOUS	ADV
235	57	derselbe	PDAT	PDS
235	58	den	ART	ART
235	59	Schweiß	NN	NN
235	60	treibt	VVFIN	VVFIN
235	61	/	$(	$(
235	62	und	KON	KON
235	63	also	ADV	ADV
235	64	viel	ADV	ADV
235	65	mehr	ADV	ADV
235	66	verstopft	VVFIN	VVPP
235	67	.	$.	$.
236	1	dieweil	KOUS	ADV
236	2	auch	ADV	ADV
236	3	bisweilen	ADV	ADV
236	4	/	$(	$(
236	5	wenn	KOUS	KOUS
236	6	man	PIS	PIS
236	7	diesen	PDAT	PDAT
236	8	Brunnen	NN	NN
236	9	braucht	VVFIN	VVFIN
236	10	/	$(	$(
236	11	ein	ART	ART
236	12	Reißen	NN	NN
236	13	oder	KON	KON
236	14	andere	ADJA	PIS
236	15	Angelegenheit	NN	NN
236	16	entsteht	VVFIN	VVFIN
236	17	/	$(	$(
236	18	wann	PWAV	PWAV
236	19	der	ART	ART
236	20	Leib	NN	NN
236	21	nicht	PTKNEG	PTKNEG
236	22	zuvor	ADV	ADV
236	23	purgiert	VVFIN	VVFIN
236	24	oder	KON	KON
236	25	gereinigt	VVPP	VVPP
236	26	/	$(	$(
236	27	als	KOKOM	KOKOM
236	28	ist	VAFIN	VAFIN
236	29	von	APPR	APPR
236	30	Nöten	VVINF	NN
236	31	/	$(	$(
236	32	dass	KOUS	KOUS
236	33	ein	ART	ART
236	34	jeder	PIAT	PIS
236	35	zuvor	ADV	ADV
236	36	sich	PRF	PRF
236	37	prüfe	VVFIN	VVFIN
236	38	/	$(	$(
236	39	oder	KON	KON
236	40	eines	ART	ART
236	41	verständigen	VVINF	ADJA
236	42	/	$(	$(
236	43	treuen	ADJA	ADJA
236	44	Medizi	NE	NN
236	45	Rat	NN	NN
236	46	brauche	VVFIN	VVFIN
236	47	/	$(	$(
236	48	denn	KON	KON
236	49	da	ADV	ADV
236	50	keine	PIAT	PIAT
236	51	übrige	ADJA	ADJA
236	52	böse	ADJA	ADJA
236	53	Feuchtigkeit	NN	NN
236	54	im	APPRART	APPRART
236	55	Leib	NN	NN
236	56	vorhanden	ADJD	ADJD
236	57	/	$(	$(
236	58	oder	KON	KON
236	59	sonsten	ADV	ADV
236	60	keine	PIAT	PIAT
236	61	Hinderung	NN	NN
236	62	vorfällt	VVFIN	VVFIN
236	63	/	$(	$(
236	64	darf	VMFIN	VMFIN
236	65	es	PPER	PPER
236	66	keiner	PIS	PIAT
236	67	Zubereitung	NN	NN
236	68	oder	KON	KON
236	69	Purgation	NN	NN
236	70	.	$.	$.
237	1	wann	PWAV	PWAV
237	2	aber	ADV	ADV
237	3	der	ART	ART
237	4	Leib	NN	NN
237	5	voller	ADJA	ADJA
237	6	Unreinigkeit	NN	NN
237	7	steckt	VVFIN	VVFIN
237	8	/	$(	$(
237	9	oder	KON	KON
237	10	sonsten	ADV	ADV
237	11	eine	ART	ART
237	12	Krankheit	NN	NN
237	13	vorhanden	ADJD	ADJD
237	14	/	$(	$(
237	15	deren	PRELAT	PRELAT
237	16	rechte	ADJA	ADJA
237	17	Ursache	NN	NN
237	18	dem	ART	ART
237	19	Patienten	NN	NN
237	20	verborgen	VVPP	VVPP
237	21	/	$(	$(
237	22	oder	KON	KON
237	23	nicht	PTKNEG	PTKNEG
237	24	eigentlich	ADV	ADV
237	25	bewusst	ADJD	ADJD
237	26	/	$(	$(
237	27	der	ART	PRELS
237	28	erhole	VVFIN	VVFIN
237	29	sich	PRF	PRF
237	30	zuvor	ADV	ADV
237	31	Rat	NN	NN
237	32	bei	APPR	APPR
237	33	einem	ART	ART
237	34	Medico	NE	NN
237	35	,	$,	$,
237	36	lasse	VVFIN	VVFIN
237	37	sich	PRF	PRF
237	38	präparieren	VVINF	VVINF
237	39	und	KON	KON
237	40	purgieren	VVINF	VVINF
237	41	/	$(	$(
237	42	und	KON	KON
237	43	brauche	VVFIN	VVFIN
237	44	denn	KON	ADV
237	45	im	APPRART	APPRART
237	46	Namen	NN	NN
237	47	Gottes	NN	NN
237	48	den	ART	ART
237	49	Brunnen	NN	NN
237	50	/	$(	$(
237	51	wie	KOKOM	KOKOM
237	52	folgt	VVFIN	VVFIN
237	53	:	$.	$.
237	54	erstlich	ADV	ADJD
237	55	in	APPR	APPR
237	56	Hauptbeschwerung	NN	NN
237	57	/	$(	$(
237	58	Dumpf	ADJD	NN
237	59	/	$(	$(
237	60	und	KON	KON
237	61	im	APPRART	APPRART
237	62	Stein	NN	NN
237	63	/	$(	$(
237	64	braucht	VVFIN	VVFIN
237	65	man	PIS	PIS
237	66	ihn	PPER	PPER
237	67	nur	ADV	ADV
237	68	zum	APPRART	APPRART
237	69	Trinken	VVFIN	NN
237	70	/	$(	$(
237	71	wiewohl	KOUS	KOUS
237	72	man	PIS	PIS
237	73	in	APPR	APPR
237	74	Hauptbeschwerung	NN	NN
237	75	und	KON	KON
237	76	im	APPRART	APPRART
237	77	Stein	NN	NN
237	78	ihn	PPER	PPER
237	79	auch	ADV	ADV
237	80	von	APPR	APPR
237	81	außen	NN	ADV
237	82	/	$(	$(
237	83	umzuschlagen	VVIZU	VVIZU
237	84	und	KON	KON
237	85	aufzulegen	APPR	VVIZU
237	86	brauchen	VVFIN	VVINF
237	87	kann	VMFIN	VMFIN
237	88	.	$.	$.
238	1	allhier	ADV	ADJD
238	2	entsteht	VVFIN	VVFIN
238	3	bald	ADV	ADV
238	4	eine	ART	ART
238	5	Frage	NN	NN
238	6	/	$(	$(
238	7	ob	KOUS	KOUS
238	8	man	PIS	PIS
238	9	ihn	PPER	PPER
238	10	kalt	ADJD	ADJD
238	11	/	$(	$(
238	12	und	KON	KON
238	13	wie	KOKOM	KOUS
238	14	man	PIS	PIS
238	15	zukommt	VVFIN	VVFIN
238	16	/	$(	$(
238	17	oder	KON	KON
238	18	aber	ADV	ADV
238	19	warm	ADJD	ADJD
238	20	und	KON	KON
238	21	auf	APPR	APPR
238	22	gewisse	ADJA	ADJA
238	23	Masse	NN	NN
238	24	trinken	VVFIN	VVINF
238	25	solle	VMFIN	VMFIN
238	26	?	$.	$.
239	1	zwar	ADV	ADV
239	2	die	ART	ART
239	3	Kälte	NN	NN
239	4	oder	KON	KON
239	5	Wärme	NN	NN
239	6	betreffend	ADJD	ADJD
239	7	/	$(	$(
239	8	halte	VVFIN	VVFIN
239	9	ich	PPER	PPER
239	10	dafür	PAV	PAV
239	11	/	$(	$(
239	12	dass	KOUS	KOUS
239	13	er	PPER	PPER
239	14	warm	ADJD	ADJD
239	15	besser	ADJD	ADJD
239	16	zu	PTKZU	PTKZU
239	17	trinken	VVFIN	VVINF
239	18	sei	VAFIN	VAFIN
239	19	/	$(	$(
239	20	denn	KON	KON
239	21	kalt	ADJD	ADJD
239	22	/	$(	$(
239	23	aus	APPR	APPR
239	24	folgenden	ADJA	ADJA
239	25	Ursachen	NN	NN
239	26	:	$.	$(
239	27	erstlich	ADV	ADJD
239	28	/	$(	$(
239	29	dieweil	KOUS	ADV
239	30	die	ART	ART
239	31	Kräfte	NN	NN
239	32	dieses	PDAT	PDAT
239	33	Wassers	NN	NN
239	34	mehr	ADV	ADV
239	35	in	APPR	APPR
239	36	einer	ART	ART
239	37	corporalischen	ADJA	ADJA
239	38	denn	KON	KON
239	39	spiritualischen	ADJD	ADJA
239	40	oder	KON	KON
239	41	dünstigen	ADJA	ADJA
239	42	Minera	NN	NN
239	43	bestehen	VVFIN	VVFIN
239	44	/	$(	$(
239	45	dass	KOUS	KOUS
239	46	also	ADV	ADV
239	47	nicht	PTKNEG	PTKNEG
239	48	/	$(	$(
239	49	wie	KOKOM	KOKOM
239	50	in	APPR	APPR
239	51	meistes	PIAT	ADJA
239	52	Teils	NN	NN
239	53	Sauerbrunnen	NN	NN
239	54	/	$(	$(
239	55	zu	PTKZU	PTKZU
239	56	befahren	VVPP	VVINF
239	57	/	$(	$(
239	58	dass	KOUS	KOUS
239	59	durch	APPR	APPR
239	60	das	ART	ART
239	61	Wärmen	VVFIN	NN
239	62	die	ART	ART
239	63	Kräfte	NN	NN
239	64	weg	PTKVZ	ADV
239	65	gehen	VVINF	VVINF
239	66	und	KON	KON
239	67	verrauchen	VVINF	VVINF
239	68	möchten	VMFIN	VMFIN
239	69	.	$.	$.
240	1	hergegen	ADV	ADV
240	2	aber	ADV	ADV
240	3	durch	APPR	APPR
240	4	die	ART	ART
240	5	Wärme	NN	NN
240	6	und	KON	KON
240	7	actualem	NE	ADJA
240	8	caliditatem	NE	NN
240	9	1.	NE	CARD
241	1	die	ART	ART
241	2	cruditates	NE	NN
241	3	des	ART	ART
241	4	Wassers	NN	NN
241	5	/	$(	$(
241	6	sonderlich	ADJD	ADJD
241	7	die	ART	ART
241	8	jenigen	PIAT	PDAT
241	9	/	$(	$(
241	10	welche	PWAT	PRELS
241	11	von	APPR	APPR
241	12	den	ART	ART
241	13	wilden	ADJA	ADJA
241	14	Quellen	NN	NN
241	15	dazu	PAV	PAV
241	16	kommen	VVFIN	VVINF
241	17	/	$(	$(
241	18	etwas	PIS	ADV
241	19	korrigiert	VVPP	VVPP
241	20	werden	VAINF	VAINF
241	21	.	$.	$.
242	1	2.	NE	ADV
242	2	wegen	APPR	APPR
242	3	der	ART	ART
242	4	Wärme	NN	NN
242	5	dies	PDS	PDAT
242	6	Wasser	NN	NN
242	7	dem	ART	ART
242	8	Magen	NN	NN
242	9	bequemer	ADJD	ADJD
242	10	und	KON	KON
242	11	dienlicher	ADJA	ADJD
242	12	.	$.	$.
243	1	3.	NE	CARD
244	1	das	ART	ART
244	2	irdische	ADJA	ADJA
244	3	und	KON	KON
244	4	grobe	ADJA	ADJA
244	5	Erdpech	NN	NN
244	6	/	$(	$(
244	7	wenn	KOUS	KOUS
244	8	dessen	PDS	PDS
244	9	zu	PTKZU	PTKA
244	10	viel	ADV	ADV
244	11	dabei	PAV	PAV
244	12	ist	VAFIN	VAFIN
244	13	/	$(	$(
244	14	sich	PRF	PRF
244	15	etwas	PIS	ADV
244	16	sondert	VVFIN	VVFIN
244	17	und	KON	KON
244	18	zu	PTKZU	APPR
244	19	Grunde	NN	NN
244	20	setzt	VVFIN	VVFIN
244	21	/	$(	$(
244	22	damit	PAV	KOUS
244	23	dasselbe	PDAT	PDS
244	24	wegen	APPR	APPR
244	25	großer	ADJA	ADJA
244	26	Menge	NN	NN
244	27	nicht	PTKNEG	PTKNEG
244	28	ins	APPRART	APPRART
244	29	Haupt	NN	NN
244	30	steige	VVFIN	VVFIN
244	31	/	$(	$(
244	32	und	KON	KON
244	33	Wehtag	NN	NN
244	34	darin	PAV	PAV
244	35	verursache	VVFIN	VVFIN
244	36	.	$.	$.
245	1	4.	NE	CARD
246	1	der	ART	ART
246	2	Brunnen	NN	NN
246	3	desto	ADV	KON
246	4	besser	ADJD	ADJD
246	5	durchdringt	VVFIN	VVFIN
246	6	/	$(	$(
246	7	und	KON	KON
246	8	seine	PPOSAT	PPOSAT
246	9	Wirkung	NN	NN
246	10	desto	ADV	KON
246	11	schleiniger	NN	ADJD
246	12	verrichtet	VVPP	VVFIN
246	13	/	$(	$(
246	14	insonderheit	ADV	NN
246	15	den	ART	ART
246	16	Schweiß	NN	NN
246	17	desto	ADV	KON
246	18	ehe	KOUS	KOUS
246	19	und	KON	KON
246	20	besser	ADJD	ADJD
246	21	fördert	VVFIN	VVFIN
246	22	.	$.	$.
247	1	doch	KON	KON
247	2	mag	VMFIN	VMFIN
247	3	man	PIS	PIS
247	4	über	APPR	APPR
247	5	der	ART	ART
247	6	Mahlzeit	NN	NN
247	7	vor	APPR	APPR
247	8	den	ART	ART
247	9	Durst	NN	NN
247	10	denselben	PDAT	PDS
247	11	auch	ADV	ADV
247	12	wohl	ADV	ADV
247	13	kalt	ADJD	ADJD
247	14	trinken	VVFIN	VVINF
247	15	.	$.	$.
248	1	was	PWS	PWS
248	2	aber	ADV	ADV
248	3	die	ART	ART
248	4	Maß	NN	NN
248	5	und	KON	KON
248	6	Menge	NN	NN
248	7	belangt	VVFIN	VVPP
248	8	/	$(	$(
248	9	halte	VVFIN	VVFIN
248	10	ich	PPER	PPER
248	11	es	PPER	PPER
248	12	nicht	PTKNEG	PTKNEG
248	13	vonnoͤhten	ADV	ADJD
248	14	/	$(	$(
248	15	dass	KOUS	KOUS
248	16	man	PIS	PIS
248	17	wie	KOKOM	KOKOM
248	18	in	APPR	APPR
248	19	Sauerbrunnen	NN	NN
248	20	und	KON	KON
248	21	warmen	ADJA	ADJA
248	22	Bädern	NN	NN
248	23	an	APPR	APPR
248	24	einer	ART	ART
248	25	geringen	ADJA	ADJA
248	26	Quantität	NN	NN
248	27	anfahe	VVFIN	VVFIN
248	28	/	$(	$(
248	29	damit	PAV	KOUS
248	30	täglich	ADJD	ADJD
248	31	steige	VVFIN	VVFIN
248	32	/	$(	$(
248	33	und	KON	KON
248	34	hernach	ADV	ADV
248	35	wieder	ADV	ADV
248	36	gemachsam	ADJD	ADJD
248	37	nachlasse	VVFIN	VVFIN
248	38	/	$(	$(
248	39	dieweil	KOUS	ADV
248	40	in	APPR	APPR
248	41	warmen	ADJA	ADJA
248	42	Bädern	NN	NN
248	43	das	ART	ART
248	44	Wasser	NN	NN
248	45	so	ADV	ADV
248	46	stark	ADJD	ADJD
248	47	/	$(	$(
248	48	und	KON	KON
248	49	unserer	PPOSAT	PPOSAT
248	50	Natur	NN	NN
248	51	so	ADV	ADV
248	52	sehr	ADV	ADV
248	53	zuwider	ADJD	PTKVZ
248	54	/	$(	$(
248	55	dass	KOUS	KOUS
248	56	man	PIS	PIS
248	57	der	ART	ART
248	58	plötzlichen	ADJA	ADJA
248	59	Änderung	NN	NN
248	60	wegen	APPR	APPO
248	61	/	$(	$(
248	62	welche	PWAT	PRELS
248	63	nicht	PTKNEG	PTKNEG
248	64	ohne	APPR	APPR
248	65	Gefahr	NN	NN
248	66	ist	VAFIN	VAFIN
248	67	/	$(	$(
248	68	sich	PRF	PRF
248	69	billig	ADJD	ADJD
248	70	befahren	VVPP	VVINF
248	71	/	$(	$(
248	72	und	KON	KON
248	73	derowegen	ADV	VVFIN
248	74	des	ART	ART
248	75	Wassers	NN	NN
248	76	allmählich	ADJD	ADJD
248	77	gewohnen	VVINF	VVPP
248	78	/	$(	$(
248	79	und	KON	KON
248	80	wiederum	ADV	ADV
248	81	entwohnen	VVINF	VVINF
248	82	muss	VMFIN	VMFIN
248	83	/	$(	$(
248	84	welches	PWS	PWS
248	85	aber	ADV	ADV
248	86	in	APPR	APPR
248	87	diesem	PDAT	PDAT
248	88	Brunnen	NN	NN
248	89	nicht	PTKNEG	PTKNEG
248	90	zu	PTKZU	PTKZU
248	91	besorgen	VVINF	VVINF
248	92	/	$(	$(
248	93	sintemal	KOUS	ADV
248	94	die	ART	ART
248	95	Erfahrung	NN	NN
248	96	bezeugt	VVFIN	VVFIN
248	97	/	$(	$(
248	98	dass	KOUS	KOUS
248	99	ein	ART	ART
248	100	scheinbarlicher	ADJA	ADJA
248	101	Unterschied	NN	NN
248	102	der	ART	ART
248	103	Wirkung	NN	NN
248	104	daher	PAV	PAV
248	105	verursacht	VVPP	VVPP
248	106	/	$(	$(
248	107	dass	KOUS	KOUS
248	108	etliche	PIAT	PIS
248	109	viel	ADV	ADV
248	110	/	$(	$(
248	111	etliche	PIAT	PIAT
248	112	wenig	PIS	ADV
248	113	dieses	PDAT	PDAT
248	114	Wassers	NN	NN
248	115	gebraucht	VVPP	VVPP
248	116	/	$(	$(
248	117	menniglichen	ADJA	ADJA
248	118	aber	ADV	ADV
248	119	dahin	PAV	PAV
248	120	gesehen	VVPP	VVPP
248	121	/	$(	$(
248	122	was	PWS	PRELS
248	123	eines	ART	ART
248	124	jeden	PIAT	PIAT
248	125	Natur	NN	NN
248	126	leiden	VVINF	VVINF
248	127	und	KON	KON
248	128	ertragen	VVINF	VVINF
248	129	könnte	VMFIN	VMFIN
248	130	/	$(	$(
248	131	welches	PRELS	PWS
248	132	dann	ADV	ADV
248	133	meines	PPOSAT	PPOSAT
248	134	Erachtens	NN	NN
248	135	fürnehmlich	ADJD	ADJD
248	136	in	APPR	APPR
248	137	Acht	CARD	NN
248	138	zu	PTKZU	PTKZU
248	139	nehmen	VVINF	VVINF
248	140	/	$(	$(
248	141	und	KON	KON
248	142	ein	ART	ART
248	143	jeder	PIAT	PIS
248	144	sich	PRF	PRF
248	145	danach	PAV	PAV
248	146	richten	VVFIN	VVINF
248	147	soll	VMFIN	VMFIN
248	148	.	$.	$.
249	1	jedoch	ADV	ADV
249	2	kann	VMFIN	VMFIN
249	3	man	PIS	PIS
249	4	auf	APPR	APPR
249	5	eines	ART	ART
249	6	jeden	PIAT	PIAT
249	7	Komplexion	NN	NN
249	8	,	$,	$,
249	9	Alter	NN	NN
249	10	/	$(	$(
249	11	Langwierigkeit	NN	NN
249	12	der	ART	ART
249	13	Krankheit	NN	NN
249	14	und	KON	KON
249	15	andere	ADJD	PIS
249	16	Umstände	NN	NN
249	17	ein	ART	ART
249	18	Auge	NN	NN
249	19	haben	VAFIN	VAINF
249	20	.	$.	$.
250	1	zum	APPRART	APPRART
250	2	Anderen	ADJA	PIS
250	3	im	APPRART	APPRART
250	4	Zipperlein	NN	NN
250	5	/	$(	$(
250	6	Lähme	NN	NN
250	7	/	$(	$(
250	8	Krätze	NN	NN
250	9	/	$(	$(
250	10	äußerlichen	ADJA	ADJA
250	11	Schäden	NN	NN
250	12	/	$(	$(
250	13	in	APPR	APPR
250	14	Augenfellen	NN	NN
250	15	ist	VVFIN	VAFIN
250	16	es	PPER	PPER
250	17	nicht	PTKNEG	PTKNEG
250	18	genug	ADV	ADV
250	19	/	$(	$(
250	20	dass	KOUS	KOUS
250	21	man	PIS	PIS
250	22	den	ART	ART
250	23	Brunnen	NE	NN
250	24	allein	ADV	ADV
250	25	trinke	VVFIN	VVFIN
250	26	/	$(	$(
250	27	sondern	KON	KON
250	28	man	PIS	PIS
250	29	muss	VMFIN	VMFIN
250	30	die	ART	ART
250	31	Glieder	NN	NN
250	32	auch	ADV	ADV
250	33	damit	PAV	PAV
250	34	befeuchten	VVINF	VVINF
250	35	/	$(	$(
250	36	streichen	VVINF	VVINF
250	37	/	$(	$(
250	38	waschen	VVINF	VVINF
250	39	/	$(	$(
250	40	reiben	VVFIN	VVINF
250	41	/	$(	$(
250	42	und	KON	KON
250	43	baden	VVINF	VVFIN
250	44	/	$(	$(
250	45	damit	PAV	KOUS
250	46	die	ART	ART
250	47	Materia	NN	NN
250	48	auch	ADV	ADV
250	49	von	APPR	APPR
250	50	außen	NN	ADV
250	51	zerteilt	VVFIN	VVPP
250	52	/	$(	$(
250	53	verzehrt	VVFIN	VVPP
250	54	/	$(	$(
250	55	und	KON	KON
250	56	ausgetrucknet	ADJD	VVPP
250	57	/	$(	$(
250	58	und	KON	KON
250	59	die	ART	ART
250	60	natürliche	ADJA	ADJA
250	61	Wärme	NN	NN
250	62	der	ART	ART
250	63	Glieder	NN	NN
250	64	wieder	ADV	ADV
250	65	erweckt	VVPP	VVPP
250	66	werde	VAFIN	VAFIN
250	67	/	$(	$(
250	68	wie	KOKOM	KOUS
250	69	ich	PPER	PPER
250	70	denn	KON	ADV
250	71	weiß	VVFIN	VVFIN
250	72	/	$(	$(
250	73	das	ART	PRELS
250	74	eine	ART	ART
250	75	Person	NN	NN
250	76	/	$(	$(
250	77	welche	PWAT	PRELS
250	78	diesen	PDAT	PDAT
250	79	Brunnen	NN	NN
250	80	eine	ART	ART
250	81	Zeitlang	NN	NN
250	82	gebraucht	VVPP	VVPP
250	83	/	$(	$(
250	84	nach	APPR	APPR
250	85	dem	ART	ART
250	86	sie	PPER	PPER
250	87	gespürt	VVPP	VVPP
250	88	/	$(	$(
250	89	dass	KOUS	KOUS
250	90	das	ART	ART
250	91	Zipperlein	NN	NN
250	92	wieder	APPR	ADV
250	93	anklopfte	VVFIN	VVFIN
250	94	/	$(	$(
250	95	also	ADV	ADV
250	96	das	ART	PDS
250	97	ihr	PPOSAT	PPER
250	98	die	ART	ART
250	99	Glieder	NN	NN
250	100	allbereits	ADV	ADJD
250	101	wie	KOKOM	KOKOM
250	102	sonsten	ADV	ADV
250	103	/	$(	$(
250	104	sparrten	VVFIN	VVFIN
250	105	/	$(	$(
250	106	so	ADV	ADV
250	107	bald	ADV	ADV
250	108	sie	PPER	PPER
250	109	sich	PRF	PRF
250	110	von	APPR	APPR
250	111	außen	NN	ADV
250	112	mit	APPR	APPR
250	113	diesem	PDAT	PDAT
250	114	Brunnen	NN	NN
250	115	warm	ADJD	ADJD
250	116	gewaschen	VVPP	VVPP
250	117	/	$(	$(
250	118	schleunige	ADJA	ADJA
250	119	Linderung	NN	NN
250	120	empfunden	VVPP	VVPP
250	121	.	$.	$.
251	1	wie	PWAV	KOKOM
251	2	dann	ADV	ADV
251	3	auch	ADV	ADV
251	4	kurz	ADJD	ADJD
251	5	hernach	ADV	ADV
251	6	geschehen	VVPP	VVPP
251	7	/	$(	$(
251	8	da	ADV	KOUS
251	9	ihr	PPOSAT	PPER
251	10	ein	ART	ART
251	11	Fluss	NN	NN
251	12	in	APPR	APPR
251	13	den	ART	ART
251	14	Hals	NN	NN
251	15	gefallen	VVPP	VVPP
251	16	dass	KOUS	KOUS
251	17	sie	PPER	PPER
251	18	sich	PRF	PRF
251	19	nicht	PTKNEG	PTKNEG
251	20	umwenden	VVINF	VVINF
251	21	können	VMFIN	VMINF
251	22	/	$(	$(
251	23	denn	KON	KON
251	24	so	ADV	ADV
251	25	bald	ADV	ADV
251	26	sie	PPER	PPER
251	27	von	APPR	APPR
251	28	außen	NN	ADV
251	29	diesen	PDAT	PDAT
251	30	Brunnen	NE	NN
251	31	warm	ADJD	ADJD
251	32	umgeschlagen	VVPP	VVPP
251	33	und	KON	KON
251	34	den	ART	ART
251	35	Hals	NN	NN
251	36	damit	PAV	PAV
251	37	reiben	VVFIN	VVINF
251	38	lassen	VVINF	VVINF
251	39	/	$(	$(
251	40	ist	VAFIN	VAFIN
251	41	die	ART	ART
251	42	Beschwerung	NN	NN
251	43	vergangen	VVPP	VVPP
251	44	,	$,	$,
251	45	ja	PTKANT	ADV
251	46	es	PPER	PPER
251	47	will	VMFIN	VMFIN
251	48	bisweilen	ADV	ADV
251	49	die	ART	ART
251	50	Notdurft	NN	NN
251	51	mehr	ADV	ADV
251	52	erfordern	VVINF	VVINF
251	53	/	$(	$(
251	54	denn	KON	KON
251	55	Waschen	VVINF	NN
251	56	und	KON	KON
251	57	Baden	VVINF	NE
251	58	/	$(	$(
251	59	wie	KOKOM	KOKOM
251	60	aus	APPR	APPR
251	61	folgendem	ADJA	ADJA
251	62	Exempel	NN	NN
251	63	abzunehmen	VVIZU	VVIZU
251	64	.	$.	$.
252	1	ein	ART	ART
252	2	Weib	NN	NN
252	3	in	APPR	APPR
252	4	einem	ART	ART
252	5	nah	ADJD	ADJD
252	6	gelegenem	ADJA	ADJA
252	7	Städtlein	NN	NN
252	8	lag	VVFIN	VVFIN
252	9	am	APPRART	APPRART
252	10	Zipperlein	NN	NN
252	11	hart	ADJD	ADJD
252	12	darnieder	PAV	ADV
252	13	/	$(	$(
252	14	diese	PDAT	PDS
252	15	trank	VVFIN	VVFIN
252	16	den	ART	ART
252	17	Brunnen	NE	NN
252	18	/	$(	$(
252	19	badete	VVFIN	VVFIN
252	20	darin	PAV	PAV
252	21	und	KON	KON
252	22	wusch	VVFIN	VVFIN
252	23	sich	PRF	PRF
252	24	damit	PAV	PAV
252	25	/	$(	$(
252	26	empfand	VVFIN	VVFIN
252	27	aber	ADV	ADV
252	28	keine	PIAT	PIAT
252	29	Linderung	NN	NN
252	30	/	$(	$(
252	31	bis	VVFIN	KOUS
252	32	sie	PPER	PPER
252	33	heiße	VVFIN	ADJA
252	34	Kieselsteine	NN	NN
252	35	in	APPR	APPR
252	36	den	ART	ART
252	37	Brunnen	NE	NN
252	38	warf	VVFIN	VVFIN
252	39	/	$(	$(
252	40	den	ART	ART
252	41	Dampf	NN	NN
252	42	und	KON	KON
252	43	warmen	ADJA	ADJA
252	44	Brodem	NN	NN
252	45	an	APPR	APPR
252	46	die	ART	ART
252	47	Füße	NN	NN
252	48	gehen	VVINF	VVINF
252	49	ließ	VVFIN	VVFIN
252	50	/	$(	$(
252	51	so	ADV	ADV
252	52	lang	ADJD	ADJD
252	53	dass	KOUS	KOUS
252	54	sie	PPER	PPER
252	55	anfingen	VVFIN	VVFIN
252	56	zu	PTKZU	PTKZU
252	57	schwitzen	VVINF	VVINF
252	58	/	$(	$(
252	59	da	ADV	ADV
252	60	denn	KON	ADV
252	61	alsbald	ADV	ADV
252	62	die	ART	ART
252	63	Schmerzen	NN	NN
252	64	nachließen	VVFIN	VVINF
252	65	und	KON	KON
252	66	sich	PRF	PRF
252	67	verschlichen	VVFIN	VVFIN
252	68	.	$.	$.
253	1	gleich	ADV	ADJD
253	2	wie	KOKOM	KOKOM
253	3	nun	ADV	ADV
253	4	dieses	PDAT	PDAT
253	5	der	ART	ART
253	6	rechte	ADJA	ADJA
253	7	Brauch	NN	NN
253	8	ist	VAFIN	VAFIN
253	9	dieses	PDAT	PDAT
253	10	Brunnens	NN	NN
253	11	/	$(	$(
253	12	also	ADV	ADV
253	13	ist	VAFIN	VAFIN
253	14	es	PPER	PPER
253	15	hingegen	ADV	ADV
253	16	ein	ART	ART
253	17	großer	ADJA	ADJA
253	18	Missbrauch	NN	NN
253	19	und	KON	KON
253	20	grober	ADJA	ADJA
253	21	Unverstand	NN	NN
253	22	/	$(	$(
253	23	dass	KOUS	KOUS
253	24	ihr	PPOSAT	PPER
253	25	viel	ADV	ADV
253	26	nicht	PTKNEG	PTKNEG
253	27	allein	ADV	ADV
253	28	ohne	APPR	APPR
253	29	einige	PIAT	PIAT
253	30	gebührliche	ADJA	ADJA
253	31	Vorbereitung	NN	NN
253	32	und	KON	KON
253	33	Purgation	NN	NN
253	34	denselben	PDAT	PDS
253	35	nutzen	VVINF	VVINF
253	36	wollen	VMFIN	VMFIN
253	37	/	$(	$(
253	38	sondern	KON	KON
253	39	auch	ADV	ADV
253	40	in	APPR	APPR
253	41	denen	PRELS	PDS
253	42	Krankheiten	NN	NN
253	43	/	$(	$(
253	44	welche	PWAT	PRELS
253	45	entweder	KON	KON
253	46	vor	APPR	APPR
253	47	sich	PRF	PRF
253	48	durch	APPR	APPR
253	49	solche	PIAT	PIAT
253	50	natürliche	ADJA	ADJA
253	51	Mittel	NN	NN
253	52	/	$(	$(
253	53	oder	KON	KON
253	54	doch	ADV	ADV
253	55	/	$(	$(
253	56	weil	KOUS	KOUS
253	57	sie	PPER	PPER
253	58	so	ADV	ADV
253	59	weit	ADJD	ADJD
253	60	eingerissen	VVPP	VVPP
253	61	/	$(	$(
253	62	dass	KOUS	KOUS
253	63	die	ART	ART
253	64	temperies	NE	NN
253	65	partium	NE	NN
253	66	tota	NE	NE
253	67	vitiata	NE	NE
253	68	&	$(	KON
253	69	abolita	NE	NE
253	70	ist	VAFIN	VAFIN
253	71	zu	PTKZU	PTKZU
253	72	heilen	VVINF	VVINF
253	73	unmöglich	ADJD	ADJD
253	74	/	$(	$(
253	75	inmassen	KOUS	VVFIN
253	76	man	PIS	PIS
253	77	nicht	PTKNEG	PTKNEG
253	78	allein	ADV	ADV
253	79	von	APPR	APPR
253	80	Natur	NN	NN
253	81	blinde	ADJA	ADJA
253	82	/	$(	$(
253	83	taube	ADJA	ADJA
253	84	/	$(	$(
253	85	stumme	ADJA	ADJA
253	86	/	$(	$(
253	87	und	KON	KON
253	88	von	APPR	APPR
253	89	der	ART	ART
253	90	Geburt	NN	NN
253	91	lahme	ADJA	ADJA
253	92	Leute	NN	NN
253	93	/	$(	$(
253	94	zu	PTKZU	APPR
253	95	diesem	PDAT	PDAT
253	96	Brunnen	NE	NN
253	97	führt	VVFIN	VVFIN
253	98	/	$(	$(
253	99	sondern	KON	KON
253	100	auch	ADV	ADV
253	101	die	ART	ART
253	102	jenigen	PIAT	PDAT
253	103	/	$(	$(
253	104	welche	PWAT	PRELS
253	105	einen	ART	ART
253	106	Arm	NN	NN
253	107	oder	KON	KON
253	108	Schenkel	NN	NN
253	109	zerfallen	VVINF	VVPP
253	110	oder	KON	KON
253	111	zerbrochen	VVPP	VVPP
253	112	/	$(	$(
253	113	und	KON	KON
253	114	danach	PAV	PAV
253	115	unrecht	NN	ADJD
253	116	geheilt	VVPP	VVPP
253	117	/	$(	$(
253	118	also	ADV	ADV
253	119	das	ART	ART
253	120	der	ART	ART
253	121	situs	NE	NN
253	122	partium	NE	NN
253	123	vitiert	NE	ADJD
253	124	ist	VAFIN	VAFIN
253	125	.	$.	$.
254	1	welches	PWS	PWS
254	2	alles	PIS	PIS
254	3	doch	ADV	ADV
254	4	dieser	PDAT	PDAT
254	5	Brunnen	NE	NN
254	6	/	$(	$(
254	7	als	KOKOM	KOKOM
254	8	der	ART	ART
254	9	ein	ART	ART
254	10	natürliches	ADV	ADJA
254	11	Ding	NN	NN
254	12	/	$(	$(
254	13	und	KON	KON
254	14	dennoch	ADV	ADV
254	15	nicht	PTKNEG	PTKNEG
254	16	allmächtig	ADJD	ADJD
254	17	/	$(	$(
254	18	sondern	KON	KON
254	19	seine	PPOSAT	PPOSAT
254	20	umschriebene	ADJA	ADJA
254	21	und	KON	KON
254	22	umzirkelte	VVFIN	ADJA
254	23	Kraft	NN	NN
254	24	hat	VAFIN	VAFIN
254	25	/	$(	$(
254	26	zu	PTKZU	PTKZU
254	27	tun	VVINF	VVINF
254	28	nicht	PTKNEG	PTKNEG
254	29	vermag	VVFIN	VVFIN
254	30	/	$(	$(
254	31	wie	KOKOM	KOUS
254	32	ein	ART	ART
254	33	jeglicher	PIAT	PIAT
254	34	Vernünftiger	NN	NN
254	35	leichtlich	ADJD	ADV
254	36	erachten	VVINF	VVINF
254	37	und	KON	KON
254	38	verstehen	VVINF	VVINF
254	39	kann	VMFIN	VMFIN
254	40	.	$.	$.
255	1	welches	PWS	PWS
255	2	ich	PPER	PPER
255	3	auch	ADV	ADV
255	4	allhier	ADV	ADJA
255	5	anzeigen	VVINF	VVINF
255	6	wollen	VMFIN	VMFIN
255	7	/	$(	$(
255	8	ob	KOUS	KOUS
255	9	vielleicht	ADV	ADV
255	10	zn	PTKZU	ADJA
255	11	verhuͤten	VVINF	NN
255	12	wäre	VAFIN	VAFIN
255	13	/	$(	$(
255	14	dass	KOUS	KOUS
255	15	nicht	PTKNEG	PTKNEG
255	16	so	ADV	ADV
255	17	viele	ADV	PIAT
255	18	Leute	NN	NN
255	19	sich	PRF	PRF
255	20	selbst	ADV	ADV
255	21	betrögen	VVFIN	VVINF
255	22	/	$(	$(
255	23	Unkosten	NN	NN
255	24	/	$(	$(
255	25	Mühe	NN	NN
255	26	und	KON	KON
255	27	Arbeit	NN	NN
255	28	vergebens	ADV	ADV
255	29	anwendeten	VVFIN	VVFIN
255	30	/	$(	$(
255	31	auch	ADV	ADV
255	32	wohl	ADV	ADV
255	33	an	APPR	APPR
255	34	ihrer	PPOSAT	PPOSAT
255	35	Gesundheit	NN	NN
255	36	Schaden	VVINF	NN
255	37	nehmen	VVINF	VVINF
255	38	/	$(	$(
255	39	und	KON	KON
255	40	dem	ART	ART
255	41	Brunnen	NN	NN
255	42	einen	ART	ART
255	43	bösen	ADJA	ADJA
255	44	Namen	NN	NN
255	45	machten	VVFIN	VVFIN
255	46	.	$.	$.
256	1	sei	VAFIN	VAFIN
256	2	demnach	PAV	PAV
256	3	also	ADV	ADV
256	4	von	APPR	APPR
256	5	dieses	PDAT	PDAT
256	6	Brunnens	NN	NN
256	7	Natur	NN	NN
256	8	/	$(	$(
256	9	Eigenschaft	NN	NN
256	10	/	$(	$(
256	11	Wirkung	NN	NN
256	12	und	KON	KON
256	13	Gebrauch	NN	NN
256	14	/	$(	$(
256	15	so	ADV	ADV
256	16	viel	ADV	PIAT
256	17	sich	PPER	PRF
256	18	es	PPER	PPER
256	19	leiden	VVINF	VVINF
256	20	wollen	VMFIN	VMFIN
256	21	/	$(	$(
256	22	jetzo	ADV	ADV
256	23	genug	ADV	ADV
256	24	gesagt	VVPP	VVPP
256	25	.	$.	$.
257	1	der	ART	ART
257	2	allmächtige	NN	ADJA
257	3	Gott	NN	NN
257	4	/	$(	$(
257	5	als	KOKOM	KOKOM
257	6	der	ART	ART
257	7	rechte	ADJA	ADJA
257	8	Meister	NN	NN
257	9	zu	PTKZU	PTKZU
257	10	helfen	VVINF	VVINF
257	11	/	$(	$(
257	12	von	APPR	APPR
257	13	dem	ART	ART
257	14	alle	PIAT	PIAT
257	15	Hilfe	NN	NN
257	16	kommt	VVFIN	VVFIN
257	17	/	$(	$(
257	18	so	ADV	ADV
257	19	auf	APPR	APPR
257	20	Erden	NN	NN
257	21	geschieht	VVFIN	VVFIN
257	22	/	$(	$(
257	23	wolle	VMFIN	VMFIN
257	24	/	$(	$(
257	25	wie	KOKOM	KOKOM
257	26	zu	PTKZU	APPR
257	27	anderen	ADJA	PIS
257	28	von	APPR	APPR
257	29	ihm	APPRART	PPER
257	30	geschaffenen	ADJA	ADJA
257	31	Mitteln	NN	NN
257	32	/	$(	$(
257	33	welche	PWAT	PRELS
257	34	auch	ADV	ADV
257	35	der	ART	ART
257	36	Heide	NE	NE
257	37	manus	NE	NE
257	38	Deorum	NE	NN
257	39	nennt	VVFIN	VVFIN
257	40	/	$(	$(
257	41	also	ADV	ADV
257	42	auch	ADV	ADV
257	43	zu	PTKZU	APPR
257	44	diesem	PDAT	PDAT
257	45	heilsamen	ADJA	ADJA
257	46	Brunnen	NE	NN
257	47	seine	PPOSAT	PPOSAT
257	48	Gnade	NN	NN
257	49	und	KON	KON
257	50	Segen	NN	NN
257	51	verleihen	VVINF	VVINF
257	52	/	$(	$(
257	53	damit	PAV	KOUS
257	54	er	PPER	PPER
257	55	vielen	PIAT	PIAT
257	56	Leuten	VVFIN	NN
257	57	zu	PTKZU	APPR
257	58	Wiederbringung	NN	NN
257	59	ihrer	PPOSAT	PPOSAT
257	60	Gesundheit	NN	NN
257	61	/	$(	$(
257	62	und	KON	KON
257	63	Erhaltung	NN	NN
257	64	ihres	PPOSAT	PPOSAT
257	65	Lebens	NN	NN
257	66	fruchtbarlich	ADJD	ADJD
257	67	gedeihen	VVINF	VVINF
257	68	/	$(	$(
257	69	und	KON	KON
257	70	Gottes	NN	NN
257	71	Wundertaten	NN	NN
257	72	dadurch	PAV	PAV
257	73	gepriesen	VVPP	VVPP
257	74	werden	VAINF	VAINF
257	75	mögen	VMFIN	VMFIN
257	76	/	$(	$(
257	77	um	APPR	APPR
257	78	Christi	NE	NE
257	79	unseres	PPOSAT	PPOSAT
257	80	Heilands	NN	NN
257	81	und	KON	KON
257	82	Mittlers	NN	NN
257	83	Willen	NN	APPO
257	84	/	$(	$(
257	85	Amen	NN	NN
257	86	.	$.	$.
258	1	Extrakt	NN	NN
258	2	historischer	NN	ADJA
258	3	Beschreibung	NN	NN
258	4	des	ART	ART
258	5	neuen	ADJA	ADJA
258	6	Brunnens	NN	NN
258	7	/	$(	$(
258	8	welcher	PWAT	PWS
258	9	unlängst	ADJD	ADV
258	10	in	APPR	APPR
258	11	Meißen	NE	NE
258	12	/	$(	$(
258	13	nicht	PTKNEG	PTKNEG
258	14	weit	ADJD	ADJD
258	15	vom	APPRART	APPRART
258	16	böhmischen	NN	ADJA
258	17	Gebirge	NN	NN
258	18	wunderbarlich	ADJD	ADJD
258	19	wieder	ADV	ADV
258	20	ans	APPRART	APPRART
258	21	Licht	NN	NN
258	22	gebracht	VVFIN	VVPP
258	23	/	$(	$(
258	24	und	KON	KON
258	25	wegen	APPR	APPR
258	26	seiner	PPOSAT	PPOSAT
258	27	heilsamen	ADJA	ADJA
258	28	Art	NN	NN
258	29	durch	APPR	APPR
258	30	das	ART	ART
258	31	allgemeine	ADJA	ADJA
258	32	Geschrei	NN	NN
258	33	in	APPR	APPR
258	34	Beruf	NN	NN
258	35	kommen	VVFIN	VVINF
258	36	.	$.	$.
259	1	unlängst	ADJD	ADV
259	2	von	APPR	APPR
259	3	Meißen	NE	NE
260	1	Martino	NE	NE
260	2	Pfuntelio	NE	NE
260	3	von	APPR	APPR
260	4	Plauen	NN	NE
260	5	/	$(	$(
260	6	der	ART	ART
260	7	Schule	NN	NN
260	8	daselbst	PAV	ADV
260	9	Rectore	NN	NN
260	10	in	APPR	APPR
260	11	Latein	NN	NN
260	12	verfertigt	VVFIN	VVPP
260	13	/	$(	$(
260	14	und	KON	KON
260	15	in	APPR	APPR
260	16	Druck	NN	NN
260	17	gegeben	VVPP	VVPP
260	18	.	$.	$.
261	1	jetzo	ADV	ADV
261	2	aber	ADV	ADV
261	3	verdeutscht	VVFIN	VVPP
261	4	/	$(	$(
261	5	und	KON	KON
261	6	dem	ART	ART
261	7	vorigem	ADJA	ADJA
261	8	Traktat	NN	NN
261	9	mehr	PIAT	PIAT
261	10	Nachrichtung	NN	NN
261	11	halben	ADJA	ADJA
261	12	mit	APPR	ADV
261	13	einverleibt	NE	VVPP
261	14	.	$.	$.
261	15	in	APPR	APPR
261	16	diesem	PDAT	PDAT
261	17	Jahr	NN	NN
261	18	nach	APPR	APPR
261	19	Christi	NE	NE
261	20	Geburt	NN	NN
261	21	1608	CARD	ADJA
261	22	.	$.	$.
261	23	am	APPRART	APPRART
261	24	Ende	NN	NN
261	25	des	ART	ART
261	26	Monats	NN	NN
261	27	Aprilis	NE	NE
261	28	,	$,	$,
261	29	ist	VAFIN	VAFIN
261	30	ein	ART	ART
261	31	Brunnen	NN	NN
261	32	in	APPR	APPR
261	33	Meißen	NE	NE
261	34	in	APPR	APPR
261	35	großen	ADJA	ADJA
261	36	Beruf	NN	NN
261	37	gekommen	VVFIN	VVPP
261	38	.	$.	$.
262	1	dieser	PDAT	PDS
262	2	entspringt	VVFIN	VVFIN
262	3	über	APPR	APPR
262	4	der	ART	ART
262	5	Mulde	NN	NN
262	6	/	$(	$(
262	7	bei	APPR	APPR
262	8	Schneeberg	NE	NE
262	9	/	$(	$(
262	10	gegen	APPR	APPR
262	11	der	ART	ART
262	12	Sonne	NN	NN
262	13	Aufgang	NN	NN
262	14	/	$(	$(
262	15	mitten	ADV	ADV
262	16	auf	APPR	APPR
262	17	einer	ART	ART
262	18	sumpfigen	ADJA	ADJA
262	19	Wiese	NN	NN
262	20	/	$(	$(
262	21	welche	PWAT	PRELS
262	22	zu	PTKZU	PTKA
262	23	rings	ADV	ADV
262	24	herum	APZR	APZR
262	25	mit	APPR	APPR
262	26	Holz	NN	NN
262	27	umgeben	VVPP	VVPP
262	28	/	$(	$(
262	29	und	KON	KON
262	30	gegen	APPR	APPR
262	31	Mittag	NN	NN
262	32	hart	ADJD	ADJD
262	33	an	APPR	APPR
262	34	das	ART	ART
262	35	Dorf	NN	NN
262	36	Niederzwönitz	NE	NE
262	37	stößt	VVFIN	VVFIN
262	38	/	$(	$(
262	39	eine	ART	ART
262	40	halbe	ADJA	ADJA
262	41	Meile	NN	NN
262	42	vom	APPRART	APPRART
262	43	Städtlein	NN	NN
262	44	Leisnig	NE	NE
262	45	/	$(	$(
262	46	und	KON	KON
262	47	von	APPR	APPR
262	48	der	ART	ART
262	49	Bergstadt	ADJD	NN
262	50	Schneeberg	NN	NE
262	51	anderthalb	NE	ADJA
262	52	Meilen	NN	NN
262	53	entlegen	ADJD	VVINF
262	54	.	$.	$.
263	1	dannenher	PAV	ADV
263	2	offenbar	ADJD	ADJD
263	3	/	$(	$(
263	4	dass	KOUS	KOUS
263	5	dieser	PDAT	PDAT
263	6	Brunnen	NN	NN
263	7	in	APPR	APPR
263	8	diesem	PDAT	PDAT
263	9	Teil	NN	NN
263	10	meißnischen	ADJA	ADJA
263	11	Landes	NN	NN
263	12	liegt	VVFIN	VVFIN
263	13	/	$(	$(
263	14	welches	PRELS	PWS
263	15	an	APPR	APPR
263	16	die	ART	ART
263	17	Sudeten	NN	NN
263	18	Gebirge	NN	NN
263	19	stößt	VVFIN	VVFIN
263	20	/	$(	$(
263	21	so	ADV	ADV
263	22	Meißen	NE	NE
263	23	und	KON	KON
263	24	Böhmen	NN	NE
263	25	unterscheiden	VVINF	VVINF
263	26	.	$.	$.
264	1	hart	NE	ADJD
264	2	bei	APPR	APPR
264	3	diesem	PDAT	PDAT
264	4	Brunnen	NN	NN
264	5	sind	VAFIN	VAFIN
264	6	drei	CARD	CARD
264	7	Tannen	NN	NN
264	8	/	$(	$(
264	9	daher	PAV	PAV
264	10	dieser	PDAT	PDAT
264	11	Brunnen	NN	NN
264	12	vorzeiten	ADV	ADV
264	13	genannt	VVPP	VVPP
264	14	worden	VAPP	VAPP
264	15	/	$(	$(
264	16	der	ART	ART
264	17	Brunnen	NN	NN
264	18	zun	APPRART	APPRART
264	19	dreien	CARD	CARD
264	20	Tannen	NN	NN
264	21	/	$(	$(
264	22	welchen	PWAT	PIAT
264	23	Namen	NN	NN
264	24	/	$(	$(
264	25	so	ADV	ADV
264	26	er	PPER	PPER
264	27	von	APPR	APPR
264	28	Alters	NN	NN
264	29	her	APZR	APZR
264	30	gehabt	VAPP	VAPP
264	31	/	$(	$(
264	32	er	PPER	PPER
264	33	noch	ADV	ADV
264	34	behält	VVFIN	VVFIN
264	35	.	$.	$.
265	1	die	ART	ART
265	2	Wiese	NN	NN
265	3	/	$(	$(
265	4	darauf	PAV	PAV
265	5	dieser	PDAT	PDAT
265	6	Brunnen	NN	NN
265	7	quillt	VVFIN	VVFIN
265	8	/	$(	$(
265	9	ist	VAFIN	VAFIN
265	10	jetziger	ADJA	ADJA
265	11	Zeit	NN	NN
265	12	eines	ART	ART
265	13	Bauern	NN	NN
265	14	in	APPR	APPR
265	15	jetzt	ADV	ADV
265	16	gedachtem	ADJA	ADJA
265	17	Dorf	NN	NN
265	18	Niederzwönitz	NE	NE
265	19	/	$(	$(
265	20	mit	APPR	APPR
265	21	Namen	NN	NN
265	22	Nickel	NE	NE
265	23	Grommers	NE	NN
265	24	/	$(	$(
265	25	unter	APPR	APPR
265	26	der	ART	ART
265	27	Botmäßigkeit	NN	NN
265	28	eines	ART	ART
265	29	Edelmannes	NN	NN
265	30	/	$(	$(
265	31	des	ART	ART
265	32	von	APPR	APPR
265	33	Gelenau	NE	NE
265	34	/	$(	$(
265	35	welcher	PWAT	PWS
265	36	unseres	PPOSAT	PPOSAT
265	37	gnädigsten	ADJA	ADJA
265	38	Herrn	NN	NN
265	39	/	$(	$(
265	40	des	ART	ART
265	41	Kurfürsten	NN	NN
265	42	zu	PTKZU	APPR
265	43	Sachsen	NE	NE
265	44	Lehnsmann	NN	NN
265	45	ist	VAFIN	VAFIN
265	46	.	$.	$.
266	1	welches	PWS	PWS
266	2	derentwegen	PAV	ADV
266	3	gemeldet	VVPP	VVPP
266	4	wird	VAFIN	VAFIN
266	5	/	$(	$(
266	6	das	ART	PDS
266	7	menniglich	ADJD	ADJD
266	8	wissen	VVINF	VVINF
266	9	möge	VMFIN	VMFIN
266	10	/	$(	$(
266	11	dass	KOUS	KOUS
266	12	der	ART	ART
266	13	Herzog	NE	NN
266	14	und	KON	KON
266	15	Kurfürst	NN	NN
266	16	zu	PTKZU	APPR
266	17	Sachsen	NE	NE
266	18	über	APPR	APPR
266	19	den	ART	ART
266	20	Ort	NN	NN
266	21	/	$(	$(
266	22	da	ADV	ADV
266	23	dieser	PDAT	PDAT
266	24	Brunnen	NN	NN
266	25	entspringt	VVFIN	VVFIN
266	26	/	$(	$(
266	27	die	ART	ART
266	28	höchste	ADJA	ADJA
266	29	Gewalt	NN	NN
266	30	habe	VAFIN	VAFIN
266	31	/	$(	$(
266	32	da	ADV	ADV
266	33	doch	ADV	ADV
266	34	der	ART	ART
266	35	unerfahrene	ADJA	ADJA
266	36	Pöbel	NN	NN
266	37	anderen	ADJA	PIS
266	38	/	$(	$(
266	39	weiß	VVFIN	VVFIN
266	40	nicht	PTKNEG	PTKNEG
266	41	wem	PWS	PWS
266	42	/	$(	$(
266	43	dieselbe	PDAT	PDS
266	44	zuschreibt	VVFIN	VVFIN
266	45	.	$.	$.
267	1	dass	KOUS	KOUS
267	2	dieser	PDAT	PDAT
267	3	Brunnen	NN	NN
267	4	nicht	PTKNEG	PTKNEG
267	5	allein	ADV	ADV
267	6	mit	APPR	APPR
267	7	dem	ART	ART
267	8	Namen	NN	NN
267	9	/	$(	$(
267	10	sondern	KON	KON
267	11	auch	ADV	ADV
267	12	wegen	APPR	APPR
267	13	eiliger	ADJA	ADJA
267	14	Auszeigung	NE	NN
267	15	seiner	PPOSAT	PPOSAT
267	16	Kräfte	NN	NN
267	17	und	KON	KON
267	18	Tugenden	NN	NN
267	19	vorzeiten	ADV	ADV
267	20	auch	ADV	ADV
267	21	bekannt	ADJD	ADJD
267	22	gewesen	VAPP	VAPP
267	23	/	$(	$(
267	24	ist	VAFIN	VAFIN
267	25	kein	PIAT	PIAT
267	26	Zweifel	NN	NN
267	27	/	$(	$(
267	28	sintemal	KOUS	ADV
267	29	er	PPER	PPER
267	30	/	$(	$(
267	31	wie	KOKOM	KOKOM
267	32	gesagt	VVPP	VVPP
267	33	/	$(	$(
267	34	seinen	PPOSAT	PPOSAT
267	35	alten	ADJA	ADJA
267	36	Namen	NN	NN
267	37	noch	ADV	ADV
267	38	behält	VVFIN	VVFIN
267	39	/	$(	$(
267	40	auch	ADV	ADV
267	41	viele	ADV	PIAT
267	42	alte	ADJA	ADJA
267	43	Leute	NN	NN
267	44	/	$(	$(
267	45	so	ADV	ADV
267	46	umher	PTKVZ	ADV
267	47	wohnen	VVINF	VVFIN
267	48	/	$(	$(
267	49	seine	PPOSAT	PPOSAT
267	50	Eigenschaft	NN	NN
267	51	und	KON	KON
267	52	vorigen	ADJA	ADJA
267	53	Kräfte	NN	NN
267	54	/	$(	$(
267	55	in	APPR	APPR
267	56	frischer	ADJA	ADJA
267	57	Gedächtnis	NN	NN
267	58	haben	VAFIN	VAFIN
267	59	/	$(	$(
267	60	wie	KOKOM	KOUS
267	61	sie	PPER	PPER
267	62	solches	PIAT	PIS
267	63	von	APPR	APPR
267	64	ihren	PPOSAT	PPOSAT
267	65	Vorfahren	NN	NN
267	66	gehört	VVFIN	VVPP
267	67	.	$.	$.
268	1	es	PPER	PPER
268	2	möchte	VMFIN	VMFIN
268	3	sich	PRF	PRF
268	4	aber	ADV	ADV
268	5	jemand	PIS	PIS
268	6	wundern	VVINF	VVINF
268	7	/	$(	$(
268	8	aus	APPR	APPR
268	9	was	PWS	PIS
268	10	Ursachen	NN	NN
268	11	dieser	PDAT	PDAT
268	12	Brunnen	NN	NN
268	13	vorzeiten	ADV	ADV
268	14	außen	ADV	ADV
268	15	geblieben	VVFIN	VVPP
268	16	/	$(	$(
268	17	und	KON	KON
268	18	bis	APPR	KON
268	19	daher	PAV	PAV
268	20	von	APPR	APPR
268	21	den	ART	ART
268	22	umliegenden	ADJA	ADJA
268	23	nicht	PTKNEG	PTKNEG
268	24	geachtet	VVPP	VVPP
268	25	worden	VAPP	VAPP
268	26	/	$(	$(
268	27	da	ADV	KOUS
268	28	man	PIS	PIS
268	29	doch	ADV	ADV
268	30	solche	PIAT	PIAT
268	31	heilsamen	ADJA	ADJA
268	32	Brunnen	NN	NN
268	33	sonsten	ADV	ADV
268	34	in	APPR	APPR
268	35	hohem	ADJA	ADJA
268	36	Wert	NN	NN
268	37	zu	PTKZU	PTKZU
268	38	halten	VVINF	VVINF
268	39	/	$(	$(
268	40	und	KON	KON
268	41	wider	APPR	APPR
268	42	allen	PIAT	PIAT
268	43	Schaden	NN	NN
268	44	fleißig	ADJD	ADJD
268	45	zu	PTKZU	PTKZU
268	46	verwahren	VVINF	VVINF
268	47	pflegt	VVFIN	VVFIN
268	48	.	$.	$.
269	1	welche	PWAT	PRELS
269	2	hart	ADJD	ADJD
269	3	bei	APPR	APPR
269	4	diesem	PDAT	PDAT
269	5	Brunnen	NN	NN
269	6	wohnen	VVINF	VVFIN
269	7	/	$(	$(
269	8	sagen	VVINF	VVFIN
269	9	dies	PDS	PDS
269	10	sei	VAFIN	VAFIN
269	11	die	ART	ART
269	12	Ursache	NN	NN
269	13	/	$(	$(
269	14	dieser	PDAT	PDAT
269	15	Brunnen	NN	NN
269	16	sei	VAFIN	VAFIN
269	17	vor	APPR	APPR
269	18	50	CARD	CARD
269	19	Jahren	NN	NN
269	20	durch	APPR	APPR
269	21	einen	ART	ART
269	22	großen	ADJA	ADJA
269	23	ungestümen	ADJA	ADJA
269	24	Platzregen	NN	NN
269	25	und	KON	KON
269	26	Ungewitter	NN	NN
269	27	verschlemmt	VVFIN	VVPP
269	28	und	KON	KON
269	29	versenkt	VVFIN	VVPP
269	30	worden	VAPP	VAPP
269	31	/	$(	$(
269	32	dass	KOUS	KOUS
269	33	er	PPER	PPER
269	34	bis	APPR	APPR
269	35	daher	PAV	PAV
269	36	seinen	PPOSAT	PPOSAT
269	37	verborgenen	ADJA	ADJA
269	38	Gang	NN	NN
269	39	unter	APPR	APPR
269	40	der	ART	ART
269	41	Erde	NN	NN
269	42	gehabt	VAPP	VAPP
269	43	/	$(	$(
269	44	bis	VVFIN	KON
269	45	unlängst	ADJD	ADV
269	46	die	ART	ART
269	47	Quelle	NE	NN
269	48	wieder	ADV	ADV
269	49	geöffnet	VVPP	VVPP
269	50	/	$(	$(
269	51	und	KON	KON
269	52	der	ART	ART
269	53	Brunnen	NN	NN
269	54	wieder	ADV	ADV
269	55	zu	PTKZU	PTKZU
269	56	springen	VVINF	VVINF
269	57	und	KON	KON
269	58	hell	ADJD	ADJD
269	59	zu	PTKZU	PTKZU
269	60	werden	VAINF	VAINF
269	61	angefangen	VVPP	VVPP
269	62	.	$.	$.
270	1	wie	PWAV	KOUS
270	2	solches	PIAT	PIS
270	3	zugegangen	VVPP	VVPP
270	4	/	$(	$(
270	5	will	VMFIN	VMFIN
270	6	ich	PPER	PPER
270	7	mit	APPR	APPR
270	8	dreien	CARD	CARD
270	9	Worten	NN	NN
270	10	anzeigen	VVINF	VVINF
270	11	/	$(	$(
270	12	damit	PAV	KOUS
270	13	menniglich	ADJD	ADJD
270	14	wissen	VVINF	VVINF
270	15	möge	VMFIN	VMFIN
270	16	/	$(	$(
270	17	wie	KOKOM	KOUS
270	18	es	PPER	PPER
270	19	in	APPR	APPR
270	20	der	ART	ART
270	21	Wahrheit	NN	NN
270	22	darum	PAV	PAV
270	23	gewandt	NN	VVPP
270	24	/	$(	$(
270	25	und	KON	KON
270	26	auch	NE	ADV
270	27	anderes	ADJD	PIAT
270	28	erdichtetes	ADJA	ADJA
270	29	Fabelwerk	NN	NN
270	30	sich	PRF	PRF
270	31	nicht	PTKNEG	PTKNEG
270	32	kehren	VVFIN	VVINF
270	33	dürfe	VMFIN	VMFIN
270	34	.	$.	$.
271	1	gegen	APPR	APPR
271	2	Mitternacht	NN	NN
271	3	eine	ART	ART
271	4	halbe	ADJA	ADJA
271	5	Meile	NN	NN
271	6	von	APPR	APPR
271	7	diesem	PDAT	PDAT
271	8	neuem	ADJA	ADJA
271	9	Brunnen	NN	NN
271	10	liegt	VVFIN	VVFIN
271	11	ein	ART	ART
271	12	Städtlein	NN	NN
271	13	Zwönitz	NN	NE
271	14	/	$(	$(
271	15	und	KON	KON
271	16	nahe	APPR	ADJD
271	17	dabei	PAV	PAV
271	18	ein	ART	ART
271	19	Dorf	NN	NN
271	20	/	$(	$(
271	21	mit	APPR	APPR
271	22	Namen	NN	NN
271	23	Grünheide	NE	NE
271	24	/	$(	$(
271	25	in	APPR	APPR
271	26	welchem	PWAT	PRELS
271	27	eine	ART	ART
271	28	Bäuerin	NE	NN
271	29	bei	APPR	APPR
271	30	acht	CARD	CARD
271	31	Jahren	NN	NN
271	32	ganz	ADV	ADV
271	33	übel	ADV	ADJD
271	34	auf	APPR	PTKVZ
271	35	gewesen	VAPP	VAPP
271	36	/	$(	$(
271	37	wegen	APPR	APPR
271	38	eines	ART	ART
271	39	alten	ADJA	ADJA
271	40	bösen	ADJA	ADJA
271	41	Schadens	NN	NN
271	42	an	APPR	APPR
271	43	einem	ART	ART
271	44	Schenkel	NN	NN
271	45	/	$(	$(
271	46	welcher	PWAT	PWS
271	47	dermaßen	ADV	ADV
271	48	bei	APPR	APPR
271	49	ihr	PPOSAT	PPER
271	50	eingewurzelt	VVPP	VVPP
271	51	und	KON	KON
271	52	sie	PPER	PPER
271	53	also	ADV	ADV
271	54	abgemattet	VVPP	VVPP
271	55	/	$(	$(
271	56	dass	KOUS	KOUS
271	57	es	PPER	PPER
271	58	sich	PRF	PRF
271	59	ansehen	VVINF	VVINF
271	60	ließ	VVFIN	VVFIN
271	61	/	$(	$(
271	62	als	KOKOM	KOUS
271	63	möchte	VMFIN	VMFIN
271	64	es	PPER	PPER
271	65	ihr	PPOSAT	PPER
271	66	am	APPRART	APPRART
271	67	Leben	NN	NN
271	68	schaden	VVINF	VVINF
271	69	/	$(	$(
271	70	diese	PDAT	PDAT
271	71	Bäuerin	NN	NN
271	72	/	$(	$(
271	73	dieweil	KOUS	KOUS
271	74	sie	PPER	PPER
271	75	gern	ADV	ADV
271	76	wieder	ADV	ADV
271	77	zur	APPRART	APPRART
271	78	Gesundheit	NN	NN
271	79	und	KON	KON
271	80	ihren	PPOSAT	PPOSAT
271	81	vorigen	ADJA	ADJA
271	82	Kräften	NN	NN
271	83	kommen	VVFIN	VVINF
271	84	wäre	VAFIN	VAFIN
271	85	/	$(	$(
271	86	fragte	VVFIN	VVFIN
271	87	ihre	PPOSAT	PPOSAT
271	88	Nachbarin	NN	NN
271	89	um	APPR	APPR
271	90	Rat	NN	NN
271	91	/	$(	$(
271	92	was	PWS	PWS
271	93	sie	PPER	PPER
271	94	wider	APPR	APPR
271	95	diese	PDAT	PDAT
271	96	große	ADJA	ADJA
271	97	und	KON	KON
271	98	langwierige	ADJA	ADJA
271	99	Beschwerung	NN	NN
271	100	tun	VVINF	VVINF
271	101	solle	VMFIN	VMFIN
271	102	/	$(	$(
271	103	weil	KOUS	KOUS
271	104	die	ART	ART
271	105	Schmerzen	NN	NN
271	106	heftig	ADJD	ADJD
271	107	anhielten	VVFIN	VVFIN
271	108	/	$(	$(
271	109	und	KON	KON
271	110	keine	PIAT	PIAT
271	111	Arznei	NN	NN
271	112	helfen	VVINF	VVINF
271	113	wollte	VMFIN	VMFIN
271	114	.	$.	$.
272	1	darauf	PAV	PAV
272	2	wird	VAFIN	VAFIN
272	3	ihr	PPOSAT	PPER
272	4	geraten	VVPP	VVPP
272	5	/	$(	$(
272	6	sie	PPER	PPER
272	7	soll	VMFIN	VMFIN
272	8	den	ART	ART
272	9	Brunnen	NN	NN
272	10	zun	APPRART	APPRART
272	11	drei	CARD	CARD
272	12	Tannen	NN	NN
272	13	brauchen	VVFIN	VVINF
272	14	/	$(	$(
272	15	sintemal	KOUS	ADV
272	16	bei	APPR	APPR
272	17	Mannes	NN	NN
272	18	Gedenken	NN	NN
272	19	ihr	PPOSAT	PPER
272	20	viel	ADV	ADV
272	21	dadurch	PAV	PAV
272	22	geheilt	VVPP	VVPP
272	23	wären	VAFIN	VAFIN
272	24	.	$.	$.
273	1	die	ART	ART
273	2	Frau	NN	NN
273	3	/	$(	$(
273	4	welche	PWAT	PRELS
273	5	nun	ADV	ADV
273	6	gar	ADV	ADV
273	7	von	APPR	APPR
273	8	Kräften	NN	NN
273	9	gekommen	VVFIN	VVPP
273	10	/	$(	$(
273	11	folgt	VVFIN	VVFIN
273	12	diesem	PDAT	PDAT
273	13	Rat	NN	NN
273	14	/	$(	$(
273	15	versucht	VVPP	VVFIN
273	16	was	PWS	PIS
273	17	der	ART	ART
273	18	Brunnen	NN	NN
273	19	vermag	VVFIN	VVFIN
273	20	/	$(	$(
273	21	welcher	PWAT	PWS
273	22	damals	ADV	ADV
273	23	eine	ART	ART
273	24	kleine	ADJA	ADJA
273	25	enge	ADJA	ADJA
273	26	Quelle	NE	NN
273	27	hatte	VAFIN	VAFIN
273	28	/	$(	$(
273	29	von	APPR	APPR
273	30	den	ART	ART
273	31	Grashauern	NN	NN
273	32	eröffnet	VVPP	VVPP
273	33	/	$(	$(
273	34	wusch	VVFIN	VVFIN
273	35	etliche	PIAT	PIAT
273	36	Tage	NN	NN
273	37	den	ART	ART
273	38	bösen	ADJA	ADJA
273	39	Schenkel	NN	NN
273	40	damit	PAV	PAV
273	41	/	$(	$(
273	42	und	KON	KON
273	43	wurde	VAFIN	VAFIN
273	44	nächst	APPR	APPR
273	45	Gott	NN	NN
273	46	/	$(	$(
273	47	allein	ADV	ADV
273	48	durch	APPR	APPR
273	49	diesen	PDAT	PDAT
273	50	Brunnen	NN	NN
273	51	ihrer	PPOSAT	PPOSAT
273	52	achtjährigen	ADJA	ADJA
273	53	Beschwerung	NN	NN
273	54	entledigt	VVPP	VVPP
273	55	.	$.	$.
274	1	dieses	PDAT	PDAT
274	2	Wissen	NN	NN
274	3	nach	APPR	APPR
274	4	dem	ART	ART
274	5	sie	PPER	PPER
274	6	also	ADV	ADV
274	7	vermittels	ADJD	VVFIN
274	8	göttlicher	ADJD	ADJA
274	9	Verleihung	NN	NN
274	10	wieder	ADV	ADV
274	11	zu	PTKZU	APPR
274	12	voriger	ADJA	ADJA
274	13	Gesundheit	NN	NN
274	14	und	KON	KON
274	15	Stärke	NN	NN
274	16	gekommen	VVFIN	VVPP
274	17	/	$(	$(
274	18	lässt	VVFIN	VVFIN
274	19	unserem	PPOSAT	PPOSAT
274	20	Herrn	NN	NN
274	21	Gott	NN	NN
274	22	öffentlich	ADJD	ADJD
274	23	in	APPR	APPR
274	24	der	ART	ART
274	25	Kirche	NN	NN
274	26	für	APPR	APPR
274	27	solche	PIAT	PIAT
274	28	gnädige	ADJA	ADJA
274	29	Wohltat	NN	NN
274	30	danken	VVINF	VVINF
274	31	/	$(	$(
274	32	rühmt	VVFIN	VVFIN
274	33	dieselbe	PDAT	PDS
274	34	allenthalben	ADV	ADV
274	35	.	$.	$.
275	1	dannenhero	PAV	ADV
275	2	erfolgt	VVFIN	VVPP
275	3	/	$(	$(
275	4	dass	KOUS	KOUS
275	5	ein	ART	ART
275	6	großes	ADJD	ADJA
275	7	Geschrei	NN	NN
275	8	von	APPR	APPR
275	9	diesem	PDAT	PDAT
275	10	heilsamen	ADJA	ADJA
275	11	Brunnen	NE	NN
275	12	in	APPR	APPR
275	13	der	ART	ART
275	14	Nähe	NN	NN
275	15	/	$(	$(
275	16	und	KON	KON
275	17	hin	PTKVZ	ADV
275	18	und	KON	KON
275	19	wieder	ADV	ADV
275	20	erschollen	VVPP	VVPP
275	21	und	KON	KON
275	22	ausgebreitet	VVPP	VVPP
275	23	/	$(	$(
275	24	auch	ADV	ADV
275	25	ein	ART	ART
275	26	großer	ADJA	ADJA
275	27	Zulauf	NN	NN
275	28	von	APPR	APPR
275	29	gemeinen	ADJA	ADJA
275	30	und	KON	KON
275	31	fürnehmen	ADJA	ADJA
275	32	Leuten	NN	NN
275	33	/	$(	$(
275	34	nicht	PTKNEG	PTKNEG
275	35	allein	ADV	ADV
275	36	aus	APPR	APPR
275	37	nahen	ADJA	ADJA
275	38	/	$(	$(
275	39	sondern	KON	KON
275	40	auch	ADV	ADV
275	41	aus	APPR	APPR
275	42	fernen	ADJA	ADJA
275	43	Orten	VVINF	NN
275	44	gewesen	VAPP	VAPP
275	45	/	$(	$(
275	46	und	KON	KON
275	47	noch	ADV	ADV
275	48	täglich	ADJD	ADJD
275	49	ist	VAFIN	VAFIN
275	50	/	$(	$(
275	51	wie	KOKOM	KOUS
275	52	ich	PPER	PPER
275	53	selbst	ADV	ADV
275	54	bezeugen	VVFIN	VVINF
275	55	kann	VMFIN	VMFIN
275	56	/	$(	$(
275	57	der	ART	PRELS
275	58	ich	PPER	PPER
275	59	beneben	APPR	VVFIN
275	60	meinem	VVFIN	PPOSAT
275	61	Collega	NE	NN
275	62	diesen	PDAT	PDAT
275	63	Brunnen	NE	NN
275	64	besichtigt	VVFIN	VVPP
275	65	,	$,	$,
275	66	und	KON	KON
275	67	uns	PPER	PPER
275	68	über	APPR	APPR
275	69	der	ART	ART
275	70	großen	ADJA	ADJA
275	71	Menge	VVIMP	NN
275	72	anwesender	ADJA	ADJA
275	73	Leute	NN	NN
275	74	heftig	ADJD	ADJD
275	75	verwundert	VVFIN	VVPP
275	76	haben	VAFIN	VAFIN
275	77	.	$.	$.
276	1	und	KON	KON
276	2	geht	VVFIN	VVFIN
276	3	nun	ADV	ADV
276	4	dieser	PDAT	PDAT
276	5	Brunnen	NE	NN
276	6	/	$(	$(
276	7	dieweil	KOUS	KOUS
276	8	seine	PPOSAT	PPOSAT
276	9	vor	APPR	APPR
276	10	dessen	PDS	PDAT
276	11	verstopfte	ADJA	ADJA
276	12	Gänge	NN	NN
276	13	wiederum	NE	ADV
276	14	eröffnet	VVPP	VVPP
276	15	/	$(	$(
276	16	und	KON	KON
276	17	mit	APPR	APPR
276	18	vierecketem	NN	ADJA
276	19	Gebäude	NN	NN
276	20	auf	APPR	APPR
276	21	eine	ART	ART
276	22	Zeitlang	NN	NN
276	23	gefasst	VVPP	VVPP
276	24	/	$(	$(
276	25	so	ADV	ADV
276	26	stark	ADJD	ADJD
276	27	/	$(	$(
276	28	dass	KOUS	KOUS
276	29	es	PPER	PPER
276	30	ihm	PPER	PPER
276	31	niemals	ADV	ADV
276	32	an	APPR	APPR
276	33	springenden	ADJA	ADJA
276	34	frischen	ADJA	ADJA
276	35	Wasser	NN	NN
276	36	mangelt	VVFIN	VVFIN
276	37	/	$(	$(
276	38	ob	KOUS	KOUS
276	39	gleich	ADV	ADJD
276	40	alle	PIAT	PIS
276	41	und	KON	KON
276	42	jede	PIAT	PIAT
276	43	Stunde	NN	NN
276	44	mehr	ADV	ADV
276	45	als	KOKOM	KOKOM
276	46	vier	CARD	CARD
276	47	Fuder	NN	NN
276	48	daraus	PAV	PAV
276	49	geschöpft	VVPP	VVPP
276	50	wird	VAFIN	VAFIN
276	51	.	$.	$.
277	1	das	ART	ART
277	2	Wasser	NN	NN
277	3	so	ADV	ADV
277	4	aus	APPR	APPR
277	5	diesem	PDAT	PDAT
277	6	Brunnen	NN	NN
277	7	geschöpft	VVPP	VVPP
277	8	wird	VAFIN	VAFIN
277	9	/	$(	$(
277	10	scheint	VVFIN	VVFIN
277	11	Blaufarbe	NN	NN
277	12	zu	PTKZU	PTKZU
277	13	sein	VAINF	VAINF
277	14	/	$(	$(
277	15	und	KON	KON
277	16	eines	ART	ART
277	17	süßen	ADJA	ADJA
277	18	Geschmacks	NN	NN
277	19	/	$(	$(
277	20	welches	PRELS	PWS
277	21	beides	PIS	PIS
277	22	es	PPER	PPER
277	23	/	$(	$(
277	24	wenn	KOUS	KOUS
277	25	es	PPER	PPER
277	26	anderswo	ADV	ADV
277	27	hin	PTKVZ	ADV
277	28	geführt	VVPP	VVPP
277	29	wird	VAFIN	VAFIN
277	30	/	$(	$(
277	31	allmählich	ADJD	ADJD
277	32	verändert	VVFIN	VVPP
277	33	/	$(	$(
277	34	sonderlich	ADJD	ADJD
277	35	/	$(	$(
277	36	wenn	KOUS	KOUS
277	37	man	PIS	PIS
277	38	es	PPER	PPER
277	39	wie	KOKOM	KOKOM
277	40	gemeiniglich	ADV	ADJD
277	41	zu	PTKZU	PTKZU
277	42	geschehen	VVPP	VVINF
277	43	pflegt	VVFIN	VVFIN
277	44	/	$(	$(
277	45	in	APPR	APPR
277	46	gepichten	ADJA	ADJA
277	47	und	KON	KON
277	48	anderen	ADJA	PIS
277	49	dergleichen	PIS	PIS
277	50	Fässern	NN	NN
277	51	führt	VVFIN	VVFIN
277	52	.	$.	$.
278	1	von	APPR	APPR
278	2	den	ART	ART
278	3	Eigenschaften	NN	NN
278	4	und	KON	KON
278	5	Temperament	NN	NN
278	6	dieses	PDAT	PDAT
278	7	Wassers	NN	NN
278	8	/	$(	$(
278	9	weil	KOUS	KOUS
278	10	dasselbe	PDAT	PDS
278	11	gar	ADV	ADV
278	12	neulich	ADV	ADV
278	13	von	APPR	APPR
278	14	dem	ART	ART
278	15	anderen	ADJA	PIAT
278	16	pfülenschenden	NE	ADJA
278	17	Wasser	NN	NN
278	18	abgeschieden	ADJD	VVPP
278	19	/	$(	$(
278	20	hat	VAFIN	VAFIN
278	21	man	PIS	PIS
278	22	bisher	ADV	ADV
278	23	wenig	PIS	ADV
278	24	gewusst	VVPP	VVPP
278	25	/	$(	$(
278	26	allein	ADV	ADV
278	27	dass	KOUS	KOUS
278	28	man	PIS	PIS
278	29	es	PPER	PPER
278	30	probiert	VVFIN	VVPP
278	31	und	KON	KON
278	32	befunden	VVPP	VVPP
278	33	/	$(	$(
278	34	es	PPER	PPER
278	35	habe	VAFIN	VAFIN
278	36	Kupfererz	NN	NN
278	37	/	$(	$(
278	38	Steinbrücken	NN	NN
278	39	/	$(	$(
278	40	und	KON	KON
278	41	etwas	PIS	ADV
278	42	von	APPR	APPR
278	43	Kupferwasser	NN	NN
278	44	oder	KON	KON
278	45	Victril	NE	NN
278	46	in	APPR	APPR
278	47	sich	PRF	PRF
278	48	/	$(	$(
278	49	sonst	ADV	ADV
278	50	aber	ADV	ADV
278	51	nicht	PTKNEG	PTKNEG
278	52	schwerer	ADJA	ADJD
278	53	/	$(	$(
278	54	als	KOKOM	KOKOM
278	55	anderes	ADJD	PIAT
278	56	Brunnenwasser	NE	NN
278	57	.	$.	$.
279	1	ob	KOUS	KOUS
279	2	aber	ADV	ADV
279	3	wohl	ADV	ADV
279	4	etliche	PIAT	PIS
279	5	in	APPR	APPR
279	6	der	ART	ART
279	7	Meinung	NN	NN
279	8	/	$(	$(
279	9	dies	PDS	PDS
279	10	Wasser	NN	NN
279	11	sei	VAFIN	VAFIN
279	12	ein	ART	ART
279	13	rohes	ADJA	ADJA
279	14	Wasser	NN	NN
279	15	/	$(	$(
279	16	welches	PRELS	PWS
279	17	nichts	PIS	PIS
279	18	oder	KON	KON
279	19	ja	ADV	ADV
279	20	wenig	PIS	PIS
279	21	vermöge	VVFIN	VVFIN
279	22	/	$(	$(
279	23	so	ADV	ADV
279	24	kann	VMFIN	VMFIN
279	25	und	KON	KON
279	26	soll	VMFIN	VMFIN
279	27	es	PPER	PPER
279	28	doch	ADV	ADV
279	29	nicht	PTKNEG	PTKNEG
279	30	gänzlich	ADJD	ADJD
279	31	aller	PIAT	PIAT
279	32	Kräfte	NN	NN
279	33	beraubt	VVFIN	VVPP
279	34	werden	VAINF	VAINF
279	35	.	$.	$.
280	1	denn	KON	KON
280	2	die	ART	ART
280	3	jenigen	PIAT	PDAT
280	4	/	$(	$(
280	5	so	ADV	ADV
280	6	bisher	ADV	ADV
280	7	hie	ADV	ADV
280	8	und	KON	KON
280	9	anderswo	ADV	ADV
280	10	durch	APPR	APPR
280	11	kräftige	ADJA	ADJA
280	12	Arznei	NN	NN
280	13	nicht	PTKNEG	PTKNEG
280	14	haben	VAFIN	VAFIN
280	15	können	VMFIN	VMFIN
280	16	zu	PTKZU	PTKA
280	17	recht	ADJD	ADJD
280	18	gebracht	VVPP	VVPP
280	19	werden	VAINF	VAINF
280	20	/	$(	$(
280	21	die	ART	PDS
280	22	sind	VAFIN	VAFIN
280	23	nächst	APPR	APPR
280	24	Gott[14]	NE	NN
280	25	Gott[14]	NE	NN
280	26	Gott[14]	NE	NN
280	27	Gott[14]	NE	NN
280	28	allein	ADV	ADV
280	29	durch	APPR	APPR
280	30	dies	PDS	PDAT
280	31	Wasser	NN	NN
280	32	von	APPR	APPR
280	33	etlichen	ADJA	PIAT
280	34	Krankheiten	NN	NN
280	35	und	KON	KON
280	36	Leibsbeschwerungen	NN	NN
280	37	entledigt	VVPP	VVPP
280	38	/	$(	$(
280	39	und	KON	KON
280	40	wieder	ADV	ADV
280	41	zu	PTKZU	APPR
280	42	ihren	PPOSAT	PPOSAT
280	43	vorigen	ADJA	ADJA
280	44	Kräften	NN	NN
280	45	gekommen	VVFIN	VVPP
280	46	.	$.	$.
281	1	ein	ART	ART
281	2	edler	NN	ADJA
281	3	Knabe	NN	NN
281	4	in	APPR	APPR
281	5	dieser	PDAT	PDAT
281	6	Schule	NN	NN
281	7	zu	PTKZU	APPR
281	8	Plauen	NN	NE
281	9	/	$(	$(
281	10	von	APPR	APPR
281	11	17.	ADJA	ADJA
281	12	Jahren	NN	NN
281	13	/	$(	$(
281	14	hat	VAFIN	VAFIN
281	15	an	APPR	APPR
281	16	einem	ART	ART
281	17	dreitägigem	ADJA	ADJA
281	18	Fieber	NN	NN
281	19	krank	ADJD	ADJD
281	20	gelegen	VVPP	VVPP
281	21	/	$(	$(
281	22	welches	PRELS	PWS
281	23	durch	APPR	APPR
281	24	Arznei	NN	NN
281	25	sich	PRF	PRF
281	26	nicht	PTKNEG	PTKNEG
281	27	hat	VAFIN	VAFIN
281	28	vertreiben	VVINF	VVINF
281	29	lassen	VVINF	VVINF
281	30	wollen	VMFIN	VMFIN
281	31	.	$.	$.
282	1	da	ADV	KOUS
282	2	er	PPER	PPER
282	3	aber	ADV	ADV
282	4	dieses	PDAT	PDAT
282	5	Wasser	NN	NN
282	6	getrunken	VVPP	VVPP
282	7	/	$(	$(
282	8	hat	VAFIN	VAFIN
282	9	es	PPER	PPER
282	10	bald	ADV	ADV
282	11	nachgelassen	VVPP	VVPP
282	12	/	$(	$(
282	13	und	KON	KON
282	14	ist	VAFIN	VAFIN
282	15	durch	APPR	APPR
282	16	dies	PDS	PDAT
282	17	Wasser	NN	NN
282	18	vertrieben	VVPP	VVPP
282	19	und	KON	KON
282	20	gleichsam	ADJD	ADJD
282	21	ersäuft	VVFIN	VVPP
282	22	worden	VAPP	VAPP
282	23	.	$.	$.
283	1	eines	PIS	ART
283	2	hiesigen	ADV	ADJA
283	3	Bürgers	NN	NN
283	4	Töchterlein	NN	NN
283	5	von	APPR	APPR
283	6	elf	CARD	CARD
283	7	Jahren	NN	NN
283	8	hat	VAFIN	VAFIN
283	9	ein	ART	ART
283	10	Bergweh	NN	NN
283	11	gehabt	VAPP	VAPP
283	12	/	$(	$(
283	13	nicht	PTKNEG	PTKNEG
283	14	ohne	APPR	APPR
283	15	Lebensgefahr	NN	NN
283	16	/	$(	$(
283	17	welches	PRELS	PWS
283	18	aber	ADV	ADV
283	19	durch	APPR	APPR
283	20	dies	PDS	PDAT
283	21	Wasser	NN	NN
283	22	wieder	ADV	ADV
283	23	zu	PTKZU	APPR
283	24	Kräften	NN	NN
283	25	gekommen	VVFIN	VVPP
283	26	/	$(	$(
283	27	und	KON	KON
283	28	von	APPR	APPR
283	29	seinen	PPOSAT	PPOSAT
283	30	Schmerzen	NN	NN
283	31	entledigt	VVPP	VVPP
283	32	worden	VAPP	VAPP
283	33	.	$.	$.
284	1	desgleichen	KOUS	ADV
284	2	eine	ART	ART
284	3	Witwe	NN	NN
284	4	bei	APPR	APPR
284	5	uns	PPER	PPER
284	6	/	$(	$(
284	7	war	VAFIN	VAFIN
284	8	nur	ADV	ADV
284	9	dem	ART	ART
284	10	einem	ART	ART
284	11	Auge	NN	NN
284	12	blind	ADJD	ADJD
284	13	/	$(	$(
284	14	und	KON	KON
284	15	hatte	VAFIN	VAFIN
284	16	große	ADJA	ADJA
284	17	Hauptwehtag	NN	NN
284	18	/	$(	$(
284	19	welche	PWAT	PRELS
284	20	Schwachheiten	NN	NN
284	21	sich	PRF	PRF
284	22	verloren	VVPP	VVPP
284	23	/	$(	$(
284	24	nach	APPR	APPR
284	25	dem	ART	ART
284	26	sie	PPER	PPER
284	27	nur	ADV	ADV
284	28	diesem	PDAT	PDAT
284	29	Wasser	NN	NN
284	30	alle	PIAT	PIAT
284	31	ihre	PPOSAT	PPOSAT
284	32	Speise	NN	NN
284	33	kochte	VVFIN	VVFIN
284	34	.	$.	$.
285	1	es	PPER	PPER
285	2	dient	VVFIN	VVFIN
285	3	auch	ADV	ADV
285	4	dies	PDS	PDAT
285	5	Wasser	NN	NN
285	6	denen	PRELS	PDS
285	7	/	$(	$(
285	8	so	ADV	ADV
285	9	dumpfig	ADJD	ADJD
285	10	und	KON	KON
285	11	taub	ADJD	ADJD
285	12	sind	VAFIN	VAFIN
285	13	/	$(	$(
285	14	inmassen	KOUS	NN
285	15	dieses	PDAT	PDAT
285	16	Wasser	NN	NN
285	17	getrunken	VVPP	VVPP
285	18	ein	ART	ART
285	19	Vornehmer	ADJA	NN
285	20	von	APPR	APPR
285	21	Adel	NN	NN
285	22	im	APPRART	APPRART
285	23	Amt	NN	NN
285	24	Plauen	NN	NE
285	25	/	$(	$(
285	26	vom	APPRART	APPRART
285	27	Dumpf	ADJD	NN
285	28	kuriert	VVFIN	VVPP
285	29	und	KON	KON
285	30	zu	PTKZU	PTKA
285	31	recht	ADJD	ADJD
285	32	gebracht	VVFIN	VVPP
285	33	/	$(	$(
285	34	auch	ADV	ADV
285	35	viel	ADV	ADV
285	36	in	APPR	APPR
285	37	dieser	PDAT	PDAT
285	38	Gegend	NN	NN
285	39	/	$(	$(
285	40	nach	APPR	APPR
285	41	dem	ART	ART
285	42	sie	PPER	PPER
285	43	dies	PDS	PDAT
285	44	Wasser	NN	NN
285	45	in	APPR	APPR
285	46	die	ART	ART
285	47	Ohren	NN	NN
285	48	geträufelt	VVPP	VVPP
285	49	/	$(	$(
285	50	ihr	PPOSAT	PPOSAT
285	51	Gehör	NN	NN
285	52	wieder	ADV	ADV
285	53	erlangt	VVFIN	VVPP
285	54	haben	VAFIN	VAFIN
285	55	.	$.	$.
286	1	über	APPR	APPR
286	2	das	ART	PDS
286	3	hat	VAFIN	VAFIN
286	4	ein	ART	ART
286	5	Mann	PIS	NN
286	6	zu	PTKZU	APPR
286	7	Schneeberg	NE	NN
286	8	im	APPRART	APPRART
286	9	Zipperlein	NN	NN
286	10	dies	PDS	PDS
286	11	Wasser	NN	NN
286	12	von	APPR	APPR
286	13	außen	ADV	ADV
286	14	um	APPR	APPR
286	15	die	ART	ART
286	16	Gelenke	NE	NN
286	17	geschlagen	VVPP	VVPP
286	18	/	$(	$(
286	19	und	KON	KON
286	20	also	ADV	ADV
286	21	die	ART	ART
286	22	Schmerzen	NN	NN
286	23	gestillt	VVPP	VVPP
286	24	.	$.	$.
287	1	die	ART	ART
287	2	nah	ADJD	ADJD
287	3	bei	APPR	APPR
287	4	diesem	PDAT	PDAT
287	5	Brunnen	NE	NN
287	6	wohnen	VVINF	VVFIN
287	7	/	$(	$(
287	8	berichten	VVFIN	VVFIN
287	9	dass	KOUS	KOUS
287	10	dies	PDS	PDS
287	11	Wasser	NN	NN
287	12	vorzeiten	ADV	ADV
287	13	die	ART	ART
287	14	Krätze	NN	NN
287	15	und	KON	KON
287	16	alte	ADJA	ADJA
287	17	Schäden	NN	NN
287	18	geheilt	VVPP	VVPP
287	19	/	$(	$(
287	20	welche	PWAT	PIAT
287	21	Kraft	NN	NN
287	22	es	PPER	PPER
287	23	noch	ADV	ADV
287	24	hat	VAFIN	VAFIN
287	25	/	$(	$(
287	26	und	KON	KON
287	27	schon	ADV	ADV
287	28	vielen	PIAT	PIS
287	29	geholfen	VVPP	VVPP
287	30	.	$.	$.
288	1	dass	KOUS	KOUS
288	2	er	PPER	PPER
288	3	aber	ADV	ADV
288	4	für	APPR	APPR
288	5	allerlei	PIAT	PIAT
288	6	Krankheit	NN	NN
288	7	dienen	VVINF	VVINF
288	8	soll	VMFIN	VMFIN
288	9	/	$(	$(
288	10	ist	VAFIN	VAFIN
288	11	nichts	PIS	PIS
288	12	/	$(	$(
288	13	darum	PAV	PAV
288	14	sehe	VVFIN	VVFIN
288	15	sich	PRF	PRF
288	16	ein	ART	ART
288	17	jeder	PIAT	PIS
288	18	wohl	ADV	ADV
288	19	für	APPR	APPR
288	20	dass	KOUS	KOUS
288	21	er	PPER	PPER
288	22	ihn	PPER	PPER
288	23	zu	PTKZU	APPR
288	24	seiner	PPOSAT	PPOSAT
288	25	Gesundheit	NN	NN
288	26	recht	ADJD	ADJD
288	27	gebrauche	VVFIN	VVFIN
288	28	.	$.	$.
289	1	Deo	FM	NE
289	2	soli	FM	NE
289	3	gloria	FM	NE
289	4	.	$.	$.
