1	1	kurzer	ADJA	ADJA	ADJA	ADJA	ADJA	ADJA	_
1	2	Bericht	NN	NN	NN	NN	NN	NN	_
1	3	/	$(	$(	$(	$(	$(	$(	_
1	4	wie	PWAV	KOUS	KOUS	KOUS	PWAV	KOUS	MISMATCH
1	5	sich	PRF	PRF	PRF	PRF	PRF	PRF	_
1	6	Hauß= Vaͤter	NN	NN	NE	NN	NN	NE	MISMATCH
1	7	und	KON	KON	KON	KON	KON	KON	_
1	8	Mütter	NN	NN	NN	NN	NN	NN	_
1	9	/	$(	$(	$(	$(	$(	$(	_
1	10	auch	ADV	ADV	ADV	ADV	ADV	ADV	_
1	11	jedermänniglich	ADJD	ADJD	PIS	ADJD	VVINF	ADJD	MISMATCH
1	12	in	APPR	APPR	APPR	APPR	APPR	APPR	_
1	13	dieser	PDAT	PDAT	PDAT	PDAT	PDAT	PDAT	_
1	14	gefährlichen	ADJA	ADJA	ADJA	ADJA	ADJA	ADJA	_
1	15	Pest = Zeit	NN	NN	NN	NN	NN	NN	_
1	18	verhalten	VVINF	VVINF	VVFIN	VVINF	VVINF	VVPP	MISMATCH
1	19	und	KON	KON	KON	KON	KON	KON	_
1	20	mit	APPR	APPR	APPR	APPR	APPR	APPR	_
1	21	Arzneien	NN	NN	NN	NN	NN	NN	_
1	22	versorgen	VVINF	VVINF	VVINF	VVINF	VVINF	VVINF	_
1	23	soll	VMFIN	VMFIN	VMFIN	VMFIN	VMFIN	VMFIN	_
1	24	.	$.	$.	$.	$.	$.	$.	_
2	1	dem	ART	ART	ART	ART	ART	ART	_
2	2	lieben	VVFIN	ADJA	ADJA	ADJA	ADJA	VVFIN	MISMATCH
2	3	Armut	NN	NN	NN	NN	NN	NN	_
2	4	zu	PTKZU	APPR	APPR	APPR	PTKA	APPR	MISMATCH
2	5	gute	ADJA	VVINF	ADJA	ADJA	ADJD	ADJA	MISMATCH
2	6	/	$(	$(	$(	$(	$(	$(	_
2	7	aus	APPR	APPR	APPR	APPR	APPR	APPR	_
2	8	treuen	ADJA	ADJA	ADJA	ADJA	ADJA	ADJA	_
2	9	und	KON	KON	KON	KON	KON	KON	_
2	10	wohlmeinenden	ADJA	ADJA	ADJA	ADJA	ADJA	ADJA	_
2	11	Gemüt	NN	NN	NN	NN	NN	NN	_
2	12	vorgestellt	VVPP	VVPP	VVPP	VVPP	ADJA	VVPP	MISMATCH
2	13	durch	APPR	APPR	APPR	APPR	APPR	APPR	_
2	14	Martinum	NE	NN	NN	NN	NE	NN	MISMATCH
2	15	Heer	NE	NE	NN	NN	NE	NN	MISMATCH
2	16	/	$(	$(	$(	$(	$(	$(	_
2	17	Medikus	NN	NE	NN	NN	NE	NN	MISMATCH
3	1	Doktor	NE	NN	NN	NN	NN	NN	MISMATCH
3	3	und	KON	KON	KON	KON	KON	KON	_
3	4	Stadtphysikus[6]	NN	NN	NN	NN	NN	NN	_
3	5	zu	PTKZU	APPR	APPR	APPR	APPR	APPR	MISMATCH
3	6	Görlitz	NE	NE	NE	NE	CARD	NE	MISMATCH
3	7	.	$.	$.	$.	$.	$.	$.	_
3	8	nebst	APPR	APPR	APPR	APPR	APPR	APPR	_
3	9	einem	ART	ART	ART	ART	ART	ART	_
3	10	Anhang	VVFIN	NN	NN	NN	NN	NN	MISMATCH
3	11	vieler	PIAT	PIAT	PIAT	PIAT	PIAT	PIAT	_
3	12	nützlichen	ADJA	ADJA	ADJA	ADJA	CARD	ADJA	MISMATCH
3	13	und	KON	KON	KON	KON	KON	KON	_
3	14	in	APPR	APPR	APPR	APPR	APPR	APPR	_
3	15	diesen	PDAT	PDAT	PDAT	PDAT	PDAT	PDAT	_
3	16	Fällen	NN	NN	NN	NN	NN	NN	_
3	17	bewährten	ADJA	ADJA	ADJA	ADJA	CARD	ADJA	MISMATCH
3	18	Pestmittel	NN	NN	NN	NN	NN	NN	_
3	19	/	$(	$(	$(	$(	$(	$(	_
3	20	wie	PWAV	KOKOM	KOKOM	KOUS	KON	KOKOM	MISMATCH
3	21	auch	ADV	ADV	ADV	ADV	ADV	ADV	_
3	22	drei	CARD	CARD	CARD	CARD	CARD	CARD	_
3	23	ihrer	PPOSAT	PPOSAT	PPOSAT	PPOSAT	PPOSAT	PPOSAT	_
3	24	sonderbaren	ADJA	ADJA	ADJA	ADJA	ADJA	ADJA	_
3	25	tugendhalben	NN	NN	ADJA	ADJA	ADJA	ADJA	MISMATCH
3	26	unschätzbare	ADJA	ADJA	ADJA	ADJA	ADJA	ADJA	_
3	27	Remedia	NN	NE	NE	NN	NN	NE	MISMATCH
3	28	wider	ADV	APPR	APPR	APPR	APPR	APPR	MISMATCH
3	29	die	ART	ART	ART	ART	ART	ART	_
3	30	Pestilenz	NN	NN	NN	NN	NN	NN	_
3	31	höchstheilsamlich	NN	ADJD	ADJD	ADJD	ADJD	ADJD	MISMATCH
3	32	zu	PTKZU	PTKZU	PTKZU	PTKZU	PTKZU	PTKZU	_
3	33	gebrauchen	VVINF	VVINF	VVINF	VVINF	CARD	VVINF	MISMATCH
3	34	Görlitz	NE	NE	NE	NE	NE	NE	_
3	35	im	APPRART	APPRART	APPRART	APPRART	APPRART	APPRART	_
3	36	Jahr	NN	NN	NN	NN	NN	NN	_
3	37	Christi	NE	NE	NE	NE	NE	NE	_
3	38	1680	CARD	CARD	CARD	CARD	CARD	CARD	_
3	39	.	$.	$.	$.	$.	$.	$.	_
4	1	bei	APPR	APPR	APPR	APPR	APPR	APPR	_
4	2	dieser	PDAT	PDAT	PDAT	PDAT	PDAT	PDAT	_
4	3	,	$,	$,	$,	$,	$,	$,	_
4	4	betrübten	VVFIN	ADJA	ADJA	ADJA	ADJA	ADJA	MISMATCH
4	5	und	KON	KON	KON	KON	KON	KON	_
4	6	gefährlichen	ADJA	ADJA	ADJA	ADJA	ADJA	ADJA	_
4	7	Pestzeit	NN	NN	NN	NN	NN	NN	_
4	8	dem	ART	ART	ART	ART	ART	ART	_
4	9	lieben	VVFIN	ADJA	ADJA	ADJA	ADJA	ADJA	MISMATCH
4	10	Armut	NN	NN	NN	NN	NN	NN	_
4	11	zugute	PTKZU	PTKVZ	PTKVZ	PTKVZ	ADV	PTKVZ	MISMATCH
4	12	/	$(	$(	$(	$(	$(	$(	_
4	13	schreibe	VVFIN	VVFIN	VVFIN	VVFIN	VVFIN	VVFIN	_
4	14	ich	PPER	PPER	PPER	PPER	PPER	PPER	_
4	15	diese	PDAT	PDAT	PDAT	PDAT	PDAT	PDAT	_
4	16	Hausarzneien	NN	NN	NN	NN	NN	NN	_
4	17	/	$(	$(	$(	$(	$(	$(	_
4	18	mit	APPR	APPR	APPR	APPR	APPR	APPR	_
4	19	welchen	PWAT	PIAT	PIS	PIS	PRELS	PIS	MISMATCH
4	20	sich	PRF	PRF	PRF	PRF	PRF	PRF	_
4	21	ein	ART	ART	ART	ART	ART	ART	_
4	22	jeder	PIAT	PIAT	PIAT	PIAT	PIAT	PIAT	_
4	23	Unvermögender	NN	ADJA	NN	NN	NN	NN	MISMATCH
4	24	und	KON	KON	KON	KON	KON	KON	_
4	25	armer	ADJA	ADJA	ADJA	ADJA	ADJA	ADJA	_
4	26	Hausvater	NN	NN	NN	NN	NN	NN	_
4	27	/	$(	$(	$(	$(	$(	$(	_
4	28	oder	KON	KON	KON	KON	KON	KON	_
4	29	andere	ADJA	PIS	PIS	PIS	ADJA	PIS	MISMATCH
4	30	Person	NN	NN	NN	NN	NN	NN	_
4	31	wenigen	PIAT	PIAT	PIAT	PIAT	PIAT	PIAT	_
4	32	Mitteln	NN	NN	NN	NN	NN	NN	_
4	33	in	APPR	APPR	APPR	APPR	APPR	APPR	_
4	34	oder	KON	KON	KON	KON	KON	KON	_
4	35	außer	APPR	APPR	APPR	APPR	APPR	APPR	_
4	36	der	ART	ART	ART	ART	ART	ART	_
4	37	Stadt	NN	NN	NN	NN	NN	NN	_
4	39	versehe	VVFIN	VVFIN	VVFIN	VVFIN	VVFIN	VVFIN	_
4	40	;	$.	$(	$.	$(	$.	$.	MISMATCH
4	41	und	KON	KON	KON	KON	KON	KON	_
4	42	dies	PDS	PDS	PDS	PDS	PDS	PDS	_
4	43	zu	PTKZU	PTKZU	PTKZU	PTKZU	PTKZU	PTKZU	_
4	44	thun	VVINF	VVINF	VVINF	VVINF	VVINF	VVINF	_
4	45	/	$(	$(	$(	$(	$(	$(	_
4	46	auch	ADV	ADV	ADV	ADV	ADV	ADV	_
4	47	dem	ART	ART	ART	ART	ART	ART	_
4	48	Gewissen	NN	NN	NN	NN	NN	NN	_
4	49	nach	APPR	APPO	PTKVZ	APPR	APPO	PTKVZ	MISMATCH
4	50	/	$(	$(	$(	$(	$(	$(	_
4	51	wird	VAFIN	VAFIN	VAFIN	VAFIN	VAFIN	VAFIN	_
4	52	ein	ART	ART	ART	ART	ART	ART	_
4	53	jeder	PIAT	PIAT	PIS	PIS	PIS	PIS	MISMATCH
4	54	schuldig	ADJD	ADJD	ADJD	ADJD	ADJD	ADJD	_
4	55	und	KON	KON	KON	KON	KON	KON	_
4	56	verbunden	VVPP	VVPP	ADJD	ADJD	ADJD	ADJD	MISMATCH
4	57	seyn	VVINF	VVINF	VVINF	VAINF	VAINF	VVINF	MISMATCH
4	58	;	$.	$(	$(	$.	$.	$.	MISMATCH
4	59	welche	PWAT	PIAT	PRELS	PRELS	PWAT	PRELS	MISMATCH
4	60	Arzneien	NN	NN	NN	NN	NN	NN	_
4	61	auch	ADV	ADV	ADV	ADV	ADV	ADV	_
4	62	jedermann	PIS	PIS	PIS	PIS	PIS	PIS	_
4	63	mehrenteils	ADV	ADV	ADV	ADV	ADV	ADV	_
4	64	in	APPR	APPR	APPR	APPR	APPR	APPR	_
4	65	seinem	PPOSAT	PPOSAT	PPOSAT	PPOSAT	PPOSAT	PPOSAT	_
4	66	Gärtlein	NN	NN	NN	NN	NN	NN	_
4	67	hat	VAFIN	VAFIN	VAFIN	VAFIN	VAFIN	VAFIN	_
4	68	/	$(	$(	$(	$(	$(	$(	_
4	69	oder	KON	KON	KON	KON	KON	KON	_
4	70	haben	VAFIN	VVINF	VVINF	VAINF	VAINF	VAINF	MISMATCH
4	71	kann	VMFIN	VMFIN	VMFIN	VMFIN	VMFIN	VMFIN	_
4	72	/	$(	$(	$(	$(	$(	$(	_
4	73	oder	KON	KON	KON	KON	KON	KON	_
4	74	da	ADV	ADV	ADV	ADV	ADV	ADV	_
4	75	sonst	ADV	ADV	ADV	ADV	ADV	ADV	_
4	76	leicht	ADJD	ADJD	ADJD	ADJD	ADJD	ADJD	_
4	77	ohne	APPR	APPR	APPR	APPR	APPR	APPR	_
4	78	sonderliche	ADJA	ADJA	ADJA	ADJA	ADJA	ADJA	_
4	79	Unkosten	NN	NN	NN	NN	NN	NN	_
4	80	zuweg e 	ADV	ADV	NN	NN	ADV	ADV	MISMATCH
4	81	bringen	VVINF	VVINF	VVINF	VVINF	VVFIN	VVINF	MISMATCH
4	82	wird	VAFIN	VAFIN	VAFIN	VAFIN	VAFIN	VAFIN	_
4	83	/	$(	$(	$(	$(	$(	$(	_
4	84	auf	APPR	APPR	APPR	APPR	APPR	APPR	_
4	85	dass	KOUS	KOUS	KOUS	KOUS	KOUS	KOUS	_
4	86	doch	ADV	ADV	ADV	ADV	ADV	ADV	_
4	87	einiger	PIAT	PIAT	PIAT	PIS	PIAT	PIAT	MISMATCH
4	88	massen	NN	ADV	NN	ADJA	NN	ADJA	MISMATCH
4	89	anderer	ADJA	PIAT	PIAT	PIS	ADJA	PIAT	MISMATCH
4	90	unordentlicher	ADJA	ADJA	ADJA	ADJA	ADJA	ADJA	_
4	91	selbst	PDS	ADV	ADV	ADV	ADV	ADV	MISMATCH
4	92	zu	PTKZU	APPR	APPR	APPR	APPR	APPR	MISMATCH
4	93	Unrecht	NN	NN	NN	NN	NN	NN	_
4	94	erdichteter	ADJA	ADJA	ADJA	ADJA	VVFIN	ADJA	MISMATCH
4	95	Gebrauch	NN	NN	NN	NN	NN	NN	_
4	96	verhindert	VVPP	VVPP	VVPP	VVPP	VVFIN	VVINF	MISMATCH
4	97	werden	VAINF	VAINF	VAINF	VAINF	VAINF	VAINF	_
4	98	möge	VMFIN	VMFIN	VMFIN	VMFIN	VMFIN	VMFIN	_
4	99	.	$.	$.	$.	$.	$.	$.	_
5	1	wer	PWS	PWS	PWS	PWS	PWS	PWS	_
5	2	demnach	PAV	PAV	ADV	ADV	PAV	PAV	MISMATCH
5	3	auch	ADV	ADV	ADV	ADV	ADV	ADV	_
5	4	sei	VAFIN	VAFIN	VAFIN	VAFIN	VAFIN	VAFIN	_
5	5	/	$(	$(	$(	$(	$(	$(	_
5	6	der	ART	ART	ART	ART	PRELS	ART	MISMATCH
5	7	unvermögend	ADJD	ADJD	ADJD	ADJD	VVINF	ADJD	MISMATCH
5	8	/	$(	$(	$(	$(	$(	$(	_
5	9	und	KON	KON	KON	KON	KON	KON	_
5	10	in	APPR	APPR	APPR	APPR	APPR	APPR	_
5	11	Pestnot	NN	NN	NN	NN	NN	NN	_
5	12	gerät	VVFIN	VVFIN	VVFIN	VVFIN	VVFIN	VVFIN	_
5	13	/	$(	$(	$(	$(	$(	$(	_
5	14	nächst	APPR	ADJD	ADJD	APPR	APPR	APPR	MISMATCH
5	15	andächtigem	ADJA	ADJA	ADJA	ADJA	VVINF	ADJA	MISMATCH
5	16	Gebet	NN	NN	NN	NN	NN	NN	_
5	17	zu	PTKZU	APPR	APPR	APPR	APPR	APPR	MISMATCH
5	18	GOtt	NN	NE	NN	NN	NN	NE	MISMATCH
5	19	/	$(	$(	$(	$(	$(	$(	_
5	20	dass	KOUS	KOUS	KOUS	KOUS	KOUS	KOUS	_
5	21	er	PPER	PPER	PPER	PPER	PPER	PPER	_
5	22	wolle	VMFIN	VMFIN	VMFIN	VMFIN	VMFIN	VMFIN	_
5	23	schonen	VVINF	VVINF	VVINF	VVINF	VVINF	VVINF	_
5	24	/	$(	$(	$(	$(	$(	$(	_
5	25	und	KON	KON	KON	KON	KON	KON	_
5	26	nicht	PTKNEG	PTKNEG	PTKNEG	PTKNEG	PTKNEG	PTKNEG	_
5	27	nach	APPR	APPR	APPR	APPR	APPR	APPR	_
5	28	Verdienst	NN	NN	NN	NN	NN	NN	_
5	29	ablohnen	VVINF	VVINF	VVINF	VVINF	VVINF	VVINF	_
5	30	/	$(	$(	$(	$(	$(	$(	_
5	31	bereite	VVFIN	VVFIN	VVFIN	VVFIN	VVINF	VVFIN	MISMATCH
5	32	dieses	PDAT	PDAT	PDAT	PDAT	PDS	PDAT	MISMATCH
5	33	/	$(	$(	$(	$(	$(	$(	_
5	34	oder	KON	KON	KON	KON	KON	KON	_
5	35	lasse	VVFIN	VVFIN	VVFIN	VVFIN	VVFIN	VVFIN	_
5	36	es	PPER	PPER	PPER	PPER	PPER	PPER	_
5	37	bereiten	VVFIN	VVINF	VVINF	VVINF	VVINF	VVINF	MISMATCH
5	38	/	$(	$(	$(	$(	$(	$(	_
5	39	nämlich	ADV	ADV	ADV	ADV	ADV	ADV	_
5	40	:	$.	$.	$.	$.	$.	$.	_
5	41	(	$(	$(	$(	$(	$(	$(	_
5	42	1.	ADJA	CARD	ADV	ADV	ADV	ADJA	MISMATCH
5	43	)	$(	$(	$(	$(	$(	$(	_
6	1	nimm	NE	VVIMP	VVIMP	VVIMP	VVIMP	VVIMP	MISMATCH
6	2	Alantwurzel	NN	NN	NN	NN	NN	NN	_
6	3	/	$(	$(	$(	$(	$(	$(	_
6	4	Großklettenwurzel	NE	NN	NN	NN	NN	NN	MISMATCH
6	5	/	$(	$(	$(	$(	$(	$(	_
6	6	Liebstöckelwurzel	NE	NN	NN	NN	NN	NN	MISMATCH
6	7	/	$(	$(	$(	$(	$(	$(	_
6	8	Schöllkrautwurzel	NE	NN	NN	NN	NN	NN	MISMATCH
6	9	/	$(	$(	$(	$(	$(	$(	_
6	10	Pestilenzwurzel	NE	NN	NN	NN	NN	NN	MISMATCH
6	11	/	$(	$(	$(	$(	$(	$(	_
6	12	(	$(	$(	$(	$(	$(	$(	_
6	13	oder	KON	KON	KON	KON	KON	KON	_
6	14	Neunkraftwurzel	NN	NN	NN	NN	NN	NN	_
6	15	)	$(	$(	$(	$(	$(	$(	_
6	16	Angelikawurzel	NE	NE	NE	NN	NN	NN	MISMATCH
6	17	/	$(	$(	$(	$(	$(	$(	_
6	18	Wacholderbeeren	NN	NN	NN	NN	NN	NN	_
6	19	/	$(	$(	$(	$(	$(	$(	_
6	20	jedes	PIAT	PIAT	PIAT	PIAT	PIAT	PIAT	_
6	21	1.	ADJA	ADJA	ADJA	ADJA	ADJA	ADJA	_
6	22	Lot	NN	NN	NN	NN	NN	NN	_
6	23	/	$(	$(	$(	$(	$(	$(	_
6	24	diese	PDAT	PDAT	PDS	PDAT	PDAT	PDAT	MISMATCH
6	25	alle	PIAT	PIS	PIS	PIS	PIS	PIS	MISMATCH
6	26	/	$(	$(	$(	$(	$(	$(	_
6	27	oder	KON	KON	KON	KON	KON	KON	_
6	28	doch	ADV	ADV	ADV	ADV	ADV	ADV	_
6	29	die	ART	ART	ART	ART	ART	ART	_
6	30	meisten	PIAT	PIS	PIS	PIS	PIS	PIAT	MISMATCH
6	31	/	$(	$(	$(	$(	$(	$(	_
6	32	welche	PWAT	PRELS	PRELS	PRELS	PRELS	PRELS	MISMATCH
6	33	du	PPER	PPER	PPER	PPER	PPER	PPER	_
6	34	haben	VAFIN	VAINF	VAINF	VAINF	VAINF	VAINF	MISMATCH
6	35	kannst	VMFIN	VMFIN	VMFIN	VMFIN	VMFIN	VMFIN	_
6	36	/	$(	$(	$(	$(	$(	$(	_
6	37	schneide	VVFIN	VVFIN	VVFIN	VVFIN	VVPP	VVFIN	MISMATCH
6	38	klein	ADJD	ADJD	ADJD	ADJD	ADJD	ADJD	_
6	39	/	$(	$(	$(	$(	$(	$(	_
6	40	gieße	NN	VVFIN	VVFIN	VVFIN	VVPP	VVFIN	MISMATCH
6	41	guten	ADJA	ADJA	ADJA	ADJA	ADJA	ADJA	_
6	42	starken	ADJA	ADJA	ADJA	ADJA	ADJA	ADJA	_
6	43	Weinessig	NN	NN	NN	NN	NN	NN	_
6	44	darauf	PAV	PAV	PAV	PAV	PAV	PAV	_
6	45	/	$(	$(	$(	$(	$(	$(	_
6	46	in	APPR	APPR	APPR	APPR	APPR	APPR	_
6	47	einem	ART	ART	ART	ART	ART	ART	_
6	48	irdenen	ADJA	ADJA	ADJA	ADJA	ADJA	ADJA	_
6	49	/	$(	$(	$(	$(	$(	$(	_
6	50	oder	KON	KON	KON	KON	KON	KON	_
6	51	gläsernen	ADJA	ADJA	ADJA	ADJA	ADJA	ADJA	_
6	52	Gefäß	NN	NN	NN	NN	NN	NN	_
6	53	oder	KON	KON	KON	KON	KON	KON	_
6	54	Flaschen	NN	NN	NN	NN	NN	NN	_
6	55	/	$(	$(	$(	$(	$(	$(	_
6	56	3.	ADJA	ADJA	ADJA	ADJA	ADJA	ADJA	_
6	57	oder	KON	KON	KON	KON	KON	KON	_
6	58	4.	ADJA	ADJA	ADJA	ADJA	ADJA	ADJA	_
6	59	zwerch	ADV	NN	NN	ADJA	ADJA	ADJA	MISMATCH
6	60	Finger	NN	NN	NN	NN	NN	NN	_
6	61	hoch	ADJD	ADJD	ADJD	PTKVZ	PTKVZ	PTKVZ	MISMATCH
6	62	/	$(	$(	$(	$(	$(	$(	_
6	63	vermache	VVIMP	VVFIN	VVFIN	VVFIN	VVPP	VVFIN	MISMATCH
6	64	das	ART	ART	ART	ART	ART	ART	_
6	65	Gefäß	NN	NN	NN	NN	NN	NN	_
6	66	oben	ADV	ADV	ADV	ADV	ADV	ADV	_
6	67	wohl	ADV	ADV	ADV	ADV	ADV	ADV	_
6	68	/	$(	$(	$(	$(	$(	$(	_
6	69	und	KON	KON	KON	KON	KON	KON	_
6	70	stelle	VVFIN	VVFIN	VVFIN	VVFIN	VVPP	VVFIN	MISMATCH
6	71	es	PPER	PPER	PPER	PPER	PPER	PPER	_
6	72	auf	APPR	APPR	APPR	APPR	APPR	APPR	_
6	73	den	ART	ART	ART	ART	ART	ART	_
6	74	Ofen	NN	NN	NN	NN	NN	NN	_
6	75	/	$(	$(	$(	$(	$(	$(	_
6	76	nicht	PTKNEG	PTKNEG	PTKNEG	PTKNEG	PTKNEG	PTKNEG	_
6	77	zu	PTKZU	PTKA	PTKA	PTKA	PTKA	PTKA	MISMATCH
6	78	warm	ADJD	ADJD	ADJD	ADJD	ADJD	ADJD	_
6	79	/	$(	$(	$(	$(	$(	$(	_
6	80	auch	ADV	ADV	ADV	ADV	ADV	ADV	_
6	81	nicht	PTKNEG	PTKNEG	PTKNEG	PTKNEG	PTKNEG	PTKNEG	_
6	82	zu	PTKZU	PTKA	PTKA	PTKA	PTKA	PTKA	MISMATCH
6	83	kalt	ADJD	ADJD	ADJD	ADJD	ADJD	ADJD	_
6	84	/	$(	$(	$(	$(	$(	$(	_
6	85	rühre	VVFIN	VVFIN	VVFIN	VVFIN	VVPP	VVFIN	MISMATCH
6	86	es	NE	PPER	PPER	PPER	PPER	PPER	MISMATCH
6	87	alle	PIAT	PIAT	PIAT	PIAT	PIAT	PIAT	_
6	88	Morgen	NN	NN	NN	NN	NN	NN	_
6	89	untereinander	ADV	ADV	ADV	ADV	ADV	ADV	_
6	90	/	$(	$(	$(	$(	$(	$(	_
6	91	und	KON	KON	KON	KON	KON	KON	_
6	92	wenn	KOUS	KOUS	KOUS	KOUS	KOUS	KOUS	_
6	93	es	PPER	PPER	PPER	PPER	PPER	PPER	_
6	94	drey	CARD	ADJA	ADJA	CARD	CARD	ADJA	MISMATCH
6	95	oder	KON	KON	KON	KON	KON	KON	_
6	96	vier	CARD	CARD	CARD	CARD	CARD	CARD	_
6	97	Tage	NN	NN	NN	NN	NN	NN	_
6	98	gestanden	VVPP	VVPP	VVPP	VVPP	VVFIN	VVPP	MISMATCH
6	99	/	$(	$(	$(	$(	$(	$(	_
6	100	so	ADV	ADV	ADV	ADV	ADV	ADV	_
6	101	gieße	NN	VVFIN	VVFIN	VVFIN	VVPP	VVFIN	MISMATCH
6	102	den	ART	ART	ART	ART	ART	ART	_
6	103	Essig	NN	NN	NN	NN	NN	NN	_
6	104	ab	PTKVZ	PTKVZ	PTKVZ	PTKVZ	PTKVZ	PTKVZ	_
6	105	/	$(	$(	$(	$(	$(	$(	_
6	106	es	PPER	PPER	PPER	PPER	PPER	PPER	_
6	107	kann	VMFIN	VMFIN	VMFIN	VMFIN	VMFIN	VMFIN	_
6	108	auch	ADV	ADV	ADV	ADV	ADV	ADV	_
6	109	wohl	ADV	ADV	ADV	ADV	ADV	ADV	_
6	110	unabgegossen	ADJD	ADJD	ADJD	ADJD	VVPP	ADJD	MISMATCH
6	111	alles	PIS	PIS	PIS	PIS	PIS	PIS	_
6	112	beisammen	PTKVZ	NN	ADV	ADV	ADV	ADV	MISMATCH
6	113	gelassen	VVPP	VVPP	VVPP	VVPP	VVPP	VVPP	_
6	114	werden	VAINF	VAINF	VAINF	VAINF	VAINF	VAINF	_
6	115	.	$.	$.	$.	$.	$.	$.	_
7	1	von	APPR	APPR	APPR	APPR	APPR	APPR	_
7	2	diesem	PDAT	PDAT	PDAT	PDAT	PDAT	PDAT	_
7	3	Pestessig	NN	NN	NN	NN	NN	NN	_
7	4	brauche	VVFIN	VVFIN	VVFIN	VVFIN	VVFIN	VVFIN	_
7	5	ein	ART	ART	ART	ART	ART	ART	_
7	6	Erwachsenes	NN	NN	NN	NN	NN	NN	_
7	7	jeglichen	PIAT	PIAT	PIAT	PIAT	PIAT	PIAT	_
7	8	Morgen	NN	NN	NN	NN	NN	NN	_
7	9	zur	APPRART	APPRART	APPRART	APPRART	APPRART	APPRART	_
7	10	Verwahrung	NN	NN	NN	NN	VVFIN	NN	MISMATCH
7	11	vor	APPR	APPR	APPR	APPR	APPR	APPR	_
7	12	der	ART	ART	ART	ART	ART	ART	_
7	13	Pest	NN	NN	NN	NN	NN	NN	_
7	14	einen	ART	ART	ART	ART	ART	ART	_
7	15	halben	ADJA	ADJA	ADJA	ADJA	ADJA	ADJA	_
7	16	Löffel	NN	NN	NN	NN	NN	NN	_
7	17	voll	ADJD	ADJD	ADJD	ADJD	APPR	ADJD	MISMATCH
7	18	/	$(	$(	$(	$(	$(	$(	_
7	19	und	KON	KON	KON	KON	KON	KON	_
7	20	so	ADV	ADV	ADV	ADV	ADV	ADV	_
7	21	er	PPER	PPER	PPER	PPER	PPER	PPER	_
7	22	es	PPER	PPER	PPER	PPER	PPER	PPER	_
7	23	wohl	ADV	ADV	ADV	ADV	ADV	ADV	_
7	24	vertrüge	VVFIN	VVFIN	VVFIN	VVFIN	VVFIN	ADJD	MISMATCH
7	25	/	$(	$(	$(	$(	$(	$(	_
7	26	wohl	ADV	ADV	ADV	ADV	ADV	ADV	_
7	27	einem	ART	ART	ART	ART	ART	ART	_
7	28	ganzen	ADJA	ADJA	ADJA	ADJA	ADJA	ADJA	_
7	29	Löffel	NN	NN	NN	NN	NN	NN	_
7	30	voll	ADJD	ADJD	ADJD	ADJD	ADV	ADJD	MISMATCH
7	31	/	$(	$(	$(	$(	$(	$(	_
7	32	oder	KON	KON	KON	KON	KON	KON	_
7	33	nehme	VVFIN	VVFIN	VVFIN	VVFIN	VVIMP	VVFIN	MISMATCH
7	34	früh	ADJA	ADJD	ADJD	ADJD	ADJD	ADJD	MISMATCH
7	35	etliche	PIAT	PIAT	PIAT	PIAT	PIAT	PIAT	_
7	36	Stücklein	NN	NN	NN	NN	NN	NN	_
7	37	der	ART	ART	ART	ART	ART	ART	_
7	38	im	APPRART	APPRART	APPRART	APPRART	APPRART	APPRART	_
7	39	Pestessig	NN	NN	NN	NN	NN	NN	_
7	40	liegenden	ADJA	ADJA	ADJA	ADJA	ADJA	ADJA	_
7	41	Wurzeln	NN	NN	NN	NN	NN	NN	_
7	42	/	$(	$(	$(	$(	$(	$(	_
7	43	und	KON	KON	KON	KON	KON	KON	_
7	44	genieße	VVFIN	VVFIN	VVFIN	VVFIN	VVFIN	VVFIN	_
7	45	sie	PPER	PPER	PPER	PPER	PPER	PPER	_
7	46	.	$.	$.	$.	$.	$.	$.	_
8	1	Uber	APPR	NN	NN	NN	VVPP	NN	MISMATCH
8	2	diß	PDS	ADJD	NN	ADJD	PDS	NN	MISMATCH
8	3	kann	VMFIN	VMFIN	VMFIN	VMFIN	VMFIN	VMFIN	_
8	4	bisweilen	ADV	ADV	ADV	ADV	ADV	ADV	_
8	5	früh	ADJD	ADJD	ADJD	ADJD	ADJD	ADJD	_
8	6	etliche	PIAT	PIAT	PIAT	PIAT	PIAT	PIAT	_
8	7	Bissen	VVFIN	NN	NN	NN	NN	NN	MISMATCH
8	8	Brot	NN	NN	NN	NN	NN	NN	_
8	9	mit	APPR	APPR	APPR	APPR	APPR	APPR	_
8	10	Butter	NN	NN	NN	NN	NN	NN	_
8	11	/	$(	$(	$(	$(	$(	$(	_
8	12	Salz	NN	NN	NN	NN	NN	NN	_
8	13	und	KON	KON	KON	KON	KON	KON	_
8	14	frischer	ADJA	ADJA	ADJA	ADJA	ADJA	ADJA	_
8	15	Rauten	NN	NN	NN	NN	NN	NN	_
8	16	genommen	VVPP	VVPP	VVPP	VVPP	VVPP	VVPP	_
8	17	werden	VAINF	VAINF	VAINF	VAINF	VAINF	VAINF	_
8	18	.	$.	$.	$.	$.	$.	$.	_
9	1	denn	KON	KON	KON	KON	KON	KON	_
9	2	des	ART	ART	ART	ART	ART	ART	_
9	3	Salzes	NN	NN	NN	NN	NN	NN	_
9	4	Kraft	NN	NN	NN	NN	NN	NN	_
9	5	in	APPR	APPR	APPR	APPR	APPR	APPR	_
9	6	der	ART	ART	ART	ART	ART	ART	_
9	7	Pest	NN	NN	NN	NN	NN	NN	_
9	8	auch	ADV	ADV	ADV	ADV	ADV	ADV	_
9	9	nicht	PTKNEG	PTKNEG	PTKNEG	PTKNEG	PTKNEG	PTKNEG	_
9	10	gering	ADJA	VVINF	ADJD	ADJD	ADJD	ADJD	MISMATCH
9	11	zu	PTKZU	PTKZU	PTKZU	PTKZU	PTKZU	PTKZU	_
9	12	achten	ADJA	VVINF	VVINF	VVINF	VVINF	VVINF	MISMATCH
9	13	.	$.	$.	$.	$.	$.	$.	_
10	1	wer	PWS	PWS	PWS	PWS	PWS	PWS	_
10	2	ausgehen	VVINF	VVINF	VVINF	VVINF	VVINF	VVINF	_
10	3	will	VMFIN	VMFIN	VMFIN	VMFIN	VMFIN	VMFIN	_
10	4	/	$(	$(	$(	$(	$(	$(	_
10	5	oder	KON	KON	KON	KON	KON	KON	_
10	6	soll	VMFIN	VMFIN	VMFIN	VMFIN	VMFIN	VMFIN	_
10	7	/	$(	$(	$(	$(	$(	$(	_
10	8	esse	VVFIN	VVFIN	VVFIN	VVFIN	VVINF	VVFIN	MISMATCH
10	9	zuvor	ADV	ADV	ADV	ADV	ADV	ADV	_
10	10	etwas	PIS	ADV	ADV	ADV	PIS	ADV	MISMATCH
10	11	/	$(	$(	$(	$(	$(	$(	_
10	12	bestreiche	ADJA	VVFIN	VVFIN	VVFIN	VVINF	VVFIN	MISMATCH
10	13	Mund	NN	NN	NN	NN	NN	NN	_
10	14	und	KON	KON	KON	KON	KON	KON	_
10	15	Nasen	NN	NN	NN	NN	NN	NN	_
10	16	mit	APPR	APPR	APPR	APPR	APPR	APPR	_
10	17	dem	ART	ART	ART	ART	ART	ART	_
10	18	Pestessig	NN	NN	NN	NN	NN	NN	_
10	19	:	$.	$(	$(	$(	$.	$.	MISMATCH
10	20	item	NN	ADV	ADV	ADV	ADV	ADV	MISMATCH
10	21	kann	VMFIN	VMFIN	VMFIN	VMFIN	VMFIN	VMFIN	_
10	22	ein	ART	ART	ART	ART	ART	ART	_
10	23	Schwämmlein	NN	NN	NN	NN	NN	NN	_
10	24	in	APPR	APPR	APPR	APPR	APPR	APPR	_
10	25	denselbigen	PDAT	ADJA	ADJA	NN	PIS	NN	MISMATCH
10	26	eintauchen	VVINF	VVINF	VVINF	VVINF	VVINF	VVINF	_
10	27	und	KON	KON	KON	KON	KON	KON	_
10	28	im	APPRART	APPRART	APPRART	APPRART	APPRART	APPRART	_
10	29	Mund	NN	NN	NN	NN	NN	NN	_
10	30	halten	VVINF	VVINF	VVINF	VVINF	VVINF	VVINF	_
10	31	.	$.	$.	$.	$.	$.	$.	_
11	1	2.	ADJA	CARD	CARD	ADV	ADV	CARD	MISMATCH
12	1	wer	PWS	PWS	PWS	PWS	PWS	PWS	_
12	2	aber	ADV	ADV	ADV	ADV	ADV	ADV	_
12	3	den	ART	ART	ART	ART	ART	ART	_
12	4	innerlichen	ADJA	ADJA	ADJA	ADJA	VVFIN	ADJA	MISMATCH
12	5	Gebrauch	NN	NN	NN	NN	NN	NN	_
12	6	des	ART	ART	ART	ART	ART	ART	_
12	7	Pestessigs	NN	NN	NN	NN	NN	NN	_
12	8	nicht	PTKNEG	PTKNEG	PTKNEG	PTKNEG	PTKNEG	PTKNEG	_
12	9	wohl	ADV	ADV	ADV	ADV	ADV	ADV	_
12	10	vertrüge	VVFIN	VVFIN	VVFIN	VVFIN	VVFIN	ADJD	MISMATCH
12	11	/	$(	$(	$(	$(	$(	$(	_
12	12	wie	KOKOM	KOUS	KOUS	KOUS	PWAV	KOUS	MISMATCH
12	13	denn	KON	ADV	ADV	ADV	ADV	ADV	MISMATCH
12	14	nicht	PTKNEG	PTKNEG	PTKNEG	PTKNEG	PTKNEG	PTKNEG	_
12	15	ein	ART	ART	ART	ART	ART	ART	_
12	16	jedwede	PIAT	PIAT	PIAT	ADJA	ADJA	PIAT	MISMATCH
12	17	Arznei	NN	NN	NN	NN	NN	NN	_
12	18	mit	APPR	APPR	APPR	APPR	APPR	APPR	_
12	19	Essig	NN	NN	NN	NN	NN	NN	_
12	20	bereitet	VVFIN	VVFIN	VVFIN	VVPP	VVPP	ADJD	MISMATCH
12	21	verträgt	VVFIN	VVFIN	VVFIN	VVFIN	VVFIN	VVFIN	_
12	22	/	$(	$(	$(	$(	$(	$(	_
12	23	der	ART	PRELS	PRELS	ART	PDS	ART	MISMATCH
12	24	bereite	VVFIN	VVFIN	VVFIN	VVFIN	VVFIN	ADJA	MISMATCH
12	25	oder	KON	KON	KON	KON	KON	KON	_
12	26	lasse	VVFIN	VVFIN	VVFIN	VVFIN	VVFIN	VVFIN	_
12	27	sich	PRF	PRF	PRF	PRF	PRF	PRF	_
12	28	bereiten	VVFIN	VVFIN	VVFIN	VVFIN	VVFIN	VVFIN	_
12	29	diese	PDAT	PDAT	PDAT	PDAT	PDAT	PDAT	_
12	30	Latwerge	NN	NN	NN	NN	NN	NN	_
12	31	:	$.	$(	$(	$(	$.	$.	MISMATCH
12	32	nimm	NE	VVIMP	VVIMP	VVIMP	VVIMP	VVIMP	MISMATCH
12	33	Wacholderbeersaft	NN	NN	NN	NN	NN	NN	_
12	34	8.	ADJA	ADJA	ADJA	ADJA	ADJA	ADJA	_
12	35	Lot	NN	NN	NN	NN	NN	NN	_
12	40	/	$(	$(	$(	$(	$(	$(	_
12	41	Knoblauch	NN	NN	NN	NN	NN	NN	_
12	42	/	$(	$(	$(	$(	$(	$(	_
12	43	und	KON	KON	KON	KON	KON	KON	_
12	44	frische	ADJA	ADJA	ADJA	ADJA	ADJA	ADJA	_
12	45	Rauten	NN	NN	NN	NN	NN	NN	_
12	46	/	$(	$(	$(	$(	$(	$(	_
12	47	jedes	PIS	PIAT	PIAT	PIAT	PIAT	PIAT	MISMATCH
12	48	4.	ADJA	ADJA	ADJA	ADJA	ADJA	ADJA	_
12	49	Lot	NN	NN	NN	NN	NN	NN	_
12	50	/	$(	$(	$(	$(	$(	$(	_
12	51	diese	PDAT	PDAT	PDAT	PDAT	PDAT	PDAT	_
12	52	zwei	CARD	CARD	CARD	CARD	CARD	CARD	_
12	53	klein	ADJD	ADJD	ADJD	ADJD	ADJD	ADJD	_
12	54	geschnitten	VVPP	VVPP	VVPP	VVPP	VVPP	VVPP	_
12	55	stoß	VVIMP	VVIMP	VVFIN	VVIMP	VVFIN	VVIMP	MISMATCH
12	56	oder	KON	KON	KON	KON	KON	KON	_
12	57	reibe	VVFIN	VVFIN	VVFIN	VVFIN	VVFIN	VVFIN	_
12	58	es	PPER	PPER	PPER	PPER	PPER	PPER	_
12	59	zusammen	ADV	ADV	ADV	ADV	ADV	ADV	_
12	60	in	APPR	APPR	APPR	APPR	APPR	APPR	_
12	61	irrdenen	ADJA	ADJA	ADJA	ADJA	VVFIN	ADJA	MISMATCH
12	62	Gefäßen	NN	NN	NN	NN	NN	NN	_
12	63	mit	APPR	APPR	APPR	APPR	APPR	APPR	_
12	64	Zugießen	VVINF	NN	NN	NN	NN	NN	MISMATCH
12	65	ein	ART	ART	ART	ART	ART	ART	_
12	66	wenig	PIS	PIAT	PIAT	PIAT	PIAT	PIAT	MISMATCH
12	67	guten	ADJA	ADJA	ADJA	ADJA	ADJA	ADJA	_
12	68	Weinessigs	NN	NN	NN	NN	NN	NN	_
12	69	/	$(	$(	$(	$(	$(	$(	_
12	70	bis	VVFIN	KOUS	KON	KOUS	KOUS	KOUS	MISMATCH
12	71	es	PPER	PPER	PPER	PPER	PPER	PPER	_
12	72	zu	PTKZU	APPR	APPR	APPR	APPR	APPR	MISMATCH
12	73	einer	ART	ART	ART	ART	ART	ART	_
12	74	Latwerge	NN	NN	NN	NN	NN	NN	_
12	75	/	$(	$(	$(	$(	$(	$(	_
12	76	oder	KON	KON	KON	KON	KON	KON	_
12	77	fast	ADV	ADV	ADV	ADV	ADV	ADV	_
12	78	dicken	ADJA	ADJA	ADJA	ADJA	ADJA	ADJA	_
12	79	Brei	NN	NN	NN	NN	NN	NN	_
12	80	werde	VAFIN	VAFIN	VAFIN	VAFIN	VAFIN	VAFIN	_
12	81	/	$(	$(	$(	$(	$(	$(	_
12	82	verwahre	VVFIN	VVFIN	VVFIN	VVFIN	VVFIN	VVFIN	_
12	83	es	PPER	PPER	PPER	PPER	PPER	PPER	_
12	84	wohl	ADV	ADV	ADV	ADV	ADV	ADV	_
12	85	in	APPR	APPR	APPR	APPR	APPR	APPR	_
12	86	einem	ART	ART	ART	ART	ART	ART	_
12	87	irdenen	ADJA	ADJA	ADJA	ADJA	ADJA	ADJA	_
12	88	Gefäß	NN	NN	NN	NN	NN	NN	_
12	89	oder	KON	KON	KON	KON	KON	KON	_
12	90	Glas	NE	NN	NN	NN	NN	NN	MISMATCH
12	91	.	$.	$.	$.	$.	$.	$.	_
13	1	und	KON	KON	KON	KON	KON	KON	_
13	2	hiervon	PAV	PAV	PAV	PAV	VVFIN	PAV	MISMATCH
13	3	nehme	VVFIN	VVFIN	VVFIN	VVFIN	VVFIN	VVFIN	_
13	4	ein	ART	ART	ART	ART	ART	ART	_
13	5	Erwachsener	NN	NN	NN	NN	NN	NN	_
13	6	alle	PIAT	PIAT	PIAT	PIAT	PIAT	PIAT	_
13	7	Morgen	NN	NN	NN	NN	NN	NN	_
13	8	zwei	CARD	CARD	CARD	CARD	CARD	CARD	_
13	9	Messerspitzen	NN	NN	NN	NN	NN	NN	_
13	10	zur	APPRART	APPRART	APPRART	APPRART	APPRART	APPRART	_
13	11	Bewahrung	NN	NN	NN	NN	VVFIN	NN	MISMATCH
13	12	vor	APPR	APPR	APPR	APPR	APPR	APPR	_
13	13	der	ART	ART	ART	ART	ART	ART	_
13	14	Pest	NN	NN	NN	NN	NN	NN	_
13	15	/	$(	$(	$(	$(	$(	$(	_
13	16	ein	ART	ART	ART	ART	ART	ART	_
13	17	Unerwachsener	NN	NN	NN	NN	NN	NN	_
13	18	eine	ART	ART	ART	ART	ART	ART	_
13	19	Messerspitze	NN	NN	NN	NN	NN	NN	_
13	20	.	$.	$.	$.	$.	$.	$.	_
14	1	wohl	ADV	ADV	ADV	ADV	ADV	ADV	_
14	2	aber	ADV	ADV	ADV	ADV	ADV	ADV	_
14	3	tut	VVFIN	VVFIN	VVFIN	VVFIN	VVFIN	VVFIN	_
14	4	der	ART	ART	ART	ART	ART	ART	_
14	5	Hausvater	NN	NN	NN	NN	NN	NN	_
14	6	/	$(	$(	$(	$(	$(	$(	_
14	7	der	ART	ART	ART	ART	PRELS	ART	MISMATCH
14	8	vor	APPR	APPR	APPR	APPR	APPR	APPR	_
14	9	sich	PRF	PRF	PRF	PRF	PRF	PRF	_
14	10	und	KON	KON	KON	KON	KON	KON	_
14	11	die	ART	ART	ART	ART	ART	ART	_
14	12	Seinigen	PPOSAT	NN	NN	NN	NN	NN	MISMATCH
14	13	beide	PIAT	PIAT	PIAT	PIAT	PIAT	PIAT	_
14	14	Arzneien	NN	NN	NN	NN	NN	NN	_
14	15	/	$(	$(	$(	$(	$(	$(	_
14	16	Pestessig	NN	NN	NN	NN	NN	NN	_
14	17	und	KON	KON	KON	KON	KON	KON	_
14	18	Pestlatwerge	NN	NN	NN	NN	NN	NN	_
14	19	bereitet	VVFIN	VVFIN	VVFIN	VVPP	VVFIN	VVPP	MISMATCH
14	20	/	$(	$(	$(	$(	$(	$(	_
14	21	und	KON	KON	KON	KON	KON	KON	_
14	22	einen	ART	ART	ART	ART	ART	ART	_
14	23	Morgen	NN	NN	NN	NN	NN	NN	_
14	24	innerlich	ADJD	ADJD	ADJD	ADJD	ADJD	ADJD	_
14	25	von	APPR	APPR	APPR	APPR	APPR	APPR	_
14	26	den	ART	ART	ART	ART	ART	ART	_
14	27	Pestessig	NN	NN	NN	NN	NN	NN	_
14	28	/	$(	$(	$(	$(	$(	$(	_
14	29	den	ART	ART	ART	ART	ART	ART	_
14	30	anderen	ADJA	PIAT	PIAT	PIS	ADJA	PIAT	MISMATCH
14	31	Morgen	NN	NN	NN	NN	NN	NN	_
14	32	von	APPR	APPR	APPR	APPR	APPR	APPR	_
14	33	der	ART	ART	ART	ART	ART	ART	_
14	34	Pestlatwerge	NN	NN	NN	NN	NN	NN	_
14	35	braucht	VVFIN	VVFIN	VVFIN	VVFIN	VVFIN	VVFIN	_
14	36	/	$(	$(	$(	$(	$(	$(	_
14	37	und	KON	KON	KON	KON	KON	KON	_
14	38	mit	APPR	APPR	APPR	APPR	APPR	APPR	_
14	39	diesen	PDAT	PDAT	PDAT	PDAT	PDAT	PDAT	_
14	40	beiden	PIAT	PIAT	PIAT	PIAT	PIAT	PIAT	_
14	41	Arzneien	NN	NN	NN	NN	NN	NN	_
14	42	alle	PIAT	PIAT	PIAT	PIAT	PIAT	PIAT	_
14	43	Morgen	NN	NN	NN	NN	NN	NN	_
14	44	solcher	PIAT	PIAT	PIAT	PIS	PIAT	PIAT	MISMATCH
14	45	massen	NN	NN	NN	ADJD	NN	NN	MISMATCH
14	46	umwechselt	VVFIN	VVPP	VVFIN	VVPP	VVFIN	VVFIN	MISMATCH
14	47	.	$.	$.	$.	$.	$.	$.	_
15	1	3.	ADJA	ADJA	ADJA	ADJA	ADV	ADJA	MISMATCH
15	2	ferner	ADV	ADJD	ADJD	ADJD	ADV	ADJD	MISMATCH
15	3	ist	VAFIN	VAFIN	VAFIN	VAFIN	VAFIN	VAFIN	_
15	4	auch	ADV	ADV	ADV	ADV	ADV	ADV	_
15	5	zur	APPRART	APPRART	APPRART	APPRART	APPRART	APPRART	_
15	6	Verwahrung	NN	NN	NN	NN	NN	NN	_
15	7	vor	APPR	APPR	APPR	APPR	APPR	APPR	_
15	8	der	ART	ART	ART	ART	ART	ART	_
15	9	Pest	NN	NN	NN	NN	NN	NN	_
15	10	nötig	ADJD	ADJD	ADJD	ADJD	ADJD	ADJD	_
15	11	/	$(	$(	$(	$(	$(	$(	_
15	12	dass	KOUS	KOUS	KOUS	KOUS	KOUS	KOUS	_
15	13	/	$(	$(	$(	$(	$(	$(	_
15	14	der	ART	ART	ART	ART	PDS	PRELS	MISMATCH
15	15	noch	ADV	ADV	ADV	ADV	ADV	ADV	_
15	16	gesund	ADJD	ADJD	ADJD	ADJD	ADJD	ADJD	_
15	17	ist	VAFIN	VAFIN	VAFIN	VAFIN	VAFIN	VAFIN	_
15	18	/	$(	$(	$(	$(	$(	$(	_
15	19	zu	PTKZU	APPR	APPR	APPR	APPR	APPR	MISMATCH
15	20	solcher	PIAT	PIAT	PIAT	PIAT	PIAT	PIAT	_
15	21	Zeit	NN	NN	NN	NN	NN	NN	_
15	22	wohl	ADV	ADV	ADV	ADV	ADV	ADV	_
15	23	esse	VVFIN	VVFIN	VVFIN	VVFIN	NN	VVFIN	MISMATCH
15	24	/	$(	$(	$(	$(	$(	$(	_
15	25	und	KON	KON	KON	KON	KON	KON	_
15	26	zwar	ADV	ADV	ADV	ADV	ADV	ADV	_
15	27	zu	PTKZU	APPR	APPR	APPR	APPR	APPR	MISMATCH
15	28	seiner	PPOSAT	PPOSAT	PPOSAT	PPOSAT	PPOSAT	PPOSAT	_
15	29	Sättigung	NN	NN	NN	NN	NN	NN	_
15	30	was	PWS	PIS	PIS	PIS	PWS	PIS	MISMATCH
15	31	ihm	PPER	PPER	PPER	PPER	PPER	PPER	_
15	32	schmeckt	VVFIN	VVFIN	VVFIN	VVFIN	VVFIN	VVFIN	_
15	33	/	$(	$(	$(	$(	$(	$(	_
15	34	und	KON	KON	KON	KON	KON	KON	_
15	35	Gott	NN	NN	NN	NN	NN	NN	_
15	36	beschert	VVPP	VVFIN	VVFIN	VVPP	VVFIN	VVFIN	MISMATCH
15	37	/	$(	$(	$(	$(	$(	$(	_
15	38	da	ADV	ADV	ADV	ADV	ADV	ADV	_
15	39	denn	KON	ADV	KON	ADV	ADV	KON	MISMATCH
15	40	bei	APPR	APPR	APPR	APPR	APPR	APPR	_
15	41	Tisch	NN	NN	NN	NN	NN	NN	_
15	42	geriebener	VVPP	ADJA	ADJA	ADJA	NN	ADJA	MISMATCH
15	43	Meerrettich	NE	NN	NN	NN	NN	NN	MISMATCH
15	44	/	$(	$(	$(	$(	$(	$(	_
15	45	oder	KON	KON	KON	KON	KON	KON	_
15	46	Kren	NN	NN	NN	NN	NN	NN	_
15	47	mit	APPR	APPR	APPR	APPR	APPR	APPR	_
15	48	Weinessig	NN	NN	NN	NN	NN	NN	_
15	49	/	$(	$(	$(	$(	$(	$(	_
15	50	und	KON	KON	KON	KON	KON	KON	_
15	51	ein	ART	ART	ART	ART	ART	ART	_
15	52	wenig	PIS	PIAT	PIAT	PIAT	PIAT	PIAT	MISMATCH
15	53	Safran	NN	NN	NN	NN	NN	NN	_
15	54	soll	VMFIN	VMFIN	VMFIN	VMFIN	VMFIN	VMFIN	_
15	55	zum	APPRART	APPRART	APPRART	APPRART	APPRART	APPRART	_
15	56	Eintauchen	NN	NN	NN	NN	NN	NN	_
15	57	genutzt	VVPP	VVPP	VVPP	VVPP	NN	VVPP	MISMATCH
15	58	werden	VAINF	VAINF	VAINF	VAINF	VAINF	VAINF	_
15	59	.	$.	$.	$.	$.	$.	$.	_
16	1	sehe	VVFIN	VVFIN	VVFIN	VVFIN	VVPP	VVFIN	MISMATCH
16	2	auch	ADV	ADV	ADV	ADV	ADV	ADV	_
16	3	zu	PTKZU	PTKVZ	PTKVZ	PTKVZ	PTKVZ	PTKVZ	MISMATCH
16	4	/	$(	$(	$(	$(	$(	$(	_
16	5	dass	KOUS	KOUS	KOUS	KOUS	KOUS	KOUS	_
16	6	/	$(	$(	$(	$(	$(	$(	_
16	7	wo	PWAV	PWAV	PWAV	PWAV	PWAV	PWAV	_
16	8	nur	ADV	ADV	ADV	ADV	ADV	ADV	_
16	9	einige	PIAT	PIAT	PIAT	PIAT	PIAT	PIAT	_
16	10	Möglichkeit	NE	NN	NN	NN	NN	NN	MISMATCH
16	11	des	ART	ART	ART	ART	ART	ART	_
16	12	Armuts	NN	NN	NN	NN	NN	NN	_
16	13	wegen	APPR	APPO	APPO	APPO	APPO	APPO	MISMATCH
16	14	/	$(	$(	$(	$(	$(	$(	_
16	15	sich	PRF	PRF	PRF	PRF	PRF	PRF	_
16	16	gutes	ADJD	ADJA	ADJA	ADJA	ADJA	ADJA	MISMATCH
16	17	starkes	ADJD	ADJA	ADJA	ADJA	ADJA	ADJA	MISMATCH
16	18	Bier	NN	NN	NN	NN	NN	NN	_
16	19	zu	PTKZU	PTKZU	PTKZU	PTKZU	PTKZU	PTKZU	_
16	20	trinken	VVINF	VVINF	VVINF	VVINF	VVPP	VVINF	MISMATCH
16	21	schaffe	VVFIN	VVFIN	VVFIN	VVFIN	VVPP	VVFIN	MISMATCH
16	22	:	$.	$(	$(	$(	$.	$.	MISMATCH
16	23	aber	KON	ADV	KON	ADV	KON	KON	MISMATCH
16	24	allen	PIAT	PIAT	PIAT	PIAT	PIAT	PIAT	_
16	25	Branntweins	NN	NN	NN	NN	NN	NN	_
16	26	sich	PRF	PRF	PRF	PRF	PRF	PRF	_
16	27	enthalte	VVFIN	VVFIN	VVFIN	VVFIN	VVPP	VVFIN	MISMATCH
16	28	/	$(	$(	$(	$(	$(	$(	_
16	29	item	ADV	ADV	ADV	ADV	KON	ADV	MISMATCH
16	30	in	APPR	APPR	APPR	APPR	APPR	APPR	_
16	31	aller	PIAT	PIAT	PIAT	PIAT	PIS	PIAT	MISMATCH
16	32	seiner	PPOSAT	PPOSAT	PPOSAT	PPOSAT	PPOSAT	PPOSAT	_
16	33	Armut	NN	NN	NN	NN	NN	NN	_
16	34	sich	PRF	PRF	PRF	PRF	PRF	PRF	_
16	35	/	$(	$(	$(	$(	$(	$(	_
16	36	so	ADV	ADV	ADV	ADV	ADV	ADV	_
16	37	viel	ADV	ADV	ADV	ADV	ADV	ADV	_
16	38	möglich	ADJD	ADJD	ADJD	ADJD	ADJD	ADJD	_
16	39	/	$(	$(	$(	$(	$(	$(	_
16	40	bemühe	VVFIN	VVFIN	VVFIN	VVFIN	VVFIN	VVFIN	_
16	41	/	$(	$(	$(	$(	$(	$(	_
16	42	ein	ART	ART	ART	ART	ART	ART	_
16	43	freudiges	ADJA	ADJA	ADJA	ADJA	ADJA	ADJA	_
16	44	Herz	NN	NN	NN	NN	NN	NN	_
16	45	zu	PTKZU	PTKZU	PTKZU	PTKZU	PTKZU	PTKZU	_
16	46	haben	VAFIN	VAINF	VAINF	VAINF	VAINF	VAINF	MISMATCH
16	47	/	$(	$(	$(	$(	$(	$(	_
16	48	und	KON	KON	KON	KON	KON	KON	_
16	49	entschlage	VVFIN	VVFIN	VVFIN	VVFIN	VVPP	VVFIN	MISMATCH
16	50	sich	PRF	PRF	PRF	PRF	PRF	PRF	_
16	51	aller	PIAT	PIAT	PIAT	PIAT	PIAT	PIAT	_
16	52	Traurigkeit	NN	NN	NN	NN	NN	NN	_
16	53	/	$(	$(	$(	$(	$(	$(	_
16	54	Schreckens	NN	NN	NN	NN	NN	NN	_
16	55	/	$(	$(	$(	$(	$(	$(	_
16	56	und	KON	KON	KON	KON	KON	KON	_
16	57	glaube	VVFIN	VVFIN	VVFIN	VVFIN	VVFIN	VVFIN	_
16	58	festiglich	PTKVZ	ADJD	ADJD	ADJD	VVPP	ADJD	MISMATCH
16	59	/	$(	$(	$(	$(	$(	$(	_
16	60	er	PPER	PPER	PPER	PPER	PPER	PPER	_
16	61	werde	VAFIN	VAFIN	VAFIN	VAFIN	VAFIN	VAFIN	_
16	62	von	APPR	APPR	APPR	APPR	APPR	APPR	_
16	63	der	ART	ART	ART	ART	ART	ART	_
16	64	Pest	NN	NN	NN	NN	NN	NN	_
16	65	nicht	PTKNEG	PTKNEG	PTKNEG	PTKNEG	PTKNEG	PTKNEG	_
16	66	angefallen	VVPP	ADJA	VVPP	VVPP	VVPP	VVPP	MISMATCH
16	67	werden	VAINF	VAINF	VAINF	VAINF	VAINF	VAINF	_
16	68	/	$(	$(	$(	$(	$(	$(	_
16	69	Gott	NN	NN	NN	NN	NN	NN	_
16	70	werde	VAFIN	VAFIN	VAFIN	VAFIN	VAFIN	VAFIN	_
16	71	ihn	PPER	PPER	PPER	PPER	PPER	PPER	_
16	72	behüten	VVINF	VVINF	VVINF	VVINF	VVPP	VVINF	MISMATCH
16	73	:	$.	$(	$(	$(	$.	$.	MISMATCH
16	74	meide	VVFIN	VVFIN	VVFIN	VVFIN	VVPP	VVFIN	MISMATCH
16	75	aber	ADV	ADV	ADV	ADV	ADV	ADV	_
16	76	auch	ADV	ADV	ADV	ADV	ADV	ADV	_
16	77	die	ART	ART	ART	ART	ART	ART	_
16	78	Gelegenheit	NN	NN	NN	NN	NN	NN	_
16	79	/	$(	$(	$(	$(	$(	$(	_
16	80	und	KON	KON	KON	KON	KON	KON	_
16	81	gehe	VVFIN	VVFIN	VVFIN	VVFIN	VVIMP	VVFIN	MISMATCH
16	82	nicht	PTKNEG	PTKNEG	PTKNEG	PTKNEG	PTKNEG	PTKNEG	_
16	83	an	APPR	APPR	APPR	APPR	APPR	APPR	_
16	84	unrichtige	ADJA	ADJA	ADJA	ADJA	ADJA	ADJA	_
16	85	Orte	NN	NN	NN	NN	NN	NN	_
16	86	/	$(	$(	$(	$(	$(	$(	_
16	87	und	KON	KON	KON	KON	KON	KON	_
16	88	lasse	VVFIN	VVFIN	VVFIN	VVFIN	VVFIN	VVFIN	_
16	89	nichts	PIS	PIAT	PIAT	PIAT	PIAT	PIAT	MISMATCH
16	90	Verdächtiges	ADJA	ADJA	NN	NN	NN	NN	MISMATCH
16	91	in	APPR	APPR	APPR	APPR	APPR	APPR	_
16	92	sein	VAINF	PPOSAT	PPOSAT	PPOSAT	PPOSAT	PPOSAT	MISMATCH
16	93	Haus	NN	NN	NN	NN	NN	NN	_
16	94	eintragen	VVINF	VVINF	VVINF	VVINF	VVPP	VVINF	MISMATCH
16	95	oder	KON	KON	KON	KON	KON	KON	_
16	96	kommen	VVFIN	VVINF	VVFIN	VVFIN	VVINF	VVINF	MISMATCH
16	97	.	$.	$.	$.	$.	$.	$.	_
17	1	im	APPRART	APPRART	APPRART	APPRART	APPRART	APPRART	_
17	2	Hause	NN	NN	NN	NN	NN	NN	_
17	3	oder	KON	KON	KON	KON	KON	KON	_
17	4	Stuben	NN	NN	NN	NN	NN	NN	_
17	5	soll	VMFIN	VMFIN	VMFIN	VMFIN	VMFIN	VMFIN	_
17	6	täglich	ADJD	ADJD	ADJD	ADV	ADJD	ADJD	MISMATCH
17	7	früh	ADJD	ADJD	ADJD	ADJD	ADJD	ADJD	_
17	8	und	KON	KON	KON	KON	KON	KON	_
17	9	abends	NN	ADV	ADV	ADV	ADV	ADV	MISMATCH
17	10	geräuchert	VVPP	VVPP	VVPP	VVPP	VVPP	VVPP	_
17	11	werden	VAINF	VAINF	VAINF	VAINF	VAINF	VAINF	_
17	12	/	$(	$(	$(	$(	$(	$(	_
17	13	mit	APPR	APPR	APPR	APPR	APPR	APPR	_
17	14	Schwefel	NN	NN	NN	NN	NN	NN	_
17	15	/	$(	$(	$(	$(	$(	$(	_
17	16	und	KON	KON	KON	KON	KON	KON	_
17	17	so	ADV	ADV	ADV	ADV	ADV	ADV	_
17	18	diesen	PDAT	PDAT	PDAT	PDAT	PDS	PDAT	MISMATCH
17	19	jemand	PIS	PIS	PIS	PIS	PIS	PIS	_
17	20	nicht	PTKNEG	PTKNEG	PTKNEG	PTKNEG	PTKNEG	PTKNEG	_
17	21	vertrüge	VVFIN	VVFIN	VVFIN	VVFIN	VVPP	ADJD	MISMATCH
17	22	/	$(	$(	$(	$(	$(	$(	_
17	23	mit	APPR	APPR	APPR	APPR	APPR	APPR	_
17	24	Wermut	NN	NN	NN	NN	NN	NN	_
17	25	/	$(	$(	$(	$(	$(	$(	_
17	26	Wacholderbeeren	NN	NN	NN	NN	NN	NN	_
17	27	/	$(	$(	$(	$(	$(	$(	_
17	28	mit	APPR	APPR	APPR	APPR	APPR	APPR	_
17	29	Pech	NN	NN	NN	NN	NN	NN	_
17	30	/	$(	$(	$(	$(	$(	$(	_
17	31	mit	APPR	APPR	APPR	APPR	APPR	APPR	_
17	32	Harz	NE	NN	NN	NN	NN	NN	MISMATCH
17	33	/	$(	$(	$(	$(	$(	$(	_
17	34	und	KON	KON	KON	KON	KON	KON	_
17	35	lasse	VVFIN	VVFIN	VVFIN	VVFIN	VVFIN	VVFIN	_
17	36	den	ART	ART	ART	ART	ART	ART	_
17	37	Wind	NN	NN	NN	NN	NN	NN	_
17	38	/	$(	$(	$(	$(	$(	$(	_
17	39	wenn	KOUS	KOUS	KOUS	KOUS	KOUS	KOUS	_
17	40	er	PPER	PPER	PPER	PPER	PPER	PPER	_
17	41	stark	ADJD	ADJD	ADJD	ADJD	ADJD	ADJD	_
17	42	weht	VVFIN	VVFIN	VVFIN	VVFIN	VVFIN	VVFIN	_
17	43	/	$(	$(	$(	$(	$(	$(	_
17	44	wohl	ADV	ADV	ADV	ADV	ADV	ADV	_
17	45	durchs	APPRART	APPRART	APPRART	APPRART	APPRART	APPRART	_
17	46	Haus	NN	NN	NN	NN	NN	NN	_
17	47	gehen	VVINF	VVINF	VVINF	VVINF	VVPP	VVINF	MISMATCH
17	48	/	$(	$(	$(	$(	$(	$(	_
17	49	sonderlich	ADJD	ADJD	ADJD	ADJD	ADJD	ADJD	_
17	50	wenn	KOUS	KOUS	KOUS	KOUS	KOUS	KOUS	_
17	51	der	ART	ART	ART	ART	ART	ART	_
17	52	Nordwind	NN	NN	NN	NN	NN	NN	_
17	53	weht	VVFIN	VVFIN	VVFIN	VVFIN	VVFIN	VVFIN	_
17	54	.	$.	$.	$.	$.	$.	$.	_
18	1	die	ART	ART	ART	ART	ART	ART	_
18	2	Fenster	NN	NN	NN	NN	NN	NN	_
18	3	lasse	VVFIN	VVFIN	VVFIN	VVFIN	VVFIN	VVFIN	_
18	4	nach	APPR	APPR	APPR	APPR	APPR	APPR	_
18	5	dem	ART	ART	ART	ART	ART	ART	_
18	6	Räuchern	NN	NN	NN	NN	VVINF	NN	MISMATCH
18	7	etwas	PIS	ADV	ADV	ADV	ADV	ADV	MISMATCH
18	8	öffnen	VVINF	VVINF	VVINF	VVINF	VVINF	VVINF	_
18	9	/	$(	$(	$(	$(	$(	$(	_
18	10	damit	PAV	KOUS	KOUS	KOUS	KOUS	KOUS	MISMATCH
18	11	der	ART	ART	ART	ART	ART	ART	_
18	12	übrige	ADJA	ADJA	ADJA	ADJA	ADJA	ADJA	_
18	13	Dunst	NN	NN	NN	NN	NN	NN	_
18	14	und	KON	KON	KON	KON	KON	KON	_
18	15	Dampf	NN	NN	NN	NN	NN	NN	_
18	16	sich	PRF	PRF	PRF	PRF	PRF	PRF	_
18	17	verlieren	VVINF	VVINF	VVINF	VVINF	VVINF	VVINF	_
18	18	möge	VMFIN	VMFIN	VMFIN	VMFIN	VMFIN	VMFIN	_
18	19	.	$.	$.	$.	$.	$.	$.	_
19	1	kann	VMFIN	VMFIN	VMFIN	VMFIN	VMFIN	VMFIN	_
19	2	es	PPER	PPER	PPER	PPER	PPER	PPER	_
19	3	der	ART	ART	ART	ART	ART	ART	_
19	4	Hausvater	NN	NN	NN	NN	NN	NN	_
19	5	haben	VAFIN	VAINF	VAFIN	VAINF	VAINF	VAFIN	MISMATCH
19	6	/	$(	$(	$(	$(	$(	$(	_
19	7	so	ADV	ADV	ADV	ADV	ADV	ADV	_
19	8	lasse	VVFIN	VVFIN	VVFIN	VVFIN	VVFIN	VVFIN	_
19	9	er	PPER	PPER	PPER	PPER	PPER	PPER	_
19	10	fast	ADV	ADV	ADV	ADV	ADV	ADV	_
19	11	stets	ADV	ADV	ADV	ADV	ADV	ADV	_
19	12	ein	ART	ART	ART	ART	ART	ART	_
19	13	mäßiges	ADJA	ADJA	ADJA	ADJA	VVINF	ADJA	MISMATCH
19	14	Feuer	NN	NN	NN	NN	NN	NN	_
19	15	in	APPR	APPR	APPR	APPR	APPR	APPR	_
19	16	der	ART	ART	ART	ART	ART	ART	_
19	17	Küche	NN	NN	NN	NN	NN	NN	_
19	18	unterhalten	VVPP	VVINF	VVINF	VVINF	VVINF	VVINF	MISMATCH
19	19	/	$(	$(	$(	$(	$(	$(	_
19	20	wobei	PWAV	PWAV	PWAV	PWAV	PWAV	PWAV	_
19	21	die	ART	ART	ART	ART	ART	ART	_
19	22	Hausgenossen	NN	NN	NN	NN	NN	NN	_
19	23	sich	PRF	PRF	PRF	PRF	PRF	PRF	_
19	24	oft	ADV	ADV	ADV	ADV	ADV	ADV	_
19	25	befinden	VVFIN	VVINF	VVINF	VVINF	VVINF	VVINF	MISMATCH
19	26	mögen	VMFIN	VMFIN	VMFIN	VMFIN	VMFIN	VMFIN	_
19	27	.	$.	$.	$.	$.	$.	$.	_
20	1	und	KON	KON	KON	KON	KON	KON	_
20	2	hüte	VVFIN	VVFIN	VVFIN	VVFIN	VVFIN	VVFIN	_
20	3	sich	PRF	PRF	PRF	PRF	PRF	PRF	_
20	4	ja	ADV	ADV	ADV	ADV	ADV	ADV	_
20	5	zu	PTKZU	APPR	APPR	APPR	APPR	APPR	MISMATCH
20	6	solcher	PIAT	PIAT	PIAT	PIAT	PIAT	PIAT	_
20	7	betrübten	VVFIN	ADJA	ADJA	ADJA	ADJA	ADJA	MISMATCH
20	8	und	KON	KON	KON	KON	KON	KON	_
20	9	gefährlichen	ADJA	ADJA	ADJA	ADJA	ADJA	ADJA	_
20	10	Zeit	NN	NN	NN	NN	NN	NN	_
20	11	jedermann	PIS	PIS	PIS	PIS	VVFIN	PIS	MISMATCH
20	12	für	APPR	APPR	APPR	APPR	APPR	APPR	_
20	13	Baden	NN	NE	NE	NE	NN	NE	MISMATCH
20	14	/	$(	$(	$(	$(	$(	$(	_
20	15	Purgieren	NE	NN	NN	NN	NN	NN	MISMATCH
20	16	/	$(	$(	$(	$(	$(	$(	_
20	17	Aderlassen	NN	NN	NN	NN	NN	NN	_
20	18	/	$(	$(	$(	$(	$(	$(	_
20	19	Schröpfen	NN	NN	NN	NN	NN	NN	_
20	20	/	$(	$(	$(	$(	$(	$(	_
20	21	welches	PRELS	PWS	PWS	PWS	PWAT	PRELS	MISMATCH
20	22	alles	PIS	PIS	PIS	PIS	PIS	PIS	_
20	23	zu	PTKZU	PTKZU	PTKZU	PTKZU	PTKZU	PTKZU	_
20	24	unterlassen	VVINF	VVINF	VVINF	VVINF	VVFIN	VVINF	MISMATCH
20	25	:	$.	$(	$(	$(	$.	$.	MISMATCH
20	26	hingegen	ADV	ADV	ADV	ADV	ADV	ADV	_
20	27	aber	ADV	ADV	KON	ADV	ADV	ADV	MISMATCH
20	28	schwitze	VVFIN	VVFIN	VVFIN	VVFIN	VVFIN	VVFIN	_
20	29	jedweder	PIAT	PIS	PIAT	ADV	PIS	PIAT	MISMATCH
20	30	/	$(	$(	$(	$(	$(	$(	_
20	31	der	ART	PRELS	PRELS	ART	PRELS	ART	MISMATCH
20	32	noch	ADV	ADV	ADV	ADV	ADV	ADV	_
20	33	gesund	ADJD	ADJD	ADJD	ADJD	ADJD	ADJD	_
20	34	ist	VAFIN	VAFIN	VAFIN	VAFIN	VAFIN	VAFIN	_
20	35	/	$(	$(	$(	$(	$(	$(	_
20	36	wöchentlich	ADJD	ADJD	ADJD	ADJD	ADJD	ADJD	_
20	37	ein	ART	ART	ART	ART	ART	ART	_
20	38	Mal	NN	NN	NN	NN	NN	NN	_
20	39	/	$(	$(	$(	$(	$(	$(	_
20	40	oder	KON	KON	KON	KON	KON	KON	_
20	41	zwei	CARD	CARD	CARD	CARD	CARD	CARD	_
20	42	Mal	NN	NN	NN	NN	NN	NN	_
20	43	gegen	APPR	APPR	APPR	APPR	APPR	APPR	_
20	44	Morgen	NN	NN	NN	NN	NN	NN	_
20	45	/	$(	$(	$(	$(	$(	$(	_
20	46	jedesmal	ADV	ADV	ADV	ADV	VVFIN	ADV	MISMATCH
20	47	eine	ART	ART	ART	ART	ART	ART	_
20	48	Stunde	NN	NN	NN	NN	NN	NN	_
20	49	lang	ADJD	ADJD	ADJD	ADJD	ADJD	ADJD	_
20	50	/	$(	$(	$(	$(	$(	$(	_
20	51	brauche	VVFIN	VVFIN	VVFIN	VVFIN	VVFIN	VVFIN	_
20	52	selbigen	ADJA	ADJA	ADJA	ADJA	ADJA	ADJA	_
20	53	Abend	NN	NN	NN	NN	NN	NN	_
20	54	vorher	ADV	ADV	ADV	ADV	ADV	ADV	_
20	55	von	APPR	APPR	APPR	APPR	APPR	APPR	_
20	56	der	ART	ART	ART	ART	ART	ART	_
20	57	Pestlatwerge	NN	NN	NN	NN	NN	NN	_
20	58	4.	ADJA	ADJA	ADJA	ADJA	ADJA	ADJA	_
20	59	oder	KON	KON	KON	KON	KON	KON	_
20	60	5.	ADJA	ADJA	ADJA	ADJA	ADJA	ADJA	_
20	61	Messerspitzen	NN	NN	NN	NN	NN	NN	_
20	62	auf	APPR	APPR	APPR	APPR	APPR	APPR	_
20	63	einmal	ADV	ADV	ADV	ADV	ADV	ADV	_
20	64	.	$.	$.	$.	$.	$.	$.	_
21	1	und	KON	KON	KON	KON	KON	KON	_
21	2	dies	PDS	PDS	PDS	PDS	PDS	PDS	_
21	3	sei	VAFIN	VAFIN	VAFIN	VAFIN	VAFIN	VAFIN	_
21	4	kürzlich	ADV	ADJD	ADJD	ADJD	ADV	ADJD	MISMATCH
21	5	zur	APPRART	APPRART	APPRART	APPRART	APPRART	APPRART	_
21	6	Verwahrung	NN	NN	NN	NN	NN	NN	_
21	7	vor	APPR	APPR	APPR	APPR	APPR	APPR	_
21	8	der	ART	ART	ART	ART	ART	ART	_
21	9	Pest	NN	NN	NN	NN	NN	NN	_
21	10	.	$.	$.	$.	$.	$.	$.	_
22	1	4.	ADJA	ADJA	ADJA	ADJA	ADV	ADJA	MISMATCH
22	2	wenn	KOUS	KOUS	KOUS	KOUS	KOUS	KOUS	_
22	3	aber	ADV	ADV	ADV	ADV	ADV	ADV	_
22	4	und	KON	KON	KON	KON	KON	KON	_
22	5	sobald	ADV	KOUS	KOUS	KOUS	KOUS	KOUS	MISMATCH
22	7	jemand	PIS	PIS	PIS	PIS	PIS	PIS	_
22	8	vermutet	VVFIN	VVPP	VVPP	VVPP	VVFIN	VVPP	MISMATCH
22	9	/	$(	$(	$(	$(	$(	$(	_
22	10	dass	KOUS	KOUS	KOUS	KOUS	KOUS	KOUS	_
22	11	er	PPER	PPER	PPER	PPER	PPER	PPER	_
22	12	von	APPR	APPR	APPR	APPR	APPR	APPR	_
22	13	der	ART	ART	ART	ART	ART	ART	_
22	14	Pest	NN	NN	NN	NN	NN	NN	_
22	15	angesteckt	VVPP	VVPP	VVPP	VVPP	VVFIN	VVPP	MISMATCH
22	16	sei	VAFIN	VAFIN	VAFIN	VAFIN	VAFIN	VAFIN	_
22	17	/	$(	$(	$(	$(	$(	$(	_
22	18	und	KON	KON	KON	KON	KON	KON	_
22	19	anfinge	VVFIN	VVFIN	VVFIN	VVFIN	VVFIN	VVIMP	MISMATCH
22	20	etwa	ADV	ADV	ADV	ADV	ADV	ADV	_
22	21	über	APPR	APPR	APPR	APPR	APPR	APPR	_
22	22	Hauptweh	NN	NN	NN	NN	NN	NN	_
22	23	/	$(	$(	$(	$(	$(	$(	_
22	24	Frost	NN	NN	NN	NN	NN	NN	_
22	25	oder	KON	KON	KON	KON	KON	KON	_
22	26	Herzweh	NN	NN	NN	NN	NN	NN	_
22	27	/	$(	$(	$(	$(	$(	$(	_
22	28	Bangigkeit	NN	NN	NN	NN	NN	NN	_
22	29	/	$(	$(	$(	$(	$(	$(	_
22	30	Übelsein	NN	NN	NN	NN	NN	NN	_
22	31	des	ART	ART	ART	ART	ART	ART	_
22	32	Magens	NN	NN	NN	NN	NN	NN	_
22	33	zu	PTKZU	PTKZU	PTKZU	PTKZU	PTKZU	PTKZU	_
22	34	klagen	VVFIN	VVINF	VVINF	VVINF	VVFIN	VVINF	MISMATCH
22	35	/	$(	$(	$(	$(	$(	$(	_
22	36	oder	KON	KON	KON	KON	KON	KON	_
22	37	wäre	VAFIN	VAFIN	VAFIN	VAFIN	VAFIN	VAFIN	_
22	38	an	APPR	APPR	APPR	APPR	APPR	APPR	_
22	39	einem	ART	ART	ART	ART	ART	ART	_
22	40	unrichtigen	ADJA	ADJA	ADJA	ADJA	ADJA	ADJA	_
22	41	Ort	NN	NN	NN	NN	NN	NN	_
22	42	gewesen	VAPP	VAPP	VAPP	VAPP	VAPP	VAPP	_
22	43	/	$(	$(	$(	$(	$(	$(	_
22	44	der	ART	PRELS	PRELS	PDS	PDS	PRELS	MISMATCH
22	45	nehme	VVFIN	VVFIN	VVFIN	VVFIN	VVFIN	VVFIN	_
22	46	bald	ADV	ADV	ADV	ADV	ADV	ADV	_
22	47	ein	ART	ART	ART	ART	ART	ART	_
22	48	folgendes	PIS	ADJA	ADJA	ADJA	ADJA	ADJA	MISMATCH
22	49	Tränklein	NN	NN	NN	NN	NN	NN	_
22	50	:	$.	$(	$(	$(	$.	$.	MISMATCH
22	51	nimm	NE	VVIMP	VVIMP	VVIMP	VVIMP	VVIMP	MISMATCH
22	52	Knoblauchessig	NN	NN	NN	NN	NN	NN	_
22	55	/	$(	$(	$(	$(	$(	$(	_
22	56	Rautensaft	NN	NN	NN	NN	NN	NN	_
22	57	/	$(	$(	$(	$(	$(	$(	_
22	58	jedes	PIAT	PIAT	PIAT	PIAT	PIAT	PIAT	_
22	59	2.	CARD	ADJA	ADJA	ADJA	ADJA	ADJA	MISMATCH
22	60	Loth	NN	NE	NE	NN	NN	NE	MISMATCH
22	61	/	$(	$(	$(	$(	$(	$(	_
22	62	mische	VVFIN	VVFIN	VVFIN	VVFIN	VVFIN	VVFIN	_
22	63	es	PPER	PPER	PPER	PPER	PPER	PPER	_
22	64	zusammen	ADV	ADV	ADV	ADV	ADV	ADV	_
22	65	mit	APPR	APPR	APPR	APPR	APPR	APPR	_
22	66	einer	ART	ART	ART	ART	ART	ART	_
22	67	Messerspitze	NN	NN	NN	NN	NN	NN	_
22	68	Salz	NN	NN	NN	NN	NN	NN	_
22	69	/	$(	$(	$(	$(	$(	$(	_
22	70	(	$(	$(	$(	$(	$(	$(	_
22	71	wäre	VAFIN	VAFIN	VAFIN	VAFIN	VAFIN	VAFIN	_
22	72	es	PPER	PPER	PPER	PPER	PPER	PPER	_
22	73	zu	PTKZU	PTKA	PTKA	PTKA	PTKA	PTKA	MISMATCH
22	74	scharf	ADJA	ADJD	ADJD	ADJD	ADJD	ADJD	MISMATCH
22	75	/	$(	$(	$(	$(	$(	$(	_
22	76	so	ADV	ADV	ADV	ADV	ADV	ADV	_
22	77	mische	VVFIN	VVFIN	VVFIN	VVFIN	VVFIN	VVFIN	_
22	78	ein	ART	ART	ART	ART	ART	ART	_
22	79	paar	PIAT	PIAT	PIAT	PIAT	PIAT	PIAT	_
22	80	Löffel	NN	NN	NN	NN	NN	NN	_
22	81	warmes	ADJD	ADJA	ADJA	ADJA	ADJA	ADJA	MISMATCH
22	82	Bier	NN	NN	NN	NN	NN	NN	_
22	83	darunter	PAV	PAV	PAV	PAV	PAV	PAV	_
22	84	)	$(	$(	$(	$(	$(	$(	_
22	85	und	KON	KON	KON	KON	KON	KON	_
22	86	trink	VVIMP	VVIMP	VVIMP	VVIMP	VVFIN	VVINF	MISMATCH
22	87	es	PPER	PPER	PPER	PPER	PPER	PPER	_
22	88	auf	APPR	APPR	APPR	APPR	APPR	APPR	_
22	89	einmal	ADV	ADV	ADV	ADV	ADV	ADV	_
22	90	aus	APPR	PTKVZ	PTKVZ	PTKVZ	PTKVZ	PTKVZ	MISMATCH
22	91	/	$(	$(	$(	$(	$(	$(	_
22	92	sobald	ADV	KOUS	KOUS	KOUS	KOUS	KOUS	MISMATCH
22	94	du	PPER	PPER	PPER	PPER	PPER	PPER	_
22	95	dich	PPER	PRF	PRF	PPER	PRF	PRF	MISMATCH
22	96	übel	ADV	ADJD	ADJD	ADJD	ADJD	ADJD	MISMATCH
22	97	befindest	VVFIN	VVFIN	VVFIN	VVFIN	VVFIN	VVFIN	_
22	98	/	$(	$(	$(	$(	$(	$(	_
22	99	und	KON	KON	KON	KON	KON	KON	_
22	100	hierauf	PAV	PAV	PAV	PAV	PAV	PAV	_
22	101	lass	VVFIN	ADJD	ADJD	ADJD	VVFIN	ADJD	MISMATCH
22	102	dich	PPER	PPER	PRF	PPER	PRF	PRF	MISMATCH
22	103	wohl	ADV	ADV	ADV	ADV	ADV	ADV	_
22	104	zudecken	VVINF	VVINF	VVINF	VVINF	VVFIN	VVINF	MISMATCH
22	105	/	$(	$(	$(	$(	$(	$(	_
22	106	und	KON	KON	KON	KON	KON	KON	_
22	107	bemühe	VVFIN	VVFIN	VVFIN	VVFIN	VVFIN	VVFIN	_
22	108	dich	PPER	PPER	PRF	PPER	PRF	PPER	MISMATCH
22	109	stark	ADJD	ADJD	ADJD	ADJD	ADJD	ADJD	_
22	110	zu	PTKZU	PTKZU	PTKZU	PTKZU	PTKZU	PTKZU	_
22	111	schwitzen	VVINF	VVINF	VVINF	VVINF	VVFIN	VVINF	MISMATCH
22	112	.	$.	$.	$.	$.	$.	$.	_
23	1	(	$(	$(	$(	$(	$(	$(	_
23	2	der	ART	ART	ART	ART	ART	ART	_
23	3	Knoblauchessig	NN	NN	NN	NN	NN	NN	_
23	4	wird	VAFIN	VAFIN	VAFIN	VAFIN	VAFIN	VAFIN	_
23	5	von	APPR	APPR	APPR	APPR	APPR	APPR	_
23	6	Knoblauch	NN	NN	NN	NN	NN	NN	_
23	7	und	KON	KON	KON	KON	KON	KON	_
23	8	Essig	NN	NN	NN	NN	NN	NN	_
23	9	bereitet	VVFIN	VVFIN	VVFIN	VVPP	VVPP	VVPP	MISMATCH
23	10	/	$(	$(	$(	$(	$(	$(	_
23	11	auf	APPR	APPR	APPR	APPR	APPR	APPR	_
23	12	Art	NN	NN	NN	NN	NN	NN	_
23	13	/	$(	$(	$(	$(	$(	$(	_
23	14	wie	KOKOM	KOKOM	KOUS	KOKOM	PWAV	KOKOM	MISMATCH
23	15	von	APPR	APPR	APPR	APPR	APPR	APPR	_
23	16	dem	ART	ART	ART	ART	ART	ART	_
23	17	Pestessige	NN	NN	NN	NN	NN	NN	_
23	18	gedacht	VVPP	VVPP	VVPP	VVPP	VVPP	VVPP	_
23	19	worden	VAPP	VAPP	VAPP	VAPP	VAPP	VAPP	_
23	20	.	$.	$.	$.	$.	$.	$.	_
23	21	)	$(	$(	$(	$(	$(	$(	_
24	1	worauf	PWAV	PWAV	PWAV	PWAV	PWAV	PWAV	_
24	2	im	APPRART	APPRART	APPRART	APPRART	APPRART	APPRART	_
24	3	Fall	NN	NN	NN	NN	NN	NN	_
24	4	die	ART	ART	ART	ART	ART	ART	_
24	5	Hitze	NN	NN	NN	NN	NN	NN	_
24	6	und	KON	KON	KON	KON	KON	KON	_
24	7	Schwachheit	NN	NN	NN	NN	NN	NN	_
24	8	mehr	ADV	ADV	ADV	ADV	ADV	ADV	_
24	9	zu-	PTKZU	TRUNC	TRUNC	TRUNC	TRUNC	TRUNC	MISMATCH
24	10	/	$(	$(	$(	$(	$(	$(	_
24	11	als	KOKOM	KOKOM	KON	KOKOM	KOKOM	KOKOM	MISMATCH
24	12	abnehmen	VVINF	VVINF	VVINF	VVINF	ADV	VVINF	MISMATCH
24	13	täte	VVFIN	VVFIN	VVFIN	VVFIN	VVFIN	VVFIN	_
24	14	/	$(	$(	$(	$(	$(	$(	_
24	15	und	KON	KON	KON	KON	KON	KON	_
24	16	wäre	VAFIN	VAFIN	VAFIN	VAFIN	VAFIN	VAFIN	_
24	17	also	ADV	ADV	ADV	ADV	ADV	ADV	_
24	18	gewiss	ADV	ADJD	ADJD	ADJD	ADJD	ADJD	MISMATCH
24	19	/	$(	$(	$(	$(	$(	$(	_
24	20	dass	KOUS	KOUS	KOUS	KOUS	KOUS	KOUS	_
24	21	der	ART	ART	ART	ART	ART	ART	_
24	22	Patient	NN	NN	NN	NN	NN	NN	_
24	23	die	ART	ART	ART	ART	ART	ART	_
24	24	Krankheit	NN	NN	NN	NN	NN	NN	_
24	25	recht	ADJD	ADJD	ADJD	ADJD	NN	ADJD	MISMATCH
24	26	habe	VAFIN	VAFIN	VAFIN	VAFIN	VAFIN	VAFIN	_
24	27	/	$(	$(	$(	$(	$(	$(	_
24	28	so	ADV	ADV	ADV	ADV	ADV	ADV	_
24	29	soll	VMFIN	VMFIN	VMFIN	VMFIN	VMFIN	VMFIN	_
24	30	derselbe	PDAT	PDS	PDS	PDS	PDS	PDS	MISMATCH
24	31	(	$(	$(	$(	$(	$(	$(	_
24	32	verstehe	VVFIN	VVFIN	VVFIN	VVFIN	VVFIN	VVFIN	_
24	33	ein	ART	ART	ART	ART	ART	ART	_
24	34	Erwachsener	NN	NN	NN	NN	NN	NN	_
24	35	)	$(	$(	$(	$(	$(	$(	_
24	36	das	ART	ART	ART	ART	ART	ART	_
24	37	jetzt	ADV	ADV	ADV	ADV	ADV	ADV	_
24	38	beschriebene	ADJA	ADJA	ADJA	ADJA	ADJA	ADJA	_
24	39	Tränklein	NN	NN	NN	NN	NN	NN	_
24	40	von	APPR	APPR	APPR	APPR	APPR	APPR	_
24	41	Knoblauchessig	NN	NN	NN	NN	NN	NN	_
24	42	und	KON	KON	KON	KON	KON	KON	_
24	43	Rautensaft	NN	NN	NN	NN	NN	NN	_
24	44	mit	APPR	APPR	APPR	APPR	APPR	APPR	_
24	45	ein	ART	ART	ART	ART	ART	ART	_
24	46	wenig	PIS	PIAT	PIAT	PIAT	PIAT	PIAT	MISMATCH
24	47	Salz	NN	NN	NN	NN	NN	NN	_
24	48	alle	PIS	PIAT	PIAT	PIAT	PIAT	PIAT	MISMATCH
24	49	Morgen	NE	NN	NN	NN	NN	NN	MISMATCH
24	50	brauchen	VVFIN	VVINF	VVINF	VVINF	ADV	VVINF	MISMATCH
24	51	/	$(	$(	$(	$(	$(	$(	_
24	52	und	KON	KON	KON	KON	KON	KON	_
24	53	jedesmal	ADV	ADV	ADV	ADV	ADV	ADV	_
24	54	2.	ADJA	ADJA	ADJA	ADJA	ADJA	ADJA	_
24	55	Stunden	NN	NN	NN	NN	NN	NN	_
24	56	darauf	PTKVZ	PAV	PAV	PAV	PAV	PAV	MISMATCH
24	57	schwitzen	VVINF	VVINF	VVINF	VVINF	ADV	VVINF	MISMATCH
24	58	.	$.	$.	$.	$.	$.	$.	_
25	1	5.	ADJA	ADJA	ADJA	ADJA	ADV	ADJA	MISMATCH
25	2	zu	PTKZU	APPR	APPR	APPR	APPR	APPR	MISMATCH
25	3	Mittag	NN	NN	NN	NN	NN	NN	_
25	4	täglich	ADJD	ADJD	ADJD	ADJD	ADJD	ADJD	_
25	5	nehme	VVFIN	VVFIN	VVFIN	VVFIN	VVPP	VVFIN	MISMATCH
25	6	dieses	PDAT	PDS	PDS	PDS	PDS	PDS	MISMATCH
25	7	ein	ART	PTKVZ	PTKVZ	PTKVZ	PTKVZ	PTKVZ	MISMATCH
25	8	:	$.	$(	$(	$(	$.	$.	MISMATCH
25	9	nimm	VVFIN	VVIMP	VVIMP	VVIMP	VVIMP	VVIMP	MISMATCH
25	10	Holundersaft	NN	NN	NN	NN	NN	NN	_
25	11	1.	ADJA	ADJA	ADJA	ADJA	CARD	ADJA	MISMATCH
25	12	Löffel	NN	NN	NN	NN	NN	NN	_
25	13	voll	ADJD	ADJD	ADJD	ADJD	ADJD	ADJD	_
25	14	/	$(	$(	$(	$(	$(	$(	_
25	15	mische	VVFIN	VVFIN	VVFIN	VVFIN	VVPP	VVFIN	MISMATCH
25	16	darunter	PAV	PAV	PAV	PAV	PAV	PAV	_
25	17	mit	APPR	APPR	APPR	APPR	APPR	APPR	_
25	18	ein	ART	ART	ART	ART	ART	ART	_
25	19	wenig	PIS	PIAT	PIAT	PIAT	PIAT	PIAT	MISMATCH
25	20	Weinessig	NN	NN	NN	NN	NN	NN	_
25	21	/	$(	$(	$(	$(	$(	$(	_
25	22	ein	ART	ART	ART	ART	ART	ART	_
25	23	Quintlein	NN	NN	NN	NN	NN	NN	_
25	24	/	$(	$(	$(	$(	$(	$(	_
25	25	oder	KON	KON	KON	KON	KON	KON	_
25	26	ein	ART	ART	ART	ART	ART	ART	_
25	27	paar	PIAT	PIAT	PIAT	PIAT	PIAT	PIAT	_
25	28	Messerspitzen	NN	NN	NN	NN	NN	NN	_
25	29	klein	ADJD	ADJD	ADJD	ADJD	ADJD	ADJD	_
25	30	geriebenen	ADJA	ADJA	ADJA	ADJA	ADJA	ADJA	_
25	31	Schwefel	NN	NN	NN	NN	NN	NN	_
25	32	/	$(	$(	$(	$(	$(	$(	_
25	33	und	KON	KON	KON	KON	KON	KON	_
25	34	dies	PDS	PDS	PDS	PDS	PDS	PDS	_
25	35	brauche	VVFIN	VVFIN	VVFIN	VVFIN	VVFIN	VVFIN	_
25	36	auf	APPR	APPR	APPR	APPR	APPR	APPR	_
25	37	einmal	ADV	ADV	ADV	ADV	ADV	ADV	_
25	38	worauf	PWAV	PWAV	PWAV	PWAV	PAV	PAV	MISMATCH
25	39	etliche	PIAT	PIAT	PIAT	PIAT	PIAT	PIAT	_
25	40	Loͤffel	NN	NN	NN	NN	$(	NN	MISMATCH
25	41	voll	ADJD	ADJD	ADJD	ADJD	APPR	ADJD	MISMATCH
25	42	Bier	NN	NN	NN	NN	NN	NN	_
25	43	oder	KON	KON	KON	KON	KON	KON	_
25	44	Suppe	NN	NN	NN	NN	NN	NN	_
25	45	mögen	VMFIN	VMFIN	VMFIN	VMFIN	VMFIN	VMFIN	_
25	46	genommen	VVPP	VVPP	VVPP	VVPP	VVPP	VVPP	_
25	47	/	$(	$(	$(	$(	$(	$(	_
25	48	hierauf	PAV	PAV	PAV	PAV	VVPP	PAV	MISMATCH
25	49	aber	ADV	ADV	ADV	ADV	ADV	ADV	_
25	50	nicht	PTKNEG	PTKNEG	PTKNEG	PTKNEG	PTKNEG	PTKNEG	_
25	51	darf	VMFIN	VMFIN	VMFIN	VMFIN	VMFIN	VMFIN	_
25	52	geschwitzt	VVPP	VVPP	VVPP	VVPP	VVPP	VVPP	_
25	53	werden	VAINF	VAINF	VAINF	VAINF	VAINF	VAINF	_
25	54	.	$.	$.	$.	$.	$.	$.	_
26	1	zu	APPR	APPR	APPR	APPR	APPR	APPR	_
26	2	Abend	NN	NN	NN	NN	NN	NN	_
26	3	um	APPR	APPR	APPR	APPR	APPR	APPR	_
26	4	6.	ADJA	ADJA	ADJA	ADJA	ADJA	ADJA	_
26	5	Uhr	NN	NN	NN	NN	NN	NN	_
26	6	brauche	VVFIN	VVFIN	VVFIN	VVFIN	ADV	VVFIN	MISMATCH
26	7	täglich	ADJD	ADJD	ADJD	ADJD	ADJD	ADJD	_
26	8	ein	ART	ART	ART	ART	ART	ART	_
26	9	Pülverlein	NE	NN	NN	NN	NN	NN	MISMATCH
26	10	aus	APPR	APPR	APPR	APPR	APPR	APPR	_
26	11	hiesiger	ADJA	ADJA	ADJA	ADJA	ADV	ADJA	MISMATCH
26	12	Apotheken	NN	NN	NN	NN	NN	NN	_
26	13	genannt	VVPP	VVPP	VVPP	VVPP	VVPP	VVPP	_
26	14	pulvis	NE	NE	NE	NE	FM	NE	MISMATCH
26	15	de	NE	NE	NE	NE	NE	NE	_
26	16	tribus	NE	NN	NN	NN	FM	NN	MISMATCH
26	17	(	$(	$(	$(	$(	$(	$(	_
26	18	kostet	VVFIN	VVFIN	VVFIN	VVFIN	VVFIN	VVFIN	_
26	19	auf	APPR	APPR	APPR	APPR	APPR	APPR	_
26	20	einmal	ADV	ADV	ADV	ADV	ADV	ADV	_
26	21	zu	PTKZU	PTKZU	PTKZU	PTKA	PTKZU	PTKZU	MISMATCH
26	22	brauchen	VVINF	VVINF	VVINF	VVINF	VVINF	VVINF	_
26	23	1.	ADJA	ADJA	ADJA	ADJA	CARD	ADJA	MISMATCH
26	24	Arg.	NN	NN	NN	NN	NN	NE	MISMATCH
26	25	)	$(	$(	$(	$(	$(	$(	_
26	26	und	KON	KON	KON	KON	KON	KON	_
26	27	dies	PDS	PDS	PDS	PDS	PDS	PDS	_
26	28	auf	APPR	APPR	APPR	APPR	APPR	APPR	_
26	29	einmal	ADV	ADV	ADV	ADV	ADV	ADV	_
26	30	in	APPR	APPR	APPR	APPR	APPR	APPR	_
26	31	einen	ART	ART	ART	ART	ART	ART	_
26	32	Löffel	NN	NN	NN	NN	NN	NN	_
26	33	Wassersuppe	NN	NN	NN	NN	NN	NN	_
26	34	gebraucht	VVPP	VVPP	VVPP	VVPP	VVPP	VVPP	_
26	35	/	$(	$(	$(	$(	$(	$(	_
26	36	worauf	PWAV	PWAV	PWAV	PWAV	PAV	PWAV	MISMATCH
26	37	abermal	ADV	ADV	ADV	ADV	ADV	ADV	_
26	38	stark	ADJD	ADJD	ADJD	ADJD	ADJD	ADJD	_
26	39	zu	PTKZU	PTKZU	PTKZU	PTKZU	PTKZU	PTKZU	_
26	40	schwitzen	VVINF	VVINF	VVINF	VVINF	ADV	VVINF	MISMATCH
26	41	.	$.	$.	$.	$.	$.	$.	_
27	1	dergleichen	PIS	PIS	PIS	PIS	VVFIN	PIS	MISMATCH
27	2	Pülverlein	NN	NN	NN	NN	NN	NN	_
27	3	ist	VAFIN	VAFIN	VAFIN	VAFIN	VAFIN	VAFIN	_
27	4	alle	PIAT	PIAT	PIAT	PIAT	PIAT	PIAT	_
27	5	andere	ADJA	PIAT	PIAT	PIS	ADJA	PIS	MISMATCH
27	6	Abend	NN	NN	NN	NN	NN	NN	_
27	7	zu	PTKZU	PTKZU	PTKZU	PTKZU	PTKZU	PTKZU	_
27	8	nehmen	VVINF	VVINF	VVINF	VVINF	VVFIN	VVINF	MISMATCH
27	9	/	$(	$(	$(	$(	$(	$(	_
27	10	mit	APPR	APPR	APPR	APPR	APPR	APPR	_
27	11	darauf	PAV	PAV	PAV	PAV	PAV	PAV	_
27	12	folgenden	ADJA	ADJA	ADJA	ADJA	ADJA	ADJA	_
27	13	Schweiß	NN	NN	NN	NN	NN	NN	_
27	14	/	$(	$(	$(	$(	$(	$(	_
27	15	der	ART	PRELS	ART	ART	PRELS	ART	MISMATCH
27	16	jedesmal	ADV	ADV	ADV	ADV	ADV	ADV	_
27	17	darauf	PAV	PAV	PAV	PAV	PAV	PAV	_
27	18	getrieben	VVPP	VVPP	VVPP	VVPP	VVFIN	VVPP	MISMATCH
27	19	werden	VAINF	VAINF	VAINF	VAINF	VAINF	VAINF	_
27	20	soll	VMFIN	VMFIN	VMFIN	VMFIN	VMFIN	VMFIN	_
27	21	/	$(	$(	$(	$(	$(	$(	_
27	22	eine	ART	PIS	ART	ART	CARD	PIS	MISMATCH
27	23	oder	KON	KON	KON	KON	KON	KON	_
27	24	welches	PRELS	PWS	PWS	PRELS	PWS	PRELS	MISMATCH
27	25	besser	ADJD	ADJD	ADJD	ADJD	ADJD	ADJD	_
27	26	wäre	VAFIN	VAFIN	VAFIN	VAFIN	VAFIN	VAFIN	_
27	27	/	$(	$(	$(	$(	$(	$(	_
27	28	zwei	CARD	CARD	CARD	CARD	CARD	CARD	_
27	29	Stunden	NN	NN	NN	NN	NN	NN	_
27	30	lang	ADJA	ADJD	ADJD	ADJD	ADJD	ADJD	MISMATCH
27	31	.	$.	$.	$.	$.	$.	$.	_
27	32	6.	ADJA	ADJA	ADJA	ADJA	ADV	ADJA	MISMATCH
27	33	wäre	VAFIN	VAFIN	VAFIN	VAFIN	VAFIN	VAFIN	_
27	34	aber	ADV	ADV	ADV	ADV	ADV	ADV	_
27	35	jemand	PIS	PIS	PIS	PIS	PIS	PIS	_
27	36	auf	APPR	APPR	APPR	APPR	APPR	APPR	_
27	37	dem	ART	ART	ART	ART	ART	ART	_
27	38	Lande	NN	NN	NN	NN	NN	NN	_
27	39	/	$(	$(	$(	$(	$(	$(	_
27	40	und	KON	KON	KON	KON	KON	KON	_
27	41	könnte	VMFIN	VMFIN	VMFIN	VMFIN	VMFIN	VMFIN	_
27	42	wegen	APPR	APPR	APPR	APPR	APPR	APPR	_
27	43	Entlegenheit	NN	NN	NN	NN	NN	NN	_
27	44	/	$(	$(	$(	$(	$(	$(	_
27	45	oder	KON	KON	KON	KON	KON	KON	_
27	46	anderer	ADJA	PIAT	PIAT	PIS	ADJA	PIAT	MISMATCH
27	47	Verhindernis	NN	NN	NN	NN	NN	NN	_
27	48	das	ART	ART	ART	ART	ART	ART	_
27	49	Pülverlein	NN	NN	NN	NN	NN	NN	_
27	50	nicht	PTKNEG	PTKNEG	PTKNEG	PTKNEG	PTKNEG	PTKNEG	_
27	51	haben	VAFIN	VAINF	VAINF	VAFIN	VAINF	VAINF	MISMATCH
27	52	/	$(	$(	$(	$(	$(	$(	_
27	53	der	ART	PRELS	PRELS	PDS	PDS	PRELS	MISMATCH
27	54	verändere	VVFIN	VVFIN	VVFIN	VVFIN	VVFIN	VVFIN	_
27	55	in	APPR	APPR	APPR	APPR	APPR	APPR	_
27	56	Mangel	NN	NN	NN	NN	NN	NN	_
27	57	desselben	PDS	PDAT	PDAT	PDAT	PDS	PDAT	MISMATCH
27	58	solcher	PIAT	PIAT	PIAT	PIAT	PIAT	PIAT	_
27	59	Gestalt	NN	NN	NN	NN	NN	NN	_
27	60	diese	PDAT	PDAT	PDAT	PDAT	PDAT	PDAT	_
27	61	Ordnung	NN	NN	NN	NN	NN	NN	_
27	62	/	$(	$(	$(	$(	$(	$(	_
27	63	dass	KOUS	KOUS	KOUS	KOUS	KOUS	KOUS	_
27	64	er	PPER	PPER	PPER	PPER	PPER	PPER	_
27	65	zu	PTKZU	APPR	APPR	APPR	APPR	APPR	MISMATCH
27	66	Mittag	NN	NN	NN	NN	NN	NN	_
27	67	täglich	ADJD	ADJD	ADJD	ADJD	ADJD	ADJD	_
27	68	von	APPR	APPR	APPR	APPR	APPR	APPR	_
27	69	obig	ADJD	ADJD	ADJD	ADV	ADV	ADV	MISMATCH
27	70	beschriebener	ADJA	ADJA	ADJA	ADJA	ADJA	ADJA	_
27	71	Pestlatwerge	NN	NN	NN	NN	NN	NN	_
27	72	/	$(	$(	$(	$(	$(	$(	_
27	73	nehme	VVFIN	VVFIN	VVFIN	VVFIN	VVFIN	VVFIN	_
27	74	auf	APPR	APPR	APPR	APPR	APPR	APPR	_
27	75	einmal	ADV	ADV	ADV	ADV	ADV	ADV	_
27	76	3.	ADJA	ADJA	ADJA	ADJA	ADJA	ADJA	_
27	77	oder	KON	KON	KON	KON	KON	KON	_
27	78	4.	ADJA	ADJA	ADJA	ADJA	ADJA	ADJA	_
27	79	Messerspitzen	NN	NN	NN	NN	NN	NN	_
27	80	/	$(	$(	$(	$(	$(	$(	_
27	81	und	KON	KON	KON	KON	KON	KON	_
27	82	nehme	VVFIN	VVFIN	VVFIN	VVFIN	VVFIN	VVFIN	_
27	83	täglich	ADJD	ADJD	ADJD	ADJD	ADJD	ADJD	_
27	84	zu	PTKZU	APPR	APPR	APPR	APPR	APPR	MISMATCH
27	85	Abends	NN	NN	NN	NN	NN	NN	_
27	86	an	APPR	APZR	PTKVZ	PTKVZ	PTKVZ	APPR	MISMATCH
27	87	statt	APPR	APPR	APPR	APPR	APPR	APPR	_
27	88	des	ART	ART	ART	ART	ART	ART	_
27	89	Pulveris	NE	NN	NN	NN	NN	NN	MISMATCH
27	90	de	NE	NE	NE	NE	FM	NE	MISMATCH
27	91	tribus	NE	NN	NN	NN	FM	NE	MISMATCH
27	92	,	$,	$,	$,	$,	$,	$,	_
27	93	die	ART	PRELS	PRELS	ART	ART	PRELS	MISMATCH
27	94	schon	ADV	ADV	ADV	ADV	ADV	ADV	_
27	95	verordnete	ADJA	ADJA	ADJA	ADJA	VVFIN	ADJA	MISMATCH
27	96	mittägige	ADJA	ADJA	ADJA	ADJA	ADJA	ADJA	_
27	97	Arznei	NN	NN	NN	NN	NN	NN	_
27	98	/	$(	$(	$(	$(	$(	$(	_
27	99	den	ART	ART	ART	ART	ART	ART	_
27	100	Löffel	NN	NN	NN	NN	NN	NN	_
27	101	Holundersaft	NN	NN	NN	NN	NN	NN	_
27	102	mit	APPR	APPR	APPR	APPR	APPR	APPR	_
27	103	dem	ART	ART	ART	ART	ART	ART	_
27	104	Schwefel	NN	NN	NN	NN	NN	NN	_
27	105	/	$(	$(	$(	$(	$(	$(	_
27	106	und	KON	KON	KON	KON	KON	KON	_
27	107	schwitze	VVFIN	VVFIN	VVFIN	VVFIN	VVFIN	VVFIN	_
27	108	hierauf	PAV	PAV	PAV	PAV	PAV	PAV	_
27	109	des	ART	ART	ART	ART	ART	ART	_
27	110	Abends	NN	NN	NN	NN	NN	NN	_
27	111	ein	ART	ART	ART	ART	ART	ART	_
27	112	paar	PIAT	PIAT	PIAT	PIAT	PIAT	PIAT	_
27	113	Stunden	NN	NN	NN	NN	NN	NN	_
27	114	lang	ADJD	ADJD	ADJD	ADJD	ADJD	ADJD	_
27	115	.	$.	$.	$.	$.	$.	$.	_
28	1	welcher	PWAT	PWS	PWS	PWS	PWAT	PRELS	MISMATCH
28	2	Gebrauch	NN	NN	NN	NN	NN	NN	_
28	3	itzo	ADV	ADV	NE	ADV	FM	NE	MISMATCH
28	4	beschrieben	VVPP	VVPP	VVPP	VVPP	VVPP	VVPP	_
28	5	/	$(	$(	$(	$(	$(	$(	_
28	6	früh	ADJD	ADJD	ADJD	ADJD	ADJD	ADJD	_
28	7	/	$(	$(	$(	$(	$(	$(	_
28	8	mittags	NN	ADV	ADV	ADV	ADV	ADV	MISMATCH
28	9	und	KON	KON	KON	KON	KON	KON	_
28	10	abends	NN	ADV	ADV	ADV	ADV	ADV	MISMATCH
28	11	täglich	ADJD	ADJD	ADJD	ADJD	ADJD	ADJD	_
28	12	zu	PTKZU	PTKZU	PTKZU	PTKZU	PTKZU	PTKZU	_
28	13	wiederholen	VVINF	VVINF	VVINF	VVINF	VVINF	VVINF	_
28	14	/	$(	$(	$(	$(	$(	$(	_
28	15	von	APPR	APPR	APPR	APPR	APPR	APPR	_
28	16	dem	ART	ART	ART	ART	PDS	ART	MISMATCH
28	17	/	$(	$(	$(	$(	$(	$(	_
28	18	der	ART	PRELS	ART	ART	PRELS	ART	MISMATCH
28	19	an	APPR	APPR	APPR	APPR	APPR	APPR	_
28	20	der	ART	ART	ART	ART	ART	ART	_
28	21	Pest	NN	NN	NN	NN	NN	NN	_
28	22	liegt	VVFIN	VVFIN	VVFIN	VVFIN	VVFIN	VVFIN	_
28	23	/	$(	$(	$(	$(	$(	$(	_
28	24	und	KON	KON	KON	KON	KON	KON	_
28	25	damit	PAV	PAV	PAV	PAV	PAV	PAV	_
28	26	fortzufahren	VVINF	VVPP	VVINF	ADV	ADV	VVIZU	MISMATCH
28	27	/	$(	$(	$(	$(	$(	$(	_
28	28	5.	ADJA	ADJA	ADJA	ADJA	ADJA	ADJA	_
28	29	oder	KON	KON	KON	KON	KON	KON	_
28	30	6.	ADJA	ADJA	ADJA	ADJA	ADJA	ADJA	_
28	31	Tage	NN	NN	NN	NN	NN	NN	_
28	32	lang	ADJD	ADJD	ADJD	ADJD	ADJD	ADJD	_
28	33	.	$.	$.	$.	$.	$.	$.	_
29	1	wobei	PWAV	PWAV	PWAV	PWAV	PWAV	PWAV	_
29	2	zu	PTKZU	PTKZU	PTKZU	PTKZU	PTKZU	PTKZU	_
29	3	merken	VVINF	VVINF	VVINF	VVINF	VVINF	VVINF	_
29	4	/	$(	$(	$(	$(	$(	$(	_
29	5	dass	KOUS	KOUS	KOUS	KOUS	KOUS	KOUS	_
29	6	dem	ART	ART	ART	ART	ART	ART	_
29	7	Patienten	NN	NN	NN	NN	NN	NN	_
29	8	öfters	ADV	ADV	ADV	ADV	ADV	ADV	_
29	9	mag	VMFIN	VMFIN	VMFIN	VMFIN	VMFIN	VMFIN	_
29	10	Bier	NN	NN	NN	NN	NN	NN	_
29	11	zu	PTKZU	PTKZU	PTKZU	PTKZU	PTKZU	PTKZU	_
29	12	trinken	VVINF	VVINF	VVINF	VVINF	ADV	VVINF	MISMATCH
29	13	gegeben	VVPP	VVPP	VVPP	VVPP	ADV	VVPP	MISMATCH
29	14	werden	VAINF	VAINF	VAINF	VAINF	VAINF	VAINF	_
29	15	/	$(	$(	$(	$(	$(	$(	_
29	16	doch	ADV	ADV	ADV	KON	KON	KON	MISMATCH
29	17	auf	APPR	APPR	APPR	APPR	APPR	APPR	_
29	18	einmal	ADV	ADV	ADV	ADV	ADV	ADV	_
29	19	nicht	PTKNEG	PTKNEG	PTKNEG	PTKNEG	PTKNEG	PTKNEG	_
29	20	viel	ADJA	ADV	ADV	ADV	PIS	ADV	MISMATCH
29	21	;	$.	$(	$(	$.	$.	$.	MISMATCH
29	22	des	ART	ART	ART	ART	ART	ART	_
29	23	Wassertrinkens	NN	NN	NN	NN	NN	NN	_
29	24	aber	ADV	ADV	ADV	ADV	ADV	ADV	_
29	25	/	$(	$(	$(	$(	$(	$(	_
29	26	wie	KOKOM	KOUS	KOKOM	KOUS	KOKOM	KOUS	MISMATCH
29	27	auch	ADV	ADV	ADV	ADV	ADV	ADV	_
29	28	andere	ADJA	PIS	PIS	PIS	ADJA	PIS	MISMATCH
29	29	unzeitigen	ADJA	ADJA	ADJA	ADJA	ADJA	ADJA	_
29	30	Erkühlungen	NE	NN	NN	NN	NN	NN	MISMATCH
29	31	/	$(	$(	$(	$(	$(	$(	_
29	32	soll	VMFIN	VMFIN	VMFIN	VMFIN	VMFIN	VMFIN	_
29	33	sich	PRF	PRF	PRF	PRF	PRF	PRF	_
29	34	der	ART	ART	ART	ART	ART	ART	_
29	35	Patient	NN	NN	NN	NN	NN	NN	_
29	36	enthalten	ADJD	VVPP	VVINF	VVINF	ADV	VVINF	MISMATCH
29	37	.	$.	$.	$.	$.	$.	$.	_
30	1	7.	ADJA	ADJA	ADJA	ADJA	ADV	ADJA	MISMATCH
30	2	wenn	KOUS	KOUS	KOUS	KOUS	KOUS	KOUS	_
30	3	jemand	PIS	PIS	PIS	PIS	PIS	PIS	_
30	4	eine	ART	ART	ART	ART	ART	ART	_
30	5	Pestbeule	NN	NN	NN	NN	NN	NN	_
30	6	auffahren	VVINF	VVINF	VVINF	VVINF	VVINF	VVINF	_
30	7	täte	VVFIN	VVFIN	VVFIN	VVFIN	VVFIN	VVFIN	_
30	8	/	$(	$(	$(	$(	$(	$(	_
30	9	und	KON	KON	KON	KON	KON	KON	_
30	10	könnte	VMFIN	VMFIN	VMFIN	VMFIN	VMFIN	VMFIN	_
30	11	in	APPR	APPR	APPR	APPR	APPR	APPR	_
30	12	Eile	NN	NN	NN	NN	NN	NN	_
30	13	kein	PIAT	PIAT	PIAT	PIAT	PIAT	PIAT	_
30	14	besseres	ADJD	ADJA	ADJA	ADJA	ADJA	ADJA	MISMATCH
30	15	Mittel	NN	NN	NN	NN	NN	NN	_
30	16	erlangen	VVINF	VVINF	VVINF	VVINF	VVINF	VVINF	_
30	17	/	$(	$(	$(	$(	$(	$(	_
30	18	der	ART	PRELS	PRELS	PDS	PDS	PRELS	MISMATCH
30	19	lasse	VVFIN	VVFIN	VVFIN	VVFIN	VVFIN	VVFIN	_
30	20	indes	ADV	ADV	ADV	ADV	ADV	ADV	_
30	21	die	ART	ART	ART	ART	ART	ART	_
30	22	Seinigen	NN	NN	NN	NN	NN	NN	_
30	23	dieses	PDAT	PDAT	PDS	PDAT	PDS	PDAT	MISMATCH
30	24	bereiten	VVFIN	VVINF	VVINF	VVINF	VVINF	VVINF	MISMATCH
30	25	/	$(	$(	$(	$(	$(	$(	_
30	26	auf	APPR	APPR	APPR	APPR	APPR	APPR	_
30	27	ein	ART	ART	ART	ART	ART	ART	_
30	28	Tüchlein	NN	NN	NN	NN	NN	NN	_
30	29	streichen	VVINF	VVINF	VVINF	VVINF	VVINF	VVINF	_
30	30	/	$(	$(	$(	$(	$(	$(	_
30	31	und	KON	KON	KON	KON	KON	KON	_
30	32	alle	PIAT	PIAT	PIAT	PIAT	PIAT	PIAT	_
30	33	6.	ADJA	ADJA	ADJA	ADJA	ADJA	ADJA	_
30	34	Stunden	NN	NN	NN	NN	NN	NN	_
30	35	frisch	ADJD	ADJD	ADJD	ADJD	ADJD	ADJD	_
30	36	auflegen	APPR	VVINF	VVINF	VVINF	VVINF	VVINF	MISMATCH
30	37	/	$(	$(	$(	$(	$(	$(	_
30	38	die	ART	ART	ART	ART	ART	ART	_
30	39	abgenommenen	ADJA	ADJA	ADJA	ADJA	VVINF	ADJA	MISMATCH
30	40	Tüchlein	NN	NN	NN	NN	NN	NN	_
30	41	aber	ADV	ADV	KON	ADV	ADV	KON	MISMATCH
30	42	sollen	VMFIN	VMFIN	VMFIN	VMFIN	VMFIN	VMFIN	_
30	43	vergraben	VVPP	VVPP	VVPP	VVPP	VVINF	VVPP	MISMATCH
30	44	werden	VAINF	VAINF	VAINF	VAINF	VAINF	VAINF	_
30	45	:	$.	$(	$.	$(	$.	$.	MISMATCH
30	46	nimm	NE	VVIMP	VVIMP	VVIMP	VVIMP	VVIMP	MISMATCH
30	47	Senf	NN	NN	NN	NN	NN	NN	_
30	48	:	$.	$.	$(	$(	$.	$.	MISMATCH
30	49	1.	ADJA	ADJA	ADJA	ADJA	ADJA	ADJA	_
30	50	Lot	NN	NN	NN	NN	NN	NN	_
30	51	/	$(	$(	$(	$(	$(	$(	_
30	52	gekochte	ADJA	ADJA	ADJA	ADJA	ADJA	ADJA	_
30	53	Zwiebeln	NN	NN	NN	NN	NN	NN	_
30	54	/	$(	$(	$(	$(	$(	$(	_
30	55	Honig	NN	NN	NN	NN	NN	NN	_
30	56	/	$(	$(	$(	$(	$(	$(	_
30	57	jedes	PIAT	PIAT	PIAT	PIAT	PIAT	PIAT	_
30	58	2.	ADJA	ADJA	ADJA	ADJA	ADJA	ADJA	_
30	59	Lot	NN	NN	NN	NN	NN	NN	_
30	60	/	$(	$(	$(	$(	$(	$(	_
30	61	Sauerteig	NN	NN	NN	NN	NN	NN	_
30	62	1.Loth	CARD	ADJA	ADJA	ADJA	ADJA	ADJA	MISMATCH
30	64	/	$(	$(	$(	$(	$(	$(	_
30	65	Salz	NN	NN	NN	NN	NN	NN	_
30	66	1.	ADJA	ADJA	ADJA	ADJA	ADJA	ADJA	_
30	67	Quintlein	NN	NN	NN	NN	NN	NN	_
30	68	mische	VVFIN	VVFIN	VVFIN	VVFIN	VVINF	VVFIN	MISMATCH
30	69	und	KON	KON	KON	KON	KON	KON	_
30	70	stoße	VVFIN	VVFIN	VVFIN	VVFIN	VVINF	VVFIN	MISMATCH
30	71	es	PPER	PPER	PPER	PPER	PPER	PPER	_
30	72	zusammen	ADV	PTKVZ	PTKVZ	PTKVZ	PTKVZ	PTKVZ	MISMATCH
30	73	/	$(	$(	$(	$(	$(	$(	_
30	74	dass	KOUS	KOUS	KOUS	KOUS	KOUS	KOUS	_
30	75	es	PPER	PPER	PPER	PPER	PPER	PPER	_
30	76	wie	KOKOM	KOKOM	KOKOM	KOKOM	KOKOM	KOKOM	_
30	77	ein	ART	ART	ART	ART	ART	ART	_
30	78	dicker	ADJA	ADJA	ADJA	ADJA	ADJA	ADJA	_
30	79	Brei	NN	NN	NN	NN	NN	NN	_
30	80	anzusehen	VVIZU	VVIZU	VVIZU	VVIZU	VVIZU	VVIZU	_
30	81	sei	VAFIN	VAFIN	VAFIN	VAFIN	VAFIN	VAFIN	_
30	82	.	$.	$.	$.	$.	$.	$.	_
31	1	und	KON	KON	KON	KON	KON	KON	_
31	2	dies	PDS	PDS	PDS	PDS	PDS	PDS	_
31	3	sei	VAFIN	VAFIN	VAFIN	VAFIN	VAFIN	VAFIN	_
31	4	zu	PTKZU	APPR	APPR	APPR	ADV	APPR	MISMATCH
31	5	dem	ART	ART	ART	ART	ART	ART	_
31	6	nötigsten	ADJA	ADJA	ADJA	ADJA	ADJA	ADJA	_
31	7	Unterricht	NN	NN	NN	NN	NN	NN	_
31	8	des	ART	ART	ART	ART	ART	ART	_
31	9	Armut	NN	NN	NN	NN	NN	NN	_
31	10	in	APPR	APPR	APPR	APPR	APPR	APPR	_
31	11	der	ART	ART	ART	ART	ART	ART	_
31	12	Pestnot	NN	NN	NN	NN	NN	NN	_
31	13	/	$(	$(	$(	$(	$(	$(	_
31	14	als	KOKOM	KOKOM	KOKOM	KOKOM	APPR	KOKOM	MISMATCH
31	15	eine	ART	ART	ART	ART	ART	ART	_
31	16	Hausarznei	NN	NN	NN	NN	NN	NN	_
31	18	/	$(	$(	$(	$(	$(	$(	_
31	19	die	ART	ART	ART	ART	PRELS	ART	MISMATCH
31	20	Gott	NN	NN	NN	NN	NN	NN	_
31	21	segnen	VVINF	VVINF	VVINF	VVINF	ADJA	VVINF	MISMATCH
31	22	wolle	VMFIN	VMFIN	VMFIN	VMFIN	VMFIN	VMFIN	_
31	23	.	$.	$.	$.	$.	$.	$.	_
32	1	Anhang	NN	NN	NN	NN	NN	NN	_
32	2	vieler	PIAT	PIAT	PIAT	PIAT	PIAT	PIAT	_
32	3	nützlicher	ADJA	ADJA	ADJA	ADJA	VVPP	ADJA	MISMATCH
32	4	und	KON	KON	KON	KON	KON	KON	_
32	5	bewährter	ADJA	ADJA	ADJA	ADJA	VVPP	ADJA	MISMATCH
32	6	Pestmitteln	NN	NN	NN	NN	NN	NN	_
32	7	/	$(	$(	$(	$(	$(	$(	_
32	8	allen	NE	PIAT	PIAT	PIAT	PIAT	PIAT	MISMATCH
32	9	Menschen	NN	NN	NN	NN	NN	NN	_
32	10	zu	PTKZU	APPR	APPR	APPR	APPR	APPR	MISMATCH
32	11	Nutz	NN	NN	NN	NN	NN	NN	_
32	12	beschrieben	VVPP	VVPP	VVPP	VVPP	VVPP	VVPP	_
32	13	/	$(	$(	$(	$(	$(	$(	_
32	14	und	KON	KON	KON	KON	KON	KON	_
32	15	im	APPRART	APPRART	APPRART	APPRART	APPRART	APPRART	_
32	16	Druck	NN	NN	NN	NN	NN	NN	_
32	17	verfertigt	VVFIN	VVPP	VVPP	VVPP	VVPP	VVPP	MISMATCH
32	18	/	$(	$(	$(	$(	$(	$(	_
32	19	von	APPR	APPR	APPR	APPR	APPR	APPR	_
32	20	einem	ART	ART	ART	ART	PIS	ART	MISMATCH
32	21	/	$(	$(	$(	$(	$(	$(	_
32	22	welcher	PWAT	PWS	PWS	PWS	PWS	PWS	MISMATCH
32	23	hat	VAFIN	VAFIN	VAFIN	VAFIN	VAFIN	VAFIN	_
32	24	drei	CARD	CARD	CARD	CARD	CARD	CARD	_
32	25	Sterben	NN	NN	NN	NN	NN	NN	_
32	26	ausgestanden	VVPP	VVPP	VVPP	VVPP	VVPP	VVPP	_
32	27	.	$.	$.	$.	$.	$.	$.	_
33	1	günstiger	NN	ADJD	ADJD	ADJD	ADJD	ADJA	MISMATCH
33	2	lieber	ADV	ADJD	ADJA	ADJA	ADJA	ADJA	MISMATCH
33	3	Leser	NN	NN	NN	NN	NN	NN	_
33	4	.	$.	$.	$.	$.	$.	$.	_
34	1	es	PPER	PPER	PPER	PPER	PPER	PPER	_
34	2	ist	VAFIN	VAFIN	VAFIN	VAFIN	VAFIN	VAFIN	_
34	3	zu	PTKZU	PTKZU	PTKZU	PTKZU	PTKZU	PTKZU	_
34	4	wissen	VVFIN	VVINF	VVINF	VVINF	VVINF	VVINF	MISMATCH
34	5	/	$(	$(	$(	$(	$(	$(	_
34	6	dass	KOUS	KOUS	KOUS	KOUS	KOUS	KOUS	_
34	7	wenn	KOUS	KOUS	KOUS	KOUS	KOUS	KOUS	_
34	8	Gott	NN	NN	NN	NN	NN	NN	_
34	9	der	ART	ART	ART	ART	ART	ART	_
34	10	Herr	NN	NN	NN	NN	NN	NN	_
34	11	um	APPR	APPR	APPR	APPR	APPR	APPR	_
34	12	unserer	PPOSAT	PPOSAT	PPOSAT	PPOSAT	PPOSAT	PPOSAT	_
34	13	Sünde	NN	NN	NN	NN	NN	NN	_
34	14	willen	NN	APPO	APPO	APPO	APZR	APPO	MISMATCH
34	15	eine	ART	ART	ART	ART	ART	ART	_
34	16	Strafe	NN	NN	NN	NN	NN	NN	_
34	17	/	$(	$(	$(	$(	$(	$(	_
34	18	als	KOKOM	KOKOM	KOKOM	KOKOM	APPR	KOKOM	MISMATCH
34	19	sonderlich	ADJD	ADJD	ADJD	ADJD	ADJD	ADJD	_
34	20	die	ART	ART	ART	ART	ART	ART	_
34	21	Pestilentz	NE	NN	NN	NN	NN	NN	MISMATCH
34	22	uns	XY	PPER	PRF	PPER	PPER	PRF	MISMATCH
34	23	zuschickte	VVFIN	VVFIN	VVFIN	VVFIN	VVFIN	VVFIN	_
34	24	/	$(	$(	$(	$(	$(	$(	_
34	25	so	ADV	ADV	ADV	ADV	ADV	ADV	_
34	26	soll	VMFIN	VMFIN	VMFIN	VMFIN	VMFIN	VMFIN	_
34	27	man	PIS	PIS	PIS	PIS	PIS	PIS	_
34	28	vor	APPR	APPR	APPR	APPR	APPR	APPR	_
34	29	allen	PIAT	PIAT	PIAT	PIAT	PIAT	PIAT	_
34	30	Dingen	NN	NN	NN	NN	NN	NN	_
34	31	erstlich	ADV	ADJD	ADJD	ADJD	ADV	ADJD	MISMATCH
34	32	fleißig	ADJD	VVPP	ADJD	ADJD	VVFIN	ADJD	MISMATCH
34	33	und	KON	KON	KON	KON	KON	KON	_
34	34	ernstlich	ADJD	ADJD	ADJD	ADJD	ADJD	ADJD	_
34	35	beten	VVFIN	VVINF	VVINF	VVINF	VVFIN	VVINF	MISMATCH
34	36	und	KON	KON	KON	KON	KON	KON	_
34	37	ihn	PPER	PPER	PPER	PPER	PPER	PPER	_
34	38	um	APPR	APPR	APPR	APPR	APPR	APPR	_
34	39	gnädige	ADJA	VVPP	ADJA	ADJA	VVFIN	ADJA	MISMATCH
34	40	Verzeihung	NN	NN	NN	NN	NN	NN	_
34	41	unserer	PPOSAT	PPOSAT	PPOSAT	PPOSAT	PPOSAT	PPOSAT	_
34	42	Sünden	NN	NN	NN	NN	NN	NN	_
34	43	bitten	VVINF	VVINF	VVINF	VVINF	VVFIN	VVINF	MISMATCH
34	44	/	$(	$(	$(	$(	$(	$(	_
34	45	wie	KOKOM	KOKOM	KOUS	KOKOM	PWAV	KOKOM	MISMATCH
34	46	Gott	NN	NN	NN	NN	NN	NN	_
34	47	selbst	ADV	ADV	ADV	ADV	ADV	ADV	_
34	48	befohlen	VVPP	VVPP	VVPP	VVPP	VVFIN	VVPP	MISMATCH
34	49	.	$.	$.	$.	$.	$.	$.	_
35	1	zum	APPRART	APPRART	APPRART	APPRART	APPRART	APPRART	_
35	2	anderen	ADJA	PIS	PIS	PIS	PIS	PIS	MISMATCH
35	3	so	ADV	ADV	ADV	ADV	ADV	ADV	_
35	4	hat	VAFIN	VAFIN	VAFIN	VAFIN	VAFIN	VAFIN	_
35	5	auch	ADV	ADV	ADV	ADV	ADV	ADV	_
35	6	Gott	NN	NN	NN	NN	NN	NN	_
35	7	der	ART	ART	ART	ART	ART	ART	_
35	8	Herr	NN	NN	NN	NN	NN	NN	_
35	9	liebliche	ADJA	PIAT	ADJA	ADJA	VVINF	ADJA	MISMATCH
35	10	Arznei	NN	NN	NN	NN	NN	NN	_
35	11	in	APPR	APPR	APPR	APPR	APPR	APPR	_
35	12	allerlei	PIAT	PIAT	PIAT	PIAT	PIAT	PIAT	_
35	13	Nöten	VVINF	NN	NN	NN	NN	NN	MISMATCH
35	14	zu	PTKZU	PTKZU	PTKZU	PTKZU	PTKZU	PTKZU	_
35	15	brauchen	VVINF	VVINF	VVINF	VVINF	VVINF	VVINF	_
35	16	befohlen	VVPP	VVPP	VVPP	VVPP	VVINF	VVPP	MISMATCH
35	17	/	$(	$(	$(	$(	$(	$(	_
35	18	zu	PTKZU	APPR	APPR	APPR	APPR	APPR	MISMATCH
35	19	Erhaltung	NN	NN	NN	NN	NN	NN	_
35	20	menschliches	ADJA	ADJA	ADJA	ADJA	ADJA	ADJA	_
35	21	Leibes	NN	NN	NN	NN	VVINF	NN	MISMATCH
35	22	.	$.	$.	$.	$.	$.	$.	_
36	1	weil	KOUS	KOUS	KOUS	KOUS	KOUS	KOUS	_
36	2	aber	ADV	ADV	ADV	ADV	ADV	ADV	_
36	3	die	ART	ART	ART	ART	ART	ART	_
36	4	Pestilenz	NN	NN	NN	NN	NN	NN	_
36	5	an	APPR	APPR	APPR	APPR	APPR	APPR	_
36	6	einen	ART	ART	ART	ART	ART	ART	_
36	7	Menschen	NN	NN	NN	NN	NN	NN	_
36	8	ehe	KOUS	KOUS	KOUS	KOUS	KOUS	KOUS	_
36	9	er	PPER	PPER	PPER	PPER	PPER	PPER	_
36	10	sich	PPER	PRF	PRF	PRF	PRF	PRF	MISMATCH
36	11	es	PPER	PPER	PPER	PPER	PPER	PPER	_
36	12	versieht	VVFIN	VVFIN	VVFIN	VVFIN	VVFIN	VVFIN	_
36	13	geschwind	ADJA	ADJD	ADJD	ADJD	VVINF	ADJD	MISMATCH
36	14	anfällt	VVFIN	VVFIN	VVFIN	VVFIN	VVINF	VVFIN	MISMATCH
36	15	/	$(	$(	$(	$(	$(	$(	_
36	16	und	KON	KON	KON	KON	KON	KON	_
36	17	zwar	ADV	ADV	ADV	ADV	ADV	ADV	_
36	18	an	APPR	APPR	APPR	APPR	APPR	APPR	_
36	19	einem	ART	ART	ART	ART	PIS	ART	MISMATCH
36	20	immer	ADV	ADV	ADV	ADV	ADV	ADV	_
36	21	eher	ADV	ADV	ADV	ADV	ADV	ADV	_
36	22	als	KOKOM	KOKOM	KOKOM	KOKOM	KOKOM	KOKOM	_
36	23	an	APPR	APPR	APPR	APPR	APPR	APPR	_
36	24	den	ART	ART	ART	ART	ART	ART	_
36	25	anderen	ADJA	PIS	PIS	PIS	PIS	PIS	MISMATCH
36	26	/	$(	$(	$(	$(	$(	$(	_
36	27	als	KOKOM	KOKOM	KOKOM	KOKOM	KOKOM	KOKOM	_
36	28	ist	VAFIN	VAFIN	VAFIN	VAFIN	VAFIN	VAFIN	_
36	29	nötig	ADJD	ADJD	ADJD	ADJD	ADJD	ADJD	_
36	30	zu	PTKZU	PTKZU	PTKZU	PTKZU	PTKZU	PTKZU	_
36	31	wissen	VVINF	VVINF	VVINF	VVINF	VVINF	VVINF	_
36	32	/	$(	$(	$(	$(	$(	$(	_
36	33	dass	KOUS	KOUS	KOUS	KOUS	KOUS	KOUS	_
36	34	sich	PRF	PRF	PRF	PRF	PRF	PRF	_
36	35	in	APPR	APPR	APPR	APPR	APPR	APPR	_
36	36	solcher	PIAT	PIAT	PIAT	PIAT	PIAT	PIAT	_
36	37	Zeit	NN	NN	NN	NN	NN	NN	_
36	38	und	KON	KON	KON	KON	KON	KON	_
36	39	Not	NN	NN	NN	NN	NN	NN	_
36	40	folgende	ADJA	ADJA	ADJA	ADJA	ADJA	ADJA	_
36	41	Personen	NN	NN	NN	NN	NN	NN	_
36	42	in	APPR	APPR	APPR	APPR	APPR	APPR	_
36	43	Eile	NN	NN	NN	NN	NN	NN	_
36	44	wegmachen	PTKVZ	VVINF	VVINF	VVINF	VVINF	VVINF	MISMATCH
36	45	/	$(	$(	$(	$(	$(	$(	_
36	46	als	KOKOM	KOKOM	KOKOM	KOKOM	APPR	KOKOM	MISMATCH
36	47	junge	ADJA	ADJA	ADJA	ADJA	ADJA	ADJA	_
36	48	Leute	NN	NN	NN	NN	NN	NN	_
36	49	/	$(	$(	$(	$(	$(	$(	_
36	50	Jungfrauen	NN	NN	NN	NN	NN	NN	_
36	51	/	$(	$(	$(	$(	$(	$(	_
36	52	schwangere	NN	ADJA	ADJA	ADJA	ADJA	ADJA	MISMATCH
36	53	Weiber	NN	NN	NN	NN	NN	NN	_
36	54	und	KON	KON	KON	KON	KON	KON	_
36	55	furchtsame	NN	ADJA	ADJA	ADJA	VVINF	ADJA	MISMATCH
36	56	Leute	NN	NN	NN	NN	NN	NN	_
36	57	/	$(	$(	$(	$(	$(	$(	_
36	58	und	KON	KON	KON	KON	KON	KON	_
36	59	dergleichen	PIS	PIS	PIS	PIS	VVINF	PIS	MISMATCH
36	60	/	$(	$(	$(	$(	$(	$(	_
36	61	denn	ART	KON	KON	KON	KON	KON	MISMATCH
36	62	dieselben	PDAT	PDS	PDS	PDS	PDS	PDS	MISMATCH
36	64	bekommen	VVINF	VVFIN	VVFIN	VVFIN	VVINF	VVFIN	MISMATCH
36	65	es	PPER	PPER	PPER	PPER	PPER	PPER	_
36	66	gar	ADV	ADV	ADV	ADV	ADV	ADV	_
36	67	leichtlich	ADJD	ADV	ADV	ADV	VVINF	ADV	MISMATCH
36	68	/	$(	$(	$(	$(	$(	$(	_
36	69	man	PIS	PIS	PIS	PIS	PIS	PIS	_
36	70	soll	VMFIN	VMFIN	VMFIN	VMFIN	VMFIN	VMFIN	_
36	71	auch	ADV	ADV	ADV	ADV	ADV	ADV	_
36	72	verdächtige	ADJA	ADJA	ADJA	ADJA	VVINF	ADJA	MISMATCH
36	73	Orte	NN	NN	NN	NN	NN	NN	_
36	74	/	$(	$(	$(	$(	$(	$(	_
36	75	Häuser	NN	NN	NN	NN	NN	NN	_
36	76	und	KON	KON	KON	KON	KON	KON	_
36	77	Personen	NN	NN	NN	NN	NN	NN	_
36	78	meiden	VVINF	VVINF	VVINF	VVINF	VVINF	VVINF	_
36	79	/	$(	$(	$(	$(	$(	$(	_
36	80	mit	APPR	APPR	APPR	APPR	APPR	APPR	_
36	81	ihnen	PPER	PPER	PPER	PPER	PPER	PPER	_
36	82	nicht	PTKNEG	PTKNEG	PTKNEG	PTKNEG	PTKNEG	PTKNEG	_
36	83	essen	VVINF	VVINF	VVINF	VVINF	VVINF	VVINF	_
36	84	/	$(	$(	$(	$(	$(	$(	_
36	85	trinken	VVFIN	VVINF	VVFIN	VVFIN	VVINF	VVINF	MISMATCH
36	86	oder	KON	KON	KON	KON	KON	KON	_
36	87	sonsten	ADV	NN	NN	ADV	ADV	NN	MISMATCH
36	88	umgehen	VVINF	VVINF	VVINF	VVINF	VVINF	VVINF	_
36	89	/	$(	$(	$(	$(	$(	$(	_
36	90	man	PIS	PIS	PIS	PIS	PIS	PIS	_
36	91	soll	VMFIN	VMFIN	VMFIN	VMFIN	VMFIN	VMFIN	_
36	92	sich	PRF	PRF	PRF	PRF	PRF	PRF	_
36	93	auch	ADV	ADV	ADV	ADV	ADV	ADV	_
36	94	nicht	PTKNEG	PTKNEG	PTKNEG	PTKNEG	PTKNEG	PTKNEG	_
36	95	voll	ADJA	ADJD	ADJD	ADJD	ADJD	ADJD	MISMATCH
36	96	saufen	VVINF	VVINF	VVINF	VVINF	VVINF	VVINF	_
36	97	/	$(	$(	$(	$(	$(	$(	_
36	98	auch	ADV	ADV	ADV	ADV	ADV	ADV	_
36	99	kein	PIAT	PIAT	PIAT	PIAT	PIAT	PIAT	_
36	100	warmes	ADJD	ADJA	ADJA	ADJA	ADJA	ADJA	MISMATCH
36	101	Brot	NN	NN	NN	NN	NN	NN	_
36	102	ins	APPRART	APPRART	APPRART	APPRART	APPRART	APPRART	_
36	103	Haus	NN	NN	NN	NN	NN	NN	_
36	104	holen	VVINF	VVINF	VVINF	VVINF	VVINF	VVINF	_
36	105	/	$(	$(	$(	$(	$(	$(	_
36	106	keine	PIAT	PIAT	PIAT	PIAT	PIAT	PIAT	_
36	107	Zwiebeln	NN	NN	NN	NN	NN	NN	_
36	108	essen	VVINF	VVINF	VVINF	VVINF	VVINF	VVINF	_
36	109	/	$(	$(	$(	$(	$(	$(	_
36	110	denn	KON	KON	KON	KON	KON	KON	_
36	111	die	ART	PRELS	PRELS	PDS	PDS	PDS	MISMATCH
36	112	ziehen	VVINF	VVFIN	VVFIN	VVFIN	VVINF	VVFIN	MISMATCH
36	113	allen	PIAT	PIAT	PIAT	PIAT	PIAT	PIAT	_
36	114	Gift	NN	NN	NN	NN	NN	NN	_
36	115	an	APPR	APZR	APPR	APPR	APPR	APZR	MISMATCH
36	116	sich	PRF	PRF	PRF	PRF	PRF	PRF	_
36	117	.	$.	$.	$.	$.	$.	$.	_
37	1	wenn	KOUS	KOUS	KOUS	KOUS	KOUS	KOUS	_
37	2	man	PIS	PIS	PIS	PIS	PIS	PIS	_
37	3	in	APPR	APPR	APPR	APPR	APPR	APPR	_
37	4	angesteckten	ADJA	ADJA	ADJA	ADJA	VVFIN	ADJA	MISMATCH
37	5	Häusern	NN	NN	NN	NN	NN	NN	_
37	6	räuchert	VVFIN	VVFIN	VVFIN	VVFIN	VVFIN	VVFIN	_
37	7	/	$(	$(	$(	$(	$(	$(	_
37	8	so	ADV	ADV	ADV	ADV	ADV	ADV	_
37	9	dringt	VVFIN	VVFIN	VVFIN	VVFIN	VVFIN	VVFIN	_
37	10	der	ART	ART	ART	ART	ART	ART	_
37	11	Gift	NN	NN	NN	NN	NN	NN	_
37	12	durch	APPR	APPR	APPR	APPR	APPR	APPR	_
37	13	die	ART	ART	ART	ART	ART	ART	_
37	14	Ritzen	NN	NN	NN	NN	NN	NN	_
37	15	und	KON	KON	KON	KON	KON	KON	_
37	16	Klinsen	NE	NN	NN	NN	NN	NN	MISMATCH
37	17	in	APPR	APPR	APPR	APPR	APPR	APPR	_
37	18	die	ART	ART	ART	ART	ART	ART	_
37	19	benachbarten	ADJA	ADJA	ADJA	ADJA	ADJA	ADJA	_
37	20	Häuser	NN	NN	NN	NN	NN	NN	_
37	21	/	$(	$(	$(	$(	$(	$(	_
37	22	sonderlich	ADJD	ADJD	ADJD	ADJD	ADJD	ADJD	_
37	23	wenn	KOUS	KOUS	KOUS	KOUS	KOUS	KOUS	_
37	24	die	ART	ART	ART	PDS	PDS	PDS	MISMATCH
37	25	hart	ADJD	ADJD	ADJD	ADJD	ADJD	ADJD	_
37	26	aneinander	ADV	ADV	PTKVZ	ADV	ADV	ADV	MISMATCH
37	27	gebaut	VVPP	VVPP	VVPP	VVPP	VVPP	VVPP	_
37	28	seien	VAINF	VAFIN	VAFIN	VAFIN	VAFIN	VAFIN	MISMATCH
37	29	/	$(	$(	$(	$(	$(	$(	_
37	30	und	KON	KON	KON	KON	KON	KON	_
37	31	steckt	VVFIN	VVFIN	VVFIN	VVFIN	VVFIN	VVFIN	_
37	32	dieselbigen	PDAT	ADJA	ADJA	ADJA	PDS	ADJA	MISMATCH
37	33	an	APPR	PTKVZ	PTKVZ	PTKVZ	PTKVZ	PTKVZ	MISMATCH
37	34	/	$(	$(	$(	$(	$(	$(	_
37	35	wie	KOKOM	KOUS	KOUS	KOUS	PWAV	KOKOM	MISMATCH
37	36	solches	PIAT	PIS	PIS	PIS	PIS	PIS	MISMATCH
37	37	oft	ADV	ADV	ADV	ADV	ADV	ADV	_
37	38	erfahren	VVINF	VVPP	VVPP	VVPP	VVPP	VVPP	MISMATCH
37	39	ist	VAFIN	VAFIN	VAFIN	VAFIN	VAFIN	VAFIN	_
37	40	.	$.	$.	$.	$.	$.	$.	_
38	1	es	PPER	PPER	PPER	PPER	PPER	PPER	_
38	2	soll	VMFIN	VMFIN	VMFIN	VMFIN	VMFIN	VMFIN	_
38	3	niemand	PIS	PIS	PIS	PIS	PIS	PIS	_
38	4	nüchtern	ADJD	ADJD	ADJD	ADJD	VVPP	ADJD	MISMATCH
38	5	ausgehen	VVINF	VVINF	VVINF	VVINF	VVPP	VVINF	MISMATCH
38	6	/	$(	$(	$(	$(	$(	$(	_
38	7	er	PPER	PPER	PPER	PPER	PPER	PPER	_
38	8	habe	VAFIN	VAFIN	VAFIN	VAFIN	VAFIN	VAFIN	_
38	9	denn	KON	ADV	ADV	ADV	ADV	KON	MISMATCH
38	10	zuvor	ADV	ADV	ADV	ADV	ADV	ADV	_
38	11	den	ART	ART	ART	ART	ART	ART	_
38	12	Mund	NN	NN	NN	NN	NN	NN	_
38	13	rein	ADJD	ADV	ADV	ADV	ADJD	ADV	MISMATCH
38	14	gewaschen	VVPP	VVPP	VVPP	VVPP	VVPP	VVPP	_
38	15	/	$(	$(	$(	$(	$(	$(	_
38	16	und	KON	KON	KON	KON	KON	KON	_
38	17	was	PWS	PWS	PRELS	PWS	PWS	PIS	MISMATCH
38	18	dem	ART	ART	ART	ART	ART	ART	_
38	19	Gift	NN	NN	NN	NN	NN	NN	_
38	20	entgegen	PTKVZ	PTKVZ	PTKVZ	PTKVZ	APPO	PTKVZ	MISMATCH
38	21	/	$(	$(	$(	$(	$(	$(	_
38	22	in	APPR	APPR	APPR	APPR	APPR	APPR	_
38	23	Mund	NN	NN	NN	NN	NN	NN	_
38	24	gehalten	VVPP	VVPP	VVPP	VVPP	VVPP	VVPP	_
38	25	und	KON	KON	KON	KON	KON	KON	_
38	26	gekaut	VVPP	VVPP	VVPP	VVPP	VVPP	VVPP	_
38	27	/	$(	$(	$(	$(	$(	$(	_
38	28	wie	KOKOM	KOKOM	KOKOM	KOKOM	PWAV	KOKOM	MISMATCH
38	29	folgend	ADJD	ADJD	ADJD	ADJD	VVPP	ADJD	MISMATCH
38	30	wird	VAFIN	VAFIN	VAFIN	VAFIN	VAFIN	VAFIN	_
38	31	gemeldet	VVPP	VVPP	VVPP	VVPP	VVPP	VVPP	_
38	32	werden	VAINF	VAINF	VAINF	VAINF	VAINF	VAINF	_
38	33	.	$.	$.	$.	$.	$.	$.	_
39	1	man	PIS	PIS	PIS	PIS	PIS	PIS	_
39	2	muss	VMFIN	VMFIN	VMFIN	VMFIN	VMFIN	VMFIN	_
39	3	auch	ADV	ADV	ADV	ADV	ADV	ADV	_
39	4	im	APPRART	APPRART	APPRART	APPRART	APPRART	APPRART	_
39	5	Essen	NE	NN	NN	NN	NN	NN	MISMATCH
39	6	und	KON	KON	KON	KON	KON	KON	_
39	7	Trinken	VVFIN	NN	NN	NN	NN	NN	MISMATCH
39	8	/	$(	$(	$(	$(	$(	$(	_
39	9	in	APPR	APPR	APPR	APPR	APPR	APPR	_
39	10	Schlafen	NN	NN	NN	NN	NN	NN	_
39	11	und	KON	KON	KON	KON	KON	KON	_
39	12	Wachen	NN	NN	NN	NN	NN	NN	_
39	13	mäßige	ADJA	ADJA	ADJA	ADJA	VVINF	ADJA	MISMATCH
39	14	Ordnung	NN	NN	NN	NN	NN	NN	_
39	15	halten	VVINF	VVINF	VVINF	VVINF	VVINF	VVINF	_
39	16	/	$(	$(	$(	$(	$(	$(	_
39	17	und	KON	KON	KON	KON	KON	KON	_
39	18	alles	PIS	PIS	PIS	PIS	PIS	PIS	_
39	19	was	PWS	PIS	PIAT	PIAT	PRELS	PRELS	MISMATCH
39	20	unreines	ADJD	ADJA	ADJA	ADJA	ADJA	ADJA	MISMATCH
39	21	/	$(	$(	$(	$(	$(	$(	_
39	22	faules	ADJD	ADJA	ADJA	ADJA	ADJA	ADJA	MISMATCH
39	23	/	$(	$(	$(	$(	$(	$(	_
39	24	böses	ADJD	ADJA	ADJA	ADJA	ADJA	ADJA	MISMATCH
39	25	Geblüt	NN	NN	NN	NN	NN	NN	_
39	26	macht	VVFIN	VVFIN	VVFIN	VVFIN	VVFIN	VVFIN	_
39	27	/	$(	$(	$(	$(	$(	$(	_
39	28	meiden	VVINF	VVFIN	VVINF	VVINF	VVINF	VVINF	MISMATCH
39	29	/	$(	$(	$(	$(	$(	$(	_
39	30	als	KOKOM	KOKOM	KOKOM	KOKOM	APPR	KOKOM	MISMATCH
39	31	da	ADV	ADV	ADV	ADV	ADV	ADV	_
39	32	sind	VAFIN	VAFIN	VAFIN	VAFIN	VAFIN	VAFIN	_
39	33	Schwämme	NN	NN	NN	NN	NN	NN	_
39	34	/	$(	$(	$(	$(	$(	$(	_
39	35	Pilze	NE	NN	NN	NN	NN	NN	MISMATCH
39	36	/	$(	$(	$(	$(	$(	$(	_
39	37	Zwiebeln	NN	NN	NN	NN	NN	NN	_
39	38	/	$(	$(	$(	$(	$(	$(	_
39	39	Gurken	NN	NN	NN	NN	NN	NN	_
39	40	/	$(	$(	$(	$(	$(	$(	_
39	41	allerlei	PIAT	PIAT	PIAT	PIAT	PIAT	PIAT	_
39	42	Obst	NN	NN	NN	NN	NN	NN	_
39	43	/	$(	$(	$(	$(	$(	$(	_
39	44	stinkendes	VVPP	ADJA	ADJA	ADJA	ADJA	ADJA	MISMATCH
39	45	Fleisch	NN	NN	NN	NN	NN	NN	_
39	46	wie	KOKOM	KOKOM	KOKOM	KOKOM	KON	KOKOM	MISMATCH
39	47	auch	ADV	ADV	ADV	ADV	ADV	ADV	_
39	48	Schweinefleisch[37]	NN	NN	NN	NN	NN	NN	_
39	49	und	KON	KON	KON	KON	KON	KON	_
39	50	Fische	NN	NN	NN	NN	NN	NN	_
39	51	/	$(	$(	$(	$(	$(	$(	_
39	52	michintzend	NE	ADJD	ADJD	ADJD	ADV	ADJD	MISMATCH
39	53	Getreide	NN	NN	NN	NN	NN	NN	_
39	54	/	$(	$(	$(	$(	$(	$(	_
39	55	warmes	ADJD	ADJA	ADJA	ADJA	ADJA	ADJA	MISMATCH
39	56	und	KON	KON	KON	KON	KON	KON	_
39	57	übles	ADV	ADJA	ADJA	ADJA	ADJA	ADJA	MISMATCH
39	58	Bier	NN	NN	NN	NN	NN	NN	_
39	59	/	$(	$(	$(	$(	$(	$(	_
39	60	sehr	ADV	ADV	ADV	ADV	ADV	ADV	_
39	61	starken	ADJA	ADJA	ADJA	ADJA	ADJA	ADJA	_
39	62	Wein	NN	NN	NN	NN	NN	NN	_
39	63	/	$(	$(	$(	$(	$(	$(	_
39	64	unreine	ADJA	ADJA	ADJA	ADJA	ADJA	ADJA	_
39	65	Wasser	NN	NN	NN	NN	NN	NN	_
39	66	und	KON	KON	KON	KON	KON	KON	_
39	67	eheliche	ADJA	ADJA	ADJA	ADJA	ADJA	ADJA	_
39	68	Werke	NN	NN	NN	NN	NN	NN	_
39	69	.	$.	$.	$.	$.	$.	$.	_
40	1	die	ART	ART	ART	ART	ART	ART	_
40	2	Wohnung	NN	NN	NN	NN	NN	NN	_
40	3	/	$(	$(	$(	$(	$(	$(	_
40	4	soll	VMFIN	VMFIN	VMFIN	VMFIN	VMFIN	VMFIN	_
40	5	rein	ADJA	ADJD	ADJD	ADV	ADJD	ADV	MISMATCH
40	6	sein	VAINF	VAINF	VAINF	VAINF	VAINF	VAINF	_
40	7	/	$(	$(	$(	$(	$(	$(	_
40	8	auch	ADV	ADV	ADV	ADV	ADV	ADV	_
40	9	verwahrt	VVFIN	VVPP	VVFIN	VVPP	ADJD	VVPP	MISMATCH
40	10	/	$(	$(	$(	$(	$(	$(	_
40	11	so	ADV	ADV	ADV	ADV	ADV	ADV	_
40	12	viel	ADV	ADV	ADV	ADV	PIS	ADV	MISMATCH
40	13	möglich	ADJA	ADJD	ADJD	ADJD	ADJD	ADJD	MISMATCH
40	14	vor	APPR	APPR	APPR	APPR	APPR	APPR	_
40	15	Luft	NN	NN	NN	NN	NN	NN	_
40	16	und	KON	KON	KON	KON	KON	KON	_
40	17	Winden	NN	NN	NN	NN	NN	NN	_
40	18	/	$(	$(	$(	$(	$(	$(	_
40	19	so	ADV	ADV	ADV	ADV	ADV	ADV	_
40	20	von	APPR	APPR	APPR	APPR	APPR	APPR	_
40	21	Mittag	NN	NN	NN	NN	NN	NN	_
40	22	herkommen	VVINF	VVINF	VVINF	VVINF	ADJD	VVINF	MISMATCH
40	23	/	$(	$(	$(	$(	$(	$(	_
40	24	die	ART	ART	ART	ART	ART	ART	_
40	25	Fenster	NN	NN	NN	NN	NN	NN	_
40	26	sollen	VMFIN	VMFIN	VMFIN	VMFIN	VMFIN	VMFIN	_
40	27	des	ART	ART	ART	ART	ART	ART	_
40	28	Nachts	ADV	NN	NN	NN	NN	NN	MISMATCH
40	29	nicht	PTKNEG	PTKNEG	PTKNEG	PTKNEG	PTKNEG	PTKNEG	_
40	30	offen	ADJD	ADJD	ADJD	ADJD	ADJD	ADJD	_
40	31	/	$(	$(	$(	$(	$(	$(	_
40	32	fürnehmlich	ADJD	ADJD	VVFIN	ADJD	ADJD	ADJD	MISMATCH
40	33	wenn	NN	KOUS	KOUS	KOUS	KOUS	KOUS	MISMATCH
40	34	Nebel	NN	NN	NN	NN	NN	NN	_
40	35	und	KON	KON	KON	KON	KON	KON	_
40	36	Ungewitter	NN	NN	NN	NN	NN	NN	_
40	37	vorhanden	ADJD	ADJD	ADJD	ADJD	ADJD	ADJD	_
40	38	sondern	KON	KON	KON	KON	KON	KON	_
40	39	zugetan	ADJD	VVPP	VVPP	VVPP	ADJD	VVPP	MISMATCH
40	40	bleiben	VVINF	VVINF	VVINF	VVINF	VVINF	VVINF	_
40	41	/	$(	$(	$(	$(	$(	$(	_
40	42	desgleichen	ADV	ADV	ADV	ADV	PIS	ADV	MISMATCH
40	43	früh	ADJA	ADJD	ADJD	ADJD	ADJD	ADJD	MISMATCH
40	44	bis	APPR	APPR	KON	APPR	APPR	APPR	MISMATCH
40	45	2.	CARD	ADJA	ADJA	ADJA	ADJA	ADJA	MISMATCH
40	46	Stunden	NN	NN	NN	NN	NN	NN	_
40	47	nach	APPR	APPR	APPR	APPR	APPR	APPR	_
40	48	der	ART	ART	ART	ART	ART	ART	_
40	49	Sonnen	NN	NN	NN	NN	NN	NN	_
40	50	Aufgang	NN	NN	NN	NN	ADJD	NN	MISMATCH
40	51	.	$.	$.	$.	$.	$.	$.	_
41	1	man	PIS	PIS	PIS	PIS	PIS	PIS	_
41	2	soll	VMFIN	VMFIN	VMFIN	VMFIN	VMFIN	VMFIN	_
41	3	die	ART	ART	ART	ART	ART	ART	_
41	4	Behausung	NN	NN	NN	NN	NN	NN	_
41	5	täglich	ADJD	ADJD	ADJD	ADJD	ADJD	ADJD	_
41	6	früh	ADJD	ADJD	ADJD	ADJD	ADJD	ADJD	_
41	7	und	KON	KON	KON	KON	KON	KON	_
41	8	auf	APPR	APPR	APPR	APPR	APPR	APPR	_
41	9	den	ART	ART	ART	ART	ART	ART	_
41	10	Abend	NN	NN	NN	NN	NN	NN	_
41	11	beräuchern	VVINF	VVFIN	VVINF	VVINF	VVINF	VVINF	MISMATCH
41	12	.	$.	$.	$.	$.	$.	$.	_
42	1	es	PPER	PPER	PPER	PPER	PPER	PPER	_
42	2	soll	VMFIN	VMFIN	VMFIN	VMFIN	VMFIN	VMFIN	_
42	3	ein	ART	ART	ART	ART	ART	ART	_
42	4	Wirt	NN	NN	NN	NN	NN	NN	_
42	5	allen	PIAT	PIAT	PIAT	PIAT	PIAT	PIAT	_
42	6	Mist	NN	NN	NN	NN	NN	NN	_
42	7	/	$(	$(	$(	$(	$(	$(	_
42	8	Kehricht	NE	NN	NN	NN	NN	NN	MISMATCH
42	9	/	$(	$(	$(	$(	$(	$(	_
42	10	Kot	NN	NN	NN	NN	NN	NN	_
42	11	und	KON	KON	KON	KON	KON	KON	_
42	12	Unflat	NN	NN	NN	NN	NN	NN	_
42	13	herausschaffen[39]	PTKVZ	VVINF	VVINF	VVINF	VVPP	VVINF	MISMATCH
42	14	herausschaffen[39]	VVINF	VVFIN	VVINF	VVINF	VVPP	VVINF	MISMATCH
42	15	/	$(	$(	$(	$(	$(	$(	_
42	16	damit	PAV	KOUS	KOUS	KOUS	KOUS	KOUS	MISMATCH
42	17	dieser	PDAT	PDAT	PDAT	PDAT	PDAT	PDAT	_
42	18	Seuche	NN	NN	NN	NN	NN	NN	_
42	19	nicht	PTKNEG	PTKNEG	PTKNEG	PTKNEG	PTKNEG	PTKNEG	_
42	20	Ursache	NN	NN	NN	NN	NN	NN	_
42	21	gegeben	VVINF	VVPP	VVPP	VVPP	VVPP	VVPP	MISMATCH
42	22	werde	VAFIN	VAFIN	VAFIN	VAFIN	VAFIN	VAFIN	_
42	23	.	$.	$.	$.	$.	$.	$.	_
43	1	über	APPR	APPR	APPR	APPR	APPR	APPR	_
43	2	das	ART	PDS	PDS	PDS	PDS	PDS	MISMATCH
43	3	soll	VMFIN	VMFIN	VMFIN	VMFIN	VMFIN	VMFIN	_
43	4	man	PIS	PIS	PIS	PIS	PIS	PIS	_
43	5	die	XY	ART	ART	ART	ART	ART	MISMATCH
43	6	Häuser	XY	NN	NN	NN	NN	NN	MISMATCH
43	7	nicht	PTKNEG	PTKNEG	PTKNEG	PTKNEG	PTKNEG	PTKNEG	_
43	8	leichtlich	ADJD	ADJD	ADV	ADV	VVINF	ADV	MISMATCH
43	9	öffnen	VVINF	VVINF	VVINF	VVINF	VVINF	VVINF	_
43	10	oder	KON	KON	KON	KON	KON	KON	_
43	11	daraus	PAV	PAV	PAV	PAV	PAV	PAV	_
43	12	gehen	VVINF	VVINF	VVINF	VVINF	VVINF	VVINF	_
43	13	/	$(	$(	$(	$(	$(	$(	_
43	14	und	KON	KON	KON	KON	KON	KON	_
43	15	sollen	VMFIN	VMFIN	VMFIN	VMFIN	VMFIN	VMFIN	_
43	16	die	ART	ART	ART	ART	ART	ART	_
43	17	Gassen	NN	NN	NN	NN	NN	NN	_
43	18	rein	ADJD	ADV	ADV	ADV	ADV	ADV	MISMATCH
43	19	halten	VVINF	VVINF	VVINF	VVINF	VVINF	VVINF	_
43	20	/	$(	$(	$(	$(	$(	$(	_
43	21	denn	KON	KON	KON	KON	KON	KON	_
43	22	es	PPER	PPER	PPER	PPER	PPER	PPER	_
43	23	ist	VAFIN	VAFIN	VAFIN	VAFIN	VAFIN	VAFIN	_
43	24	leicht	ADJD	ADJD	ADJD	ADJD	ADJD	ADJD	_
43	25	geschehen	VVPP	VVPP	VVINF	VVPP	VVPP	VVINF	MISMATCH
43	26	/	$(	$(	$(	$(	$(	$(	_
43	27	dass	KOUS	KOUS	KOUS	KOUS	KOUS	KOUS	_
43	28	man	PIS	PIS	PIS	PIS	PIS	PIS	_
43	29	über	APPR	APPR	APPR	APPR	APPR	APPR	_
43	30	eine	ART	ART	ART	ART	ART	ART	_
43	31	böse	ADJA	ADJA	ADJA	ADJA	ADJA	ADJA	_
43	32	Spur	NN	NN	NN	NN	NN	NN	_
43	33	geht	VVFIN	VVFIN	VVFIN	VVFIN	VVINF	VVFIN	MISMATCH
43	34	/	$(	$(	$(	$(	$(	$(	_
43	35	so	ADV	ADV	ADV	ADV	ADV	ADV	_
43	36	schießt	ADJD	VVFIN	VVFIN	VVFIN	VVINF	VVFIN	MISMATCH
43	37	auch	ADV	ADV	ADV	ADV	ADV	ADV	_
43	38	der	ART	ART	ART	ART	ART	ART	_
43	39	Teufel	NE	NN	NN	NN	NN	NN	MISMATCH
43	40	seine	PPOSAT	PPOSAT	PPOSAT	PPOSAT	PPOSAT	PPOSAT	_
43	41	Pfeile	NN	NN	NN	NN	NN	NN	_
43	42	auf	APPR	APPR	APPR	APPR	APPR	APPR	_
43	43	den	ART	ART	ART	ART	ART	ART	_
43	44	Gassen	NN	NN	NN	NN	NN	NN	_
43	45	umher	PTKVZ	PTKVZ	PTKVZ	PTKVZ	PTKVZ	PTKVZ	_
43	46	/	$(	$(	$(	$(	$(	$(	_
43	47	und	KON	KON	KON	KON	KON	KON	_
43	48	wem	PWS	PWS	PWS	PWS	PWS	PWS	_
43	49	er	PPER	PPER	PPER	PPER	PPER	PPER	_
43	50	trifft	VVFIN	VVFIN	VVFIN	VVFIN	VVFIN	VVFIN	_
43	51	der	ART	PRELS	ART	ART	PDS	ART	MISMATCH
43	52	muss	VMFIN	VMFIN	VMFIN	VMFIN	VMFIN	VMFIN	_
43	53	mit	APPR	PTKVZ	PTKVZ	PTKVZ	PTKVZ	PTKVZ	MISMATCH
43	54	.	$.	$.	$.	$.	$.	$.	_
44	1	auch	ADV	ADV	ADV	ADV	ADV	ADV	_
44	2	ist	VAFIN	VAFIN	VAFIN	VAFIN	VAFIN	VAFIN	_
44	3	sorglich	ADJD	ADJD	ADJD	ADJD	ADJD	ADJD	_
44	4	in	APPR	APPR	APPR	APPR	APPR	APPR	_
44	5	neuen	ADJA	ADJA	ADJA	ADJA	ADJA	ADJA	_
44	6	getünchten	ADJA	ADJA	ADJA	ADJA	ADJA	ADJA	_
44	7	Gemächern	NN	NN	NN	NN	NN	NN	_
44	8	und	KON	KON	KON	KON	KON	KON	_
44	9	da	ADV	ADV	ADV	ADV	KOUS	ADV	MISMATCH
44	10	Nussbäume	NN	NN	NN	NN	NN	NN	_
44	11	/	$(	$(	$(	$(	$(	$(	_
44	12	Buchsbäume	NN	NN	NN	NN	NN	NN	_
44	13	/	$(	$(	$(	$(	$(	$(	_
44	14	Rüben	NE	NN	NN	NN	NN	NN	MISMATCH
44	15	und	KON	KON	KON	KON	KON	KON	_
44	16	Kraut	NN	NN	NN	NN	NN	NN	_
44	17	stehen	VVFIN	VVFIN	VVFIN	VVFIN	VVFIN	VVFIN	_
44	18	/	$(	$(	$(	$(	$(	$(	_
44	19	in	APPR	APPR	APPR	APPR	APPR	APPR	_
44	20	dieser	PDAT	PDAT	PDAT	PDAT	PDAT	PDAT	_
44	21	Zeit	NN	NN	NN	NN	NN	NN	_
44	22	wohnen	VVINF	VVFIN	VVINF	VVFIN	VVFIN	VVINF	MISMATCH
44	23	.	$.	$.	$.	$.	$.	$.	_
45	1	ein	ART	ART	ART	ART	ART	ART	_
45	2	Feuer	NN	NN	NN	NN	NN	NN	_
45	3	gemacht	VVPP	VVPP	VVPP	VVPP	ADJD	VVPP	MISMATCH
45	4	von	APPR	APPR	APPR	APPR	APPR	APPR	_
45	5	Eichenholz	NN	NN	NN	NN	NN	NN	_
45	6	oder	KON	KON	KON	KON	KON	KON	_
45	7	Wacholder	NN	NN	NN	NN	NN	NN	_
45	8	/	$(	$(	$(	$(	$(	$(	_
45	9	so	ADV	ADV	ADV	ADV	ADV	ADV	_
45	10	reinigt	VVFIN	VVFIN	VVFIN	VVFIN	ADJD	VVFIN	MISMATCH
45	11	sich	PRF	PRF	PRF	PRF	PRF	PRF	_
45	12	die	ART	ART	ART	ART	ART	ART	_
45	13	Luft	NN	NN	NN	NN	NN	NN	_
45	14	/	$(	$(	$(	$(	$(	$(	_
45	15	wird	VAFIN	VAFIN	VAFIN	VAFIN	VAFIN	VAFIN	_
45	16	subtiler	ADJD	ADJD	ADJD	ADJD	ADJD	ADJD	_
45	17	und	KON	KON	KON	KON	KON	KON	_
45	18	gelinder	ADJA	ADJD	ADJD	ADJD	ADJD	ADJD	MISMATCH
45	19	/	$(	$(	$(	$(	$(	$(	_
45	21	der	ART	ART	ART	ART	ART	ART	_
45	22	Mensch	NN	NN	NN	NN	NN	NN	_
45	23	wird	VAFIN	VAFIN	VAFIN	VAFIN	VAFIN	VAFIN	_
45	24	auch	ADV	ADV	ADV	ADV	ADV	ADV	_
45	25	gesünder	ADJD	ADJD	ADJD	ADJD	ADJD	ADJD	_
45	26	/	$(	$(	$(	$(	$(	$(	_
45	27	und	KON	KON	KON	KON	KON	KON	_
45	28	fasst	VVFIN	VVFIN	VVFIN	VVFIN	ADJD	VVFIN	MISMATCH
45	29	einen	ART	ART	ART	ART	ART	ART	_
45	30	besseren	ADJA	ADJA	ADJA	ADJA	ADJA	ADJA	_
45	31	Mut	NN	NN	NN	NN	NN	NN	_
45	32	.	$.	$.	$.	$.	$.	$.	_
46	1	wäre	VAFIN	VAFIN	VAFIN	VAFIN	VAFIN	VAFIN	_
46	2	ja	ADV	ADV	ADV	ADV	ADV	ADV	_
46	3	jemand	PIS	PIS	PIS	PIS	PIS	PIS	_
46	4	infiziert	VVPP	VVPP	VVPP	VVPP	VVPP	VVPP	_
46	5	oder	KON	KON	KON	KON	KON	KON	_
46	6	vergiftet	VVPP	VVPP	VVPP	VVPP	VVPP	VVPP	_
46	7	worden	VAPP	VAPP	VAPP	VAPP	VAPP	VAPP	_
46	8	/	$(	$(	$(	$(	$(	$(	_
46	9	so	ADV	ADV	ADV	ADV	ADV	ADV	_
46	10	merkt	VVFIN	VVFIN	VVFIN	VVFIN	VVPP	VVFIN	MISMATCH
46	11	man	PIS	PIS	PIS	PIS	PIS	PIS	_
46	12	es	PPER	PPER	PPER	PPER	PPER	PPER	_
46	13	daraus	PAV	PAV	PAV	PAV	PAV	PAV	_
46	14	:	$.	$(	$(	$(	$.	$.	MISMATCH
46	15	es	PPER	PPER	PPER	PPER	PPER	PPER	_
46	16	kommt	VVFIN	VVFIN	VVFIN	VVFIN	VVPP	VVFIN	MISMATCH
46	17	ihn	PPER	PPER	PPER	PPER	PPER	PPER	_
46	18	ein	XY	ART	ART	ART	ART	ART	MISMATCH
46	19	Schauer	XY	NN	NN	NN	NN	NN	MISMATCH
46	20	/	$(	$(	$(	$(	$(	$(	_
46	21	Zittern	NN	NN	NN	NN	NN	NN	_
46	22	und	KON	KON	KON	KON	KON	KON	_
46	23	Grauen	NN	NN	NN	NN	NN	NN	_
46	24	an	APPR	PTKVZ	PTKVZ	PTKVZ	PTKVZ	PTKVZ	MISMATCH
46	25	/	$(	$(	$(	$(	$(	$(	_
46	26	oder	KON	KON	KON	KON	KON	KON	_
46	27	eine	ART	ART	ART	ART	ART	ART	_
46	28	Hitze	NN	NN	NN	NN	NN	NN	_
46	29	/	$(	$(	$(	$(	$(	$(	_
46	30	Ohnmacht	NN	NN	NN	NN	NN	NN	_
46	31	/	$(	$(	$(	$(	$(	$(	_
46	32	mit	APPR	APPR	APPR	APPR	APPR	APPR	_
46	33	einen	ART	ART	ART	ART	ART	ART	_
46	34	heftigen	ADJA	ADJA	ADJA	ADJA	ADJA	ADJA	_
46	35	Wehtagen	NN	NN	NN	NN	NN	NN	_
46	36	des	ART	ART	ART	ART	ART	ART	_
46	37	Haupts	NN	NE	NN	NN	NN	NE	MISMATCH
46	38	/	$(	$(	$(	$(	$(	$(	_
46	39	so	ADV	ADV	ADV	ADV	ADV	ADV	_
46	40	geschwinde	ADJA	ADJD	ADJD	ADJD	ADJD	ADJD	MISMATCH
46	41	/	$(	$(	$(	$(	$(	$(	_
46	42	dass	ART	KOUS	KOUS	KOUS	KOUS	KOUS	MISMATCH
46	43	alsbald	ADV	ADV	ADV	ADV	ADV	ADV	_
46	44	alle	PIAT	PIAT	PIAT	PIAT	PIAT	PIAT	_
46	45	Kräfte	NN	NN	NN	NN	NN	NN	_
46	46	hinweg	APZR	ADV	ADV	ADV	ADV	ADV	MISMATCH
46	47	fallen	VVINF	VVINF	VVINF	VVINF	VVFIN	VVINF	MISMATCH
46	48	/	$(	$(	$(	$(	$(	$(	_
46	49	samt	APPR	APPR	APPR	APPR	APPR	APPR	_
46	50	einen	ART	ART	ART	ART	ART	ART	_
46	51	Drücken	NN	NN	NN	NN	NN	NN	_
46	52	um	APPR	APPR	APPR	APPR	APPR	APPR	_
46	53	s	PPER	ADV	ADV	ART	ART	ADV	MISMATCH
46	54	Hertz	NN	NE	NN	NN	NN	NN	MISMATCH
46	55	/	$(	$(	$(	$(	$(	$(	_
46	56	kurzen	ADJA	ADJA	ADJA	ADJA	ADJA	ADJA	_
46	57	Atem	NN	NN	NN	NN	NN	NN	_
46	58	/	$(	$(	$(	$(	$(	$(	_
46	59	Grauen	NN	NN	NN	NN	NN	NN	_
46	60	zum	APPRART	APPRART	APPRART	APPRART	APPRART	APPRART	_
46	61	Essen	NE	NN	NN	NN	NN	NN	MISMATCH
46	62	/	$(	$(	$(	$(	$(	$(	_
46	63	will	VMFIN	VMFIN	VMFIN	VMFIN	VMFIN	VMFIN	_
46	64	sich	PRF	PRF	PRF	PRF	PRF	PRF	_
46	65	brechen	VVINF	VVINF	VVINF	VVINF	VVPP	VVINF	MISMATCH
46	66	/	$(	$(	$(	$(	$(	$(	_
46	67	ist	VAFIN	VAFIN	VAFIN	VAFIN	VAFIN	VAFIN	_
46	68	schläfrig	ADJD	ADJD	ADJD	ADJD	VVPP	ADJD	MISMATCH
46	69	/	$(	$(	$(	$(	$(	$(	_
46	70	hat	VAFIN	VAFIN	VAFIN	VAFIN	VAFIN	VAFIN	_
46	71	ein	ART	ART	ART	ART	ART	ART	_
46	72	Hertzzittern	NN	NN	NN	NN	NN	NN	_
46	73	/	$(	$(	$(	$(	$(	$(	_
46	74	und	KON	KON	KON	KON	KON	KON	_
46	75	dergleichen	PIS	PIS	PIS	PIS	VVPP	PIS	MISMATCH
46	76	.	$.	$.	$.	$.	$.	$.	_
47	1	er	PPER	PPER	PPER	PPER	PPER	PPER	_
47	2	soll	VMFIN	VMFIN	VMFIN	VMFIN	VMFIN	VMFIN	_
47	3	sich	PRF	PRF	PRF	PRF	PRF	PRF	_
47	4	vor	APPR	APPR	APPR	APPR	APPR	APPR	_
47	5	allen	PIAT	PIAT	PIAT	PIAT	PIAT	PIAT	_
47	6	Dingen	NN	NN	NN	NN	NN	NN	_
47	7	des	ART	ART	ART	ART	ART	ART	_
47	8	Schlafs	NN	NN	NN	NN	NN	NN	_
47	9	enthalten	ADJD	VVPP	VVPP	VVPP	VVFIN	VVPP	MISMATCH
47	10	/	$(	$(	$(	$(	$(	$(	_
47	11	so	ADV	ADV	ADV	ADV	ADV	ADV	_
47	12	lange	ADV	ADV	ADV	ADV	ADV	ADV	_
47	13	möglich	ADJD	ADJD	ADJD	ADJD	ADJD	ADJD	_
47	14	/	$(	$(	$(	$(	$(	$(	_
47	15	wenn	KOUS	KOUS	KOUS	KOUS	KOUS	KOUS	_
47	16	er	PPER	PPER	PPER	PPER	PPER	PPER	_
47	17	einen	ART	ART	ART	ART	ART	ART	_
47	18	Tag	NN	NN	NN	NN	NN	NN	_
47	19	und	KON	KON	KON	KON	KON	KON	_
47	20	Nacht	NN	NN	NN	NN	NN	NN	_
47	21	nicht	PTKNEG	PTKNEG	PTKNEG	PTKNEG	PTKNEG	PTKNEG	_
47	22	schliefe	VVFIN	VVFIN	VVFIN	VVFIN	VVFIN	VVFIN	_
47	23	wäre	VAFIN	VAFIN	VAFIN	VAFIN	VAFIN	VAFIN	_
47	24	sehr	ADV	ADV	ADV	ADV	ADV	ADV	_
47	25	gut	ADJD	ADJD	ADJD	ADJD	ADJD	ADJD	_
47	26	/	$(	$(	$(	$(	$(	$(	_
47	27	damit	PAV	KOUS	KOUS	KOUS	KOUS	KOUS	MISMATCH
47	28	der	ART	ART	ART	ART	ART	ART	_
47	29	Gift	NN	NN	NN	NN	NN	NN	_
47	30	nicht	PTKNEG	PTKNEG	PTKNEG	PTKNEG	PTKNEG	PTKNEG	_
47	31	zum	APPRART	APPRART	APPRART	APPRART	APPRART	APPRART	_
47	32	Herzen	NN	NN	NN	NN	NN	NN	_
47	33	käme	VVFIN	VVFIN	VVFIN	VVFIN	VVFIN	VVFIN	_
47	34	/	$(	$(	$(	$(	$(	$(	_
47	35	darauf	PAV	PAV	PAV	PAV	PAV	PAV	_
47	36	brauche	VVFIN	VVFIN	VVFIN	VVFIN	VVFIN	VVFIN	_
47	37	er	PPER	PPER	PPER	PPER	PPER	PPER	_
47	38	einen	ART	ART	ART	ART	ART	ART	_
47	39	Schweißtrank	NN	NN	NN	NN	NN	NN	_
47	40	/	$(	$(	$(	$(	$(	$(	_
47	41	oder	KON	KON	KON	KON	KON	KON	_
47	42	so	ADV	ADV	ADV	ADV	ADV	ADV	_
47	43	sie	PPER	PPER	PPER	PPER	PPER	PPER	_
47	44	solchen	PIAT	PIAT	PIAT	PIS	PIS	PIAT	MISMATCH
47	45	nicht	PTKNEG	PTKNEG	PTKNEG	PTKNEG	PTKNEG	PTKNEG	_
47	46	haben	VAFIN	VAINF	VAINF	VAINF	VAINF	VAINF	MISMATCH
47	47	können	VMFIN	VMINF	VMINF	VMINF	VMFIN	VMINF	MISMATCH
47	48	/	$(	$(	$(	$(	$(	$(	_
47	49	nehmen	VVINF	VVFIN	VVFIN	VVFIN	VVFIN	VVFIN	MISMATCH
47	50	sie	PPER	PPER	PPER	PPER	PPER	PPER	_
47	51	Angelica	NE	NE	NE	NE	NN	NE	MISMATCH
47	52	/	$(	$(	$(	$(	$(	$(	_
47	53	Natterwurzel	NN	NN	NN	NN	NN	NN	_
47	54	/	$(	$(	$(	$(	$(	$(	_
47	55	Galgantwurzel	NN	NN	NN	NN	NN	NN	_
47	56	/	$(	$(	$(	$(	$(	$(	_
47	57	Rautenblätter	NN	NN	NN	NN	NN	NN	_
47	58	/	$(	$(	$(	$(	$(	$(	_
47	59	Kardobenedicten	NE	NN	NN	NN	NN	NN	MISMATCH
47	60	/	$(	$(	$(	$(	$(	$(	_
47	61	Wacholderbeeren	NN	NN	NN	NN	NN	NN	_
47	62	oder	KON	KON	KON	KON	KON	KON	_
47	63	dergleichen	PIS	PIS	PIS	PIS	VVFIN	PIS	MISMATCH
47	64	/	$(	$(	$(	$(	$(	$(	_
47	65	dass	KOUS	KOUS	KOUS	KOUS	KOUS	KOUS	_
47	66	es	PPER	PPER	PPER	PPER	PPER	PPER	_
47	67	sämtlich	ADJD	ADJD	ADJD	ADJD	ADJD	ADJD	_
47	68	2.	ADJA	ADJA	ADJA	ADJA	ADJA	ADJA	_
47	69	Lot	NN	NN	NN	NN	NN	NN	_
47	70	sei	VAFIN	VAFIN	VAFIN	VAFIN	VAFIN	VAFIN	_
47	71	/	$(	$(	$(	$(	$(	$(	_
47	72	und	KON	KON	KON	KON	KON	KON	_
47	73	sieden	VVINF	VVFIN	VVFIN	VVFIN	VVFIN	VVFIN	MISMATCH
47	74	solches	PIAT	PIS	PIS	PIS	PIS	PIS	MISMATCH
47	75	in	APPR	APPR	APPR	APPR	APPR	APPR	_
47	76	ein	ART	ART	ART	ART	ART	ART	_
47	77	Viertel	NN	NN	ADJA	NN	NN	NN	MISMATCH
47	78	Weins	NN	NN	NN	NN	NN	NN	_
47	79	oder	KON	KON	KON	KON	KON	KON	_
47	80	Essigs	NN	NN	NN	NN	NN	NN	_
47	81	und	KON	KON	KON	KON	KON	KON	_
47	82	nehmen	VVINF	VVFIN	VVFIN	VVFIN	VVFIN	VVFIN	MISMATCH
47	83	es	PPER	PPER	PPER	PPER	PPER	PPER	_
47	84	als	KOKOM	KOKOM	KOKOM	KOKOM	APPR	KOKOM	MISMATCH
47	85	ein	ART	PTKVZ	PTKVZ	PTKVZ	PTKVZ	ART	MISMATCH
47	86	/	$(	$(	$(	$(	$(	$(	_
47	87	und	KON	KON	KON	KON	KON	KON	_
47	88	schwitzen	VVINF	VVFIN	VVFIN	VVFIN	VVFIN	VVFIN	MISMATCH
47	89	wohl	ADV	ADV	ADV	ADV	ADV	ADV	_
47	90	darauf	PAV	PAV	PAV	PAV	PAV	PAV	_
47	91	.	$.	$.	$.	$.	$.	$.	_
48	1	wenn	KOUS	KOUS	KOUS	KOUS	KOUS	KOUS	_
48	2	ein	ART	ART	ART	ART	ART	ART	_
48	3	Weib	NN	NN	NN	NN	NN	NN	_
48	4	vergiftet	VVPP	VVPP	VVPP	VVPP	VVFIN	VVPP	MISMATCH
48	5	wird	VAFIN	VAFIN	VAFIN	VAFIN	VAFIN	VAFIN	_
48	6	/	$(	$(	$(	$(	$(	$(	_
48	7	so	ADV	ADV	ADV	ADV	ADV	ADV	_
48	8	vergiftet	VVPP	VVFIN	VVFIN	VVFIN	VVFIN	VVFIN	MISMATCH
48	9	sie	PPER	PPER	PPER	PPER	PPER	PPER	_
48	10	alles	PIS	PIS	PIS	PIS	PIS	PIS	_
48	11	was	PWS	PIS	PIS	PIS	PRELS	PRELS	MISMATCH
48	12	sie	PPER	PPER	PPER	PPER	PPER	PPER	_
48	13	ansieht	VVFIN	VVFIN	VVFIN	VVFIN	VVFIN	VVFIN	_
48	14	.	$.	$.	$.	$.	$.	$.	_
49	1	wenn	KOUS	KOUS	KOUS	KOUS	KOUS	KOUS	_
49	2	ein	ART	ART	ART	ART	ART	ART	_
49	3	Mensch	NN	NN	NN	NN	NN	NN	_
49	4	über	APPR	APPR	APPR	APPR	APPR	APPR	_
49	5	die	ART	ART	ART	ART	ART	ART	_
49	6	Gassen	NN	NN	NN	NN	NN	NN	_
49	7	geht	VVFIN	VVFIN	VVFIN	VVFIN	VVFIN	VVFIN	_
49	8	/	$(	$(	$(	$(	$(	$(	_
49	9	und	KON	KON	KON	KON	KON	KON	_
49	10	von	APPR	APPR	APPR	APPR	APPR	APPR	_
49	11	einem	ART	ART	ART	ART	ART	ART	_
49	12	vergifteten	ADJA	ADJA	ADJA	ADJA	ADJA	ADJA	_
49	13	Weib	NN	NN	NN	NN	NN	NN	_
49	14	angesehen	VVPP	VVPP	VVPP	VVPP	VVPP	VVPP	_
49	15	wird	VAFIN	VAFIN	VAFIN	VAFIN	VAFIN	VAFIN	_
49	16	/	$(	$(	$(	$(	$(	$(	_
49	17	so	ADV	ADV	ADV	ADV	ADV	ADV	_
49	18	kann	VMFIN	VMFIN	VMFIN	VMFIN	VMFIN	VMFIN	_
49	19	er	PPER	PPER	PPER	PPER	PPER	PPER	_
49	20	es	PPER	PPER	PPER	PPER	PPER	PPER	_
49	21	von	APPR	APPR	APPR	APPR	APPR	APPR	_
49	22	ihr	PPOSAT	PPER	PPER	PPER	PPER	PPER	MISMATCH
49	23	bekommen	VVINF	VVINF	VVINF	VVINF	VVINF	VVINF	_
49	24	.	$.	$.	$.	$.	$.	$.	_
49	25	oder	KON	KON	KON	KON	KON	KON	_
49	26	so	ADV	ADV	ADV	ADV	ADV	ADV	_
49	27	sie	PPER	PPER	PPER	PPER	PPER	PPER	_
49	28	in	APPR	APPR	APPR	APPR	APPR	APPR	_
49	29	Monden	NN	NN	NN	NN	NN	NN	_
49	30	am	APPRART	APPRART	APPRART	APPRART	APPRART	APPRART	_
49	31	Himmel	NN	NN	NN	NN	NN	NN	_
49	32	sieht	VVFIN	VVFIN	VVFIN	VVFIN	VVFIN	VVFIN	_
49	33	/	$(	$(	$(	$(	$(	$(	_
49	34	und	KON	KON	KON	KON	KON	KON	_
49	35	andere	ADJA	PIS	PIS	PIS	PIS	PIS	MISMATCH
49	36	auch	ADV	ADV	ADV	ADV	ADV	ADV	_
49	37	hinein	APZR	ADV	ADV	ADV	ADV	ADV	MISMATCH
49	38	sehen	VVINF	VVINF	VVINF	VVINF	VVFIN	VVINF	MISMATCH
49	39	/	$(	$(	$(	$(	$(	$(	_
49	40	so	ADV	ADV	ADV	ADV	ADV	ADV	_
49	41	können	VMFIN	VMFIN	VMFIN	VMFIN	VMFIN	VMFIN	_
49	42	sie	PPER	PPER	PPER	PPER	PPER	PPER	_
49	43	es	PPER	PPER	PPER	PPER	PPER	PPER	_
49	44	von	APPR	APPR	APPR	APPR	APPR	APPR	_
49	45	ihr	PPOSAT	PPER	PPER	PPER	PPER	PPER	MISMATCH
49	46	bekommen	VVINF	VVINF	VVINF	VVINF	VVINF	VVINF	_
49	47	.	$.	$.	$.	$.	$.	$.	_
50	1	wie	PWAV	KOUS	KOUS	KOUS	PWAV	KOUS	MISMATCH
50	2	sie	PPER	PPER	PPER	PPER	PPER	PPER	_
50	3	dann	ADV	ADV	ADV	ADV	ADV	ADV	_
50	4	auch	ADV	ADV	ADV	ADV	ADV	ADV	_
50	5	einen	ART	ART	ART	ART	ART	ART	_
50	6	Spiegel	NN	NN	NN	NN	NN	NN	_
50	7	mit	APPR	APPR	APPR	APPR	APPR	APPR	_
50	8	ihren	PPOSAT	PPOSAT	PPOSAT	PPOSAT	PPOSAT	PPOSAT	_
50	9	Gesicht	NN	NN	NN	NN	NN	NN	_
50	10	vergiften	VVINF	VVINF	VVINF	VVINF	VVINF	VVINF	_
50	11	kann	VMFIN	VMFIN	VMFIN	VMFIN	VMFIN	VMFIN	_
50	12	.	$.	$.	$.	$.	$.	$.	_
51	1	jedoch	ADV	ADV	ADV	ADV	ADV	ADV	_
51	2	wenn	KOUS	KOUS	KOUS	KOUS	KOUS	KOUS	_
51	3	ein	ART	ART	ART	ART	ART	ART	_
51	4	solcher	PIAT	PIAT	PIAT	PIAT	PIAT	PIAT	_
51	5	Mensch	NN	NN	NN	NN	NN	NN	_
51	6	Schellkraut	NN	NN	NN	NN	NN	NN	_
51	7	und	KON	KON	KON	KON	KON	KON	_
51	8	Schellwurzel	NN	NN	NN	NN	NN	NN	_
51	9	bei	APPR	APPR	APPR	APPR	APPR	APPR	_
51	10	sich	PRF	PRF	PRF	PRF	PRF	PRF	_
51	11	trägt	VVFIN	VVFIN	VVFIN	VVFIN	VVFIN	VVFIN	_
51	12	/	$(	$(	$(	$(	$(	$(	_
51	13	so	ADV	ADV	ADV	ADV	ADV	ADV	_
51	14	kann	VMFIN	VMFIN	VMFIN	VMFIN	VMFIN	VMFIN	_
51	15	ihm	PPER	PPER	PPER	PPER	PPER	PPER	_
51	16	ein	ART	ART	ART	ART	ART	ART	_
51	17	solches	PIAT	PIAT	PIAT	PIAT	PIAT	PIAT	_
51	18	Weib	NN	NN	NN	NN	NN	NN	_
51	19	mit	APPR	APPR	APPR	APPR	APPR	APPR	_
51	20	ihrem	PPOSAT	PPOSAT	PPOSAT	PPOSAT	PPOSAT	PPOSAT	_
51	21	Ansehen	NN	NN	NN	NN	NN	NN	_
51	22	nicht	PTKNEG	PTKNEG	PTKNEG	PTKNEG	PTKNEG	PTKNEG	_
51	23	schaden	VVINF	VVINF	VVINF	VVINF	VVINF	VVINF	_
51	24	.	$.	$.	$.	$.	$.	$.	_
52	1	wen	PWS	PWS	PWS	PWS	PWS	PWS	_
52	2	die	ART	ART	ART	ART	ART	ART	_
52	3	Pest	NN	NN	NN	NN	NN	NN	_
52	4	schon	ADV	ADV	ADV	ADV	ADV	ADV	_
52	5	angesteckt	VVPP	VVPP	VVPP	VVPP	VVFIN	VVPP	MISMATCH
52	6	hat	VAFIN	VAFIN	VAFIN	VAFIN	VAFIN	VAFIN	_
52	7	/	$(	$(	$(	$(	$(	$(	_
52	8	der	ART	PRELS	PRELS	ART	PDS	PRELS	MISMATCH
52	9	laß	VVIMP	VVIMP	VVFIN	VVIMP	VVFIN	ADJD	MISMATCH
52	10	seinen	PPOSAT	PPOSAT	PPOSAT	PPOSAT	PPOSAT	PPOSAT	_
52	11	Urin	NN	NN	NN	NN	NN	NN	_
52	12	erstlich	ADV	ADJD	ADJD	ADJD	ADV	ADJD	MISMATCH
52	13	ein	ART	ART	ART	ART	ART	ART	_
52	14	wenig	PIS	PIS	PIS	PIS	PIS	PIS	_
52	15	ablaufen	VVINF	VVINF	VVINF	VVINF	VVFIN	VVINF	MISMATCH
52	16	/	$(	$(	$(	$(	$(	$(	_
52	17	das	ART	ART	ART	ART	ART	ART	_
52	18	andere	ADJA	PIS	PIS	PIS	PIS	PIS	MISMATCH
52	19	aber	ADV	ADV	KON	ADV	ADV	KON	MISMATCH
52	20	fasse	VVFIN	VVFIN	VVFIN	VVFIN	VVFIN	VVFIN	_
52	21	er	PPER	PPER	PPER	PPER	PPER	PPER	_
52	22	geschwind	ADJD	ADJD	ADJD	ADJD	VVFIN	ADJD	MISMATCH
52	23	in	APPR	APPR	APPR	APPR	APPR	APPR	_
52	24	ein	ART	ART	ART	ART	ART	ART	_
52	25	Geschirr	NN	NN	NN	NN	NN	NN	_
52	26	/	$(	$(	$(	$(	$(	$(	_
52	27	und	KON	KON	KON	KON	KON	KON	_
52	28	tue	VVFIN	VVFIN	VVFIN	VVFIN	VVFIN	VVFIN	_
52	29	Safran	NN	NN	NN	NN	NN	NN	_
52	30	darzu	PAV	NN	ADV	ADV	PAV	ADV	MISMATCH
52	31	einen	ART	ART	ART	ART	ART	ART	_
52	32	guten	ADJD	ADJA	ADJA	ADJA	ADJA	ADJA	MISMATCH
52	33	Teil	NN	NN	NN	NN	NN	NN	_
52	34	/	$(	$(	$(	$(	$(	$(	_
52	35	und	KON	KON	KON	KON	KON	KON	_
52	36	trinke	VVIMP	VVFIN	VVFIN	VVFIN	VVFIN	VVFIN	MISMATCH
52	37	es	PPER	PPER	PPER	PPER	PPER	PPER	_
52	38	mit	APPR	APPR	APPR	APPR	APPR	APPR	_
52	39	einander	ADV	PRF	PRF	PRF	PRF	PRF	MISMATCH
52	40	aus	APPR	PTKVZ	PTKVZ	PTKVZ	PTKVZ	PTKVZ	MISMATCH
52	41	.	$.	$.	$.	$.	$.	$.	_
53	1	man	PIS	PIS	PIS	PIS	PIS	PIS	_
53	2	mag	VVFIN	VMFIN	VMFIN	VMFIN	VMFIN	VMFIN	MISMATCH
53	3	es	PPER	PPER	PPER	PPER	PPER	PPER	_
53	4	auch	ADV	ADV	ADV	ADV	ADV	ADV	_
53	5	alle	PIAT	PIAT	PIAT	PIAT	PIAT	PIAT	_
53	6	Morgen	NN	NN	NN	NN	NN	NN	_
53	7	zur	APPRART	APPRART	APPRART	APPRART	APPRART	APPRART	_
53	8	Versicherung	NN	NN	NN	NN	NN	NN	_
53	9	brauchen	VVFIN	VVINF	VVINF	VVINF	VVINF	VVINF	MISMATCH
53	10	.	$.	$.	$.	$.	$.	$.	_
54	1	wenn	KOUS	KOUS	KOUS	KOUS	KOUS	KOUS	_
54	2	eine	ART	ART	ART	ART	ART	ART	_
54	3	Person	NN	NN	NN	NN	NN	NN	_
54	4	den	ART	ART	ART	ART	ART	ART	_
54	5	Gift	NN	NN	NN	NN	NN	NN	_
54	6	oder	KON	KON	KON	KON	KON	KON	_
54	7	die	ART	ART	ART	ART	ART	ART	_
54	8	Pestilenz	NN	NN	NN	NN	NN	NN	_
54	9	hat	VAFIN	VAFIN	VAFIN	VAFIN	VAFIN	VAFIN	_
54	10	an	APPR	APPR	APPR	APPR	APPR	APZR	MISMATCH
54	11	sich	PRF	PRF	PRF	PRF	PRF	PRF	_
54	12	bekommen	VVINF	VVPP	VVFIN	VVFIN	VVPP	VVFIN	MISMATCH
54	13	es	PPER	PPER	PPER	PPER	PPER	PPER	_
54	14	wäre	VAFIN	VAFIN	VAFIN	VAFIN	VAFIN	VAFIN	_
54	15	mit	APPR	APPR	APPR	APPR	APPR	APPR	_
54	16	Frost	NN	NN	NN	NN	NN	NN	_
54	17	oder	KON	KON	KON	KON	KON	KON	_
54	18	Hitze	NN	NN	NN	NN	NN	NN	_
54	19	und	KON	KON	KON	KON	KON	KON	_
54	20	mit	APPR	APPR	APPR	APPR	APPR	APPR	_
54	21	Schwitzen	NN	NN	NN	NN	NN	NN	_
54	22	/	$(	$(	$(	$(	$(	$(	_
54	23	Brechen	NN	NN	NN	NN	NN	NN	_
54	24	/	$(	$(	$(	$(	$(	$(	_
54	25	Stechen	NN	NN	NN	NN	NN	NN	_
54	26	der	ART	ART	ART	ART	ART	ART	_
54	27	Seiten	NN	NN	NN	NN	NN	NN	_
54	28	und	KON	KON	KON	KON	KON	KON	_
54	29	Hauptweh	NN	NN	NN	NN	NN	NN	_
54	30	/	$(	$(	$(	$(	$(	$(	_
54	31	als	KOKOM	KON	KON	KOKOM	KOKOM	KOKOM	MISMATCH
54	32	welches	PRELS	PIS	PIS	PIS	PWS	PIS	MISMATCH
54	33	alles	PIS	PIS	PIS	PIS	PIS	PIS	_
54	34	sind	VAFIN	VAFIN	VAFIN	VAFIN	VAFIN	VAFIN	_
54	35	Zeichen	NN	NN	NN	NN	NN	NN	_
54	36	oder	KON	KON	KON	KON	KON	KON	_
54	37	Vorboten	NN	NN	NN	NN	NN	NN	_
54	38	der	ART	ART	ART	ART	ART	ART	_
54	39	Blattern	NN	NN	NN	NN	NN	NN	_
54	40	und	KON	KON	KON	KON	KON	KON	_
54	41	Sterbedrüsen	NN	NN	NN	NN	NN	NN	_
54	42	.	$.	$.	$.	$.	$.	$.	_
55	1	der	ART	PDS	ART	PDS	PDS	PRELS	MISMATCH
55	2	lasse	VVIMP	VVFIN	VVFIN	VVFIN	VVFIN	VVFIN	MISMATCH
55	3	von	APPR	APPR	APPR	APPR	APPR	APPR	_
55	4	Stunde	NN	NN	NN	NN	NN	NN	_
55	5	an	APPR	APPR	APPR	APPR	APZR	APPR	MISMATCH
55	6	eine	ART	ART	ART	ART	ART	ART	_
55	7	Ader	NN	NN	NN	NN	NN	NN	_
55	8	schlagen	VVFIN	VVINF	VVINF	VVINF	VVPP	VVINF	MISMATCH
55	9	/	$(	$(	$(	$(	$(	$(	_
55	10	gewinnt	VVFIN	VVFIN	VVFIN	VVFIN	VVFIN	VVFIN	_
55	11	oder	KON	KON	KON	KON	KON	KON	_
55	12	bekommt	VVFIN	VVFIN	VVFIN	VVFIN	VVFIN	VVFIN	_
55	13	der	ART	ART	ART	ART	ART	ART	_
55	14	Mensch	NN	NN	NN	NN	NN	NN	_
55	15	ein	ART	ART	ART	ART	ART	ART	_
55	16	Zeichen	NN	NN	NN	NN	NN	NN	_
55	17	unter	APPR	APPR	APPR	APPR	APPR	APPR	_
55	18	den	ART	ART	ART	ART	ART	ART	_
55	19	Arm	NN	NN	NN	NN	NN	NN	_
55	20	/	$(	$(	$(	$(	$(	$(	_
55	21	so	ADV	ADV	ADV	ADV	ADV	ADV	_
55	22	soll	VMFIN	VMFIN	VMFIN	VMFIN	VMFIN	VMFIN	_
55	23	ihm	PPER	PPER	PPER	PPER	PPER	PPER	_
55	24	vorne	ADV	ADV	ADV	ADV	ADV	ADV	_
55	25	am	APPRART	APPRART	APPRART	APPRART	APPRART	APPRART	_
55	26	selben	ADJA	PDAT	PDAT	PDAT	ADJA	PDAT	MISMATCH
55	27	Arm	NN	NN	NN	NN	NN	NN	_
55	28	eine	ART	ART	ART	ART	ART	ART	_
55	29	Ader	NN	NN	NN	NN	NN	NN	_
55	30	geschlagen	VVPP	VVPP	VVPP	VVPP	VVPP	VVPP	_
55	31	werden	VAINF	VAINF	VAINF	VAINF	VAINF	VAINF	_
55	32	/	$(	$(	$(	$(	$(	$(	_
55	33	damit	PAV	KOUS	KOUS	KOUS	KOUS	KOUS	MISMATCH
55	34	sich	PRF	PRF	PRF	PRF	PRF	PRF	_
55	35	das	ART	ART	ART	ART	ART	ART	_
55	36	giftige	ADJA	ADJA	ADJA	ADJA	ADJA	ADJA	_
55	37	Geblüt	NN	NN	NN	NN	NN	NN	_
55	38	herfür	ADV	ADV	VVFIN	ADV	ADV	VVFIN	MISMATCH
55	39	von	APPR	APPR	APPR	APPR	APPR	APPR	_
55	40	dem	ART	ART	ART	ART	ART	ART	_
55	41	Herzen	NN	NN	NN	NN	NN	NN	_
55	42	ziehe	VVFIN	VVFIN	VVFIN	VVFIN	VVFIN	VVFIN	_
55	43	.	$.	$.	$.	$.	$.	$.	_
56	1	desgleichen	KOUS	ADV	ADV	ADV	VVINF	ADV	MISMATCH
56	2	wo	PWAV	PWAV	PWAV	PWAV	PWAV	PWAV	_
56	3	sich	PRF	PRF	PRF	PRF	PRF	PRF	_
56	4	am	APPRART	APPRART	APPRART	APPRART	APPRART	APPRART	_
56	5	Leibe	NN	NN	NN	NN	NN	NN	_
56	6	ein	ART	ART	ART	ART	ART	ART	_
56	7	Zeichen	NN	NN	NN	NN	NN	NN	_
56	8	befindet	VVFIN	VVFIN	VVFIN	VVFIN	VVINF	VVFIN	MISMATCH
56	9	/	$(	$(	$(	$(	$(	$(	_
56	10	soll	VMFIN	VMFIN	VMFIN	VMFIN	VMFIN	VMFIN	_
56	11	man	PIS	PIS	PIS	PIS	PIS	PIS	_
56	12	sich	PRF	PRF	PRF	PRF	PRF	PRF	_
56	13	darnach	PAV	ADV	ADV	ADV	VVINF	ADV	MISMATCH
56	14	richten	VVFIN	VVINF	VVINF	VVINF	VVINF	VVINF	MISMATCH
56	15	.	$.	$.	$.	$.	$.	$.	_
57	1	So	KOUS	ADV	ADV	ADV	ADV	ADV	MISMATCH
57	2	einen	ART	PIS	ART	ART	PIS	PIS	MISMATCH
57	3	die	ART	ART	ART	ART	ART	ART	_
57	4	Pest	NN	NN	NN	NN	NN	NN	_
57	5	anstößt	VVFIN	VVFIN	VVFIN	VVFIN	VVFIN	VVFIN	_
57	6	.	$.	$.	$.	$.	$.	$.	_
58	1	nimm	NE	VVIMP	VVIMP	VVIMP	VVFIN	VVIMP	MISMATCH
58	2	ein	ART	ART	ART	ART	ART	ART	_
58	3	neues	ADJA	ADJA	ADJA	ADJA	ADJA	ADJA	_
58	4	Ei	NN	NN	NN	NN	NN	NN	_
58	5	/	$(	$(	$(	$(	$(	$(	_
58	6	tue	VVFIN	VVFIN	VVFIN	VVFIN	VVFIN	VVFIN	_
58	7	es	PPER	PPER	PPER	PPER	PPER	PPER	_
58	8	in	APPR	APPR	APPR	APPR	APPR	APPR	_
58	9	ein	ART	ART	ART	ART	ART	ART	_
58	10	Gefäß	NN	NN	NN	NN	NN	NN	_
58	11	/	$(	$(	$(	$(	$(	$(	_
58	12	rühre	VVFIN	VVFIN	VVFIN	VVFIN	VVFIN	VVFIN	_
58	13	einen	ART	ART	ART	ART	ART	ART	_
58	14	Schuss	NN	NN	NN	NN	NN	NN	_
58	15	Pulver	NN	NN	NN	NN	NN	NN	_
58	16	darunter	PAV	PAV	PAV	PAV	PAV	PAV	_
58	17	/	$(	$(	$(	$(	$(	$(	_
58	18	und	KON	KON	KON	KON	KON	KON	_
58	19	eine	ART	ART	ART	ART	ART	ART	_
58	20	Haselnuss	NN	NN	NN	NN	NN	NN	_
58	21	groß	ADJD	ADJD	ADJD	ADJD	ADJD	ADJD	_
58	22	gestoßenen	ADJA	ADJA	ADJA	ADJA	VVFIN	ADJA	MISMATCH
58	23	Schwefel	NN	NN	NN	NN	NN	NN	_
58	24	/	$(	$(	$(	$(	$(	$(	_
58	25	trink	VVIMP	VVIMP	VVIMP	VVIMP	VVFIN	VVIMP	MISMATCH
58	26	es	PPER	PPER	PPER	PPER	PPER	PPER	_
58	27	hernach	ADV	ADV	ADV	ADV	ADV	ADV	_
58	28	auf	APPR	APPR	APPR	APPR	APPR	APPR	_
58	29	einen	ART	ART	ART	ART	ART	ART	_
58	30	Trunck	NN	NN	NN	NN	NN	NN	_
58	31	aus	APPR	PTKVZ	PTKVZ	PTKVZ	PTKVZ	PTKVZ	MISMATCH
58	32	/	$(	$(	$(	$(	$(	$(	_
58	33	lege	VVFIN	VVFIN	VVFIN	VVFIN	VVFIN	VVFIN	_
58	34	dich	PPER	PPER	PRF	PPER	PPER	PPER	MISMATCH
58	35	nieder	PTKVZ	PTKVZ	PTKVZ	PTKVZ	PTKVZ	PTKVZ	_
58	36	/	$(	$(	$(	$(	$(	$(	_
58	37	und	KON	KON	KON	KON	KON	KON	_
58	38	schwitze	VVFIN	VVFIN	VVFIN	VVFIN	VVFIN	VVFIN	_
58	39	/	$(	$(	$(	$(	$(	$(	_
58	40	so	ADV	ADV	ADV	ADV	ADV	ADV	_
58	41	bist	VAFIN	VAFIN	VAFIN	VAFIN	VAFIN	VAFIN	_
58	42	du	PPER	PPER	PPER	PPER	PPER	PPER	_
58	43	des	ART	ART	ART	ART	ART	ART	_
58	44	Lebens	NN	NN	NN	NN	NN	NN	_
58	45	nächst	APPR	APPR	APPR	APPR	ADJD	APPR	MISMATCH
58	46	Gott	NN	NN	NN	NN	NN	NN	_
58	47	genesen	VVPP	ADJA	VVPP	VVPP	VVFIN	VVINF	MISMATCH
58	48	.	$.	$.	$.	$.	$.	$.	_
58	49	Schwefelöl	NN	NN	NN	NN	NN	NN	_
58	50	in	APPR	APPR	APPR	APPR	APPR	APPR	_
58	51	Branntwein	NN	NN	NN	NN	NN	NN	_
58	52	/	$(	$(	$(	$(	$(	$(	_
58	53	morgens	ADV	ADV	ADV	ADV	ADV	ADV	_
58	54	nüchtern	ADJD	ADJD	ADJD	ADJD	VVFIN	ADJD	MISMATCH
58	55	und	KON	KON	KON	KON	KON	KON	_
58	56	des	ART	ART	ART	ART	ART	ART	_
58	57	Abends	NN	NN	NN	NN	NN	NN	_
58	58	gebraucht	VVPP	VVPP	VVPP	VVPP	VVPP	VVPP	_
58	59	.	$.	$.	$.	$.	$.	$.	_
59	1	item	NN	ADV	ADV	ADV	XY	ADV	MISMATCH
59	2	:	$.	$.	$(	$.	$.	$.	MISMATCH
59	3	Kampfer	NN	NN	NN	NN	NN	NN	_
59	4	bei	APPR	APPR	APPR	APPR	APPR	APPR	_
59	5	sich	PRF	PRF	PRF	PRF	PRF	PRF	_
59	6	eingenäht	VVPP	VVPP	VVPP	VVPP	VVPP	VVPP	_
59	7	/	$(	$(	$(	$(	$(	$(	_
59	8	gerungen	VVPP	VVPP	VVPP	VVPP	VVPP	VVPP	_
59	9	/	$(	$(	$(	$(	$(	$(	_
59	10	bei	APPR	APPR	APPR	APPR	APPR	APPR	_
59	11	unkeuschen	ADJA	ADJA	ADJA	ADJA	ADJA	ADJA	_
59	12	Leuten	NN	NN	NN	NN	NN	NN	_
59	13	aber	ADV	ADV	KON	ADV	ADV	KON	MISMATCH
59	14	verschwindet	VVFIN	VVFIN	VVFIN	VVFIN	VVFIN	VVFIN	_
59	15	et cetera	ADV	FM	FM	FM	FM	FM	MISMATCH
59	16	.	$.	$.	$.	$.	$.	$.	_
60	1	folgende	NN	ADJA	ADJA	ADJA	ADJA	ADJA	MISMATCH
60	2	Kräuter	NN	NN	NN	NN	NN	NN	_
60	3	und	KON	KON	KON	KON	KON	KON	_
60	4	Wurzeln	NN	NN	NN	NN	NN	NN	_
60	5	sind	VAFIN	VAFIN	VAFIN	VAFIN	VAFIN	VAFIN	_
60	6	vor	APPR	APPR	APPR	APPR	APPR	APPR	_
60	7	die	ART	ART	ART	ART	ART	ART	_
60	8	Pestilenz	NN	NN	NN	NN	NN	NN	_
60	9	auch	ADV	ADV	ADV	ADV	ADV	ADV	_
60	10	bewährt	VVPP	NN	ADJD	VVPP	VVPP	VVPP	MISMATCH
60	11	.	$.	$.	$.	$.	$.	$.	_
61	1	Angelica	NN	NE	NE	NE	NE	NE	MISMATCH
61	2	/	$(	$(	$(	$(	$(	$(	_
61	3	Alant	NN	NE	NE	NN	NE	NE	MISMATCH
61	4	/	$(	$(	$(	$(	$(	$(	_
61	5	Zitwer	NN	NN	NN	NN	NE	NE	MISMATCH
61	6	/	$(	$(	$(	$(	$(	$(	_
61	7	Galgant	NN	NN	NN	NN	NE	NN	MISMATCH
61	8	/	$(	$(	$(	$(	$(	$(	_
61	9	Quitten	NN	NN	NN	NN	NN	NN	_
61	10	/	$(	$(	$(	$(	$(	$(	_
61	11	Pomerantzen	NN	NN	NN	NN	NN	NN	_
61	12	/	$(	$(	$(	$(	$(	$(	_
61	13	Citronen	NN	NN	NN	NN	NN	NN	_
61	14	/	$(	$(	$(	$(	$(	$(	_
61	15	Diptan	NE	NN	NN	NN	NE	NN	MISMATCH
61	16	/	$(	$(	$(	$(	$(	$(	_
61	17	Natterwurtz	NN	NN	NN	NN	NE	NN	MISMATCH
61	18	/	$(	$(	$(	$(	$(	$(	_
61	19	Wermut	NN	NN	NN	NN	NN	NN	_
61	20	/	$(	$(	$(	$(	$(	$(	_
61	21	Aron	NE	NE	NE	NE	NE	NE	_
61	22	/	$(	$(	$(	$(	$(	$(	_
61	23	Tormentil	NN	NN	NN	NE	NE	NE	MISMATCH
61	24	/	$(	$(	$(	$(	$(	$(	_
61	25	Bibernelle	NN	NN	NN	NN	NE	NN	MISMATCH
61	26	/	$(	$(	$(	$(	$(	$(	_
61	27	Baldrian	NN	NE	NN	NN	NE	NN	MISMATCH
61	28	/	$(	$(	$(	$(	$(	$(	_
61	29	Lorbern	NN	NE	NN	NN	NE	NE	MISMATCH
61	30	/	$(	$(	$(	$(	$(	$(	_
61	31	Meisterwurtz	NN	NN	NN	NN	NN	NN	_
61	32	und	KON	KON	KON	KON	KON	KON	_
61	33	Myrrhe	NN	NN	NN	NN	NN	NN	_
61	34	:	$.	$.	$.	$.	$.	$.	_
62	1	von	APPR	APPR	APPR	APPR	APPR	APPR	_
62	2	diesen	PDAT	PDAT	PDAT	PDAT	PDAT	PDAT	_
62	3	Wurzeln	NN	NN	NN	NN	NN	NN	_
62	4	eines	ART	ART	ART	ART	PIS	ART	MISMATCH
62	5	im	APPRART	APPRART	APPRART	APPRART	APPRART	APPRART	_
62	6	Mund	NN	NN	NN	NN	NN	NN	_
62	7	genommen	VVPP	VVPP	VVPP	VVPP	VVPP	VVPP	_
62	8	/	$(	$(	$(	$(	$(	$(	_
62	9	gekäut	VVPP	VVPP	ADJD	VVPP	VVPP	VVPP	MISMATCH
62	10	/	$(	$(	$(	$(	$(	$(	_
62	11	gegessen	VVPP	VVPP	VVPP	VVPP	VVPP	VVPP	_
62	12	oder	KON	KON	KON	KON	KON	KON	_
62	13	bei	APPR	APPR	APPR	APPR	APPR	APPR	_
62	14	sich	PRF	PRF	PRF	PRF	PRF	PRF	_
62	15	getragen	VVPP	VVPP	VVPP	VVPP	VVPP	VVPP	_
62	16	/	$(	$(	$(	$(	$(	$(	_
62	17	ist	VAFIN	VAFIN	VAFIN	VAFIN	VAFIN	VAFIN	_
62	18	wider	APPR	APPR	APPR	APPR	APPR	APPR	_
62	19	die	ART	ART	ART	ART	ART	ART	_
62	20	pestilenzische	NE	ADJA	ADJA	ADJA	ADJA	ADJA	MISMATCH
62	21	Gift	NN	NN	NN	NN	NN	NN	_
62	22	gar	ADV	ADV	ADV	ADV	ADV	ADV	_
62	23	eine	ART	ART	ART	ART	ART	ART	_
62	24	kräftige	ADJA	ADJA	ADJA	ADJA	ADJA	ADJA	_
62	25	Arznei	NN	NN	NN	NN	NN	NN	_
62	26	und	KON	KON	KON	KON	KON	KON	_
62	27	gut	ADJD	ADJD	ADJD	ADJD	ADJD	ADJD	_
62	28	allen	PIAT	PIAT	PIAT	PIAT	PIAT	PIAT	_
62	29	denen	PRELS	PDS	PDS	PDS	PDS	PDS	MISMATCH
62	30	/	$(	$(	$(	$(	$(	$(	_
62	31	welche	PWAT	PRELS	PRELS	PRELS	PRELS	PRELS	MISMATCH
62	32	um	APPR	APPR	APPR	APPR	APPR	APPR	_
62	33	die	ART	ART	ART	ART	ART	ART	_
62	34	Kranken	NN	NN	NN	NN	NN	NN	_
62	35	gehen	VVINF	VVINF	VVINF	VVINF	VVPP	VVINF	MISMATCH
62	36	müssen	VMFIN	VMINF	VMINF	VMINF	VMFIN	VMFIN	MISMATCH
62	37	/	$(	$(	$(	$(	$(	$(	_
62	38	oder	KON	KON	KON	KON	KON	KON	_
62	39	dieselbigen	PDAT	ADJA	ADJA	ADJA	PDS	ADJA	MISMATCH
62	40	warten	VVINF	VVFIN	VVFIN	VVINF	VVFIN	VVINF	MISMATCH
62	41	/	$(	$(	$(	$(	$(	$(	_
62	42	massen	NN	VVFIN	VVFIN	VVFIN	VVFIN	VVFIN	MISMATCH
62	43	auch	ADV	ADV	ADV	ADV	ADV	ADV	_
62	44	viele	ADV	PIAT	PIAT	PIAT	PIAT	PIAT	MISMATCH
62	45	Prediger	NN	NN	NN	NN	NN	NN	_
62	46	/	$(	$(	$(	$(	$(	$(	_
62	47	wenn	KOUS	KOUS	KOUS	KOUS	KOUS	KOUS	_
62	48	sie	PPER	PPER	PPER	PPER	PPER	PPER	_
62	49	zu	PTKZU	APPR	APPR	APPR	APPR	APPR	MISMATCH
62	50	den	ART	ART	ART	ART	ART	ART	_
62	51	Kranken	NN	NN	NN	NN	NN	NN	_
62	52	sind	VAFIN	VAFIN	VAFIN	VAFIN	VAFIN	VAFIN	_
62	53	erfordert	VVFIN	VVPP	VVPP	VVPP	VVPP	VVPP	MISMATCH
62	54	worden	VAPP	VAPP	VAPP	VAPP	VAPP	VAPP	_
62	55	/	$(	$(	$(	$(	$(	$(	_
62	56	haben	VAFIN	VAFIN	VAFIN	VAFIN	VAFIN	VAFIN	_
62	57	sie	PPER	PPER	PPER	PPER	PPER	PPER	_
62	58	neben	APPR	APPR	APPR	APPR	APPR	APPR	_
62	59	ihren	PPOSAT	PPOSAT	PPOSAT	PPOSAT	PPOSAT	PPOSAT	_
62	60	Vater	NN	NN	NN	NN	NN	NN	_
62	61	Unser	PPOSAT	NN	NN	NN	NN	NN	MISMATCH
62	62	/	$(	$(	$(	$(	$(	$(	_
62	63	eine	ART	ART	ART	ART	ART	ART	_
62	64	bloße	ADJA	ADJA	ADJA	ADJA	ADJA	ADJA	_
62	65	Angelicam	NE	NE	NE	NN	NN	NN	MISMATCH
62	66	/	$(	$(	$(	$(	$(	$(	_
62	67	oder	KON	KON	KON	KON	KON	KON	_
62	68	dergleichen	PIS	PIS	PIS	PIS	VVPP	PIS	MISMATCH
62	69	Wurzeln	NN	NN	NN	NN	NN	NN	_
62	70	gebraucht	VVPP	VVPP	VVPP	VVPP	VVPP	VVPP	_
62	71	/	$(	$(	$(	$(	$(	$(	_
62	72	sind	VAFIN	VAFIN	VAFIN	VAFIN	VAFIN	VAFIN	_
62	73	von	APPR	APPR	APPR	APPR	APPR	APPR	_
62	74	dieser	PDAT	PDAT	PDAT	PDAT	PDAT	PDAT	_
62	75	Seuche	NN	NN	NN	NN	NN	NN	_
62	76	nächst	APPR	APPR	APPR	APPR	APPR	APPR	_
62	77	Gott	NN	NN	NN	NN	NN	NN	_
62	78	bewahrt	VVPP	VVPP	VVPP	VVPP	VVPP	VVPP	_
62	79	worden	VAPP	VAPP	VAPP	VAPP	VAPP	VAPP	_
62	80	.	$.	$.	$.	$.	$.	$.	_
63	1	item	NN	ADV	ADV	ADV	XY	ADV	MISMATCH
63	2	6.	ADJA	ADJA	ADJA	ADJA	ADJA	ADJA	_
63	3	oder	KON	KON	KON	KON	KON	KON	_
63	4	7.	ADJA	ADJA	ADJA	ADJA	ADJA	ADJA	_
63	5	Sauerampferblätter[43]	NN	NN	NN	NN	NN	NN	_
63	6	nüchtern	ADJD	ADJD	ADJD	ADJD	VVINF	ADJD	MISMATCH
63	7	gegessen	VVPP	VVPP	VVPP	VVPP	VVPP	VVPP	_
63	8	/	$(	$(	$(	$(	$(	$(	_
63	9	ist	VAFIN	VAFIN	VAFIN	VAFIN	VAFIN	VAFIN	_
63	10	sehr	ADV	ADV	ADV	ADV	ADV	ADV	_
63	11	gut	ADJD	ADJD	ADJD	ADJD	ADJD	ADJD	_
63	12	/	$(	$(	$(	$(	$(	$(	_
63	13	auch	ADV	ADV	ADV	ADV	ADV	ADV	_
63	14	schwangeren	ADJA	ADJA	ADJA	ADJA	ADJA	ADJA	_
63	15	Weibern	NN	NN	NN	NN	NN	NN	_
63	16	/	$(	$(	$(	$(	$(	$(	_
63	17	schwangere	ADJA	ADJA	ADJA	ADJA	VVINF	ADJA	MISMATCH
63	18	Weiber	NN	NN	NN	NN	NN	NN	_
63	19	sollen	VMFIN	VMFIN	VMFIN	VMFIN	VMFIN	VMFIN	_
63	20	Krausminze	NN	NN	NN	NN	NN	NN	_
63	21	eingeweicht	VVPP	VVINF	VVPP	VVPP	ADJD	VVPP	MISMATCH
63	22	für	APPR	APPR	APPR	APPR	APPR	APPR	_
63	23	die	ART	ART	ART	ART	ART	ART	_
63	24	Nase	NN	NN	NN	NN	NN	NN	_
63	25	halten	VVINF	VVINF	VVINF	VVINF	VVINF	VVINF	_
63	26	/	$(	$(	$(	$(	$(	$(	_
63	27	im	APPRART	APPRART	APPRART	APPRART	APPRART	APPRART	_
63	28	Mund	NN	NN	NN	NN	NN	NN	_
63	29	ein	ART	ART	ART	ART	ART	ART	_
63	30	Stück	NN	NN	NN	NN	NN	NN	_
63	31	Tormentilwurzel	NE	NN	NN	NN	NN	NN	MISMATCH
63	32	kauen	VVINF	VVINF	VVINF	VVINF	VVINF	VVINF	_
63	33	,	$,	$,	$,	$,	$,	$,	_
63	34	welche	PWAT	PRELS	PRELS	PRELS	PRELS	PRELS	MISMATCH
63	35	sie	PPER	PPER	PPER	PPER	PPER	PPER	_
63	36	auch	ADV	ADV	ADV	ADV	ADV	ADV	_
63	37	in	APPR	APPR	APPR	APPR	APPR	APPR	_
63	38	Leibe	NN	NN	NN	NN	NN	NN	_
63	39	brauchen	VVFIN	VVINF	VVINF	VVINF	VVINF	VVINF	MISMATCH
63	40	mögen	VMFIN	VMFIN	VMFIN	VMFIN	VMFIN	VMFIN	_
63	41	.	$.	$.	$.	$.	$.	$.	_
64	1	oder	KON	KON	KON	KON	KON	KON	_
64	2	brauchen	VVFIN	VVFIN	VVFIN	VVFIN	VVFIN	VVFIN	_
64	3	Küchlein	NN	NN	NN	NN	NN	NN	_
64	4	aus	APPR	APPR	APPR	APPR	APPR	APPR	_
64	5	der	ART	ART	ART	ART	ART	ART	_
64	6	Apotheke	NN	NN	NN	NN	NN	NN	_
64	7	für	APPR	APPR	APPR	APPR	APPR	APPR	_
64	8	schwangere	ADJA	ADJA	ADJA	ADJA	ADJA	ADJA	_
64	9	Weiber	NN	NN	NN	NN	NN	NN	_
64	10	geordnet	VVPP	VVPP	VVPP	VVPP	ADJA	VVPP	MISMATCH
64	11	/	$(	$(	$(	$(	$(	$(	_
64	12	welche	PWAT	PRELS	PRELS	PRELS	PRELS	PRELS	MISMATCH
64	13	zugleich	ADV	ADV	ADV	ADV	ADV	ADV	_
64	14	die	ART	ART	ART	ART	ART	ART	_
64	15	Mutter	NN	NN	NN	NN	NN	NN	_
64	16	und	KON	KON	KON	KON	KON	KON	_
64	17	die	ART	ART	ART	ART	ART	ART	_
64	18	Frucht	NN	NN	NN	NN	NN	NN	_
64	19	im	APPRART	APPRART	APPRART	APPRART	APPRART	APPRART	_
64	20	Leibe	NN	NN	NN	NN	NN	NN	_
64	21	stärken	VVINF	VVINF	VVINF	VVINF	VVFIN	VVINF	MISMATCH
64	22	/	$(	$(	$(	$(	$(	$(	_
64	23	den	ART	ART	ART	ART	ART	ART	_
64	24	Kindern	NN	NN	NN	NN	NN	NN	_
64	25	ist	VAFIN	VAFIN	VAFIN	VAFIN	VAFIN	VAFIN	_
64	26	am	APPRART	APPRART	APPRART	APPRART	PTKA	APPRART	MISMATCH
64	27	bequemsten	ADJA	ADJD	ADJD	ADJD	ADJA	ADJA	MISMATCH
64	28	überzogener	ADJA	ADJA	ADJA	ADJA	ADJA	ADJA	_
64	29	Wurmsamen	NN	NN	NN	NN	NN	NN	_
64	30	.	$.	$.	$.	$.	$.	$.	_
65	1	dass	KOUS	KOUS	KOUS	KOUS	KOUS	KOUS	_
65	2	der	ART	ART	ART	ART	ART	ART	_
65	3	Mensch	NN	NN	NN	NN	NN	NN	_
65	4	vor	APPR	APPR	APPR	APPR	APPR	APPR	_
65	5	der	ART	ART	ART	ART	ART	ART	_
65	6	Pest	NN	NN	NN	NN	NN	NN	_
65	7	nächst	APPR	APPR	APPR	APPR	APPR	APPR	_
65	8	Gott	NE	NN	NN	NN	NN	NN	MISMATCH
65	9	versichert	VVPP	VVPP	ADJD	VVPP	ADV	ADJD	MISMATCH
65	10	bleibe	VVFIN	VVFIN	VVFIN	VVFIN	VVFIN	VVFIN	_
65	11	/	$(	$(	$(	$(	$(	$(	_
65	12	Morgens	ADV	ADV	ADV	NN	ADV	NN	MISMATCH
65	13	ein	ART	ART	ART	ART	ART	ART	_
65	14	wenig	PIS	PIAT	PIAT	PIAT	PIAT	PIAT	MISMATCH
65	15	sauren	ADJA	ADJA	ADJA	ADJA	ADJA	ADJA	_
65	16	Weinessig	NN	PIS	NN	NN	NN	NN	MISMATCH
65	17	getrunken	VVPP	VVPP	VVPP	VVPP	VVPP	VVPP	_
65	18	/	$(	$(	$(	$(	$(	$(	_
65	19	und	KON	KON	KON	KON	KON	KON	_
65	20	ein	ART	ART	ART	ART	ART	ART	_
65	21	wenig	PIS	PIAT	PIAT	PIAT	PIAT	PIAT	MISMATCH
65	22	Raute	NN	NN	NN	NN	NN	NN	_
65	23	darauf	PAV	PAV	PAV	PAV	PAV	PAV	_
65	24	gegessen	VVPP	VVPP	VVPP	VVPP	VVPP	VVPP	_
65	25	/	$(	$(	$(	$(	$(	$(	_
65	26	des	ART	ART	ART	ART	ART	ART	_
65	27	Abends	NN	NN	NN	NN	NN	NN	_
65	28	dergleichen	PIS	PIS	PIS	PIS	ADV	PIS	MISMATCH
65	29	.	$.	$.	$.	$.	$.	$.	_
66	1	(	$(	$(	$(	$(	$(	$(	_
66	2	mit	APPR	APPR	APPR	APPR	APPR	APPR	_
66	3	diesem	PDAT	PDAT	PDAT	PDAT	PDAT	PDAT	_
66	4	Mittel	NN	NN	NN	NN	NN	NN	_
66	5	hat	VAFIN	VAFIN	VAFIN	VAFIN	VAFIN	VAFIN	_
66	6	einer	ART	ART	ART	ART	PIS	PIS	MISMATCH
66	7	drei	CARD	CARD	CARD	CARD	CARD	CARD	_
66	8	Sterben	NN	NN	NN	NN	NN	NN	_
66	9	ausgestanden	VVPP	VVPP	VVPP	VVPP	VVPP	VVPP	_
66	10	:	$.	$.	$.	$(	$.	$.	MISMATCH
66	11	)	$(	$(	$(	$(	$(	$(	_
66	12	item	NN	ADV	ADV	ADV	ADV	ADV	MISMATCH
66	13	:	$.	$(	$(	$(	$.	$.	MISMATCH
66	14	nimm	NE	VVIMP	VVIMP	VVIMP	VVIMP	VVIMP	MISMATCH
66	15	großen	ADJA	ADJA	ADJA	ADJA	ADJA	ADJA	_
66	16	breiten	ADJA	ADJA	ADJA	ADJA	ADJA	ADJA	_
66	17	Wegerich	NN	NN	NN	NN	NN	NN	_
66	18	/	$(	$(	$(	$(	$(	$(	_
66	19	solchen	PIAT	PIAT	PIAT	PIS	PIS	PIAT	MISMATCH
66	20	grob	ADJD	ADJD	ADJD	ADJD	ADJD	ADJD	_
66	21	zerschnitten	VVPP	VVPP	VVPP	VVPP	VVPP	VVPP	_
66	22	/	$(	$(	$(	$(	$(	$(	_
66	23	und	KON	KON	KON	KON	KON	KON	_
66	24	in	APPR	APPR	APPR	APPR	APPR	APPR	_
66	25	einem	ART	ART	ART	ART	ART	ART	_
66	26	Säcklein	NN	NN	NN	NN	NN	NN	_
66	27	am	APPRART	APPRART	APPRART	APPRART	APPRART	APPRART	_
66	28	Leib	NN	NN	NN	NN	NN	NN	_
66	29	oder	KON	KON	KON	KON	KON	KON	_
66	30	Hals	NN	NN	NN	NN	NN	NN	_
66	31	getragen	VVPP	VVPP	VVPP	VVPP	VVPP	VVPP	_
66	32	.	$.	$.	$.	$.	$.	$.	_
67	1	es	PPER	PPER	PPER	PPER	PPER	PPER	_
67	2	soll	VMFIN	VMFIN	VMFIN	VMFIN	VMFIN	VMFIN	_
67	3	dich	PPER	PPER	PRF	PPER	PPER	PRF	MISMATCH
67	4	aus	APPR	APPR	APPR	APPR	APPR	APPR	_
67	5	Bericht	NN	NN	NN	NN	NN	NN	_
67	6	und	KON	KON	KON	KON	KON	KON	_
67	7	Erfahrung	NN	NN	NN	NN	NN	NN	_
67	8	der	ART	ART	ART	ART	ART	ART	_
67	9	alten	ADJA	ADJA	ADJA	ADJA	ADJA	ADJA	_
67	10	Totengräber	NN	NN	NN	NN	NN	NN	_
67	11	die	ART	ART	ART	ART	ART	ART	_
67	12	Seuche	NN	NN	NN	NN	NN	NN	_
67	13	nicht	PTKNEG	PTKNEG	PTKNEG	PTKNEG	PTKNEG	PTKNEG	_
67	14	leichtlich	ADJD	ADJD	ADV	ADV	VVINF	ADV	MISMATCH
67	15	berühren	VVINF	VVINF	VVINF	VVINF	VVINF	VVINF	_
67	16	.	$.	$.	$.	$.	$.	$.	_
68	1	oder	KON	KON	KON	KON	KON	KON	_
68	2	Wermut	NN	NN	NN	NN	NN	NN	_
68	3	auf	APPR	APPR	APPR	APPR	APPR	APPR	_
68	4	das	KOUS	ART	ART	ART	ART	ART	MISMATCH
68	5	Herz	NN	NN	NN	NN	NN	NN	_
68	6	/	$(	$(	$(	$(	$(	$(	_
68	7	um	APPR	APPR	APPR	APPR	APPR	APPR	_
68	8	die	ART	ART	ART	ART	ART	ART	_
68	9	Arme	NN	NN	NN	NN	NN	NN	_
68	10	und	KON	KON	KON	KON	KON	KON	_
68	11	Puls	NN	NN	NN	NN	NN	NN	_
68	12	gebunden	VVPP	VVPP	VVPP	VVPP	VVPP	VVPP	_
68	13	/	$(	$(	$(	$(	$(	$(	_
68	14	und	KON	KON	KON	KON	KON	KON	_
68	15	den	ART	ART	ART	ART	ART	ART	_
68	16	Mund	NN	NN	NN	NN	NN	NN	_
68	17	mit	APPR	APPR	APPR	APPR	APPR	APPR	_
68	18	einem	ART	ART	ART	ART	ART	ART	_
68	19	Tuch	NN	NN	NN	NN	NN	NN	_
68	20	und	KON	KON	KON	KON	KON	KON	_
68	21	eingewickelten	ADJA	ADJA	ADJA	ADJA	ADJA	ADJA	_
68	22	Wermut	NN	NN	NN	NN	NN	NN	_
68	23	verwahrt	VVFIN	VVPP	VVFIN	VVPP	VVPP	VVPP	MISMATCH
68	24	.	$.	$.	$.	$.	$.	$.	_
69	1	item	NN	ADV	ADV	ADV	XY	ADV	MISMATCH
69	2	/	$(	$(	$(	$(	$(	$(	_
69	3	Wermutkörner	NN	NN	NN	NN	NN	NN	_
69	4	in	APPR	APPR	APPR	APPR	APPR	APPR	_
69	5	seinem	PPOSAT	PPOSAT	PPOSAT	PPOSAT	PPOSAT	PPOSAT	_
69	6	eigenen	ADJA	ADJA	ADJA	ADJA	ADJA	ADJA	_
69	7	Urin	NN	NN	NN	NN	NN	NN	_
69	8	eingetrunken	ADJD	VVPP	VVPP	VVPP	VVINF	VVPP	MISMATCH
69	9	/	$(	$(	$(	$(	$(	$(	_
69	10	der	ART	PRELS	PRELS	PDS	PDS	PDS	MISMATCH
69	11	wird	VAFIN	VAFIN	VAFIN	VAFIN	VAFIN	VAFIN	_
69	12	gewiss	ADV	ADJD	ADJD	ADJD	ADV	ADJD	MISMATCH
69	13	vor	APPR	APPR	APPR	APPR	APPR	APPR	_
69	14	aller	PIAT	PIAT	PIAT	PIAT	PIS	PIAT	MISMATCH
69	15	Vergiftung	NN	NN	NN	NN	NN	NN	_
69	16	erhalten	VVPP	VVPP	VVINF	VVPP	VVINF	VVPP	MISMATCH
69	17	.	$.	$.	$.	$.	$.	$.	_
70	1	oder	KON	KON	KON	KON	KON	KON	_
70	2	Christwurzel	NN	NN	NN	NN	NN	NN	_
70	3	mit	APPR	APPR	APPR	APPR	APPR	APPR	_
70	4	Honig	NN	NN	NN	NN	NN	NN	_
70	5	vermischt	VVFIN	VVPP	VVPP	VVPP	VVPP	VVPP	MISMATCH
70	6	/	$(	$(	$(	$(	$(	$(	_
70	7	morgens	ADV	ADV	ADV	ADV	ADV	ADV	_
70	8	nüchtern	ADJD	ADJD	ADJD	ADJD	VVPP	ADJD	MISMATCH
70	9	gegessen	VVPP	VVPP	VVPP	VVPP	VVPP	VVPP	_
70	10	.	$.	$.	$.	$.	$.	$.	_
71	1	item	NN	ADV	ADV	ADV	XY	ADV	MISMATCH
71	2	deinen	PPOSAT	PPOSAT	PPOSAT	PPOSAT	PPOSAT	PPOSAT	_
71	3	eigenen	ADJA	ADJA	ADJA	ADJA	ADJA	ADJA	_
71	4	Urin	NN	NN	NN	NN	NN	NN	_
71	5	oder	KON	KON	KON	KON	KON	KON	_
71	6	auch	ADV	ADV	ADV	ADV	ADV	ADV	_
71	7	Seilerpech	NN	NN	NN	NN	NN	NN	_
71	8	/	$(	$(	$(	$(	$(	$(	_
71	9	Branntwein	NN	NN	NN	NN	NN	NN	_
71	10	durcheinander	APPR	ADV	ADV	ADV	ADV	ADV	MISMATCH
71	11	gewürzt	VVPP	VVPP	VVPP	VVPP	ADV	VVPP	MISMATCH
71	12	/	$(	$(	$(	$(	$(	$(	_
71	13	ausgetrunken	VVPP	VVPP	VVPP	VVPP	ADV	VVPP	MISMATCH
71	14	früh	ADJD	ADJD	ADJD	ADJD	ADJD	ADJD	_
71	15	nüchtern	ADJD	ADJD	ADJD	ADJD	ADV	ADJD	MISMATCH
71	16	/	$(	$(	$(	$(	$(	$(	_
71	17	so	ADV	ADV	ADV	ADV	ADV	ADV	_
71	18	bist	VVINF	VAFIN	VAFIN	VAFIN	VAFIN	VAFIN	MISMATCH
71	19	du	PPER	PPER	PPER	PPER	PPER	PPER	_
71	20	nächst	APPR	APPR	APPR	APPR	APPR	APPR	_
71	21	Gott	NE	NN	NN	NN	NN	NN	MISMATCH
71	22	24.	ADJA	ADJA	ADJA	ADJA	CARD	ADJA	MISMATCH
71	23	Stunden	NN	NN	NN	NN	NN	NN	_
71	24	versichert	VVPP	VVPP	VVPP	VVPP	ADV	VVPP	MISMATCH
71	25	.	$.	$.	$.	$.	$.	$.	_
72	1	mit	APPR	APPR	APPR	APPR	APPR	APPR	_
72	2	diesem	PDAT	PDAT	PDAT	PDAT	PDAT	PDAT	_
72	3	Stück	NN	NN	NN	NN	NN	NN	_
72	4	haben	VAFIN	VAFIN	VAFIN	VAFIN	VAFIN	VAFIN	_
72	5	sich	PRF	PRF	PRF	PRF	PRF	PRF	_
72	6	viele	ADV	PIAT	PIAT	PIAT	PIAT	PIAT	MISMATCH
72	7	100.	ADJA	ADJA	ADJA	ADJA	ADJA	ADJA	_
72	8	Menschen	NN	NN	NN	NN	NN	NN	_
72	9	und	KON	KON	KON	KON	KON	KON	_
72	10	Totengräber	NN	NN	NN	NN	NN	NN	_
72	11	erhalten	VVPP	VVPP	VVINF	VVPP	VVPP	VVPP	MISMATCH
72	12	.	$.	$.	$.	$.	$.	$.	_
73	1	so	ADV	ADV	ADV	ADV	ADV	ADV	_
73	2	schon	ADV	ADV	ADV	ADV	ADV	ADV	_
73	3	innerlich	ADJD	ADJD	ADJD	ADJD	ADJD	ADJD	_
73	4	im	APPRART	APPRART	APPRART	APPRART	APPRART	APPRART	_
73	5	Leib	NN	NN	NN	NN	NN	NN	_
73	6	Gift	NN	NN	NN	NN	NN	NN	_
73	7	wäre	VAFIN	VAFIN	VAFIN	VAFIN	VAFIN	VAFIN	_
73	8	.	$.	$.	$.	$.	$.	$.	_
74	1	Schießpulver	NN	NN	NN	NN	NN	NN	_
74	2	eingenommen	VVPP	VVPP	VVPP	VVPP	VVPP	VVPP	_
74	3	/	$(	$(	$(	$(	$(	$(	_
74	4	ist	VAFIN	VAFIN	VAFIN	VAFIN	VAFIN	VAFIN	_
74	5	sehr	ADV	ADV	ADV	ADV	ADV	ADV	_
74	6	gut	ADJD	ADJD	ADJD	ADJD	ADJD	ADJD	_
74	7	.	$.	$.	$.	$.	$.	$.	_
75	1	item	NN	ADV	ADV	ADV	APPR	ADV	MISMATCH
75	2	Kardobenedictenpulver	NE	NN	NN	NN	NN	NN	MISMATCH
75	3	und	KON	KON	KON	KON	KON	KON	_
75	4	Wermutsaft	NN	NN	NN	NN	NN	NN	_
75	5	untereinander	ADV	ADV	ADV	ADV	ADV	ADV	_
75	6	eingenommen	VVPP	VVPP	VVPP	VVPP	VVPP	VVPP	_
75	7	/	$(	$(	$(	$(	$(	$(	_
75	8	und	KON	KON	KON	KON	KON	KON	_
75	9	darauf	PAV	PAV	PAV	PAV	PAV	PAV	_
75	10	geschwitzt	VVPP	VVPP	VVPP	VVPP	VVPP	VVPP	_
75	11	/	$(	$(	$(	$(	$(	$(	_
75	12	ist	VAFIN	VAFIN	VAFIN	VAFIN	VAFIN	VAFIN	_
75	13	gewiss	ADV	ADJD	ADJD	ADJD	ADJD	ADJD	MISMATCH
75	14	und	KON	KON	KON	KON	KON	KON	_
75	15	bewährt	VVPP	VVPP	ADJD	ADJD	VVPP	VVPP	MISMATCH
75	16	.	$.	$.	$.	$.	$.	$.	_
76	1	absonderlich	ADV	ADJD	ADJD	ADJD	ADJD	ADJD	MISMATCH
76	2	vor	APPR	APPR	APPR	APPR	APPR	APPR	_
76	3	den	ART	ART	ART	ART	ART	ART	_
76	4	auswendigen	ADJA	ADJA	ADJA	ADJA	ADJA	ADJA	_
76	5	Gift	NN	NN	NN	NN	NN	NN	_
76	6	am	APPRART	APPRART	APPRART	APPRART	APPRART	APPRART	_
76	7	Leib	NN	NN	NN	NN	NN	NN	_
76	8	/	$(	$(	$(	$(	$(	$(	_
76	9	als	KOKOM	KOKOM	KOKOM	KOKOM	KOKOM	KOKOM	_
76	10	vor	APPR	APPR	APPR	APPR	APPR	APPR	_
76	11	die	ART	ART	ART	ART	ART	ART	_
76	12	schwarzen	ADJA	ADJA	ADJA	ADJA	ADJA	ADJA	_
76	13	Blattern	NN	NN	NN	NN	NN	NN	_
76	14	/	$(	$(	$(	$(	$(	$(	_
76	15	Beulen	NN	NN	NN	NN	NN	NN	_
76	16	und	KON	KON	KON	KON	KON	KON	_
76	17	Sterbedrüsen	NN	NN	NN	NN	NN	NN	_
76	18	.	$.	$.	$.	$.	$.	$.	_
77	1	Angelica	NE	NE	NE	NE	NE	NE	_
77	2	mit	APPR	APPR	APPR	APPR	APPR	APPR	_
77	3	Gerstenmehl	NN	NN	NN	NN	NN	NN	_
77	4	gesotten	VVPP	VVPP	VVPP	VVPP	VVPP	VVPP	_
77	5	/	$(	$(	$(	$(	$(	$(	_
77	6	zerstoßen	VVPP	VVPP	VVPP	VVPP	VVPP	VVPP	_
77	7	und	KON	KON	KON	KON	KON	KON	_
77	8	pflasterweise	NN	ADJD	VVFIN	ADJD	ADV	ADJA	MISMATCH
77	9	übergelegt	VVPP	VVPP	VVPP	VVPP	VVPP	VVPP	_
77	10	/	$(	$(	$(	$(	$(	$(	_
77	11	weicht	VVFIN	VVFIN	VVFIN	VVFIN	VVPP	VVFIN	MISMATCH
77	12	die	ART	ART	ART	ART	ART	ART	_
77	13	schwarzen	ADJA	ADJA	ADJA	ADJA	ADJA	ADJA	_
77	14	Pocken	NN	NN	NN	NN	NN	NN	_
77	15	auf	APPR	PTKVZ	PTKVZ	APPR	PTKVZ	APPR	MISMATCH
77	16	.	$.	$.	$.	$.	$.	$.	_
77	17	oder	KON	KON	KON	KON	KON	KON	_
77	18	warmes	ADJD	ADJA	ADJA	ADJA	ADJA	ADJA	MISMATCH
77	19	Brot	NN	NN	NN	NN	NN	NN	_
77	20	auf	APPR	APPR	APPR	APPR	APPR	APPR	_
77	21	die	ART	ART	ART	ART	ART	ART	_
77	22	Beulen	NN	NN	NN	NN	NN	NN	_
77	23	gelegt	VVPP	VVPP	VVPP	VVPP	VVPP	VVPP	_
77	24	/	$(	$(	$(	$(	$(	$(	_
77	25	und	KON	KON	KON	KON	KON	KON	_
77	26	hernach	ADV	ADV	ADV	ADV	ADV	ADV	_
77	27	solches	PIAT	PIS	PIAT	PIS	PIS	PIS	MISMATCH
77	28	abgenommen	VVPP	VVPP	VVPP	VVPP	VVPP	VVPP	_
77	29	/	$(	$(	$(	$(	$(	$(	_
77	30	und	KON	KON	KON	KON	KON	KON	_
77	31	vergraben	VVPP	VVFIN	VVFIN	VVPP	VVPP	VVFIN	MISMATCH
77	32	/	$(	$(	$(	$(	$(	$(	_
77	33	heilt	VVFIN	VVFIN	VVFIN	VVFIN	VVPP	VVFIN	MISMATCH
77	34	sie	PPER	PPER	PPER	PPER	PPER	PPER	_
77	35	.	$.	$.	$.	$.	$.	$.	_
78	1	item	NN	VVFIN	ADV	ADV	XY	ADV	MISMATCH
78	2	/	$(	$(	$(	$(	$(	$(	_
78	3	Rettigscheiben	NN	NN	NN	NN	NN	NN	_
78	4	sind	VAFIN	VAFIN	VAFIN	VAFIN	VAFIN	VAFIN	_
78	5	auch	ADV	ADV	ADV	ADV	ADV	ADV	_
78	6	gut	ADJD	ADJD	ADJD	ADJD	ADJD	ADJD	_
78	7	/	$(	$(	$(	$(	$(	$(	_
78	8	aufgelegt	VVPP	ADJD	VVPP	ADJD	VVFIN	ADJD	MISMATCH
78	9	alle	PIAT	PIAT	PIAT	PIAT	PIAT	PIAT	_
78	10	Stunde	NN	NN	NN	NN	NN	NN	_
78	11	eine	ART	ART	ART	ART	ART	ART	_
78	12	neue	ADJA	ADJA	ADJA	ADJA	ADJA	ADJA	_
78	13	/	$(	$(	$(	$(	$(	$(	_
78	14	und	KON	KON	KON	KON	KON	KON	_
78	15	die	ART	ART	ART	ART	ART	ART	_
78	16	alten	ADJA	ADJA	ADJA	ADJA	ADJA	ADJA	_
78	17	vergraben	VVPP	VVFIN	VVINF	VVPP	VVFIN	VVPP	MISMATCH
78	18	/	$(	$(	$(	$(	$(	$(	_
78	19	heilt	VVFIN	VVFIN	VVFIN	VVFIN	VVFIN	VVFIN	_
78	20	sie	PPER	PPER	PPER	PPER	PPER	PPER	_
78	21	.	$.	$.	$.	$.	$.	$.	_
79	1	oder	KON	KON	KON	KON	KON	KON	_
79	2	rühre	VVFIN	VVFIN	VVFIN	VVFIN	ADV	VVFIN	MISMATCH
79	3	den	ART	ART	ART	ART	ART	ART	_
79	4	Dotter	NN	NN	NN	NN	NN	NN	_
79	5	aus	APPR	APPR	APPR	APPR	APPR	APPR	_
79	6	einem	ART	ART	ART	ART	ART	ART	_
79	7	Ei	NN	NN	NN	NN	NN	NN	_
79	8	und	KON	KON	KON	KON	KON	KON	_
79	9	Salz	NN	NN	NN	NN	NN	NN	_
79	10	wohl	ADV	ADV	ADV	ADV	ADV	ADV	_
79	11	durcheinander	APPR	ADV	ADV	ADV	ADV	ADV	MISMATCH
79	12	/	$(	$(	$(	$(	$(	$(	_
79	13	mache	VVFIN	VVFIN	VVFIN	VVFIN	VVIMP	VVFIN	MISMATCH
79	14	ein	ART	ART	ART	ART	ART	ART	_
79	15	Pflaster	NN	NN	NN	NN	NN	NN	_
79	16	daraus	PAV	PAV	PAV	PAV	PAV	PAV	_
79	17	/	$(	$(	$(	$(	$(	$(	_
79	18	und	KON	KON	KON	KON	KON	KON	_
79	19	lege	VVFIN	VVFIN	VVFIN	VVFIN	ADV	VVFIN	MISMATCH
79	20	es	PPER	PPER	PPER	PPER	PPER	PPER	_
79	21	über	APPR	APPR	APPR	APPR	APPR	APPR	_
79	22	den	ART	ART	ART	ART	ART	ART	_
79	23	Schaden	NN	NN	NN	NN	NN	NN	_
79	24	.	$.	$.	$.	$.	$.	$.	_
80	1	item	NN	ADV	ADV	ADV	APPR	ADV	MISMATCH
80	2	Pech	NN	NN	NN	NN	NN	NN	_
80	3	aufgelegt	VVPP	VVPP	VVPP	VVPP	VVPP	VVPP	_
80	4	/	$(	$(	$(	$(	$(	$(	_
80	5	Kindern	NN	NN	NN	NN	NN	NN	_
80	6	legt	VVFIN	VVFIN	VVFIN	VVFIN	VVFIN	VVFIN	_
80	7	man	PIS	PIS	PIS	PIS	PIS	PIS	_
80	8	Sauerteig	NN	NN	NN	NN	NN	NN	_
80	9	und	KON	KON	KON	KON	KON	KON	_
80	10	Terpentin	NN	NN	NN	NN	NN	NN	_
80	11	auf	APPR	PTKVZ	PTKVZ	PTKVZ	PTKVZ	PTKVZ	MISMATCH
80	12	.	$.	$.	$.	$.	$.	$.	_
81	1	ein	ART	ART	ART	ART	ART	ART	_
81	2	gutes	ADJD	ADJA	ADJA	ADJA	ADJA	ADJA	MISMATCH
81	3	Räucherpulver	NN	NN	NN	NN	NN	NN	_
81	4	wider	APPR	APPR	APPR	APPR	APPR	APPR	_
81	5	den	ART	ART	ART	ART	ART	ART	_
81	6	anfallenden	ADJA	ADJA	ADJA	ADJA	ADJA	ADJA	_
81	7	Pestilenzgift	NN	NN	NN	NN	NN	NN	_
81	8	.	$.	$.	$.	$.	$.	$.	_
82	1	nimm	NE	VVIMP	VVIMP	VVIMP	VVIMP	VVIMP	MISMATCH
82	2	zerstoßene	ADJA	ADJA	ADJA	ADJA	VVPP	ADJA	MISMATCH
82	3	Wacholderbeeren	NE	NN	NN	NN	NN	NN	MISMATCH
82	4	/	$(	$(	$(	$(	$(	$(	_
82	5	Wermut	NN	NN	NN	NN	NN	NN	_
82	6	/	$(	$(	$(	$(	$(	$(	_
82	7	eigenes	ADJD	ADJA	ADJA	ADJA	ADJA	ADJA	MISMATCH
82	8	Laubpulver	NN	NN	NN	NN	NN	NN	_
82	9	/	$(	$(	$(	$(	$(	$(	_
82	10	gedörrte	ADJA	ADJA	ADJA	ADJA	ADJA	ADJA	_
82	11	Rauten	NN	NN	NN	NN	NN	NN	_
82	12	/	$(	$(	$(	$(	$(	$(	_
82	13	Lorbeerschalen	NE	NN	NN	NN	NN	NN	MISMATCH
82	14	/	$(	$(	$(	$(	$(	$(	_
82	15	solches	PIAT	PIAT	PIAT	PIS	PIAT	PIAT	MISMATCH
82	16	alles	PIS	PIS	PIS	PIS	PIS	PIS	_
82	17	grob	ADJD	ADJD	ADJD	ADJD	ADJD	ADJD	_
82	18	gestoßen	VVPP	VVPP	VVPP	VVPP	VVPP	VVPP	_
82	19	und	KON	KON	KON	KON	KON	KON	_
82	20	geräuchert	VVPP	VVPP	VVPP	VVPP	VVPP	VVPP	_
82	21	.	$.	$.	$.	$.	$.	$.	_
83	1	Kleider	NN	NN	NN	NN	NN	NN	_
83	2	zu	PTKZU	PTKZU	PTKZU	PTKZU	PTKZU	PTKZU	_
83	3	reinigen	VVINF	VVINF	VVINF	VVINF	VVINF	VVINF	_
83	4	in	APPR	APPR	APPR	APPR	APPR	APPR	_
83	5	Pestzeit	NN	NN	NN	NN	NN	NN	_
83	7	.	$.	$.	$.	$.	$.	$.	_
84	1	mache	VVFIN	VVFIN	VVFIN	VVFIN	VVIMP	VVFIN	MISMATCH
84	2	Ziegel	NN	NN	NN	NN	NN	NN	_
84	3	oder	KON	KON	KON	KON	KON	KON	_
84	4	Steine	NN	NN	NN	NN	NN	NN	_
84	5	heiß	ADJD	ADJD	ADJD	ADJD	ADJD	ADJD	_
84	6	/	$(	$(	$(	$(	$(	$(	_
84	7	gieße	NN	VVFIN	VVFIN	VVFIN	VVPP	VVFIN	MISMATCH
84	8	Essig	NE	NN	NN	NN	NN	NN	MISMATCH
84	9	darauf	PTKVZ	PAV	PAV	PAV	PAV	PAV	MISMATCH
84	10	/	$(	$(	$(	$(	$(	$(	_
84	11	und	KON	KON	KON	KON	KON	KON	_
84	12	halte	VVFIN	VVFIN	VVFIN	VVFIN	VVIMP	VVFIN	MISMATCH
84	13	die	ART	ART	ART	ART	ART	ART	_
84	14	Kleider	NN	NN	NN	NN	NN	NN	_
84	15	darüber	PAV	PAV	PAV	PAV	PAV	PAV	_
84	16	/	$(	$(	$(	$(	$(	$(	_
84	17	dass	KOUS	KOUS	KOUS	KOUS	KOUS	KOUS	_
84	18	sie	PPER	PPER	PPER	PPER	PPER	PPER	_
84	19	beräuchert	VVPP	VVPP	VVPP	VVPP	VVPP	VVPP	_
84	20	werden	VAINF	VAINF	VAINF	VAINF	VAFIN	VAINF	MISMATCH
84	21	.	$.	$.	$.	$.	$.	$.	_
85	1	Häuser	NN	NN	NN	NN	NN	NN	_
85	2	und	KON	KON	KON	KON	KON	KON	_
85	3	Gemach	ADV	NN	NN	NN	NN	NN	MISMATCH
85	4	zu	PTKZU	PTKZU	PTKZU	PTKZU	PTKZU	PTKZU	_
85	5	reinigen	VVINF	VVINF	VVINF	VVINF	VVINF	VVINF	_
85	6	.	$.	$.	$.	$.	$.	$.	_
86	1	mit	APPR	APPR	APPR	APPR	APPR	APPR	_
86	2	Lorbeeren	NN	NN	NN	NN	NN	NN	_
86	3	und	KON	KON	KON	KON	KON	KON	_
86	4	Wermutstängeln	NN	NN	NN	NN	NN	NN	_
86	5	oder	KON	KON	KON	KON	KON	KON	_
86	6	Blättern	NN	NN	NN	NN	NN	NN	_
86	7	/	$(	$(	$(	$(	$(	$(	_
86	8	auch	ADV	ADV	ADV	ADV	ADV	ADV	_
86	9	mit	APPR	APPR	APPR	APPR	APPR	APPR	_
86	10	Wacholder	NN	NN	NN	NN	NN	NN	_
86	11	in	APPR	APPR	APPR	APPR	APPR	APPR	_
86	12	den	ART	ART	ART	ART	ART	ART	_
86	13	Gemachen	NN	NN	NN	NN	NN	NN	_
86	14	und	KON	KON	KON	KON	KON	KON	_
86	15	Häusern	NN	NN	NN	NN	NN	NN	_
86	16	geräuchert	VVPP	VVPP	VVPP	VVPP	VVPP	VVPP	_
86	17	.	$.	$.	$.	$.	$.	$.	_
87	1	wenn	KOUS	KOUS	KOUS	KOUS	KOUS	KOUS	_
87	2	auch	ADV	ADV	ADV	ADV	ADV	ADV	_
87	3	schon	ADV	ADV	ADV	ADV	ADV	ADV	_
87	4	alles	PIS	PIS	PIS	PIS	PIS	PIS	_
87	5	voll	ADJD	ADJD	ADJD	ADJD	APPR	ADJD	MISMATCH
87	6	Gift	NN	NN	NN	NN	NN	NN	_
87	7	angesteckt	VVPP	VVPP	VVPP	VVPP	VVFIN	VVPP	MISMATCH
87	8	wäre	VAFIN	VAFIN	VAFIN	VAFIN	VAFIN	VAFIN	_
87	9	/	$(	$(	$(	$(	$(	$(	_
87	10	so	ADV	ADV	ADV	ADV	ADV	ADV	_
87	11	vertreibt	VVFIN	VVFIN	VVFIN	VVFIN	VVFIN	VVFIN	_
87	12	es	PPER	PPER	PPER	PPER	PPER	PPER	_
87	13	ihn	PPER	PPER	PPER	PPER	PPER	PPER	_
87	14	.	$.	$.	$.	$.	$.	$.	_
88	1	diese	PDAT	PDAT	PDAT	PDAT	PDAT	PDAT	_
88	2	guten	ADJA	ADJA	ADJA	ADJA	ADJA	ADJA	_
88	3	erzählten	VVFIN	ADJA	ADJA	ADJA	VVINF	ADJA	MISMATCH
88	4	Mittel	NN	NN	NN	NN	NN	NN	_
88	5	soll	VMFIN	VMFIN	VMFIN	VMFIN	VMFIN	VMFIN	_
88	6	ihm	PPER	PPER	PPER	PPER	PPER	PPER	_
88	7	ein	ART	ART	ART	ART	ART	ART	_
88	8	jeder	PIAT	PIAT	PIAT	PIAT	PIAT	PIAT	_
88	9	Mensch	NN	NN	NN	NN	NN	NN	_
88	10	nütze	ADJD	NN	ADJD	ADJD	VVINF	VVFIN	MISMATCH
88	11	machen	VVINF	VVINF	VVINF	VVINF	VVINF	VVINF	_
88	12	/	$(	$(	$(	$(	$(	$(	_
88	13	und	KON	KON	KON	KON	KON	KON	_
88	14	ihm	PPER	PPER	PPER	PPER	PPER	PPER	_
88	15	dieses	PDAT	PDAT	PDAT	PDAT	PDAT	PDAT	_
88	16	alles	PIS	PIS	PIS	PIS	PIS	PIS	_
88	17	aus	APPR	APPR	APPR	APPR	APPR	APPR	_
88	18	Wohlmeinung	NN	NN	NN	NN	VVINF	NN	MISMATCH
88	19	gefallen	VVPP	VVPP	VVPP	VVINF	VVINF	VVPP	MISMATCH
88	20	lassen	VVINF	VVINF	VVINF	VVINF	VVINF	VVINF	_
88	21	.	$.	$.	$.	$.	$.	$.	_
89	1	drei	CARD	CARD	CARD	CARD	CARD	CARD	_
89	2	Remedia	NE	NN	NN	NN	NE	NN	MISMATCH
89	3	wider	ADV	APPR	APPR	APPR	APPR	APPR	MISMATCH
89	4	die	ART	ART	ART	ART	ART	ART	_
89	5	Pestilenz	NN	NN	NN	NN	NN	NN	_
89	6	.	$.	$.	$.	$.	$.	$.	_
90	1	das	ART	ART	ART	ART	ART	ART	_
90	2	erste	ADJA	ADJA	ADJA	ADJA	ADJA	ADJA	_
90	3	ist	VAFIN	VAFIN	VAFIN	VAFIN	VAFIN	VAFIN	_
90	4	ein	ART	ART	ART	ART	ART	ART	_
90	5	gutes	ADJD	ADJA	ADJA	ADJA	ADJA	ADJA	MISMATCH
90	6	Präservativ	NN	NN	NN	NN	NN	NN	_
90	7	.	$.	$.	$.	$.	$.	$.	_
91	1	dient	NN	VVFIN	VVFIN	VVFIN	ADJA	VVFIN	MISMATCH
91	2	wider	ADV	APPR	APPR	APPR	APPR	APPR	MISMATCH
91	3	alle	PIAT	PIAT	PIAT	PIAT	PIAT	PIAT	_
91	4	besorgende	ADJA	ADJA	ADJA	ADJA	ADJA	ADJA	_
91	5	giftigen	ADJA	ADJA	ADJA	ADJA	ADJA	ADJA	_
91	6	Infektionen	NN	NN	NN	NN	NN	NN	_
91	7	und	KON	KON	KON	KON	KON	KON	_
91	8	Pestilenzen	NN	NN	NN	NN	NN	NN	_
91	9	/	$(	$(	$(	$(	$(	$(	_
91	10	vermittels	APPR	NN	VVFIN	VVFIN	APPR	VVFIN	MISMATCH
91	11	welches	PRELS	PIS	PIS	PIS	PWS	PIS	MISMATCH
91	12	anno	NN	ADV	NE	ADV	APPR	ADV	MISMATCH
91	13	1534	CARD	ADJA	ADJA	ADJA	CARD	ADJA	MISMATCH
91	14	.	$.	$.	$.	$.	$.	$.	_
91	15	zu	PTKZU	APPR	APPR	APPR	APPR	APPR	MISMATCH
91	16	Venedig	NE	NE	NE	NE	NE	NE	_
91	17	in	APPR	APPR	APPR	APPR	APPR	APPR	_
91	18	Italien	NE	NE	NE	NE	NE	NE	_
91	19	in	APPR	APPR	APPR	APPR	APPR	APPR	_
91	20	dem	ART	ART	ART	ART	ART	ART	_
91	21	großen	ADJA	ADJA	ADJA	ADJA	ADJA	ADJA	_
91	22	Sterben	NN	NN	NN	NN	NN	NN	_
91	23	viele	ADV	PIAT	PIAT	PIAT	PIAT	PIAT	MISMATCH
91	24	tausend	CARD	CARD	CARD	CARD	CARD	CARD	_
91	25	Menschen	NN	NN	NN	NN	NN	NN	_
91	26	durch	APPR	APPR	APPR	APPR	APPR	APPR	_
91	27	Gottes	NN	NN	NN	NN	NN	NN	_
91	28	Gnade	NN	NN	NN	NN	NN	NN	_
91	29	errettet	VVPP	VVPP	VVPP	VVPP	ADJA	VVPP	MISMATCH
91	30	und	KON	KON	KON	KON	KON	KON	_
91	31	erhalten	VVPP	VVPP	VVPP	VVPP	ADJA	VVPP	MISMATCH
91	32	worden	VAPP	VAPP	VAPP	VAPP	VAPP	VAPP	_
91	33	sind	VAFIN	VAFIN	VAFIN	VAFIN	VAFIN	VAFIN	_
91	34	.	$.	$.	$.	$.	$.	$.	_
92	1	des	ART	ART	ART	ART	ART	ART	_
92	2	Jahres	NN	NN	NN	NN	NN	NN	_
92	3	über	APPR	PTKVZ	APPR	APPR	APPO	APPR	MISMATCH
92	4	zur	APPRART	APPRART	APPRART	APPRART	APPRART	APPRART	_
92	5	Not	NN	NN	NN	NN	NN	NN	_
92	6	nur	ADV	ADV	ADV	ADV	ADV	ADV	_
92	7	einmal	ADV	ADV	ADV	ADV	ADV	ADV	_
92	8	zu	PTKZU	PTKZU	PTKZU	PTKZU	PTKZU	PTKZU	_
92	9	gebrauchen	VVINF	VVINF	VVINF	VVINF	VVINF	VVINF	_
92	10	.	$.	$.	$.	$.	$.	$.	_
93	1	℞	NN	XY	XY	XY	$(	XY	MISMATCH
93	2	2.	ADJA	ADJA	ADJA	ADJA	ADJA	ADJA	_
93	3	Lot	NN	NN	NN	NN	NN	NN	_
93	4	Wermut	NN	NN	NN	NN	NN	NN	_
93	5	3.	CARD	ADJA	ADJA	ADJA	ADJA	ADJA	MISMATCH
93	6	Lot	NN	NN	NN	NN	NN	NN	_
93	7	Kreuzsalbei	NN	NN	NN	NN	NN	NN	_
93	8	3.	ADJA	ADJA	ADJA	ADJA	ADJA	ADJA	_
93	9	Lot	NN	NN	NN	NN	NN	NN	_
93	10	Raute	NN	NE	NN	NN	NN	NN	MISMATCH
93	11	.	$.	$.	$.	$.	$.	$.	_
94	1	3.	ADJA	ADJA	ADJA	ADJA	ADJA	ADJA	_
94	2	Lot	NN	NN	NN	NN	NN	NN	_
94	3	Myrrhe	NN	NN	NN	NN	NN	NN	_
94	4	.	$.	$.	$.	$.	$.	$.	_
95	1	diese	PDAT	PDAT	PDAT	PDAT	PDAT	PDAT	_
95	2	Kräuter	NN	NN	NN	NN	NN	NN	_
95	3	/	$(	$(	$(	$(	$(	$(	_
95	4	wann	PWAV	PWAV	PWAV	PWAV	PWAV	PWAV	_
95	5	sie	PPER	PPER	PPER	PPER	PPER	PPER	_
95	6	noch	ADV	ADV	ADV	ADV	ADV	ADV	_
95	7	frisch	ADJD	ADJD	ADJD	ADJD	ADJD	ADJD	_
95	8	und	KON	KON	KON	KON	KON	KON	_
95	9	grün	ADJD	ADJD	ADJD	ADJD	ADJD	ADJD	_
95	10	sind	VAFIN	VAFIN	VAFIN	VAFIN	VAFIN	VAFIN	_
95	11	/	$(	$(	$(	$(	$(	$(	_
95	12	wasche	VVFIN	VVFIN	VVFIN	VVFIN	ADV	VVFIN	MISMATCH
95	13	in	APPR	APPR	APPR	APPR	APPR	APPR	_
95	14	einem	ART	ART	ART	ART	ART	ART	_
95	15	Wasser	NN	NN	NN	NN	NN	NN	_
95	16	fein	VAINF	ADJD	ADJD	ADJD	ADJD	ADJD	MISMATCH
95	17	sauber	ADJD	ADJD	ADJD	ADJD	ADJD	ADJD	_
95	18	ab	PTKVZ	PTKVZ	PTKVZ	PTKVZ	PTKVZ	PTKVZ	_
95	19	/	$(	$(	$(	$(	$(	$(	_
95	20	zerstoße	VVFIN	ADJA	VVFIN	VVFIN	ADV	VVFIN	MISMATCH
95	21	sie	PPER	PPER	PPER	PPER	PPER	PPER	_
95	22	alsdann	ADV	ADJD	VVFIN	ADJD	ADV	ADJD	MISMATCH
95	23	in	APPR	APPR	APPR	APPR	APPR	APPR	_
95	24	einen	ART	ART	ART	ART	ART	ART	_
95	25	Mörser	NN	NN	NN	NN	NN	NN	_
95	26	miteinander	ADV	ADV	ADV	ADV	ADV	ADV	_
95	27	/	$(	$(	$(	$(	$(	$(	_
95	28	dass	KOUS	KOUS	KOUS	KOUS	KOUS	KOUS	_
95	29	es	PPER	PPER	PPER	PPER	PPER	PPER	_
95	30	Saft	NN	NN	NN	NN	NN	NN	_
95	31	gebe	VVFIN	VVFIN	VVFIN	VVFIN	VVFIN	VVFIN	_
95	32	/	$(	$(	$(	$(	$(	$(	_
95	33	nimm	NE	VVIMP	VVIMP	VVIMP	VVIMP	VVIMP	MISMATCH
95	34	darnach	PAV	ADV	ADV	ADV	PAV	ADV	MISMATCH
95	35	ein	ART	ART	ART	ART	ART	ART	_
95	36	Nössel	NN	NN	NN	NN	NN	NN	_
95	37	des	ART	ART	ART	ART	ART	ART	_
95	38	besten	ADJA	ADJA	ADJA	ADJA	ADJA	ADJA	_
95	39	Weinessigs	NN	NN	NN	NN	NN	NN	_
95	40	/	$(	$(	$(	$(	$(	$(	_
95	41	gieße	NN	VVFIN	VVFIN	VVFIN	ADV	VVFIN	MISMATCH
95	42	solches	PIAT	PIAT	PIS	PIS	PIS	PIS	MISMATCH
95	43	drunter	PAV	PAV	PAV	PAV	PAV	PAV	_
95	44	/	$(	$(	$(	$(	$(	$(	_
95	45	und	KON	KON	KON	KON	KON	KON	_
95	46	lasse	VVFIN	VVFIN	VVFIN	VVFIN	VVFIN	VVFIN	_
95	47	so	ADV	ADV	ADV	ADV	ADV	ADV	_
95	48	dann	ADV	ADV	ADV	ADV	ADV	ADV	_
95	49	die	ART	ART	ART	ART	ART	ART	_
95	50	Materie	NN	NN	NN	NN	NN	NN	_
95	51	zusammen	ADV	ADV	ADV	ADV	ADV	ADV	_
95	52	eine	ART	ART	ART	ART	ART	ART	_
95	53	Nacht	NN	NN	NN	NN	NN	NN	_
95	54	in	APPR	APPR	APPR	APPR	APPR	APPR	_
95	55	den	ART	ART	ART	ART	ART	ART	_
95	56	Mörser	NN	NN	NN	NN	NN	NN	_
95	57	wohl	ADV	ADV	ADV	ADV	ADV	ADV	_
95	58	zugedeckt	VVPP	VVPP	VVPP	VVPP	VVPP	VVPP	_
95	59	und	KON	KON	KON	KON	KON	KON	_
95	60	verkleibt	VVFIN	VVFIN	VVFIN	VVPP	ADJD	VVFIN	MISMATCH
95	61	stehen	VVFIN	VVFIN	VVFIN	VVFIN	ADV	VVFIN	MISMATCH
95	62	/	$(	$(	$(	$(	$(	$(	_
95	63	nächsten	ADJA	ADJA	ADJA	ADJA	ADJA	ADJA	_
95	64	Morgens	ADV	NN	NN	NN	ADV	NN	MISMATCH
95	65	aber	ADV	ADV	KON	ADV	ADV	NN	MISMATCH
95	66	seihe	ADJA	VVFIN	VVFIN	VVFIN	ADV	NN	MISMATCH
95	67	alles	PIS	PIS	PIS	PIS	PIS	PIS	_
95	68	ab	PTKVZ	PTKVZ	ADV	ADV	PTKVZ	PTKVZ	MISMATCH
95	69	in	APPR	APPR	APPR	APPR	APPR	APPR	_
95	70	einen	ART	ART	ART	ART	ART	ART	_
95	71	neuen	ADJA	ADJA	ADJA	ADJA	ADJA	ADJA	_
95	72	verglasuren	VVFIN	ADJA	NN	NN	ADJA	ADJA	MISMATCH
95	73	und	KON	KON	KON	KON	KON	KON	_
95	74	zuvor	ADV	ADV	ADV	ADV	ADV	ADV	_
95	75	wohl	ADV	ADV	ADV	ADV	ADV	ADV	_
95	76	ausgebrühten	ADJA	ADJA	ADJA	ADJA	ADV	ADJA	MISMATCH
95	77	Hafen	NN	NN	NN	NN	NN	NN	_
95	78	oder	KON	KON	KON	KON	KON	KON	_
95	79	Topf	NN	NN	NN	NN	NN	NN	_
95	80	.	$.	$.	$.	$.	$.	$.	_
96	1	tue	VVFIN	VVFIN	VVFIN	VVFIN	VVIMP	VVFIN	MISMATCH
96	2	darnach	PAV	ADV	ADV	ADV	VVFIN	ADV	MISMATCH
96	3	hierzu	PAV	PAV	PAV	PAV	PAV	PAV	_
96	4	ferner	ADV	ADJD	ADJD	ADJD	ADV	ADJD	MISMATCH
96	5	:	$.	$.	$(	$.	$.	$.	MISMATCH
96	6	2	CARD	CARD	CARD	CARD	CARD	CARD	_
96	7	Lot	NN	NN	NN	NN	NN	NN	_
96	8	Oelsnitzwurzel	NE	NN	NN	NN	NN	NN	MISMATCH
96	9	/	$(	$(	$(	$(	$(	$(	_
96	10	so	ADV	ADV	ADV	ADV	ADV	ADV	_
96	11	zuvor	ADV	ADV	ADV	ADV	ADV	ADV	_
96	12	pulverisiert	VVPP	VVPP	VVPP	ADJD	VVFIN	VVPP	MISMATCH
96	13	worden	VAPP	VAPP	VAPP	VAPP	VAPP	VAPP	_
96	14	/	$(	$(	$(	$(	$(	$(	_
96	15	und	KON	KON	KON	KON	KON	KON	_
96	16	so	ADV	ADV	ADV	ADV	ADV	ADV	_
96	17	dann	ADV	ADV	ADV	ADV	ADV	ADV	_
96	18	siede	VVFIN	VVFIN	VVFIN	VVFIN	VVFIN	NN	MISMATCH
96	19	*	XY	$(	$(	$(	$(	XY	MISMATCH
96	20	den	ART	ART	ART	ART	ART	ART	_
96	21	Saft	NN	NN	NN	NN	NN	NN	_
96	22	damit	PAV	PAV	PAV	PAV	PAV	PAV	_
96	23	in	APPR	APPR	APPR	APPR	APPR	APPR	_
96	24	dem	ART	ART	ART	ART	ART	ART	_
96	25	verglasurten	VVFIN	VVPP	ADJA	ADJA	ADJA	ADJA	MISMATCH
96	26	und	KON	KON	KON	KON	KON	KON	_
96	27	mit	APPR	APPR	APPR	APPR	APPR	APPR	_
96	28	Ton	NN	NN	NN	NN	NN	NN	_
96	29	wohl	ADV	ADV	ADV	ADV	ADV	ADV	_
96	30	verkleibten	VVFIN	ADJA	ADJA	ADJA	VVFIN	ADJA	MISMATCH
96	31	Topf	NN	NN	NN	NN	NN	NN	_
96	32	/	$(	$(	$(	$(	$(	$(	_
96	33	dass	KOUS	KOUS	KOUS	KOUS	KOUS	KOUS	_
96	34	es	PPER	PPER	PPER	PPER	PPER	PPER	_
96	35	nicht	PTKNEG	PTKNEG	PTKNEG	PTKNEG	PTKNEG	PTKNEG	_
96	36	verrieche	VVFIN	VVFIN	VVFIN	VVFIN	VVFIN	VVFIN	_
96	37	/	$(	$(	$(	$(	$(	$(	_
96	38	noch	ADV	ADV	ADV	ADV	KON	ADV	MISMATCH
96	39	der	ART	ART	ART	ART	ART	ART	_
96	40	Brasen	NN	NN	NN	NN	NN	NN	_
96	41	heraus	PTKVZ	ADV	ADV	ADV	APZR	PTKVZ	MISMATCH
96	42	gehe	VVFIN	VVFIN	VVFIN	VVFIN	VVFIN	VVFIN	_
96	43	/	$(	$(	$(	$(	$(	$(	_
96	44	nachgehends	VVPP	ADV	VVFIN	ADJD	VVFIN	ADV	MISMATCH
96	45	tue	VVFIN	VVFIN	VVFIN	VVFIN	VVFIN	VVFIN	_
96	46	ihn	PPER	PPER	PPER	PPER	PPER	PPER	_
96	47	von	APPR	APPR	APPR	APPR	APPR	APPR	_
96	48	den	ART	ART	ART	ART	ART	ART	_
96	49	Feuer	NN	NN	NN	NN	NN	NN	_
96	50	/	$(	$(	$(	$(	$(	$(	_
96	51	lasse	VVFIN	VVFIN	VVFIN	VVFIN	VVIMP	VVFIN	MISMATCH
96	52	ihn	PPER	PPER	PPER	PPER	PPER	PPER	_
96	53	eine	ART	ART	ART	ART	ART	ART	_
96	54	Nacht	NN	NN	NN	NN	NN	NN	_
96	55	also	ADV	ADV	ADV	ADV	ADV	ADV	_
96	56	verkleibt	VVFIN	VVFIN	ADJD	ADJD	VVFIN	VVFIN	MISMATCH
96	57	stehen	VVFIN	VVFIN	VVFIN	VVFIN	VVFIN	VVFIN	_
96	58	/	$(	$(	$(	$(	$(	$(	_
96	59	bis	VVFIN	APPR	APPR	KOUS	KOUS	APPR	MISMATCH
96	60	die	ART	ART	ART	ART	ART	ART	_
96	61	Materie	NN	NN	NN	NN	NN	NN	_
96	62	erkühlt	NE	VVPP	VVFIN	VVPP	VVFIN	VVPP	MISMATCH
96	63	/	$(	$(	$(	$(	$(	$(	_
96	64	des	ART	ART	ART	ART	ART	ART	_
96	65	anderen	ADJA	PIAT	PIAT	PIS	ADJA	PIAT	MISMATCH
96	66	Morgens	ADV	NN	NN	NN	NN	NN	MISMATCH
96	67	seihe	ADJA	VVFIN	VVFIN	VVFIN	VAFIN	NN	MISMATCH
96	68	solche	PIAT	PIS	PIS	PIS	PIS	PIS	MISMATCH
96	69	durch	APPR	APPR	APPR	APPR	APPR	APPR	_
96	70	ein	ART	ART	ART	ART	ART	ART	_
96	71	rein	ADJD	ADV	ADV	ADV	ADJA	ADV	MISMATCH
96	72	Tüchlein	NN	NN	NN	NN	NN	NN	_
96	73	ab	PTKVZ	ADV	ADV	ADV	PTKVZ	PTKVZ	MISMATCH
96	74	in	APPR	APPR	APPR	APPR	APPR	APPR	_
96	75	ein	ART	ART	ART	ART	ART	ART	_
96	76	Glas	NN	NN	NN	NN	NN	NN	_
96	77	so	ADV	ADV	ADV	ADV	ADV	ADV	_
96	78	ist	VVINF	VAFIN	VAFIN	VAFIN	VAFIN	VAFIN	MISMATCH
96	79	es	PPER	PPER	PPER	PPER	PPER	PPER	_
96	80	gut	ADJD	ADJD	ADJD	ADJD	ADJD	ADJD	_
96	81	/	$(	$(	$(	$(	$(	$(	_
96	82	und	KON	KON	KON	KON	KON	KON	_
96	83	zum	APPRART	APPRART	APPRART	APPRART	APPRART	APPRART	_
96	84	heilsamen	ADJA	ADJA	ADJA	ADJA	VVFIN	ADJA	MISMATCH
96	85	Gebrauch	NN	NN	NN	NN	NN	NN	_
96	86	ganz	ADV	ADV	ADV	ADV	ADV	ADV	_
96	87	fertig	ADJD	ADJD	ADJD	ADJD	ADJD	ADJD	_
96	88	.	$.	$.	$.	$.	$.	$.	_
97	1	hiervon	PAV	PAV	PAV	PAV	ADV	PAV	MISMATCH
97	2	nun	ADV	ADV	ADV	ADV	ADV	ADV	_
97	3	trinke	VVIMP	VVFIN	VVFIN	VVFIN	ADV	VVFIN	MISMATCH
97	4	4.	ADJA	ADJA	ADJA	ADJA	ADJA	ADJA	_
97	5	Morgen	NN	NN	NN	NN	NN	NN	_
97	6	nacheinander[53]	APPR	ADV	ADV	ADV	ADV	ADV	MISMATCH
97	7	nacheinander[53]	ADV	ADV	ADV	ADV	ADV	ADV	_
97	8	jedesmal	ADV	ADV	ADV	ADV	ADV	ADV	_
97	9	einen	ART	ART	ART	ART	ART	ART	_
97	10	Löffel	NN	NN	NN	NN	NN	NN	_
97	11	voll	ADJD	ADJD	ADJD	ADJD	ADV	ADJD	MISMATCH
97	12	mit	APPR	APPR	APPR	APPR	APPR	APPR	_
97	13	guten	ADJA	ADJA	ADJA	ADJA	ADJA	ADJA	_
97	14	Benedischen	NE	NE	NN	NN	ADJA	NN	MISMATCH
97	15	Theriak	NN	NN	NN	NN	NN	NN	_
97	16	einer	ART	ART	ART	ART	ART	ART	_
97	17	Erbsen	NN	NN	NN	NN	NN	NN	_
97	18	groß	ADJD	ADJD	ADJD	ADJD	ADJD	ADJD	_
97	19	darin	PAV	PAV	PAV	PAV	PAV	PAV	_
97	20	zerrührt	VVFIN	VVPP	VVPP	VVPP	ADV	VVPP	MISMATCH
97	21	/	$(	$(	$(	$(	$(	$(	_
97	22	und	KON	KON	KON	KON	KON	KON	_
97	23	zwar	ADV	ADV	ADV	ADV	ADV	ADV	_
97	24	darfst	VVFIN	VMFIN	VMFIN	VMFIN	VMFIN	VMFIN	MISMATCH
97	25	du	PPER	PPER	PPER	PPER	PPER	PPER	_
97	26	solches	PIAT	PIAT	PIAT	PIS	PIS	PIAT	MISMATCH
97	27	jährlich	ADJA	ADJD	ADJD	ADJD	ADJD	ADJD	MISMATCH
97	28	zu	PTKZU	APPR	APPR	APPR	APPR	APPR	MISMATCH
97	29	solchen	PIAT	PIAT	PIAT	PIAT	PIAT	PIAT	_
97	30	gefährlichen	ADJA	ADJA	ADJA	ADJA	ADJA	ADJA	_
97	31	Zeiten	NN	NN	NN	NN	NN	NN	_
97	32	nur	ADV	ADV	ADV	ADV	ADV	ADV	_
97	33	einmal	ADV	ADV	ADV	ADV	ADV	ADV	_
97	34	tun	VVINF	VVINF	VVINF	VVINF	ADV	VVINF	MISMATCH
97	35	/	$(	$(	$(	$(	$(	$(	_
97	36	so	ADV	ADV	ADV	ADV	ADV	ADV	_
97	38	bist	VVFIN	VAFIN	VAFIN	VAFIN	VAFIN	VAFIN	MISMATCH
97	39	du	PPER	PPER	PPER	PPER	PPER	PPER	_
97	40	ein	ART	ART	ART	ART	ART	ART	_
97	41	ganzes	ADV	ADJA	ADJA	ADJA	ADJA	ADJA	MISMATCH
97	42	Jahr	NN	NN	NN	NN	NN	NN	_
97	43	frei	ADJD	ADJD	ADJD	ADJD	ADJD	ADJD	_
97	44	von	APPR	APPR	APPR	APPR	APPR	APPR	_
97	45	der	ART	ART	ART	ART	ART	ART	_
97	46	Pest	NN	NN	NN	NN	NN	NN	_
97	47	/	$(	$(	$(	$(	$(	$(	_
97	48	und	KON	KON	KON	KON	KON	KON	_
97	49	allen	PIAT	PIAT	PIAT	PIAT	PIAT	PIAT	_
97	50	anderen	ADJA	PIS	PIS	PIS	ADJA	PIS	MISMATCH
97	51	ansteckenden	ADJA	ADJA	ADJA	ADJA	ADJA	ADJA	_
97	52	giftigen	ADJA	ADJA	ADJA	ADJA	ADJA	ADJA	_
97	53	Krankheiten	NN	NN	NN	NN	NN	NN	_
97	54	.	$.	$.	$.	$.	$.	$.	_
98	1	wäre	VAFIN	VAFIN	VAFIN	VAFIN	VAFIN	VAFIN	_
98	2	aber	ADV	ADV	ADV	ADV	ADV	ADV	_
98	3	ein	ART	ART	ART	ART	ART	ART	_
98	4	Mensch	NN	NN	NN	NN	NN	NN	_
98	5	/	$(	$(	$(	$(	$(	$(	_
98	6	er	PPER	PPER	PPER	PPER	PPER	PPER	_
98	7	sei	VAFIN	VAFIN	VAFIN	VAFIN	VAFIN	VAFIN	_
98	8	jung	ADJD	ADJD	ADJD	ADJD	ADJD	ADJD	_
98	9	oder	KON	KON	KON	KON	KON	KON	_
98	10	alt	ADJD	ADJD	ADJD	ADJD	ADJD	ADJD	_
98	11	/	$(	$(	$(	$(	$(	$(	_
98	12	bereits	ADV	ADV	ADV	ADV	ADV	ADV	_
98	13	von	APPR	APPR	APPR	APPR	APPR	APPR	_
98	14	der	ART	ART	ART	ART	ART	ART	_
98	15	Pest	NN	NN	NN	NN	NN	NN	_
98	16	oder	KON	KON	KON	KON	KON	KON	_
98	17	sonst	ADV	ADV	ADV	ADV	ADV	ADV	_
98	18	einer	ART	ART	ART	ART	ART	ART	_
98	19	anderen	ADJA	PIS	PIAT	PIS	ADJA	PIAT	MISMATCH
98	20	hitzigen	ADJA	ADJA	ADJA	ADJA	ADJA	ADJA	_
98	21	und	KON	KON	KON	KON	KON	KON	_
98	22	giftigen	ADJA	ADJA	ADJA	ADJA	ADJD	ADJA	MISMATCH
98	23	Krankheit	NN	NN	NN	NN	NN	NN	_
98	24	beladen	VVPP	VVPP	VVPP	VVPP	ADJD	VVPP	MISMATCH
98	25	und	KON	KON	KON	KON	KON	KON	_
98	26	litt	VVFIN	VVFIN	VVFIN	VVFIN	ADJD	VVFIN	MISMATCH
98	27	deswegen	PAV	PAV	PAV	PAV	PAV	PAV	_
98	28	gefährlichen	ADJA	ADJA	ADJA	ADJA	ADJA	ADJA	_
98	29	Anstoß	NN	NN	NN	NN	NN	NN	_
98	30	/	$(	$(	$(	$(	$(	$(	_
98	31	der	ART	PRELS	PRELS	PDS	PDS	PRELS	MISMATCH
98	32	nehme	VVFIN	VVFIN	VVFIN	VVFIN	ADJD	VVFIN	MISMATCH
98	33	so	ADV	ADV	ADV	ADV	ADV	ADV	_
98	34	balden	ADV	ADJA	ADJA	ADJA	ADJA	ADJA	MISMATCH
98	35	4.	ADJA	ADJA	ADJA	ADJA	ADJA	ADJA	_
98	36	Morgen	NN	NN	NN	NN	NN	NN	_
98	37	nacheinander[54]	APPR	ADV	ADV	ADV	ADV	ADV	MISMATCH
98	38	nacheinander[54]	ADV	ADV	ADV	ADV	ADV	ADV	_
98	39	/	$(	$(	$(	$(	$(	$(	_
98	40	jeden	PIAT	PIAT	PIAT	PIAT	PIAT	PIAT	_
98	41	Morgen	NN	NN	NN	NN	NN	NN	_
98	42	4.	ADJA	ADJA	ADJA	ADJA	ADJA	ADJA	_
98	43	Löffel	NN	NN	NN	NN	NN	NN	_
98	44	voll	ADJD	ADJD	ADJD	ADJD	ADJD	ADJD	_
98	45	/	$(	$(	$(	$(	$(	$(	_
98	46	und	KON	KON	KON	KON	KON	KON	_
98	47	auch	ADV	ADV	ADV	ADV	ADV	ADV	_
98	48	jedesmal	ADV	ADV	ADV	ADV	ADJD	ADV	MISMATCH
98	49	so	ADV	ADV	ADV	ADV	ADV	ADV	_
98	50	viel	ADV	PIAT	PIAT	PIAT	PIAT	PIAT	MISMATCH
98	51	Theriak	NN	NN	NN	NN	NN	NN	_
98	52	als	KOKOM	KOKOM	KOKOM	KOKOM	KOKOM	KOKOM	_
98	53	4.	CARD	ADJA	ADJA	ADJA	ADJA	ADJA	MISMATCH
98	54	Erbsen	NN	NN	NN	NN	NN	NN	_
98	55	groß	ADJD	ADJD	ADJD	ADJD	ADJD	ADJD	_
98	56	sein	VAINF	VAINF	VAINF	VAINF	VAINF	VAINF	_
98	57	mögen	VMFIN	VMFIN	VMFIN	VMFIN	VMFIN	VMFIN	_
98	58	/	$(	$(	$(	$(	$(	$(	_
98	59	von	APPR	APPR	APPR	APPR	APPR	APPR	_
98	60	diesem	PDAT	PDAT	PDAT	PDAT	PDAT	PDAT	_
98	61	präparierten	ADJA	ADJA	ADJA	ADJA	ADJA	ADJA	_
98	62	Saft	NN	NN	NN	NN	NN	NN	_
98	63	oder	KON	KON	KON	KON	KON	KON	_
98	64	Präservativ	NN	NN	NN	NN	NN	NN	_
98	65	zu	PTKZU	APPR	APPR	APPR	APPR	APPR	MISMATCH
98	66	sich	PRF	PRF	PRF	PRF	PRF	PRF	_
98	67	/	$(	$(	$(	$(	$(	$(	_
98	68	jedoch	ADV	ADV	ADV	ADV	ADV	ADV	_
98	69	in	APPR	APPR	APPR	APPR	APPR	APPR	_
98	70	einen	ART	ART	ART	ART	ART	ART	_
98	71	silbernen	ADJD	ADJA	ADJA	ADJA	ADJA	ADJA	MISMATCH
98	72	oder	KON	KON	KON	KON	KON	KON	_
98	73	zinnernen	ADJD	ADJA	ADJA	ADJA	ADJA	ADJA	MISMATCH
98	74	Löffel	NN	NN	NN	NN	NN	NN	_
98	75	/	$(	$(	$(	$(	$(	$(	_
98	76	lege	VVFIN	VVFIN	VVFIN	VVFIN	ADJD	VVFIN	MISMATCH
98	77	sich	PRF	PRF	PRF	PRF	PRF	PRF	_
98	78	darauf	PAV	PAV	PAV	PAV	PAV	PAV	_
98	79	nieder	PTKVZ	PTKVZ	PTKVZ	PTKVZ	PTKVZ	PTKVZ	_
98	80	und	KON	KON	KON	KON	KON	KON	_
98	81	schwitze	VVFIN	VVFIN	VVFIN	VVFIN	ADJD	VVFIN	MISMATCH
98	82	wohl	ADV	ADV	ADV	ADV	ADV	ADV	_
98	83	(	$(	$(	$(	$(	$(	$(	_
98	84	jedoch	ADV	ADV	ADV	ADV	ADV	ADV	_
98	85	fastend	VVPP	ADJD	ADJD	ADJD	ADJD	ADJD	MISMATCH
98	86	und	KON	KON	KON	KON	KON	KON	_
98	87	unschlafend	ADJD	ADJD	ADJD	ADJD	ADJD	ADJD	_
98	88	)	$(	$(	$(	$(	$(	$(	_
98	89	4.	ADJA	ADJA	ADJA	ADJA	ADJA	ADJA	_
98	90	Stunden	NN	NN	NN	NN	NN	NN	_
98	91	lang	ADJD	ADJD	ADJD	ADJD	ADJD	ADJD	_
98	92	.	$.	$.	$.	ADV	$.	$.	MISMATCH
98	93	nach	APPR	APPR	APPR	APPR	APPR	APPR	_
98	94	Verfließung	NN	NN	NN	NN	NN	NN	_
98	95	solcher	PIAT	PIAT	PIAT	PIAT	PIAT	PIAT	_
98	96	Zeit	NN	NN	NN	NN	NN	NN	_
98	97	truckne	VVFIN	VVFIN	VVFIN	VVFIN	ADJD	VVFIN	MISMATCH
98	98	er	PPER	PPER	PPER	PPER	PPER	PPER	_
98	99	den	ART	ART	ART	ART	ART	ART	_
98	100	Schweiß	NN	NN	NN	NN	NN	NN	_
98	101	wohl	ADV	ADV	ADV	ADV	ADV	ADV	_
98	102	von	APPR	APPR	APPR	APPR	APPR	APPR	_
98	103	seinem	PPOSAT	PPOSAT	PPOSAT	PPOSAT	PPOSAT	PPOSAT	_
98	104	Leib	NN	NN	NN	NN	NN	NN	_
98	105	/	$(	$(	$(	$(	$(	$(	_
98	106	und	KON	KON	KON	KON	KON	KON	_
98	107	ziehe	VVFIN	VVFIN	VVFIN	VVFIN	VVFIN	VVFIN	_
98	108	so	ADV	ADV	ADV	ADV	ADV	ADV	_
98	109	dann	ADV	ADV	ADV	ADV	ADV	ADV	_
98	110	ein	ART	ART	ART	ART	ART	ART	_
98	111	weißes	ADJA	ADJA	ADJA	ADJA	ADJA	ADJA	_
98	112	mit	APPR	APPR	APPR	APPR	APPR	APPR	_
98	113	guten	ADJA	ADJA	ADJA	ADJA	ADJA	ADJA	_
98	114	Rauchwerk	NN	NN	NN	NN	NN	NN	_
98	115	durchaus	ADV	ADV	ADV	ADV	ADV	ADV	_
98	116	geräuchertes	ADJA	ADJA	ADJA	ADJA	ADJA	ADJA	_
98	117	Hemd	NN	NN	NN	NN	NN	NN	_
98	118	an	APPR	PTKVZ	PTKVZ	PTKVZ	PTKVZ	PTKVZ	MISMATCH
98	119	/	$(	$(	$(	$(	$(	$(	_
98	120	und	KON	KON	KON	KON	KON	KON	_
98	121	lasse	VVFIN	VVFIN	VVFIN	VVFIN	VVFIN	VVFIN	_
98	122	sich	PRF	PRF	PRF	PRF	PRF	PRF	_
98	123	endlich	ADV	ADV	ADV	ADV	ADV	ADV	_
98	124	im	APPRART	APPRART	APPRART	APPRART	APPRART	APPRART	_
98	125	Namen	NN	NN	NN	NN	NN	NN	_
98	126	Gottes	NN	NN	NN	NN	NN	NN	_
98	127	darauf	PAV	PAV	PAV	PAV	PAV	PAV	_
98	128	die	ART	ART	ART	ART	ART	ART	_
98	129	Medianader	NE	NN	NN	NN	NN	NN	MISMATCH
98	130	schlagen	VVFIN	VVINF	VVINF	VVINF	ADJD	VVINF	MISMATCH
98	131	/	$(	$(	$(	$(	$(	$(	_
98	132	so	ADV	ADV	ADV	ADV	ADV	ADV	_
98	133	wird	VAFIN	VAFIN	VAFIN	VAFIN	VAFIN	VAFIN	_
98	134	/	$(	$(	$(	$(	$(	$(	_
98	135	ob	KOUS	KOUS	KOUS	KOUS	KOUS	KOUS	_
98	136	Gott	NN	NN	NN	NN	NN	NN	_
98	137	will	VMFIN	VMFIN	VMFIN	VMFIN	VMFIN	VMFIN	_
98	138	den	ART	ART	ART	ART	ART	ART	_
98	139	Patienten	NN	NN	NN	NN	NN	NN	_
98	140	ganz	ADV	ADV	ADV	ADV	ADV	ADV	_
98	141	geholfen	VVPP	VVPP	VVPP	VVPP	ADJD	VVPP	MISMATCH
98	142	sein	VAINF	VAINF	VAINF	VAINF	VAINF	VAINF	_
98	143	.	$.	$.	$.	$.	$.	$.	_
99	1	*	XY	$(	NN	$(	XY	XY	MISMATCH
99	2	wann	PWAV	PWAV	PWAV	PWAV	PWAV	PWAV	_
99	3	der	ART	ART	ART	ART	ART	ART	_
99	4	Saft	NN	NN	NN	NN	NN	NN	_
99	5	gesotten	VVPP	VVPP	VVPP	VVPP	VVPP	VVPP	_
99	6	werden	VAINF	VAINF	VAINF	VAINF	VAINF	VAINF	_
99	7	soll	VMFIN	VMFIN	VMFIN	VMFIN	VMFIN	VMFIN	_
99	8	mit	APPR	APPR	APPR	APPR	APPR	APPR	_
99	9	der	ART	ART	ART	ART	ART	ART	_
99	10	pulverisierten	VVFIN	ADJA	ADJA	ADJA	ADJA	ADJA	MISMATCH
99	11	Oelsnitzwurzel	NE	NN	NN	NN	NN	NN	MISMATCH
99	12	/	$(	$(	$(	$(	$(	$(	_
99	13	so	ADV	ADV	ADV	ADV	ADV	ADV	_
99	14	must	VAFIN	VMFIN	VMFIN	VMFIN	VMFIN	VMFIN	MISMATCH
99	15	u	PPER	KON	NN	NN	PPER	APPR	MISMATCH
99	16	solchen	PIAT	PIS	PIAT	PIS	PIS	PIAT	MISMATCH
99	17	nur	PPER	ADV	ADV	ADV	ADV	ADV	MISMATCH
99	18	halb	ADJD	ADJD	ADJD	ADJD	ADJD	ADJD	_
99	19	einsieden	VVINF	VVFIN	VVFIN	VVFIN	VVPP	VVINF	MISMATCH
99	20	lassen	VVINF	VVINF	VVINF	VVINF	VVINF	VVINF	_
99	21	/	$(	$(	$(	$(	$(	$(	_
99	22	welches	PRELS	PWS	PWS	PWS	PWS	PWS	MISMATCH
99	23	zu	XY	PTKZU	PTKZU	PTKA	PTKZU	PTKZU	MISMATCH
99	24	erfahren	XY	VVINF	VVINF	VVINF	VVINF	VVINF	MISMATCH
99	25	also	ADV	ADV	ADV	ADV	ADV	ADV	_
99	26	muss	VMFIN	VMFIN	VMFIN	VMFIN	VMFIN	VMFIN	_
99	27	verfahren	VVINF	VVPP	VVPP	VVPP	VVPP	VVPP	MISMATCH
99	28	werden	VAINF	VAINF	VAINF	VAINF	VAINF	VAINF	_
99	29	:	$.	$.	$(	$(	$.	$.	MISMATCH
99	30	nimm	VVIMP	VVIMP	VVIMP	VVIMP	VVIMP	VVIMP	_
99	31	2.	ADJA	ADJA	ADJA	ADJA	ADJA	ADJA	_
99	32	Stürzen	VVINF	NN	NN	NN	NN	NN	MISMATCH
99	33	oder	KON	KON	KON	KON	KON	KON	_
99	34	Deckel	NN	NN	NN	NN	NN	NN	_
99	35	/	$(	$(	$(	$(	$(	$(	_
99	36	lege	VVFIN	VVFIN	VVFIN	VVFIN	VVPP	VVFIN	MISMATCH
99	37	eine	ART	ART	ART	ART	PIS	PIS	MISMATCH
99	38	inwärts	ADV	ADV	ADV	ADV	ADV	ADV	_
99	39	auf	APPR	APPR	APPR	APPR	APPR	APPR	_
99	40	den	ART	ART	ART	ART	ART	ART	_
99	41	Topf	NN	NN	NN	NN	NN	NN	_
99	42	/	$(	$(	$(	$(	$(	$(	_
99	43	bohre	VVFIN	VVFIN	VVFIN	VVFIN	VVPP	VVFIN	MISMATCH
99	44	ein	ART	ART	ART	ART	ART	ART	_
99	45	Löchlein	NN	NN	NN	NN	NN	NN	_
99	46	in	APPR	APPR	APPR	APPR	APPR	APPR	_
99	47	die	ART	ART	ART	ART	ART	ART	_
99	48	Stürze	NN	NN	NN	NN	NN	NN	_
99	49	/	$(	$(	$(	$(	$(	$(	_
99	50	durch	APPR	APPR	APPR	APPR	APPR	APPR	_
99	51	welches	PRELS	PRELS	PIS	PRELS	PRELS	PRELS	MISMATCH
99	52	du	PPER	PPER	PPER	PPER	PPER	PPER	_
99	53	vermittelst	APPR	NN	VVFIN	VVFIN	APPR	VVFIN	MISMATCH
99	54	eines	ART	ART	ART	ART	ART	ART	_
99	55	herein	PTKVZ	ADV	ADV	ADV	ADV	ADV	MISMATCH
99	56	gesteckten	VVINF	ADJA	ADJA	ADJA	ADJA	ADJA	MISMATCH
99	57	Hoͤltzlein	NN	NN	NN	XY	$(	XY	MISMATCH
99	58	die	ART	ART	ART	ART	ART	ART	_
99	59	Masse	NN	NN	NN	NN	NN	NN	_
99	60	/	$(	$(	$(	$(	$(	$(	_
99	61	ob	KOUS	KOUS	KOUS	KOUS	KOUS	KOUS	_
99	62	es	PPER	PPER	PPER	PPER	PPER	PPER	_
99	63	bald	ADV	ADV	ADV	ADV	ADV	ADV	_
99	64	halb	ADJD	ADJD	ADJD	ADJD	ADJD	ADJD	_
99	65	nein	PTKANT	ADV	ADV	ADV	PTKANT	ADV	MISMATCH
99	66	gesotten	VVPP	VVPP	VVPP	VVPP	VVPP	VVPP	_
99	67	sei	VAFIN	VAFIN	VAFIN	VAFIN	VAFIN	VAFIN	_
99	68	/	$(	$(	$(	$(	$(	$(	_
99	69	nehmen	VVINF	VVINF	VVINF	VVINF	VVPP	VVINF	MISMATCH
99	70	und	KON	KON	KON	KON	KON	KON	_
99	71	erfahren	VVINF	VVPP	VVINF	VVINF	VVPP	VVINF	MISMATCH
99	72	kannst	VMFIN	VMFIN	VMFIN	VMFIN	VMFIN	VMFIN	_
99	73	.	$.	$.	$.	$.	$.	$.	_
100	1	über	APPR	APPR	APPR	APPR	APPR	APPR	_
100	2	diese	PDAT	PDAT	PDAT	PDAT	PDAT	PDAT	_
100	3	Stürze	NN	NN	NN	NN	NN	NN	_
100	4	decke	VVFIN	VVFIN	VVFIN	VVFIN	VVFIN	VVFIN	_
100	5	eine	ART	ART	ART	ART	ART	ART	_
100	6	andere	ADJA	PIAT	PIAT	PIS	ADJA	PIAT	MISMATCH
100	7	Stürze	NN	NN	NN	NN	NN	NN	_
100	8	/	$(	$(	$(	$(	$(	$(	_
100	9	jedoch	ADV	ADV	ADV	ADV	ADV	KON	MISMATCH
100	10	dass	ART	KOUS	KOUS	KOUS	KOUS	KOUS	MISMATCH
100	11	solche	PIAT	PIS	PIS	PIS	PIS	PIS	MISMATCH
100	12	recht	ADJD	ADJD	ADJD	ADJD	ADV	ADJD	MISMATCH
100	13	behöriger	NE	ADJD	ADJA	ADJD	VVFIN	ADJA	MISMATCH
100	14	massen	NN	ADJD	NN	ADJD	NN	NN	MISMATCH
100	15	aufgelegt	VVPP	VVPP	VVPP	VVPP	VVFIN	VVPP	MISMATCH
100	16	werden	VAINF	VAINF	VAINF	VAINF	VAFIN	VAINF	MISMATCH
100	17	/	$(	$(	$(	$(	$(	$(	_
100	18	welche	PWAT	PRELS	PRELS	PRELS	PWAT	PRELS	MISMATCH
100	19	beide	PIAT	PIS	PIS	PIS	PIS	PIS	MISMATCH
100	20	du	PPER	PPER	PPER	PPER	PPER	PPER	_
100	21	sodann	ADV	ADV	ADV	ADV	VVFIN	ADV	MISMATCH
100	22	auffs	APPRART	APPR	VVFIN	APPR	APPR	APPR	MISMATCH
100	23	beste	ADJA	ADJA	ADJA	ADJA	ADJA	ADJA	_
100	24	mit	APPR	APPR	APPR	APPR	APPR	APPR	_
100	25	Ton	NN	NN	NN	NN	NN	NN	_
100	26	verkleiben	VVINF	VVFIN	VVFIN	VVFIN	VVFIN	VVFIN	MISMATCH
100	27	damit	PAV	PAV	PAV	PAV	PAV	PAV	_
100	28	obbedeutender	ADJA	ADJA	ADJA	ADJD	ADJA	ADJA	MISMATCH
100	29	massen	NN	NN	NN	ADJD	NN	NN	MISMATCH
100	30	verfahren	VVINF	VVINF	VVINF	VVINF	VVFIN	VVINF	MISMATCH
100	31	kannst	VMFIN	VMFIN	VMFIN	VMFIN	VMFIN	VMFIN	_
100	32	et cetera	ADV	FM	FM	FM	FM	FM	MISMATCH
100	33	.	$.	$.	$.	$.	$.	$.	_
101	1	wann	PWAV	PWAV	PWAV	PWAV	PWAV	PWAV	_
101	2	du	PPER	PPER	PPER	PPER	PPER	PPER	_
101	3	nun	ADV	ADV	ADV	ADV	ADV	ADV	_
101	4	vorgemeldeten	VVINF	ADJA	ADJA	ADJA	VVFIN	ADJA	MISMATCH
101	5	Saft	NN	NN	NN	NN	NN	NN	_
101	6	/	$(	$(	$(	$(	$(	$(	_
101	7	wie	KOKOM	KOUS	KOUS	KOUS	PWAV	KOUS	MISMATCH
101	8	du	PPER	PPER	PPER	PPER	PPER	PPER	_
101	9	gelehrt	VVPP	VVPP	VVPP	VVPP	VVPP	VVPP	_
101	10	worden	VAPP	VAPP	VAPP	VAPP	VAPP	VAPP	_
101	11	/	$(	$(	$(	$(	$(	$(	_
101	12	recht	ADJD	ADJD	ADJD	ADJD	ADJD	ADJD	_
101	13	zubereitet	VVPP	VVPP	VVPP	VVPP	VVFIN	VVPP	MISMATCH
101	14	hast	VAFIN	VAFIN	VAFIN	VAFIN	VAFIN	VAFIN	_
101	15	und	KON	KON	KON	KON	KON	KON	_
101	16	es	PPER	PPER	PPER	PPER	PPER	PPER	_
101	17	in	APPR	APPR	APPR	APPR	APPR	APPR	_
101	18	ein	ART	ART	ART	ART	ART	ART	_
101	19	Glas	NN	NN	NN	NN	NN	NN	_
101	20	verwahrsamlich	ADJD	ADJD	ADJD	ADJD	VVFIN	ADJD	MISMATCH
101	21	aufheben	VVINF	VVINF	VVINF	VVINF	VVFIN	VVINF	MISMATCH
101	22	willst	VMFIN	VMFIN	VMFIN	VMFIN	VMFIN	VMFIN	_
101	23	so	ADV	ADV	ADV	ADV	ADV	ADV	_
101	24	verstopfe	VVFIN	VVFIN	VVFIN	VVFIN	VVFIN	VVFIN	_
101	25	das	ART	ART	ART	ART	ART	ART	_
101	26	Glas	NN	NN	NN	NN	NN	NN	_
101	27	mit	APPR	APPR	APPR	APPR	APPR	APPR	_
101	28	Wachs	NN	NN	NN	NN	NN	NN	_
101	29	oben	ADV	ADV	ADV	ADV	ADV	ADV	_
101	30	ganz	ADV	ADV	ADV	ADV	ADV	ADV	_
101	31	fest	NE	ADJD	ADJD	PTKVZ	ADJD	ADJD	MISMATCH
101	32	/	$(	$(	$(	$(	$(	$(	_
101	33	so	ADV	ADV	ADV	ADV	ADV	ADV	_
101	34	wird	VAFIN	VAFIN	VAFIN	VAFIN	VAFIN	VAFIN	_
101	35	die	ART	ART	ART	ART	ART	ART	_
101	36	Kraft	NN	NN	NN	NN	NN	NN	_
101	37	erhalten	VVPP	VVPP	VVINF	VVPP	VVPP	VVPP	MISMATCH
101	38	und	KON	KON	KON	KON	KON	KON	_
101	39	kann	VMFIN	VMFIN	VMFIN	VMFIN	VMFIN	VMFIN	_
101	40	man	PIS	PIS	PIS	PIS	PIS	PIS	_
101	41	ihn	PPER	PPER	PPER	PPER	PPER	PPER	_
101	42	von	APPR	APPR	APPR	APPR	APPR	APPR	_
101	43	Jahr	NN	NN	NN	NN	NN	NN	_
101	44	zu	PTKZU	APPR	APPR	APPR	APPR	APPR	MISMATCH
101	45	Jahr	NN	NN	NN	NN	NN	NN	_
101	46	in	APPR	APPR	APPR	APPR	APPR	APPR	_
101	47	vorfallenden	ADJA	ADJA	ADJA	ADJA	VVFIN	ADJA	MISMATCH
101	48	Nöten	NN	NN	NN	NN	NN	NN	_
101	49	gebrauchen	VVINF	VVINF	VVINF	VVINF	VVFIN	VVINF	MISMATCH
101	50	/	$(	$(	$(	$(	$(	$(	_
101	51	bis	VVFIN	APPR	KON	KOUS	KOUS	KON	MISMATCH
101	52	wieder	ADV	ADV	ADV	ADV	ADV	ADV	_
101	53	Kräuter	NN	NN	NN	NN	NN	NN	_
101	54	kommen	VVFIN	VVINF	VVFIN	VVINF	VVFIN	VVINF	MISMATCH
101	55	/	$(	$(	$(	$(	$(	$(	_
101	56	doch	ADV	KON	KON	KON	KON	KON	MISMATCH
101	57	rate	VVFIN	VVFIN	VVFIN	VVFIN	VVFIN	VVFIN	_
101	58	ich	PPER	PPER	PPER	PPER	PPER	PPER	_
101	59	dir	ART	PPER	PRF	PPER	PPER	PRF	MISMATCH
101	60	getreulich	ADJD	ADV	ADJD	ADV	VVFIN	ADJD	MISMATCH
101	61	/	$(	$(	$(	$(	$(	$(	_
101	62	gebrauche	VVFIN	VVFIN	VVFIN	VVFIN	VVFIN	VVFIN	_
101	63	es	PPER	PPER	PPER	PPER	PPER	PPER	_
101	64	in	APPR	APPR	APPR	APPR	APPR	APPR	_
101	65	der	ART	ART	ART	ART	ART	ART	_
101	66	Zeit	NN	NN	NN	NN	NN	NN	_
101	67	und	KON	KON	KON	KON	KON	KON	_
101	68	danke	VVFIN	VVFIN	VVFIN	VVFIN	VVIMP	VVFIN	MISMATCH
101	69	Gott	NE	NN	NN	NN	NN	NN	MISMATCH
101	70	!	$.	$.	$.	$.	$.	$.	_
102	1	das	ART	ART	ART	ART	ART	ART	_
102	2	andere	ADJA	PIS	PIS	PIS	PIS	PIS	MISMATCH
102	3	die	ART	ART	ART	ART	ART	ART	_
102	4	Pest	NN	NN	NN	NN	NN	NN	_
102	5	zu	PTKZU	PTKZU	PTKZU	PTKZU	PTKZU	PTKZU	_
102	6	kurieren	VVINF	VVINF	VVINF	VVINF	VVINF	VVINF	_
102	7	.	$.	$.	$.	$.	$.	$.	_
103	1	von	APPR	APPR	APPR	APPR	APPR	APPR	_
103	2	Captain	VVFIN	NE	NN	NN	NN	NN	MISMATCH
103	3	Willis	NE	NE	NE	NE	NE	NE	_
103	4	in	APPR	APPR	APPR	APPR	APPR	APPR	_
103	5	London	NE	NE	NE	NE	NE	NE	_
103	6	in	APPR	APPR	APPR	APPR	APPR	APPR	_
103	7	Engeland	NE	NE	NE	NE	CARD	NE	MISMATCH
103	8	in	APPR	APPR	APPR	APPR	APPR	APPR	_
103	9	den	ART	ART	ART	ART	ART	ART	_
103	10	jüngsten	ADJA	ADJA	ADJA	ADJA	ADJA	ADJA	_
103	11	Sterben	NN	NN	NN	NN	NN	NN	_
103	12	ums	APPRART	APPRART	APPRART	APPRART	APPRART	APPRART	_
103	13	Jahr	NN	NN	NN	NN	NN	NN	_
103	14	Christi	NE	NE	NE	NE	NE	NE	_
103	15	1666	CARD	ADJA	ADJA	ADJA	CARD	ADJA	MISMATCH
103	16	.	$.	$.	$.	NN	$.	$.	MISMATCH
103	17	jederzeit	ADV	ADV	ADV	ADV	ADV	ADV	_
103	18	glücklich	ADJD	ADJD	ADJD	ADJD	ADJD	ADJD	_
103	19	angebracht	VVPP	VVPP	VVPP	VVPP	CARD	VVPP	MISMATCH
103	20	.	$.	$.	$.	$.	$.	$.	_
104	1	℞	NN	XY	XY	XY	$(	XY	MISMATCH
104	2	Wermutwasser	NN	NN	NN	NN	NN	NN	_
104	3	/	$(	$(	$(	$(	$(	$(	_
104	4	Malvasier	NN	NN	NN	NN	NN	NN	_
104	5	oder	KON	KON	KON	KON	KON	KON	_
104	6	des	ART	ART	ART	ART	ART	ART	_
104	7	besten	ADJA	ADJA	ADJA	ADJA	ADJA	ADJA	_
104	8	Span	NN	NN	NN	NN	NN	NN	_
104	9	}	$(	$(	$(	$(	$(	XY	MISMATCH
104	10	jedes	PIAT	PIAT	PIAT	PIAT	PIS	PIAT	MISMATCH
104	11	ein	ART	ART	ART	ART	ART	ART	_
104	12	Nösell	NN	NN	NN	NN	NN	NN	_
104	13	Weins	NN	NN	NN	NN	NN	NN	_
104	14	/	$(	$(	$(	$(	$(	$(	_
104	15	Benedischen	NE	ADJA	NN	NN	VVINF	ADJA	MISMATCH
104	16	Theriak	NN	NN	NN	NN	NN	NN	_
104	17	℥j	CARD	ADJD	NN	NN	$(	NN	MISMATCH
104	18	}	$(	$(	NN	$(	$(	NN	MISMATCH
104	19	jedes	PIAT	PIAT	PIAT	PIAT	PIAT	PIAT	_
104	20	ein	ART	ART	ART	ART	ART	ART	_
104	21	Nösell	NN	NN	NN	NN	NN	NN	_
104	22	Kartauenpulver	NN	NN	NN	NN	NN	NN	_
104	23	eine	ART	ART	ART	ART	ART	ART	_
104	24	Handvoll	NN	NN	NN	NN	NN	NN	_
104	25	klein	ADJD	ADJD	ADJD	ADJD	ADJD	ADJD	_
104	26	gerieben	VVPP	VVPP	VVPP	VVPP	VVINF	VVPP	MISMATCH
104	27	/	$(	$(	$(	$(	$(	$(	_
104	28	mische	VVFIN	VVFIN	VVFIN	VVFIN	VVINF	VVFIN	MISMATCH
104	29	solches	PIAT	PIAT	PIAT	PIS	PIAT	PIS	MISMATCH
104	30	alles	PIS	PIS	PIS	PIS	PIS	PIS	_
104	31	wohl	ADV	ADV	ADV	ADV	ADV	ADV	_
104	32	untereinander	ADV	ADV	ADV	ADV	ADV	ADV	_
104	34	/	$(	$(	$(	$(	$(	$(	_
104	35	gib	VVFIN	VVIMP	VVIMP	VVIMP	VVINF	VVIMP	MISMATCH
104	36	davon	PAV	PAV	PAV	PAV	PAV	PAV	_
104	37	einer	ART	ART	ART	ART	ART	ART	_
104	38	Mannsperson	NE	NN	NN	NN	NN	NN	MISMATCH
104	41	4.	CARD	ADJA	ADJA	ADJA	ADJA	ADJA	MISMATCH
104	44	Löffel	NN	NN	NN	NN	NN	NN	_
104	45	voll	ADJD	ADJD	ADJD	ADJD	ADJD	ADJD	_
104	46	/	$(	$(	$(	$(	$(	$(	_
104	47	einer	ART	ART	ART	ART	ART	ART	_
104	48	Weibsperson[60]	NN	NN	NN	NN	NN	NN	_
104	49	Weibsperson[60]	NN	NN	NN	NN	NN	NN	_
104	50	3.	ADJA	ADJA	ADJA	ADJA	CARD	ADJA	MISMATCH
104	51	Löffel	NN	NN	NN	NN	NN	NN	_
104	52	voll	ADJD	ADJD	ADJD	ADJD	ADJD	ADJD	_
104	53	/	$(	$(	$(	$(	$(	$(	_
104	54	und	KON	KON	KON	KON	KON	KON	_
104	55	einem	ART	ART	ART	ART	ART	ART	_
104	56	Kind	NN	NN	NN	NN	NN	NN	_
104	57	nach	APPR	APPR	APPR	APPR	APPR	APPR	_
104	58	Gelegenheit	NN	NN	NN	NN	NN	NN	_
104	59	1.	ADJA	ADJA	ADJA	ADJA	CARD	ADJA	MISMATCH
104	60	oder	KON	KON	KON	KON	KON	KON	_
104	61	2	CARD	CARD	CARD	CARD	CARD	CARD	_
104	62	Löffel	NN	NN	NN	NN	NN	NN	_
104	63	voll	ADJD	ADJD	ADJD	ADJD	ADJD	ADJD	_
104	64	ein	ART	PTKVZ	PTKVZ	PTKVZ	PTKVZ	PTKVZ	MISMATCH
104	65	/	$(	$(	$(	$(	$(	$(	_
104	66	lass	VVIMP	ADJD	ADJD	ADJD	VVIMP	ADJD	MISMATCH
104	67	den	ART	ART	ART	ART	ART	ART	_
104	68	Patienten	NN	NN	NN	NN	NN	NN	_
104	69	3.	ADJA	ADJA	ADJA	ADJA	CARD	ADJA	MISMATCH
104	70	Stunden	NN	NN	NN	NN	NN	NN	_
104	71	lang	ADJD	ADJD	ADJD	ADJD	ADJD	ADJD	_
104	72	wohl	ADV	ADV	ADV	ADV	ADV	ADV	_
104	73	darauf	PAV	PAV	PAV	PAV	PAV	PAV	_
104	74	schwitzen	VVINF	VVINF	VVINF	VVINF	VVINF	VVINF	_
104	75	und	KON	KON	KON	KON	KON	KON	_
104	76	sich	PRF	PRF	PRF	PRF	PRF	PRF	_
104	77	bei	APPR	APPR	APPR	APPR	APPR	APPR	_
104	78	den	ART	ART	ART	ART	ART	ART	_
104	79	Schweiß	NN	NN	NN	NN	NN	NN	_
104	80	/	$(	$(	$(	$(	$(	$(	_
104	81	wie	KOKOM	KOKOM	KOKOM	KOKOM	PWAV	KOKOM	MISMATCH
104	82	bräuchlich	ADJD	ADJD	ADJD	ADJD	ADJD	ADJD	_
104	83	und	KON	KON	KON	KON	KON	KON	_
104	84	obgedacht	VVPP	VVFIN	ADJD	VVFIN	ADJD	ADJD	MISMATCH
104	85	/	$(	$(	$(	$(	$(	$(	_
104	86	wohl	ADV	ADV	ADV	ADV	ADV	ADV	_
104	87	in	APPR	APPR	APPR	APPR	APPR	APPR	_
104	88	Acht	CARD	NN	NN	NN	NN	NN	MISMATCH
104	89	nehmen	VVINF	VVINF	VVINF	VVINF	VVINF	VVINF	_
104	90	/	$(	$(	$(	$(	$(	$(	_
104	91	es	PPER	PPER	PPER	PPER	PPER	PPER	_
104	92	dürfte	VMFIN	VMFIN	VMFIN	VMFIN	VMFIN	VMFIN	_
104	93	wohl	ADV	ADV	ADV	ADV	ADV	ADV	_
104	94	etwas	PIS	PIAT	PIAT	PIAT	PIAT	PIAT	MISMATCH
104	95	Schmerzen	NN	NN	NN	NN	NN	NN	_
104	96	oder	KON	KON	KON	KON	KON	KON	_
104	97	Geschwulst	NN	NN	NN	NN	VVINF	NN	MISMATCH
104	98	verursachen	VVINF	VVINF	VVINF	VVINF	VVINF	VVINF	_
104	99	/	$(	$(	$(	$(	$(	$(	_
104	100	es	PPER	PPER	PPER	PPER	PPER	PPER	_
104	101	wird	VAFIN	VAFIN	VAFIN	VAFIN	VAFIN	VAFIN	_
104	102	aber	ADV	ADV	ADV	ADV	ADV	ADV	_
104	103	doch	ADV	ADV	ADV	ADV	ADV	ADV	_
104	104	darauf	PTKVZ	PAV	PAV	PAV	PAV	PAV	MISMATCH
104	105	mit	APPR	APPR	APPR	APPR	APPR	APPR	_
104	106	der	ART	ART	ART	ART	ART	ART	_
104	107	Hilfe	NN	NN	NN	NN	NN	NN	_
104	108	Gottes	NN	NN	NN	NN	NN	NN	_
104	109	erwünschte	ADJA	ADJA	ADJA	ADJA	VVINF	ADJA	MISMATCH
104	110	Besserung	NN	NN	NN	NN	NN	NN	_
104	111	und	KON	KON	KON	KON	KON	KON	_
104	112	gute	ADJA	ADJA	ADJA	ADJA	ADJA	ADJA	_
104	113	Gesundheit	NN	NN	NN	NN	NN	NN	_
104	114	erfolgen	VVINF	VVINF	VVINF	VVINF	VVINF	VVINF	_
104	115	.	$.	$.	$.	$.	$.	$.	_
105	1	danke	PTKANT	VVFIN	VVFIN	VVFIN	VVIMP	VVFIN	MISMATCH
105	2	Gott	NE	NN	NN	NN	NN	NN	MISMATCH
105	3	!	$.	$.	$.	$.	$.	$.	_
106	1	das	ART	ART	ART	ART	ART	ART	_
106	2	Dritte	ADJA	NN	NN	NN	NN	NN	MISMATCH
106	3	ist	VAFIN	VAFIN	VAFIN	VAFIN	VAFIN	VAFIN	_
106	4	ein	ART	ART	ART	ART	ART	ART	_
106	5	präparierter	ADJA	ADJA	ADJA	ADJA	ADJA	ADJA	_
106	6	Giftessig	NN	NN	NN	NN	NN	NN	_
106	7	.	$.	$.	$.	$.	$.	$.	_
107	1	mit	APPR	APPR	APPR	APPR	APPR	APPR	_
107	2	welchen	PWAT	PIS	PIS	PIS	PRELS	PIS	MISMATCH
107	3	ein	ART	ART	ART	ART	ART	ART	_
107	4	berühmter	ADJA	ADJA	ADJA	ADJA	ADJA	ADJA	_
107	5	Medikus	NN	NN	NN	NN	NN	NN	_
107	6	in	APPR	APPR	APPR	APPR	APPR	APPR	_
107	7	Großpolen	NN	NE	NN	NN	NE	NN	MISMATCH
107	8	sich	PRF	PRF	PRF	PRF	PRF	PRF	_
107	9	und	KON	KON	KON	KON	KON	KON	_
107	10	viele	ADV	PIAT	PIAT	PIAT	PIAT	PIAT	MISMATCH
107	11	100.	ADJA	ADJA	ADJA	ADJA	CARD	ADJA	MISMATCH
107	12	Menschen	NN	NN	NN	NN	NN	NN	_
107	13	in	APPR	APPR	APPR	APPR	APPR	APPR	_
107	14	unterschiedlichen	ADJA	ADJA	ADJA	ADJA	ADJA	ADJA	_
107	15	Pestläufen	NE	NN	NN	NN	NN	NN	MISMATCH
107	16	gar	ADV	ADV	ADV	ADV	ADV	ADV	_
107	17	glücklich	ADJD	ADJD	ADJD	ADJD	ADJD	ADJD	_
107	18	präserviert	VVPP	VVPP	VVPP	VVPP	VVPP	VVPP	_
107	19	und	KON	KON	KON	KON	KON	KON	_
107	20	erhalten	VVPP	VVPP	VVPP	VVPP	VVPP	VVPP	_
107	21	hat	VAFIN	VAFIN	VAFIN	VAFIN	VAFIN	VAFIN	_
107	22	.	$.	$.	$.	$.	$.	$.	_
108	1	℞	NN	XY	XY	XY	$(	XY	MISMATCH
108	2	frisch	NE	ADJD	ADJD	ADJD	ADJD	ADJD	MISMATCH
108	3	geschnittener	ADJA	ADJA	ADJA	ADJA	ADJA	ADJA	_
108	4	Rauten	NN	NN	NN	NN	NN	NN	_
108	5	4.	ADJA	ADJA	ADJA	ADJA	CARD	ADJA	MISMATCH
108	6	Händvoll	ADJD	ADJD	NN	NN	ADJA	NN	MISMATCH
108	7	/	$(	$(	$(	$(	$(	$(	_
108	8	Scordien	NN	NN	NN	NN	NN	NN	_
108	9	oder	KON	KON	KON	KON	KON	KON	_
108	10	Lachenknoblauch	NN	NN	NN	NN	NN	NN	_
108	11	halb	ADJD	ADJD	ADJD	ADJD	ADJD	ADJD	_
108	12	so	ADV	ADV	ADV	ADV	ADV	ADV	_
108	13	viel	ADV	ADV	ADV	ADV	PIS	ADV	MISMATCH
108	14	.	$.	$.	$.	$.	$.	$.	_
109	1	tue	VVFIN	VVFIN	VVFIN	VVFIN	VVINF	VVFIN	MISMATCH
109	2	sie	PPER	PPER	PPER	PPER	PPER	PPER	_
109	3	in	APPR	APPR	APPR	APPR	APPR	APPR	_
109	4	einen	ART	ART	ART	ART	ART	ART	_
109	5	halben	ADJA	ADJA	ADJA	ADJA	ADJA	ADJA	_
109	6	Topf	NN	NN	NN	NN	NN	NN	_
109	7	guten	ADJA	ADJA	ADJA	ADJA	ADJA	ADJA	_
109	8	Weinessig	NN	NN	NN	NN	NN	NN	_
109	9	/	$(	$(	$(	$(	$(	$(	_
109	10	und	KON	KON	KON	KON	KON	KON	_
109	11	schneide	VVFIN	VVFIN	VVFIN	VVFIN	VVINF	VVFIN	MISMATCH
109	12	noch	ADV	ADV	ADV	ADV	ADV	ADV	_
109	13	darzu	PAV	ADV	ADV	ADV	PAV	ADV	MISMATCH
109	14	2.	ADJA	ADJA	ADJA	ADJA	ADJA	ADJA	_
109	15	oder	KON	KON	KON	KON	KON	KON	_
109	16	3.	ADJA	ADJA	ADJA	ADJA	ADJA	ADJA	_
109	17	Zitronen	NN	NN	NN	NN	NN	NN	_
109	18	stückweise	NN	ADJD	ADJD	ADJD	VVINF	ADJD	MISMATCH
109	19	hinein	APZR	PTKVZ	PTKVZ	PTKVZ	PTKVZ	PTKVZ	MISMATCH
109	20	/	$(	$(	$(	$(	$(	$(	_
109	21	so	ADV	ADV	ADV	ADV	ADV	ADV	_
109	22	hast	VAFIN	VAFIN	VAFIN	VAFIN	VAFIN	VAFIN	_
109	23	du	PPER	PPER	PPER	PPER	PPER	PPER	_
109	24	einen	ART	ART	ART	ART	ART	ART	_
109	25	bewährten	VVFIN	ADJA	ADJA	ADJA	VVINF	ADJA	MISMATCH
109	26	Giftessig	NN	NN	NN	NN	NN	NN	_
109	27	wovon	PWAV	PWAV	PWAV	PWAV	PWAV	PWAV	_
109	28	du	PTKZU	PPER	PPER	PPER	PPER	PPER	MISMATCH
109	29	täglich	ADJD	ADJD	ADJD	ADJD	ADJD	ADJD	_
109	30	oder	KON	KON	KON	KON	KON	KON	_
109	31	zum	APPRART	APPRART	APPRART	APPRART	APPRART	APPRART	_
109	32	Öfteren	PIS	NN	NN	NN	NN	NN	MISMATCH
109	33	1.	ADJA	ADJA	ADJA	ADJA	CARD	ADJA	MISMATCH
109	34	oder	KON	KON	KON	KON	KON	KON	_
109	36	2.	CARD	ADJA	ADJA	ADJA	ADJA	ADJA	MISMATCH
109	37	Löffel	NN	NN	NN	NN	NN	NN	_
109	38	voll	ADJD	ADJD	ADJD	ADJD	ADJD	ADJD	_
109	39	entweder	KON	KON	KON	KON	KON	KON	_
109	40	allein	ADV	ADV	ADV	ADV	ADV	ADV	_
109	41	/	$(	$(	$(	$(	$(	$(	_
109	42	oder	KON	KON	KON	KON	KON	KON	_
109	43	wann	PWAV	PWAV	PWAV	PWAV	PWAV	PWAV	_
109	44	du	PPER	PPER	PPER	PPER	PPER	PPER	_
109	45	irgend	ADV	ADV	ADV	ADV	ADV	ADV	_
109	46	darauf	PAV	PAV	PAV	PAV	PAV	PAV	_
109	47	schwitzen	VVINF	VVINF	VVINF	VVINF	VVINF	VVINF	_
109	48	willst	VMFIN	VMFIN	VMFIN	VMFIN	VMFIN	VMFIN	_
109	49	/	$(	$(	$(	$(	$(	$(	_
109	50	von	APPR	APPR	APPR	APPR	APPR	APPR	_
109	51	einem	ART	ART	ART	ART	ART	ART	_
109	52	Präservativlatwerge	ADJD	NN	NN	NN	NN	NN	MISMATCH
109	53	ein	ART	ART	ART	ART	ART	ART	_
109	54	paar	PIAT	PIAT	PIAT	PIAT	PIAT	PIAT	_
109	55	Messerspitzen	NN	NN	NN	NN	NN	NN	_
109	56	/	$(	$(	$(	$(	$(	$(	_
109	57	oder	KON	KON	KON	KON	KON	KON	_
109	58	von	APPR	APPR	APPR	APPR	APPR	APPR	_
109	59	dem	ART	ART	ART	ART	ART	ART	_
109	60	roten	ADJA	ADJA	ADJA	ADJA	ADJA	ADJA	_
109	61	Pest-	NN	TRUNC	TRUNC	NN	TRUNC	TRUNC	MISMATCH
109	62	oder	KON	KON	KON	KON	KON	KON	_
109	63	Giftpulver	NN	NN	NN	NN	NN	NN	_
109	64	/	$(	$(	$(	$(	$(	$(	_
109	65	sonst	ADV	ADV	ADV	ADV	ADV	ADV	_
109	66	pulvis	NE	NE	VVFIN	NE	NE	NE	MISMATCH
109	67	Alexipharmacus	NE	NE	NE	NE	NE	NE	_
109	68	Montagnanæ	NE	NE	NE	NN	NE	NE	MISMATCH
109	69	genannt	VVPP	VVPP	VVPP	VVPP	VVPP	VVPP	_
109	70	/	$(	$(	$(	$(	$(	$(	_
109	71	halb	ADJD	ADJD	ADJD	ADJD	ADJD	ADJD	_
109	72	bis	VVFIN	APPR	KON	APPR	APPR	APPR	MISMATCH
109	73	1.	ADJA	ADJA	ADJA	ADJA	CARD	ADJA	MISMATCH
109	74	Quintel	NE	NN	NN	NN	NN	NN	MISMATCH
109	75	darinnen	ADV	VVFIN	VVFIN	VVFIN	PAV	VVINF	MISMATCH
109	76	einnehmen	VVINF	VVINF	VVINF	VVINF	VVINF	VVINF	_
109	77	und	KON	KON	KON	KON	KON	KON	_
109	78	gebrauchen	VVINF	VVINF	VVINF	VVINF	VVINF	VVINF	_
109	79	kannst	VMFIN	VMFIN	VMFIN	VMFIN	VMFIN	VMFIN	_
109	80	.	$.	$.	$.	$.	$.	$.	_
110	1	danke	PTKANT	VVFIN	VVFIN	VVFIN	VVIMP	VVFIN	MISMATCH
110	2	Gott	NN	NN	NN	NN	NN	NN	_
110	3	!	$.	$.	$.	$.	$.	$.	_
111	1	Bericht	NN	NN	NN	NN	NN	NN	_
111	2	.	$.	$.	$.	$.	$.	$.	_
112	1	als	KOKOM	KOKOM	KOKOM	KOKOM	KOUS	KOKOM	MISMATCH
112	2	im	APPRART	APPRART	APPRART	APPRART	APPRART	APPRART	_
112	3	Jahr	NN	NN	NN	NN	NN	NN	_
112	4	Christi	NE	NE	NE	NE	NE	NE	_
112	5	1534.	CARD	ADJA	ADJA	ADJA	CARD	ADJA	MISMATCH
112	6	zu	PTKZU	APPR	APPR	APPR	APPR	APPR	MISMATCH
112	7	Venedig	NE	NE	NE	NE	NE	NE	_
112	8	so	ADV	ADV	ADV	ADV	ADV	ADV	_
112	9	grausame	ADJA	ADJA	ADJA	ADJA	ADV	ADJA	MISMATCH
112	10	Pestilenz	NN	NN	NN	NN	NN	NN	_
112	11	regiert	VVFIN	VVPP	VVPP	VVPP	VVFIN	VVPP	MISMATCH
112	12	/	$(	$(	$(	$(	$(	$(	_
112	13	dass	KOUS	KOUS	KOUS	KOUS	KOUS	KOUS	_
112	14	auch	ADV	ADV	ADV	ADV	ADV	ADV	_
112	15	die	ART	ART	ART	ART	ART	ART	_
112	16	Leute	NN	NN	NN	NN	NN	NN	_
112	17	so	ADV	ADV	ADV	ADV	ADV	ADV	_
112	18	beisammen	PTKVZ	ADV	ADV	ADV	ADV	ADV	MISMATCH
112	19	in	APPR	APPR	APPR	APPR	APPR	APPR	_
112	20	Gesellschaft	NN	NN	NN	NN	NN	NN	_
112	21	gestanden	VVINF	VVPP	VVPP	VVPP	VVPP	VVPP	MISMATCH
112	22	und	KON	KON	KON	KON	KON	KON	_
112	23	miteinander	APPR	ADV	ADV	ADV	ADV	ADV	MISMATCH
112	25	geredet	VVPP	VVPP	VVPP	VVPP	VVPP	VVPP	_
112	26	haben	VAFIN	VAFIN	VAFIN	VAFIN	VAFIN	VAFIN	_
112	27	/	$(	$(	$(	$(	$(	$(	_
112	28	gehling	VVIMP	VVFIN	NN	ADJD	ADV	NN	MISMATCH
112	29	niedergefallen	VVPP	VVPP	VVPP	VVPP	ADV	VVPP	MISMATCH
112	30	und	KON	KON	KON	KON	KON	KON	_
112	31	gestorben	VVPP	VVPP	VVPP	VVPP	VVPP	VVPP	_
112	32	/	$(	$(	$(	$(	$(	$(	_
112	33	ist	VAFIN	VAFIN	VAFIN	VAFIN	VAFIN	VAFIN	_
112	34	das	ART	ART	ART	ART	ART	ART	_
112	35	obbeschriebene	ADJA	ADJA	ADJA	ADJA	ADJA	ADJA	_
112	36	erste	ADJA	ADJA	ADJA	ADJA	ADJA	ADJA	_
112	37	Präservativ	NN	NN	NN	NN	NN	NN	_
112	38	so	ADV	ADV	ADV	ADV	ADV	ADV	_
112	39	des	ART	ART	ART	ART	ART	ART	_
112	40	Jahres	NN	NN	NN	NN	NN	NN	_
112	41	einmal	ADV	ADV	ADV	ADV	ADV	ADV	_
112	42	gebraucht	VVPP	VVPP	VVPP	VVPP	ADV	VVPP	MISMATCH
112	43	werden	VAINF	VAINF	VAINF	VAINF	VAINF	VAINF	_
112	44	kann	VMFIN	VMFIN	VMFIN	VMFIN	VMFIN	VMFIN	_
112	45	/	$(	$(	$(	$(	$(	$(	_
112	46	von	APPR	APPR	APPR	APPR	APPR	APPR	_
112	47	2.	ADJA	ADJA	ADJA	ADJA	ADJA	ADJA	_
112	49	armen	ADJA	ADJA	ADJA	ADJA	ADJA	ADJA	_
112	50	Student	NN	NN	NN	NN	NN	NN	_
112	52	wie	APPR	KOKOM	KOKOM	KOKOM	PWAV	KOKOM	MISMATCH
112	53	glaubwuͤrdig	ADJA	ADJD	NN	NN	$(	NN	MISMATCH
112	54	berichtet	VVFIN	VVPP	VVPP	VVPP	VVPP	VVPP	MISMATCH
112	55	wird	VAFIN	VAFIN	VAFIN	VAFIN	VAFIN	VAFIN	_
112	56	/	$(	$(	$(	$(	$(	$(	_
112	57	ohne	APPR	APPR	APPR	APPR	APPR	APPR	_
112	58	Zweifel	NN	NN	NN	NN	NN	NN	_
112	59	aus	APPR	APPR	APPR	APPR	APPR	APPR	_
112	60	sonderbarer	ADJA	ADJA	ADJA	ADJA	ADJA	ADJA	_
112	61	göttlicher	ADJD	ADJA	ADJA	ADJA	ADJA	ADJA	MISMATCH
112	62	Eingebung	NN	NN	NN	NN	NN	NN	_
112	63	erfunden	VVPP	VVPP	VVPP	VVPP	ADV	VVPP	MISMATCH
112	64	und	KON	KON	KON	KON	KON	KON	_
112	65	an	APPR	APPR	APPR	APPR	APPR	APPR	_
112	66	viele	ADV	PIAT	PIAT	PIAT	PIAT	PIAT	MISMATCH
112	67	1000 .	CARD	CARD	CARD	CARD	CARD	CARD	_
113	1	Menschen	NN	NN	NN	NN	NN	NN	_
113	2	ganz	ADV	ADV	ADV	ADV	ADV	ADV	_
113	3	heilsamlich	ADJD	ADJD	ADJD	ADJD	VVPP	ADJD	MISMATCH
113	4	probiert	VVFIN	VVPP	VVPP	VVPP	VVPP	VVPP	MISMATCH
113	5	worden	VAPP	VAPP	VAPP	VAPP	VAPP	VAPP	_
113	6	.	$.	$.	$.	$.	$.	$.	_
114	1	so	ADV	ADV	ADV	ADV	ADV	ADV	_
114	2	hat	VAFIN	VAFIN	VAFIN	VAFIN	VAFIN	VAFIN	_
114	3	auch	ADV	ADV	ADV	ADV	ADV	ADV	_
114	4	nebenst	APPR	APPR	VVFIN	ADV	ADV	APPR	MISMATCH
114	5	anderen	ADJA	PIS	PIS	PIS	ADJA	PIS	MISMATCH
114	6	vortrefflichen	ADJA	ADJA	ADJA	ADJA	ADJA	ADJA	_
114	7	und	KON	KON	KON	KON	KON	KON	_
114	8	heilsamen	ADJA	ADJA	ADJA	ADJA	ADJA	ADJA	_
114	9	Mitteln	NN	NN	NN	NN	NN	NN	_
114	10	ein	ART	ART	ART	ART	ART	ART	_
114	11	englländischer	NE	ADJA	ADJA	ADJA	ADJA	ADJA	MISMATCH
114	12	berühmter	ADJA	ADJA	ADJA	ADJA	ADJA	ADJA	_
114	13	Medikus	NN	NN	NN	NN	NN	NN	_
114	14	sich	PRF	PRF	PRF	PRF	PRF	PRF	_
114	15	insonderheit	ADV	NN	NN	NN	ADV	NN	MISMATCH
114	16	dieses	PDAT	PDAT	PDAT	PDAT	PDAT	PDAT	_
114	17	Rezept	NE	NN	NN	NN	NN	NN	MISMATCH
114	18	nicht	PTKNEG	PTKNEG	PTKNEG	PTKNEG	PTKNEG	PTKNEG	_
114	19	allein	ADV	ADV	ADV	ADV	ADV	ADV	_
114	20	in	APPR	APPR	APPR	APPR	APPR	APPR	_
114	21	obbemeldeten	ADJA	ADJA	ADJA	ADJA	ADJA	ADJA	_
114	22	großen	ADJA	ADJA	ADJA	ADJA	ADJA	ADJA	_
114	23	Sterben	VVFIN	NN	NN	NN	NN	NN	MISMATCH
114	24	zu	PTKZU	APPR	APPR	APPR	APPR	APPR	MISMATCH
114	25	London	NE	NE	NE	NE	NE	NE	_
114	26	,	$,	$,	$,	$,	$,	$,	_
114	27	sondern	KON	KON	KON	KON	KON	KON	_
114	28	auch	ADV	ADV	ADV	ADV	ADV	ADV	_
114	29	noch	ADV	ADV	ADV	ADV	ADV	ADV	_
114	30	in	APPR	APPR	APPR	APPR	APPR	APPR	_
114	31	jüngster	ADJA	ADJA	ADJA	ADJA	ADJA	ADJA	_
114	32	in	APPR	APPR	APPR	APPR	APPR	APPR	_
114	33	Brabant	NE	NE	NE	NE	NE	NE	_
114	34	vor	APPR	APPR	APPR	APPR	APPR	APPR	_
114	35	wenigen	PIS	PIAT	PIAT	PIAT	PIAT	PIAT	MISMATCH
114	36	Jahren	NN	NN	NN	NN	NN	NN	_
114	37	regierender	ADJA	ADJA	ADJA	ADJA	ADJA	ADJA	_
114	38	Pest	NN	NN	NN	NN	NN	NN	_
114	39	wie	KOKOM	KOKOM	KOKOM	KOKOM	PWAV	KOKOM	MISMATCH
114	40	er	PPER	PPER	PPER	PPER	PPER	PPER	_
114	41	es	PPER	PPER	PPER	PPER	PPER	PPER	_
114	42	selbst	ADV	ADV	ADV	ADV	ADV	ADV	_
114	43	gerühmt	VVPP	VVPP	VVPP	VVPP	VVFIN	VVPP	MISMATCH
114	44	/	$(	$(	$(	$(	$(	$(	_
114	45	und	KON	KON	KON	KON	KON	KON	_
114	46	seiner	PPOSAT	PPOSAT	PPOSAT	PPOSAT	PPOSAT	PPOSAT	_
114	47	überaus	ADV	ADV	ADV	ADV	ADV	ADV	_
114	48	glücklichen	ADJA	ADJA	ADJA	ADJA	ADJA	ADJA	_
114	49	Kuren	NN	NN	NN	NN	NN	NN	_
114	50	halber	ADJA	APPO	APPO	APPO	APPO	APPO	MISMATCH
114	51	große	ADJA	ADJA	ADJA	ADJA	ADJA	ADJA	_
114	52	Renommee	NN	NN	NN	NN	NN	NN	_
114	53	überkommen	VVPP	VVPP	VVFIN	VVPP	ADV	VVINF	MISMATCH
114	54	und	KON	KON	KON	KON	KON	KON	_
114	55	erworben	VVPP	VVPP	VVPP	VVPP	ADV	VVPP	MISMATCH
114	56	/	$(	$(	$(	$(	$(	$(	_
114	57	bedient	VVFIN	VVFIN	VVFIN	VVPP	VVPP	VVPP	MISMATCH
114	58	:	$.	$.	$(	$(	$.	$.	MISMATCH
114	59	dahero	PAV	PAV	NE	PAV	PAV	PAV	MISMATCH
114	60	dieses	PDAT	PDAT	PDAT	PDAT	PDAT	PDAT	_
114	61	secretum	NE	NN	NN	NN	FM	NN	MISMATCH
114	62	billig	ADJD	ADJD	ADJD	ADJD	ADV	ADJD	MISMATCH
114	63	als	KOKOM	KOKOM	KOKOM	KOKOM	APPR	KOKOM	MISMATCH
114	64	eine	ART	ART	ART	ART	ART	ART	_
114	65	sonderbare	ADJA	ADJA	ADJA	ADJA	ADJA	ADJA	_
114	66	unverdiente	ADJA	ADJA	ADJA	ADJA	ADJA	ADJA	_
114	67	Gnade	NN	NN	NN	NN	NN	NN	_
114	68	Gottes	NN	NN	NN	NN	NN	NN	_
114	69	zu	PTKZU	PTKZU	PTKZU	PTKZU	PTKZU	PTKZU	_
114	70	achten	VVINF	VVINF	VVINF	VVINF	ADV	VVINF	MISMATCH
114	71	und	KON	KON	KON	KON	KON	KON	_
114	72	mit	APPR	APPR	APPR	APPR	APPR	APPR	_
114	73	höchsten	ADJA	ADJA	ADJA	ADJA	ADJA	ADJA	_
114	74	Dank	APPR	NN	NN	NN	NN	NN	MISMATCH
114	75	zu	PTKZU	PTKZU	PTKZU	PTKZU	PTKZU	PTKZU	_
114	76	erkennen	VVINF	VVINF	VVINF	VVINF	VVINF	VVINF	_
114	77	und	KON	KON	KON	KON	KON	KON	_
114	78	anzunehmen	VVIZU	VVIZU	VVIZU	VVIZU	VVIZU	VVIZU	_
114	79	ist	VAFIN	VAFIN	VAFIN	VAFIN	VAFIN	VAFIN	_
114	80	Gott	NN	NN	NN	NN	NN	NN	_
114	81	allein	ADV	ADV	ADV	ADV	ADV	ADV	_
114	82	die	ART	ART	ART	ART	ART	ART	_
114	83	Ehre	NN	NN	NN	NN	NN	NN	_
114	84	.	$.	$.	$.	$.	$.	$.	_
