1	1	wie	PWAV	KOUS	KOUS	KOUS	PWAV	KOKOM	MISMATCH
1	2	man	PIS	PIS	PIS	PIS	PIS	PIS	_
1	3	denen	PRELS	PDS	PDS	PDS	PDS	PDS	MISMATCH
1	4	helfen	VVINF	VVINF	VVINF	VVINF	VVINF	VVINF	_
1	5	soll	VMFIN	VMFIN	VMFIN	VMFIN	VMFIN	VMFIN	_
1	6	/	$(	$(	$(	$(	$(	$(	_
1	7	welche	ADJA	PRELS	PRELS	PRELS	PRELS	PRELS	MISMATCH
1	8	mit	APPR	APPR	APPR	APPR	APPR	APPR	_
1	9	der	ART	ART	ART	ART	ART	ART	_
1	10	pestilenzische	NE	ADJA	ADJA	ADJA	ADJA	ADJA	MISMATCH
1	11	Gift	NN	NN	NN	NN	NN	NN	_
1	12	begriffen	VVPP	VVPP	VVPP	VVPP	VVINF	VVPP	MISMATCH
1	13	sind	VAFIN	VAFIN	VAFIN	VAFIN	VAFIN	VAFIN	_
1	14	.	$.	$.	$.	$.	$.	$.	_
2	1	durch	APPR	APPR	APPR	APPR	APPR	APPR	_
2	2	Doctor	NE	NN	NN	NN	NN	NN	MISMATCH
2	3	Jodocum	NE	NN	NN	NN	NE	NN	MISMATCH
2	4	Willichium	NE	NN	NN	NN	NE	NN	MISMATCH
2	5	von	APPR	APPR	APPR	APPR	APPR	APPR	_
2	6	Resell	NE	NE	NN	NN	NE	NN	MISMATCH
2	7	.	$.	$.	$.	$.	$.	$.	_
3	1	gedruckt	VVPP	ADJD	VVPP	VVPP	NE	ADJD	MISMATCH
3	2	zu	PTKZU	APPR	APPR	APPR	APPR	APPR	MISMATCH
3	3	Frankfurt	NE	NE	NE	NE	NE	NE	_
3	4	an	APPR	APPR	APPR	APPR	APPR	APPR	_
3	5	der	ART	ART	ART	ART	ART	ART	_
3	6	Oder	KON	NN	NE	NN	NE	NE	MISMATCH
3	7	durch	APPR	APPR	APPR	APPR	APPR	APPR	_
3	8	Johann	NE	NE	NE	NE	NE	NE	_
3	9	Eichorn.	NN	NE	NE	NE	NE	NE	MISMATCH
3	10	M.	NE	NE	NE	NE	NE	NE	_
3	11	D.	NE	NE	NE	NE	NE	NE	_
3	12	L.	NE	NE	NE	NE	NE	NE	_
4	1	wie	PWAV	KOUS	KOUS	KOUS	PWAV	KOKOM	MISMATCH
4	2	man	PIS	PIS	PIS	PIS	PIS	PIS	_
4	3	denen	PRELS	PDS	PDS	PDS	PDS	PDS	MISMATCH
4	4	helfen	VVINF	VVINF	VVINF	VVINF	VVINF	VVINF	_
4	5	soll	VMFIN	VMFIN	VMFIN	VMFIN	VMFIN	VMFIN	_
4	6	/	$(	$(	$(	$(	$(	$(	_
4	7	welche	PWAT	PRELS	PRELS	PRELS	PRELS	PRELS	MISMATCH
4	8	mit	APPR	APPR	APPR	APPR	APPR	APPR	_
4	9	der	ART	ART	ART	ART	ART	ART	_
4	10	pestilenzische	NE	ADJA	ADJA	ADJA	ADJA	ADJA	MISMATCH
4	11	Gift	NN	NN	NN	NN	NN	NN	_
4	12	begriffen	VVPP	VVPP	VVPP	VVPP	VVINF	VVPP	MISMATCH
4	13	sind	VAFIN	VAFIN	VAFIN	VAFIN	VAFIN	VAFIN	_
4	14	.	$.	$.	$.	$.	$.	$.	_
5	1	wann	PWAV	PWAV	PWAV	PWAV	PWAV	PWAV	_
5	2	einer	ART	PIS	PIS	ART	PIS	PIS	MISMATCH
5	3	begriffen	VVPP	VVPP	VVPP	VVPP	VVPP	VVPP	_
5	4	ist	VAFIN	VAFIN	VAFIN	VAFIN	VAFIN	VAFIN	_
5	5	mit	APPR	APPR	APPR	APPR	APPR	APPR	_
5	6	der	ART	ART	ART	ART	ART	ART	_
5	7	Pestilenz	NN	NN	NN	NN	NN	NN	_
5	8	/	$(	$(	$(	$(	$(	$(	_
5	9	soll	VMFIN	VMFIN	VMFIN	VMFIN	VMFIN	VMFIN	_
5	10	er	PPER	PPER	PPER	PPER	PPER	PPER	_
5	11	zuvoraus	ADV	ADV	ADV	ADV	VVPP	ADV	MISMATCH
5	12	zu	PTKZU	APPR	APPR	APPR	APPR	APPR	MISMATCH
5	13	Gott	NN	NN	NN	NN	NN	NN	_
5	14	laufen	VVFIN	VVINF	VVFIN	VVINF	VVPP	VVINF	MISMATCH
5	15	/	$(	$(	$(	$(	$(	$(	_
5	16	und	KON	KON	KON	KON	KON	KON	_
5	17	darnach	PAV	ADV	ADV	ADV	PAV	ADV	MISMATCH
5	18	Gottes	NN	NN	NN	NN	NN	NN	_
5	19	Gaben	VVFIN	NN	NN	NN	NN	NN	MISMATCH
5	20	gebrauchen	VVINF	VVFIN	VVFIN	VVFIN	VVINF	VVFIN	MISMATCH
5	21	zur	APPRART	APPRART	APPRART	APPRART	APPRART	APPRART	_
5	22	Gesundheit	NN	NN	NN	NN	NN	NN	_
5	23	/	$(	$(	$(	$(	$(	$(	_
5	24	und	KON	KON	KON	KON	KON	KON	_
5	25	alles	PIS	PIS	PIS	PIS	PIS	PIS	_
5	26	in	APPR	APPR	APPR	APPR	APPR	APPR	_
5	27	Gottes	NN	NN	NN	NN	NN	NN	_
5	28	Willen	NN	NN	NN	NN	NN	NN	_
5	29	stellen	VVINF	VVINF	VVINF	VVINF	VVPP	VVINF	MISMATCH
5	30	/	$(	$(	$(	$(	$(	$(	_
5	31	wie	KOKOM	KOUS	KOUS	KOKOM	PWAV	KOKOM	MISMATCH
5	32	einem	ART	ART	ART	ART	ART	ART	_
5	33	frommen	ADJA	ADJA	ADJA	ADJA	VVPP	ADJA	MISMATCH
5	34	Christen	NN	NN	NN	NN	NN	NN	_
5	35	gebührt	VVFIN	VVPP	VVFIN	VVPP	VVPP	VVPP	MISMATCH
5	36	und	KON	KON	KON	KON	KON	KON	_
5	37	geziemt	VVFIN	VVFIN	VVFIN	VVFIN	VVFIN	VVPP	MISMATCH
5	38	.	$.	$.	$.	$.	$.	$.	_
6	1	also	ADV	ADV	ADV	ADV	ADV	ADV	_
6	2	hat	VAFIN	VAFIN	VAFIN	VAFIN	VAFIN	VAFIN	_
6	3	Jesus	NE	NE	NE	NE	NE	NE	_
6	4	Syrach	NE	NE	NE	NE	NE	NN	MISMATCH
6	5	am	APPRART	APPRART	APPRART	APPRART	APPRART	APPRART	_
6	6	38	XY	CARD	CARD	CARD	ADJA	CARD	MISMATCH
6	7	Kapitel	NE	NN	NN	NN	NN	NN	MISMATCH
6	8	vormahnt	VVFIN	VVFIN	VVFIN	VVFIN	NE	VVFIN	MISMATCH
6	9	/	$(	$(	$(	$(	$(	$(	_
6	10	mit	APPR	APPR	APPR	APPR	APPR	APPR	_
6	11	diesen	PDAT	PDAT	PDAT	PDAT	PDAT	PDAT	_
6	12	Worten	NN	NN	NN	NN	NN	NN	_
6	13	.	$.	$.	$.	$.	$.	$.	_
7	1	mein	PPOSAT	PPOSAT	PPOSAT	PPOSAT	PPOSAT	PPOSAT	_
7	2	Kind	NN	NN	NN	NN	NN	NN	_
7	3	/	$(	$(	$(	$(	$(	$(	_
7	4	wann	PWAV	PWAV	PWAV	PWAV	PWAV	PWAV	_
7	5	du	PTKZU	PPER	PPER	PPER	PPER	PPER	MISMATCH
7	6	krank	ADJD	ADJD	ADJD	ADJD	ADJD	ADJD	_
7	7	bist	VAFIN	VAFIN	VAFIN	VAFIN	VAFIN	VAFIN	_
7	8	/	$(	$(	$(	$(	$(	$(	_
7	9	so	ADV	ADV	ADV	ADV	ADV	ADV	_
7	10	verachte	VVFIN	VVFIN	VVFIN	VVFIN	VVINF	VVFIN	MISMATCH
7	11	dies	PDS	PDS	PDS	PDS	PDS	PDS	_
7	12	nicht	PTKNEG	PTKNEG	PTKNEG	PTKNEG	PTKNEG	PTKNEG	_
7	13	/	$(	$(	$(	$(	$(	$(	_
7	14	sondern	KON	KON	KON	KON	KON	KON	_
7	15	bitte	ADV	VVFIN	VVFIN	VVFIN	VVIMP	VVFIN	MISMATCH
7	16	den	ART	ART	ART	ART	ART	ART	_
7	17	Herrn	NN	NN	NN	NN	NN	NN	_
7	18	/	$(	$(	$(	$(	$(	$(	_
7	19	so	ADV	ADV	ADV	ADV	ADV	ADV	_
7	20	wird	VAFIN	VAFIN	VAFIN	VAFIN	VAFIN	VAFIN	_
7	21	er	PPER	PPER	PPER	PPER	PPER	PPER	_
7	22	dich	PPER	PPER	PRF	PPER	PPER	PRF	MISMATCH
7	23	gesund	ADJD	ADJD	ADJD	ADJD	ADJD	ADJD	_
7	24	machen	VVINF	VVINF	VVINF	VVINF	VVINF	VVINF	_
7	25	/	$(	$(	$(	$(	$(	$(	_
7	26	lass	VVFIN	ADJD	ADJD	ADJD	VVIMP	ADJD	MISMATCH
7	27	von	APPR	APPR	APPR	APPR	APPR	APPR	_
7	28	der	ART	ART	ART	ART	ART	ART	_
7	29	Sünde	NN	NN	NN	NN	NN	NN	_
7	30	/	$(	$(	$(	$(	$(	$(	_
7	31	und	KON	KON	KON	KON	KON	KON	_
7	32	mache	VVFIN	VVFIN	VVFIN	VVFIN	VVIMP	VVFIN	MISMATCH
7	33	deine	PPOSAT	PPOSAT	PPOSAT	PPOSAT	PPOSAT	PPOSAT	_
7	34	Hände	NN	NN	NN	NN	NN	NN	_
7	35	unsträflich	ADJD	ADJD	ADJD	ADJD	VVINF	ADJD	MISMATCH
7	36	/	$(	$(	$(	$(	$(	$(	_
7	37	und	KON	KON	KON	KON	KON	KON	_
7	38	reinige	VVFIN	VVFIN	VVFIN	VVFIN	VVINF	VVFIN	MISMATCH
7	39	das	ART	ART	ART	ART	ART	ART	_
7	40	Herz	NN	NN	NN	NN	NN	NN	_
7	41	von	APPR	APPR	APPR	APPR	APPR	APPR	_
7	42	aller	PIAT	PIAT	PIAT	PIAT	PIAT	PIAT	_
7	43	Missetat	NN	NN	NN	NN	NN	NN	_
7	44	/	$(	$(	$(	$(	$(	$(	_
7	45	opfer	NN	VVFIN	VVFIN	ADJA	VVINF	NN	MISMATCH
7	46	süßen	ADJA	ADJA	ADJA	ADJA	ADJA	ADJA	_
7	47	Geruch	NN	NN	NN	NN	NN	NN	_
7	48	/	$(	$(	$(	$(	$(	$(	_
7	49	und	KON	KON	KON	KON	KON	KON	_
7	50	Semmel	NN	NN	NN	NN	NN	NN	_
7	51	/	$(	$(	$(	$(	$(	$(	_
7	52	und	KON	KON	KON	KON	KON	KON	_
7	53	gedenk	VVIMP	VVFIN	VVFIN	VVFIN	VVIMP	VVFIN	MISMATCH
7	54	Opfer	NN	NN	NN	NN	NN	NN	_
7	55	/	$(	$(	$(	$(	$(	$(	_
7	56	und	KON	KON	KON	KON	KON	KON	_
7	57	gib	VVIMP	VVIMP	VVIMP	VVIMP	VVIMP	VVIMP	_
7	58	ein	ART	ART	ART	ART	ART	ART	_
7	59	fettes	ADJD	ADJA	ADJA	ADJA	ADJA	ADJA	MISMATCH
7	60	Opfer	NN	NN	NN	NN	NN	NN	_
7	61	/	$(	$(	$(	$(	$(	$(	_
7	62	als	KOKOM	KOKOM	KON	KOKOM	KOKOM	KOKOM	MISMATCH
7	63	müssest	VVFIN	VMFIN	VMFIN	VMFIN	VMFIN	VMFIN	MISMATCH
7	64	du	PPER	PPER	PPER	PPER	PPER	PPER	_
7	65	davon	PAV	PAV	PAV	PAV	PAV	PAV	_
7	66	/	$(	$(	$(	$(	$(	$(	_
7	67	Darnach	PAV	ADV	NN	ADV	VVINF	NN	MISMATCH
7	68	lass	VVFIN	ADJD	ADJD	ADJD	VVIMP	ADJD	MISMATCH
7	69	den	ART	ART	ART	ART	ART	ART	_
7	70	Arzt	NN	NN	NN	NN	NN	NN	_
7	71	zu	PTKZU	APPR	APPR	APPR	APPR	APPR	MISMATCH
7	72	dir	PPER	PRF	PRF	PRF	PPER	PRF	MISMATCH
7	73	/	$(	$(	$(	$(	$(	$(	_
7	74	denn	KON	KON	KON	KON	KON	KON	_
7	75	der	ART	ART	ART	ART	ART	ART	_
7	76	Herr	NN	NN	NN	NN	NN	NN	_
7	77	hat	VAFIN	VAFIN	VAFIN	VAFIN	VAFIN	VAFIN	_
7	78	ihn	PPER	PPER	PPER	PPER	PPER	PPER	_
7	79	geschaffen	VVPP	VVPP	VVPP	VVPP	VVINF	VVPP	MISMATCH
7	80	/	$(	$(	$(	$(	$(	$(	_
7	81	und	KON	KON	KON	KON	KON	KON	_
7	82	lass	ART	ADJD	ADJD	ADJD	VVFIN	ADJD	MISMATCH
7	83	ihn	PPER	PPER	PPER	PPER	PPER	PPER	_
7	84	nicht	PTKNEG	PTKNEG	PTKNEG	PTKNEG	PTKNEG	PTKNEG	_
7	85	von	APPR	APPR	APPR	APPR	APPR	APPR	_
7	86	dir	PPER	PRF	PRF	PRF	PPER	PPER	MISMATCH
7	87	/	$(	$(	$(	$(	$(	$(	_
7	88	weil	KOUS	KOUS	KOUS	KOUS	KOUS	KOUS	_
7	89	du	PTKZU	PPER	PPER	PPER	PPER	PPER	MISMATCH
7	90	seiner	VAINF	PPOSAT	PPOSAT	PPOSAT	PPER	PPOSAT	MISMATCH
7	91	doch	ADV	ADV	ADV	ADV	ADV	ADV	_
7	92	bedarfst	ADJD	VVFIN	VVFIN	VVFIN	VVINF	VVFIN	MISMATCH
7	93	.	$.	$.	$.	$.	$.	$.	_
8	1	es	PPER	PPER	PPER	PPER	PPER	PPER	_
8	2	kann	VMFIN	VMFIN	VMFIN	VMFIN	VMFIN	VMFIN	_
8	3	die	ART	ART	ART	ART	ART	ART	_
8	4	Stunde	VVFIN	NN	NN	NN	NN	NN	MISMATCH
8	5	kommen	VVFIN	VVINF	VVINF	VVINF	VVINF	VVINF	MISMATCH
8	6	/	$(	$(	$(	$(	$(	$(	_
8	7	dass	ART	KOUS	KOUS	KOUS	KOUS	KOUS	MISMATCH
8	8	dem	ART	ART	ART	ART	ART	ART	_
8	9	Kranken	NN	NN	NN	NN	NN	NN	_
8	10	allein	ADV	ADV	ADV	ADV	ADV	ADV	_
8	11	durch	APPR	APPR	APPR	APPR	APPR	APPR	_
8	12	ihn	PPER	PPER	PPER	PPER	PPER	PPER	_
8	13	geholfen	VVPP	VVPP	VVPP	VVPP	VVINF	VVPP	MISMATCH
8	14	werde	VAFIN	VAFIN	VAFIN	VAFIN	VAFIN	VAFIN	_
8	15	/	$(	$(	$(	$(	$(	$(	_
8	16	wenn	KOUS	KOUS	KOUS	KOUS	KOUS	KOUS	_
8	17	sie	PPER	PPER	PPER	PPER	PPER	PPER	_
8	18	den	ART	ART	ART	ART	ART	ART	_
8	19	Herrn	NN	NN	NN	NN	NN	NN	_
8	20	bitten	VVINF	VVINF	VVINF	VVINF	VVFIN	VVINF	MISMATCH
8	21	/	$(	$(	$(	$(	$(	$(	_
8	22	dass	ART	KOUS	KOUS	KOUS	KOUS	KOUS	MISMATCH
8	23	mit	APPR	APPR	APPR	APPR	APPR	APPR	_
8	24	ihm	PPER	PPER	PPER	PPER	PPER	PPER	_
8	25	besser	ADJD	ADJD	ADJD	ADJD	ADJD	ADJD	_
8	26	werde	VAFIN	VAFIN	VAFIN	VAFIN	VAFIN	VAFIN	_
8	27	/	$(	$(	$(	$(	$(	$(	_
8	28	und	KON	KON	KON	KON	KON	KON	_
8	29	Gesundheit	NN	NN	NN	NN	NN	NN	_
8	30	kriege	VVFIN	VVFIN	VVFIN	VVFIN	VVINF	VVFIN	MISMATCH
8	31	länger	ADJD	ADJD	ADJD	ADJD	ADJD	ADJD	_
8	32	zu	PTKZU	PTKZU	PTKZU	PTKZU	PTKZU	PTKZU	_
8	33	leben	VVFIN	VVINF	VVINF	VVINF	VVINF	VVINF	MISMATCH
8	34	.	$.	$.	$.	$.	$.	$.	_
9	1	wer	PWS	PWS	PWS	PWS	PWS	PWS	_
9	2	für	APPR	APPR	APPR	APPR	APPR	APPR	_
9	3	seinem	PPOSAT	PPOSAT	PPOSAT	PPOSAT	PPOSAT	PPOSAT	_
9	4	Schöpfer	NN	NN	NN	NN	VVINF	NN	MISMATCH
9	5	sündigt	VVFIN	VVFIN	VVFIN	VVFIN	VVINF	VVFIN	MISMATCH
9	6	/	$(	$(	$(	$(	$(	$(	_
9	7	der	ART	PRELS	PRELS	PDS	PDS	PRELS	MISMATCH
9	8	muss	VMFIN	VMFIN	VMFIN	VMFIN	VMFIN	VMFIN	_
9	9	dem	ART	ART	ART	ART	ART	ART	_
9	10	Arzt	NN	NN	NN	NN	NN	NN	_
9	11	in	APPR	APPR	APPR	APPR	APPR	APPR	_
9	12	die	ART	ART	ART	ART	ART	ART	_
9	13	Hände	NN	NN	NN	NN	NN	NN	_
9	14	kommen	VVFIN	VVINF	VVINF	VVINF	VVINF	VVINF	MISMATCH
9	15	.	$.	$.	$.	$.	$.	$.	_
10	1	aus	APPR	APPR	APPR	APPR	APPR	APPR	_
10	2	diesen	PDAT	PDAT	PDAT	PDAT	PDAT	PDAT	_
10	3	Worten	NN	NN	NN	NN	NN	NN	_
10	4	kann	VMFIN	VMFIN	VMFIN	VMFIN	VMFIN	VMFIN	_
10	5	man	PIS	PIS	PIS	PIS	PIS	PIS	_
10	6	klärlich	ADV	ADJD	ADJD	ADJD	VVINF	ADJD	MISMATCH
10	7	merken	VVINF	VVINF	VVINF	VVINF	VVINF	VVINF	_
10	8	/	$(	$(	$(	$(	$(	$(	_
10	9	wie	KOKOM	KOUS	KOUS	KOUS	PWAV	KOUS	MISMATCH
10	10	sich	PRF	PRF	PRF	PRF	PRF	PRF	_
10	11	ein	ART	ART	ART	ART	ART	ART	_
10	12	Kranker	ADJA	NN	NN	NN	VVINF	NN	MISMATCH
10	13	halten	VVINF	VVINF	VVINF	VVINF	VVINF	VVINF	_
10	14	soll	VMFIN	VMFIN	VMFIN	VMFIN	VMFIN	VMFIN	_
10	15	.	$.	$.	$.	$.	$.	$.	_
11	1	zum	APPRART	APPRART	APPRART	APPRART	APPRART	APPRART	_
11	2	Ersten	ADJA	NN	NN	NN	NN	NN	MISMATCH
11	3	soll	VMFIN	VMFIN	VMFIN	VMFIN	VMFIN	VMFIN	_
11	4	er	PPER	PPER	PPER	PPER	PPER	PPER	_
11	5	fromm	ADJD	ADJD	ADJD	ADJD	ADJD	ADJD	_
11	6	werden	VAINF	VAINF	VAINF	VAINF	VAINF	VAINF	_
11	7	/	$(	$(	$(	$(	$(	$(	_
11	8	so	ADV	ADV	ADV	ADV	ADV	ADV	_
11	9	er	PPER	PPER	PPER	PPER	PPER	PPER	_
11	10	im	APPRART	APPRART	APPRART	APPRART	APPRART	APPRART	_
11	11	rechtschaffenem	NE	ADJA	ADJA	ADJA	ADJA	ADJA	MISMATCH
11	12	Glauben	VVFIN	NN	NN	NN	NN	NN	MISMATCH
11	13	Gott	NN	NN	NN	NN	NN	NN	_
11	14	anruft	VVFIN	VVFIN	VVFIN	VVFIN	VVFIN	VVFIN	_
11	15	/	$(	$(	$(	$(	$(	$(	_
11	16	und	KON	KON	KON	KON	KON	KON	_
11	17	im	APPRART	APPRART	APPRART	APPRART	APPRART	APPRART	_
11	18	rechten	ADJA	ADJA	ADJA	ADJA	ADJA	ADJA	_
11	19	Wege	NN	NN	NN	NN	NN	NN	_
11	20	nach	APPR	APPR	APPR	APPR	APPR	APPR	_
11	21	Gottes	NN	NN	NN	NN	NN	NN	_
11	22	Willen	NN	NN	NN	NN	NN	NN	_
11	23	leben	VVFIN	VVINF	VVINF	VVINF	ADJD	VVINF	MISMATCH
11	24	will	VMFIN	VMFIN	VMFIN	VMFIN	VMFIN	VMFIN	_
11	25	/	$(	$(	$(	$(	$(	$(	_
11	26	und	KON	KON	KON	KON	KON	KON	_
11	27	ihm	PPER	PPER	PPER	PPER	PPER	PPER	_
11	28	mit	APPR	APPR	APPR	APPR	APPR	APPR	_
11	29	reinem	ADJA	ADJA	ADJA	ADJA	ADJA	ADJA	_
11	30	Herzen	NN	NN	NN	NN	NN	NN	_
11	31	dienen	VVINF	VVINF	VVINF	VVINF	ADJD	VVINF	MISMATCH
11	32	/	$(	$(	$(	$(	$(	$(	_
11	33	und	KON	KON	KON	KON	KON	KON	_
11	34	dankbar	ADJD	ADJD	ADJD	ADJD	ADJD	ADJD	_
11	35	sein	VAINF	VAINF	VAINF	VAINF	VAINF	VAINF	_
11	36	.	$.	$.	$.	$.	$.	$.	_
12	1	zum	APPRART	APPRART	APPRART	APPRART	APPRART	APPRART	_
12	2	Anderen	ADJA	PIS	PIS	PIS	PIS	PIS	MISMATCH
12	3	lass	VVFIN	ADJD	ADJD	ADJD	VVFIN	ADJD	MISMATCH
12	4	für	APPR	APPR	APPR	APPR	APPR	APPR	_
12	5	dich	PPER	PPER	PRF	PRF	PRF	PPER	MISMATCH
12	6	bitten	VVINF	VVFIN	VVFIN	VVFIN	VVINF	VVFIN	MISMATCH
12	7	in	APPR	APPR	APPR	APPR	APPR	APPR	_
12	8	der	ART	ART	ART	ART	ART	ART	_
12	9	Gemeinde	ADJA	NN	NN	NN	NN	NN	MISMATCH
12	10	Gottes	NN	NN	NN	NN	NN	NN	_
12	11	.	$.	$.	$.	$.	$.	$.	_
13	1	dann	ADV	ADV	ADV	ADV	ADV	ADV	_
13	2	bei	APPR	APPR	APPR	APPR	APPR	APPR	_
13	3	den	ART	ART	ART	ART	ART	ART	_
13	4	Christen	NN	NN	NN	NN	NN	NN	_
13	5	ist	VAFIN	VAFIN	VAFIN	VAFIN	VAFIN	VAFIN	_
13	6	Opfern	NN	NN	NN	NN	NN	NN	_
13	7	nichts	PIS	PIS	PIAT	PIAT	PIS	PIAT	MISMATCH
13	8	anderes	ADV	PIS	PIS	PIS	PIS	PIS	MISMATCH
13	9	/	$(	$(	$(	$(	$(	$(	_
13	10	dann	ADV	ADV	ADV	ADV	ADV	ADV	_
13	11	Beten	VVINF	NN	NN	NN	NN	NN	MISMATCH
13	12	/	$(	$(	$(	$(	$(	$(	_
13	13	und	KON	KON	KON	KON	KON	KON	_
13	14	Gott	NN	NN	NN	NN	NN	NN	_
13	15	für	APPR	APPR	APPR	APPR	APPR	APPR	_
13	16	seine	PPOSAT	PPOSAT	PPOSAT	PPOSAT	PPOSAT	PPOSAT	_
13	17	Wohltat	VVFIN	NN	NN	NN	NN	NN	MISMATCH
13	18	danken	VVINF	VVINF	VVINF	VVINF	NN	VVINF	MISMATCH
13	19	.	$.	$.	$.	$.	$.	$.	_
14	1	zum	APPRART	APPRART	APPRART	APPRART	APPRART	APPRART	_
14	2	Letzten	ADJA	ADJA	NN	NN	NN	NN	MISMATCH
14	3	soll	VMFIN	VMFIN	VMFIN	VMFIN	VMFIN	VMFIN	_
14	4	er	PPER	PPER	PPER	PPER	PPER	PPER	_
14	5	zum	APPRART	APPRART	APPRART	APPRART	APPRART	APPRART	_
14	6	Arzt	NN	NN	NN	NN	NN	NN	_
14	7	Zuflucht	NN	KOUS	NN	NN	VVPP	NN	MISMATCH
14	8	haben	VAFIN	VAFIN	VAFIN	VAFIN	VAINF	VAFIN	MISMATCH
14	9	/	$(	$(	$(	$(	$(	$(	_
14	10	und	KON	KON	KON	KON	KON	KON	_
14	11	ihn	PPER	PPER	PPER	PPER	PPER	PPER	_
14	12	nicht	PTKNEG	PTKNEG	PTKNEG	PTKNEG	PTKNEG	PTKNEG	_
14	13	vorachten	VVINF	VVFIN	VVINF	VVINF	VVPP	VVINF	MISMATCH
14	14	/	$(	$(	$(	$(	$(	$(	_
14	15	dieweil	KOUS	KOUS	KOUS	KOUS	KOUS	KOUS	_
14	16	ihn	APPR	PPER	PPER	PPER	PPER	PPER	MISMATCH
14	17	Gott	NN	NN	NN	NN	NN	NN	_
14	18	geschaffen	VVPP	VVPP	VVPP	VVPP	VVPP	VVPP	_
14	19	hat	VAFIN	VAFIN	VAFIN	VAFIN	VAFIN	VAFIN	_
14	20	.	$.	$.	$.	$.	$.	$.	_
15	1	darum	PAV	PAV	PAV	PAV	PAV	PAV	_
15	2	sagt	VVFIN	VVFIN	VVFIN	VVFIN	VVFIN	VVFIN	_
15	3	der	ART	ART	ART	ART	ART	ART	_
15	4	Jesus	NE	NE	NE	NE	NE	NE	_
15	5	Syrach	NE	NE	NE	NE	VVFIN	NN	MISMATCH
15	6	kurz	ADJD	ADJD	ADJD	ADJD	ADJD	ADJD	_
15	7	zuvor	ADV	ADV	ADV	ADV	ADV	ADV	_
15	8	/	$(	$(	$(	$(	$(	$(	_
15	9	der	ART	ART	ART	ART	ART	ART	_
15	10	Herr	NN	NN	NN	NN	NN	NN	_
15	11	lässt	VVIMP	VVFIN	VVFIN	VVFIN	VVFIN	VVFIN	MISMATCH
15	12	die	ART	ART	ART	ART	ART	ART	_
15	13	Arznei	NE	NN	NN	NN	NN	NN	MISMATCH
15	14	aus	APPR	APPR	APPR	APPR	APPR	APPR	_
15	15	der	ART	ART	ART	ART	ART	ART	_
15	16	Erde	NN	NN	NN	NN	NN	NN	_
15	17	wachsen	VVINF	VVINF	VVINF	VVINF	VVFIN	VVINF	MISMATCH
15	18	/	$(	$(	$(	$(	$(	$(	_
15	19	und	KON	KON	KON	KON	KON	KON	_
15	20	ein	ART	ART	ART	ART	ART	ART	_
15	21	Vornünftiger	NE	NN	NN	NN	NN	NN	MISMATCH
15	22	verachtet	NN	VVFIN	VVFIN	VVFIN	VVFIN	VVFIN	MISMATCH
15	23	sie	PPER	PPER	PPER	PPER	PPER	PPER	_
15	24	nicht	PTKNEG	PTKNEG	PTKNEG	PTKNEG	PTKNEG	PTKNEG	_
15	25	.	$.	$.	$.	$.	$.	$.	_
16	1	ward	VAFIN	VAFIN	VVFIN	VAFIN	VAFIN	VVFIN	MISMATCH
16	2	doch	ADV	ADV	ADV	ADV	ADV	ADV	_
16	3	das	ART	ART	ART	ART	ART	ART	_
16	4	bittere	ADJD	ADJA	ADJA	ADJA	ADJA	ADJA	MISMATCH
16	5	Wasser	NN	NN	NN	NN	NN	NN	_
16	6	süß	ADJA	ADJD	ADJD	ADJD	ADJD	ADJD	MISMATCH
16	7	/	$(	$(	$(	$(	$(	$(	_
16	8	durch	APPR	APPR	APPR	APPR	APPR	APPR	_
16	9	ein	ART	ART	ART	ART	ART	ART	_
16	10	Holz	NN	NN	NN	NN	NN	NN	_
16	11	/	$(	$(	$(	$(	$(	$(	_
16	12	auf	APPR	APPR	APPR	APPR	APPR	APPR	_
16	13	dass	ART	KOUS	KOUS	KOUS	KOUS	KOUS	MISMATCH
16	14	man	PIS	PIS	PIS	PIS	PIS	PIS	_
16	15	seine	PPOSAT	PPOSAT	PPOSAT	PPOSAT	PPOSAT	PPOSAT	_
16	16	Kraft	NN	NN	NN	NN	NN	NN	_
16	17	erkennen	VVINF	VVINF	VVINF	VVINF	ADJA	VVINF	MISMATCH
16	18	solle	VMFIN	VMFIN	VMFIN	VMFIN	VMFIN	VMFIN	_
16	19	.	$.	$.	$.	$.	$.	$.	_
17	1	und	KON	KON	KON	KON	KON	KON	_
17	2	er	PPER	PPER	PPER	PPER	PPER	PPER	_
17	3	hat	VAFIN	VAFIN	VAFIN	VAFIN	VAFIN	VAFIN	_
17	4	solche	PIAT	PIAT	PIAT	PIAT	PIAT	PIAT	_
17	5	Kunst	NN	NN	NN	NN	NN	NN	_
17	6	den	ART	ART	ART	ART	ART	ART	_
17	7	Menschen	NN	NN	NN	NN	NN	NN	_
17	8	gegeben	VVPP	VVPP	VVPP	VVPP	VVPP	VVPP	_
17	9	/	$(	$(	$(	$(	$(	$(	_
17	10	dass	ART	KOUS	KOUS	KOUS	KOUS	KOUS	MISMATCH
17	11	er	PPER	PPER	PPER	PPER	PPER	PPER	_
17	12	gepriesen	VVPP	VVPP	VVPP	VVPP	VVPP	VVPP	_
17	13	werde	VAFIN	VAFIN	VAFIN	VAFIN	VAFIN	VAFIN	_
17	14	in	APPR	APPR	APPR	APPR	APPR	APPR	_
17	15	seinen	PPOSAT	PPOSAT	PPOSAT	PPOSAT	PPOSAT	PPOSAT	_
17	16	Wundertaten	NN	NN	NN	NN	NN	NN	_
17	17	/	$(	$(	$(	$(	$(	$(	_
17	18	et cetera	ADV	FM	FM	FM	FM	FM	MISMATCH
18	1	und	KON	KON	KON	KON	KON	KON	_
18	2	also	ADV	ADV	ADV	ADV	ADV	ADV	_
18	3	tat	VVFIN	VVFIN	VVFIN	VVFIN	VVFIN	VVFIN	_
18	4	auch	ADV	ADV	ADV	ADV	ADV	ADV	_
18	5	der	ART	ART	ART	ART	ART	ART	_
18	6	König	NN	NE	NE	NE	NN	NE	MISMATCH
18	7	Hiskia	NE	NE	NE	NE	NE	NE	_
18	8	/	$(	$(	$(	$(	$(	$(	_
18	9	welcher	VVIMP	PWS	PWS	PWS	PRELS	PWS	MISMATCH
18	10	sehr	NE	ADV	ADV	ADV	ADV	ADV	MISMATCH
18	11	krank	ADJD	ADJD	ADJD	ADJD	ADJD	ADJD	_
18	12	war	VAFIN	VAFIN	VAFIN	VAFIN	VAFIN	VAFIN	_
18	13	/	$(	$(	$(	$(	$(	$(	_
18	14	und	KON	KON	KON	KON	KON	KON	_
18	15	der	ART	ART	ART	ART	ART	ART	_
18	16	Prophet	NN	NN	NN	NN	NN	NN	_
18	17	Jesaia	NE	NE	NE	NE	NE	NE	_
18	18	zu	PTKZU	APPR	APPR	APPR	APPR	APPR	MISMATCH
18	19	ihm	APPRART	PPER	PPER	PPER	PPER	PPER	MISMATCH
18	20	kam	VVFIN	VVFIN	VVFIN	VVFIN	VVFIN	VVFIN	_
18	21	/	$(	$(	$(	$(	$(	$(	_
18	22	und	KON	KON	KON	KON	KON	KON	_
18	23	sprach	VVFIN	VVFIN	VVFIN	VVFIN	VVFIN	VVFIN	_
18	24	zu	PTKZU	APPR	APPR	APPR	APPR	APPR	MISMATCH
18	25	ihm	PPER	PPER	PPER	PPER	PPER	PPER	_
18	26	.	$.	$.	$.	$.	$.	$.	_
19	1	so	ADV	ADV	ADV	ADV	ADV	ADV	_
19	2	spricht	VVFIN	VVFIN	VVFIN	VVFIN	VVFIN	VVFIN	_
19	3	der	ART	ART	ART	ART	ART	ART	_
19	4	Herr	NN	NN	NN	NN	NN	NN	_
19	5	/	$(	$(	$(	$(	$(	$(	_
19	6	bestelle	VVFIN	VVFIN	VVFIN	VVFIN	VVINF	VVFIN	MISMATCH
19	7	dein	PPOSAT	PPOSAT	PPOSAT	PPOSAT	PPOSAT	PPOSAT	_
19	8	Haus	NN	NN	NN	NN	NN	NN	_
19	9	/	$(	$(	$(	$(	$(	$(	_
19	10	denn	KON	KON	KON	KON	KON	KON	_
19	11	du	PTKZU	PPER	PPER	PPER	PPER	PPER	MISMATCH
19	12	wirst	VAFIN	VAFIN	VAFIN	VAFIN	VAFIN	VAFIN	_
19	13	sterben	VVINF	VVINF	VVINF	VVINF	VVINF	VVINF	_
19	14	/	$(	$(	$(	$(	$(	$(	_
19	15	und	KON	KON	KON	KON	KON	KON	_
19	16	nicht	PTKNEG	PTKNEG	PTKNEG	PTKNEG	PTKNEG	PTKNEG	_
19	17	lebendig	ADJD	ADJD	ADJD	ADJD	ADJD	ADJD	_
19	18	bleiben	VVINF	VVINF	VVINF	VVINF	VVINF	VVINF	_
19	19	.	$.	$.	$.	$.	$.	$.	_
20	1	da	ADV	ADV	ADV	ADV	ADV	ADV	_
20	2	wendet	PWS	VVFIN	VVFIN	VVFIN	VVFIN	VVFIN	MISMATCH
20	3	Hiskia	NE	NE	NE	NE	NE	NE	_
20	4	sein	VAINF	PPOSAT	PPOSAT	PPOSAT	PPOSAT	PPOSAT	MISMATCH
20	5	Angesicht	NN	NN	NN	NN	NN	NN	_
20	6	zur	APPRART	APPRART	APPRART	APPRART	APPRART	APPRART	_
20	7	Wand	VVFIN	NN	NN	NN	NN	NN	MISMATCH
20	8	/	$(	$(	$(	$(	$(	$(	_
20	9	und	KON	KON	KON	KON	KON	KON	_
20	10	betet	VVFIN	VVFIN	VVFIN	VVFIN	VVFIN	VVFIN	_
20	11	zum	APPRART	APPRART	APPRART	APPRART	APPRART	APPRART	_
20	12	Herrn	NN	NN	NN	NN	NN	NN	_
20	13	/	$(	$(	$(	$(	$(	$(	_
20	14	und	KON	KON	KON	KON	KON	KON	_
20	15	sprach	VVFIN	VVFIN	VVFIN	VVFIN	VVFIN	VVFIN	_
20	16	.	$.	$.	$.	$.	$.	$.	_
21	1	gedenk	NE	VVIMP	VVFIN	VVIMP	VVPP	VVFIN	MISMATCH
21	2	doch	ADV	ADV	ADV	ADV	ADV	ADV	_
21	3	Herr	NN	NN	NN	NN	NN	NN	_
21	4	/	$(	$(	$(	$(	$(	$(	_
21	5	wie	KOKOM	KOUS	KOUS	KOUS	PWAV	KOUS	MISMATCH
21	6	ich	PPER	PPER	PPER	PPER	PPER	PPER	_
21	7	vor	APPR	APPR	APPR	APPR	APPR	APPR	_
21	8	dir	ART	PPER	PRF	PRF	PPER	PRF	MISMATCH
21	9	gewandelt	VVPP	VVPP	VVPP	VVPP	VVPP	VVPP	_
21	10	hab	VAFIN	VAIMP	VAIMP	VAFIN	VAFIN	VAIMP	MISMATCH
21	11	in	APPR	APPR	APPR	APPR	APPR	APPR	_
21	12	der	ART	ART	ART	ART	ART	ART	_
21	13	Wahrheit	NN	NN	NN	NN	NN	NN	_
21	14	/	$(	$(	$(	$(	$(	$(	_
21	15	mit	APPR	APPR	APPR	APPR	APPR	APPR	_
21	16	vollkommenem	ADJA	ADJA	ADJA	ADJA	VVPP	ADJA	MISMATCH
21	17	Herzen	NN	NN	NN	NN	NN	NN	_
21	18	/	$(	$(	$(	$(	$(	$(	_
21	19	und	KON	KON	KON	KON	KON	KON	_
21	20	habe	VAFIN	VAFIN	VAFIN	VAFIN	VAFIN	VAFIN	_
21	21	getan	VVPP	VVPP	VVPP	VVPP	VVPP	VVPP	_
21	22	was	PWS	PIS	PIS	PIS	PWS	PRELS	MISMATCH
21	23	dir	PPER	PPER	PRF	PPER	PPER	PPER	MISMATCH
21	24	gefallen	VVPP	VVPP	VVPP	VVPP	VVPP	VVPP	_
21	25	hat	VAFIN	VAFIN	VAFIN	VAFIN	VAFIN	VAFIN	_
21	26	/	$(	$(	$(	$(	$(	$(	_
21	27	und	KON	KON	KON	KON	KON	KON	_
21	28	Hiskia	NE	NE	NE	NE	NE	NE	_
21	29	weint	VVFIN	VVFIN	VVFIN	VVFIN	VVPP	VVFIN	MISMATCH
21	30	sehr	NE	ADV	ADV	ADV	ADV	ADV	MISMATCH
21	31	.	$.	$.	$.	$.	$.	$.	_
22	1	da	ADV	ADV	ADV	ADV	ADV	ADV	_
22	2	sprach	VVFIN	VVFIN	VVFIN	VVFIN	VVFIN	VVFIN	_
22	3	Gott	NN	NN	NN	NN	NN	NN	_
22	4	der	ART	ART	ART	ART	ART	ART	_
22	5	Herr	NN	NN	NN	NN	NN	NN	_
22	6	zu	PTKZU	APPR	APPR	APPR	APPR	APPR	MISMATCH
22	7	Jesaia	NE	NE	NE	NE	NE	NE	_
22	8	/	$(	$(	$(	$(	$(	$(	_
22	9	gehe	NE	VVFIN	VVFIN	VVFIN	VVFIN	VVFIN	MISMATCH
22	10	hin	PTKVZ	PTKVZ	PTKVZ	PTKVZ	PTKVZ	PTKVZ	_
22	11	und	KON	KON	KON	KON	KON	KON	_
22	12	sage	VVFIN	VVFIN	VVFIN	VVFIN	VVFIN	VVFIN	_
22	13	Hiskia	NE	NE	NE	NE	NE	NE	_
22	14	/	$(	$(	$(	$(	$(	$(	_
22	15	so	ADV	ADV	ADV	ADV	ADV	ADV	_
22	16	spricht	VVFIN	VVFIN	VVFIN	VVFIN	VVFIN	VVFIN	_
22	17	der	ART	ART	ART	ART	ART	ART	_
22	18	Herr	NN	NN	NN	NN	NN	NN	_
22	19	der	ART	ART	ART	ART	ART	ART	_
22	20	Gott	NN	NN	NN	NN	NN	NN	_
22	21	deines	PPOSAT	PPOSAT	PPOSAT	PPOSAT	PPOSAT	PPOSAT	_
22	22	Vaters	NN	NN	NN	NN	NN	NN	_
22	23	David	NE	NE	NE	NE	NE	NE	_
22	24	.	$.	$.	$.	$.	$.	$.	_
23	1	ich	PPER	PPER	PPER	PPER	PPER	PPER	_
23	2	habe	VAFIN	VAFIN	VAFIN	VAFIN	VAFIN	VAFIN	_
23	3	dein	PPOSAT	PPOSAT	PPOSAT	PPOSAT	PPOSAT	PPOSAT	_
23	4	Gebet	NN	NN	NN	NN	NN	NN	_
23	5	gehört	VVFIN	VVPP	VVFIN	VVPP	VVPP	VVPP	MISMATCH
23	6	/	$(	$(	$(	$(	$(	$(	_
23	7	und	KON	KON	KON	KON	KON	KON	_
23	8	deinen	PPOSAT	PPOSAT	PPOSAT	PPOSAT	PPOSAT	PPOSAT	_
23	9	Tränen	NN	NN	NN	NN	NN	NN	_
23	10	gesehen	VVPP	VVPP	VVPP	VVPP	VVPP	VVPP	_
23	11	.	$.	$.	$.	$.	$.	$.	_
24	1	sieh	PRF	VVIMP	VVFIN	VVIMP	XY	VVIMP	MISMATCH
24	2	ich	PPER	PPER	PPER	PPER	PPER	PPER	_
24	3	will	VMFIN	VMFIN	VMFIN	VMFIN	VMFIN	VMFIN	_
24	4	deinen	PPOSAT	PPOSAT	PPOSAT	PPOSAT	PPOSAT	PPOSAT	_
24	5	Tagen	NN	NN	NN	NN	NN	NN	_
24	6	noch	ADV	ADV	KON	ADV	ADV	ADV	MISMATCH
24	7	fünfzehn	CARD	CARD	CARD	CARD	CARD	CARD	_
24	8	Jahr	NN	NN	NN	NN	NN	NN	_
24	9	zulegen	VVINF	VVINF	VVINF	VVINF	VVINF	VVIZU	MISMATCH
24	10	/	$(	$(	$(	$(	$(	$(	_
24	11	und	KON	KON	KON	KON	KON	KON	_
24	12	will	VMFIN	VMFIN	VMFIN	VMFIN	VMFIN	VMFIN	_
24	13	dich	PPER	PPER	PRF	PPER	PPER	PPER	MISMATCH
24	14	samt	APPR	APPR	APPR	APPR	APPR	APPR	_
24	15	dieser	PDAT	PDAT	PDAT	PDAT	PDAT	PDAT	_
24	16	stat	APPR	NN	NN	NN	VVINF	ADJA	MISMATCH
24	17	erretten	VVINF	VVFIN	VVFIN	VVFIN	VVINF	VVINF	MISMATCH
24	18	von	APPR	APPR	APPR	APPR	APPR	APPR	_
24	19	der	ART	ART	ART	ART	ART	ART	_
24	20	Hand	NN	NN	NN	NN	NN	NN	_
24	21	des	ART	ART	ART	ART	ART	ART	_
24	22	Königs	NN	NN	NN	NN	NN	NN	_
24	23	zu	PTKZU	APPR	APPR	APPR	APPR	APPR	MISMATCH
24	24	Assyrien	NE	NE	NE	NE	NE	NE	_
24	25	/	$(	$(	$(	$(	$(	$(	_
24	26	denn	KON	KON	KON	KON	KON	KON	_
24	27	ich	PPER	PPER	PPER	PPER	PPER	PPER	_
24	28	will	VMFIN	VMFIN	VMFIN	VMFIN	VMFIN	VMFIN	_
24	29	diese	PDAT	PDAT	PDAT	PDAT	PDAT	PDAT	_
24	30	Stadt	APPR	NN	NN	NN	NN	NN	MISMATCH
24	31	wohl	ADV	ADV	ADV	ADV	ADV	ADV	_
24	32	verteidigen	NE	VVINF	VVINF	VVINF	VVINF	VVINF	MISMATCH
24	33	.	$.	$.	$.	$.	$.	$.	_
25	1	bald	ADV	ADV	ADV	ADV	ADV	ADV	_
25	2	darnach	PAV	ADV	ADV	ADV	VVPP	ADV	MISMATCH
25	3	hat	VAFIN	VAFIN	VAFIN	VAFIN	VAFIN	VAFIN	_
25	4	der	ART	ART	ART	ART	ART	ART	_
25	5	Prophet	NN	NN	NN	NN	NN	NN	_
25	6	befohlen	VVPP	VVPP	VVPP	VVPP	VVPP	VVPP	_
25	7	man	PIS	PIS	PIS	PIS	PIS	PIS	_
25	8	soll	VMFIN	VMFIN	VMFIN	VMFIN	VMFIN	VMFIN	_
25	9	ihm	PPER	PPER	PPER	PPER	PPER	PPER	_
25	10	ein	ART	ART	ART	ART	ART	ART	_
25	11	Pflaster	NN	NN	NN	NN	NN	NN	_
25	12	von	APPR	APPR	APPR	APPR	APPR	APPR	_
25	13	Feigen	ADJA	NN	NN	NN	NN	NN	MISMATCH
25	14	gemacht	VVPP	VVPP	VVPP	VVPP	VVPP	VVPP	_
25	15	auf	APPR	APPR	APPR	APPR	APPR	APPR	_
25	16	das	ART	ART	ART	ART	ART	ART	_
25	17	Geschwer	NE	NN	NN	NN	NN	NN	MISMATCH
25	18	legen	VVINF	VVINF	VVINF	VVINF	VVPP	VVINF	MISMATCH
25	19	/	$(	$(	$(	$(	$(	$(	_
25	20	dardurch	PAV	PAV	VVFIN	ADV	PAV	PAV	MISMATCH
25	21	er	PPER	PPER	PPER	PPER	PPER	PPER	_
25	22	auch	ADV	ADV	ADV	ADV	ADV	ADV	_
25	23	gesund	ADJD	ADJD	ADJD	ADJD	ADJD	ADJD	_
25	24	ist	VAFIN	VAFIN	VAFIN	VAFIN	VAFIN	VAFIN	_
25	25	worden	VAPP	VAPP	VAPP	VAPP	VAPP	VAPP	_
25	26	.	$.	$.	$.	$.	$.	$.	_
26	1	auf	APPR	APPR	APPR	APPR	APPR	APPR	_
26	2	diese	PDAT	PDAT	PDAT	PDAT	PDAT	PDAT	_
26	3	Art	NN	NN	NN	NN	NN	NN	_
26	4	werden	VAINF	VAFIN	VAFIN	VAFIN	VAFIN	VAFIN	MISMATCH
26	5	in	APPR	APPR	APPR	APPR	APPR	APPR	_
26	6	dieser	PDAT	PDAT	PDAT	PDAT	PDAT	PDAT	_
26	7	fährlichen	ADJA	ADJA	ADJA	ADJA	ADJA	ADJA	_
26	8	Zeit	NN	NN	NN	NN	NN	NN	_
26	9	sich	PRF	PRF	PRF	PRF	PRF	PRF	_
26	10	alle	PIAT	PIAT	PIAT	PIAT	PIAT	PIAT	_
26	11	Christen	NN	NN	NN	NN	NN	NN	_
26	12	schicken	VVINF	VVINF	VVINF	VVINF	VVINF	VVINF	_
26	13	/	$(	$(	$(	$(	$(	$(	_
26	14	und	KON	KON	KON	KON	KON	KON	_
26	15	zubereiten	VVINF	VVFIN	VVFIN	VVINF	VVINF	VVINF	MISMATCH
26	16	/	$(	$(	$(	$(	$(	$(	_
26	17	dann	ADV	ADV	ADV	ADV	ADV	ADV	_
26	18	es	PPER	PPER	PPER	PPER	PPER	PPER	_
26	19	auch	ADV	ADV	ADV	ADV	ADV	ADV	_
26	20	die	ART	ART	ART	ART	ART	ART	_
26	21	große	ADJA	ADJA	ADJA	ADJA	ADJA	ADJA	_
26	22	Not	NN	NN	NN	NN	NN	NN	_
26	23	erfordert	VVFIN	VVPP	VVPP	VVPP	VVFIN	VVPP	MISMATCH
26	24	/	$(	$(	$(	$(	$(	$(	_
26	25	und	KON	KON	KON	KON	KON	KON	_
26	26	Gott	NN	NN	NN	NN	NN	NN	_
26	27	will	VMFIN	VMFIN	VMFIN	VMFIN	VMFIN	VMFIN	_
26	28	barmherzig	ADJD	ADJD	ADJD	ADJD	VVINF	ADJD	MISMATCH
26	29	sein	VAINF	VAINF	VAINF	VAINF	VAINF	VAINF	_
26	30	/	$(	$(	$(	$(	$(	$(	_
26	31	denen	PRELS	PDS	PRELS	PDS	PDS	PDS	MISMATCH
26	32	die	ART	PRELS	PRELS	ART	PRELS	PRELS	MISMATCH
26	33	ihn	PPER	PPER	PPER	PPER	PPER	PPER	_
26	34	anrufen	VVINF	VVINF	VVINF	VVINF	VVFIN	VVINF	MISMATCH
26	35	/	$(	$(	$(	$(	$(	$(	_
26	36	mit	APPR	APPR	APPR	APPR	APPR	APPR	_
26	37	rechtschaffenem	ADJA	ADJA	ADJA	ADJA	ADJA	ADJA	_
26	38	Glauben	VVFIN	NN	NN	NN	NN	NN	MISMATCH
26	39	dann	ADV	ADV	ADV	ADV	ADV	ADV	_
26	40	er	PPER	PPER	PPER	PPER	PPER	PPER	_
26	41	hat	VAFIN	VAFIN	VAFIN	VAFIN	VAFIN	VAFIN	_
26	42	es	PPER	PPER	PPER	PPER	PPER	PPER	_
26	43	zugesagt	VVPP	VVPP	VVPP	VVPP	VVINF	VVPP	MISMATCH
26	44	/	$(	$(	$(	$(	$(	$(	_
26	45	dass	ART	KOUS	KOUS	KOUS	KOUS	KOUS	MISMATCH
26	46	er	PPER	PPER	PPER	PPER	PPER	PPER	_
26	47	uns	PPER	PPER	PRF	PPER	PPER	PRF	MISMATCH
26	48	von	APPR	APPR	APPR	APPR	APPR	APPR	_
26	49	dem	ART	ART	ART	ART	ART	ART	_
26	50	Übel	ADV	NN	NN	NN	NN	NN	MISMATCH
26	51	erretten	VVINF	VVINF	VVINF	VVINF	VVINF	VVINF	_
26	52	will	VMFIN	VMFIN	VMFIN	VMFIN	VMFIN	VMFIN	_
26	53	.	$.	$.	$.	$.	$.	$.	_
27	1	was	PWS	PWS	PWS	PWS	PWS	PWS	_
27	2	aber	ADV	ADV	ADV	ADV	ADV	ADV	_
27	3	die	ART	ART	ART	ART	ART	ART	_
27	4	Arznei	NE	NN	NN	NN	NN	NN	MISMATCH
27	5	betrifft	VVFIN	VVFIN	VVFIN	VVFIN	VVFIN	VVFIN	_
27	6	/	$(	$(	$(	$(	$(	$(	_
27	7	will	VMFIN	VMFIN	VMFIN	VMFIN	VMFIN	VMFIN	_
27	8	ich	PPER	PPER	PPER	PPER	PPER	PPER	_
27	9	kürzlich	ADV	ADJD	ADJD	ADJD	ADV	ADJD	MISMATCH
27	10	anzeigen	VVINF	VVFIN	VVFIN	VVFIN	VVINF	VVINF	MISMATCH
27	11	so	ADV	ADV	ADV	ADV	ADV	ADV	_
27	12	weit	ADJD	ADJD	ADJD	ADJD	ADJD	ADJD	_
27	13	als	KOKOM	KOKOM	KOKOM	KOKOM	KOKOM	KOKOM	_
27	14	die	ART	ART	ART	ART	ART	ART	_
27	15	Not	NN	NN	NN	NN	NN	NN	_
27	16	erfordert	VVFIN	VVPP	VVPP	VVPP	VVFIN	VVPP	MISMATCH
27	17	.	$.	$.	$.	$.	$.	$.	_
28	1	zum	APPRART	APPRART	APPRART	APPRART	APPRART	APPRART	_
28	2	Ersten	ADJA	NN	NN	NN	NN	NN	MISMATCH
28	3	soll	VMFIN	VMFIN	VMFIN	VMFIN	VMFIN	VMFIN	_
28	4	ein	ART	ART	ART	ART	ART	ART	_
28	5	jeder	PIAT	PIS	PIS	PIS	PIS	PIS	MISMATCH
28	6	merken	VVINF	VVFIN	VVFIN	VVFIN	VVINF	VVFIN	MISMATCH
28	7	die	ART	ART	ART	ART	ART	ART	_
28	8	Zeichen	NN	NN	NN	NN	NN	NN	_
28	9	/	$(	$(	$(	$(	$(	$(	_
28	10	dabei	PAV	PAV	PAV	PAV	PAV	PAV	_
28	11	man	PIS	PIS	PIS	PIS	PIS	PIS	_
28	12	erkennen	VVINF	VVINF	VVINF	VVINF	VVINF	VVINF	_
28	13	möchte	VMFIN	VMFIN	VMFIN	VMFIN	VMFIN	VMFIN	_
28	14	/	$(	$(	$(	$(	$(	$(	_
28	15	ob	KOUS	KOUS	KOUS	KOUS	KOUS	KOUS	_
28	16	einen	ART	PIS	PIS	PIS	PIS	PIS	MISMATCH
28	17	die	ART	ART	ART	ART	ART	ART	_
28	18	Gift	NN	NN	NN	NN	NN	NN	_
28	19	begriffen	VVPP	VVPP	VVPP	VVPP	VVINF	VVPP	MISMATCH
28	20	habe	VAFIN	VAFIN	VAFIN	VAFIN	VAFIN	VAFIN	_
28	21	/	$(	$(	$(	$(	$(	$(	_
28	22	oder	KON	KON	KON	KON	KON	KON	_
28	23	nicht	PTKNEG	PTKNEG	PTKNEG	PTKNEG	PTKNEG	PTKNEG	_
28	24	.	$.	$.	$.	$.	$.	$.	_
29	1	wann	PWAV	PWAV	PWAV	PWAV	PWAV	PWAV	_
29	2	einer	ART	PIS	ART	ART	PIS	PIS	MISMATCH
29	3	plötzlich	ADJD	ADJD	ADJD	ADV	ADJD	ADJD	MISMATCH
29	4	las	VVFIN	ADJD	VVFIN	VVFIN	VVFIN	ADJA	MISMATCH
29	5	und	KON	KON	KON	KON	KON	KON	_
29	6	matt	PTKVZ	VVFIN	ADJD	ADJD	ADJD	ADJD	MISMATCH
29	7	würde	VAFIN	VAFIN	VAFIN	VAFIN	VAFIN	VAFIN	_
29	8	in	APPR	APPR	APPR	APPR	APPR	APPR	_
29	9	allen	PIAT	PIAT	PIAT	PIAT	PIAT	PIAT	_
29	10	seinen	PPOSAT	PPOSAT	PPOSAT	PPOSAT	PPOSAT	PPOSAT	_
29	11	Gliedern	NN	NN	NN	NN	NN	NN	_
29	12	/	$(	$(	$(	$(	$(	$(	_
29	13	und	KON	KON	KON	KON	KON	KON	_
29	14	sich	PRF	PRF	PRF	PRF	PRF	PRF	_
29	15	heftig	ADJD	ADJD	ADJD	ADJD	ADJD	ADJD	_
29	16	renkt	VVFIN	VVFIN	VVFIN	VVFIN	ADJD	VVFIN	MISMATCH
29	17	/	$(	$(	$(	$(	$(	$(	_
29	18	item	ADV	ADV	ADV	ADV	ADV	ADV	_
29	19	wo	PWAV	PWAV	PWAV	PWAV	PWAV	PWAV	_
29	20	ein	ART	ART	ART	ART	ART	ART	_
29	21	Schauer	VVIMP	NN	NN	NN	NN	NN	MISMATCH
29	22	einen	ART	ART	ART	ART	PIS	ART	MISMATCH
29	23	bald	ADV	ADV	ADV	ADV	ADV	ADV	_
29	24	ankäme	VVFIN	VVFIN	VVFIN	VVFIN	ADJD	VVFIN	MISMATCH
29	25	/	$(	$(	$(	$(	$(	$(	_
29	26	oder	KON	KON	KON	KON	KON	KON	_
29	27	eine	ART	ART	ART	ART	ART	ART	_
29	28	plötzliche	ADJD	ADJA	ADJA	ADJA	ADJA	ADJA	MISMATCH
29	29	Hitze	NN	NN	NN	NN	NN	NN	_
29	30	/	$(	$(	$(	$(	$(	$(	_
29	31	oder	KON	KON	KON	KON	KON	KON	_
29	32	so	ADV	ADV	ADV	ADV	ADV	ADV	_
29	33	er	PPER	PPER	PPER	PPER	PPER	PPER	_
29	34	sich	PRF	PRF	PRF	PRF	PRF	PRF	_
29	35	undäut	NE	VVFIN	ADJD	ADJD	VVFIN	VVFIN	MISMATCH
29	36	über	APPR	APPR	APPR	APPR	APPR	APPR	_
29	37	die	ART	ART	ART	ART	ART	ART	_
29	38	Gewohnheit	NN	NN	NN	NN	NN	NN	_
29	39	/	$(	$(	$(	$(	$(	$(	_
29	40	oder	KON	KON	KON	KON	KON	KON	_
29	41	so	ADV	ADV	ADV	ADV	ADV	ADV	_
29	42	ihn	PPER	PPER	PPER	PPER	PPER	PPER	_
29	43	ein	ART	ART	ART	ART	ART	ART	_
29	44	gewaltiger	ADJA	ADJA	ADJA	ADJA	ADJA	ADJA	_
29	45	Schlaf	ADJD	NN	NN	NN	NN	NN	MISMATCH
29	46	überfällt	VVFIN	VVFIN	VVFIN	VVFIN	VVFIN	VVFIN	_
29	47	/	$(	$(	$(	$(	$(	$(	_
29	48	oder	KON	KON	KON	KON	KON	KON	_
29	49	eine	ART	ART	ART	ART	ART	ART	_
29	50	große	ADJA	ADJA	ADJA	ADJA	ADJA	ADJA	_
29	51	Traurigkeit	NN	NN	NN	NN	NN	NN	_
29	52	ihn	APPR	PPER	PPER	PPER	PPER	PPER	MISMATCH
29	53	ängstigt	VVFIN	VVFIN	VVFIN	VVFIN	ADJD	ADJD	MISMATCH
29	54	/	$(	$(	$(	$(	$(	$(	_
29	55	und	KON	KON	KON	KON	KON	KON	_
29	56	der	ART	ART	ART	ART	ART	ART	_
29	57	Harn	NN	NN	NN	NN	NN	NN	_
29	58	welcher	PWAT	PWS	PIS	PIS	PRELS	PIS	MISMATCH
29	59	doch	ADV	KON	ADV	ADV	ADV	ADV	MISMATCH
29	60	zu	PTKZU	APPR	APPR	APPR	APPR	APPR	MISMATCH
29	61	dieser	PDAT	PDAT	PDAT	PDAT	PDAT	PDAT	_
29	62	Zeit	NN	NN	NN	NN	NN	NN	_
29	63	wenig	PIS	PIAT	PIAT	PIAT	PIAT	PIAT	MISMATCH
29	64	Gewisses	ADJA	NN	NN	NN	ADJD	NN	MISMATCH
29	65	anzeigt	VVFIN	VVFIN	VVFIN	VVFIN	VVFIN	VVFIN	_
29	66	/	$(	$(	$(	$(	$(	$(	_
29	67	ist	VAFIN	VAFIN	VAFIN	VAFIN	VAFIN	VAFIN	_
29	68	gemeiniglich	ADV	ADJD	ADJD	ADJD	ADJD	ADJD	MISMATCH
29	69	gelblich	ADJD	ADJD	ADJD	ADJD	ADJD	ADJD	_
29	70	und	KON	KON	KON	KON	KON	KON	_
29	71	trüb	ADJD	ADJD	ADJD	ADJD	ADJD	ADJD	_
29	72	.	$.	$.	$.	$.	$.	$.	_
30	1	item	NN	ADV	ADV	ADV	XY	ADV	MISMATCH
30	2	so	ADV	ADV	ADV	ADV	ADV	ADV	_
30	3	einem	ART	ART	ART	ART	PIS	ART	MISMATCH
30	4	braune	ADJA	ADJA	ADJA	ADJA	VVPP	ADJA	MISMATCH
30	5	Flecken	NN	NN	NN	NN	NN	NN	_
30	6	ausführen	VVINF	VVINF	VVINF	VVINF	VVPP	VVINF	MISMATCH
30	7	/	$(	$(	$(	$(	$(	$(	_
30	8	und	KON	KON	KON	KON	KON	KON	_
30	9	sonderlich	ADJD	ADJD	ADJD	ADJD	ADJD	ADJD	_
30	10	/	$(	$(	$(	$(	$(	$(	_
30	11	wann	PWAV	PWAV	PWAV	PWAV	KOUS	PWAV	MISMATCH
30	12	Beulen	VVINF	NN	NN	NN	NN	NN	MISMATCH
30	13	und	KON	KON	KON	KON	KON	KON	_
30	14	Blattern	NN	NN	NN	NN	NN	NN	_
30	15	aufgefaren	VVPP	VVPP	VVPP	VVPP	VVPP	VVPP	_
30	16	wären	VAFIN	VAFIN	VAFIN	VAFIN	VAFIN	VAFIN	_
30	17	/	$(	$(	$(	$(	$(	$(	_
30	18	oder	KON	KON	KON	KON	KON	KON	_
30	19	zum	APPRART	APPRART	APPRART	APPRART	APPRART	APPRART	_
30	20	Wenigsten	PIAT	NN	NN	NN	VVPP	NN	MISMATCH
30	21	ein	ART	ART	ART	ART	ART	ART	_
30	22	Gliedmaß	NE	NN	NN	NN	NN	NN	MISMATCH
30	23	mehr	ADV	ADV	ADV	ADV	ADV	ADV	_
30	24	beschwert	VVFIN	VVPP	VVPP	VVPP	VVPP	VVPP	MISMATCH
30	25	würde	VAFIN	VAFIN	VAFIN	VAFIN	VAFIN	VAFIN	_
30	26	/	$(	$(	$(	$(	$(	$(	_
30	27	dann	ADV	ADV	ADV	ADV	ADV	ADV	_
30	28	die	ART	ART	ART	ART	ART	ART	_
30	29	anderen	ADJA	PIS	PIS	PIS	PIS	PIS	MISMATCH
30	30	.	$.	$.	$.	$.	$.	$.	_
31	1	item	NN	ADV	ADV	ADV	XY	ADV	MISMATCH
31	2	wann	PWAV	PWAV	PWAV	PWAV	PWAV	PWAV	_
31	3	der	ART	ART	ART	ART	ART	ART	_
31	4	Leib	NN	NN	NN	NN	NN	NN	_
31	5	inwendig	ADJD	ADJD	ADJD	ADJD	ADV	ADJD	MISMATCH
31	6	heiß	ADJD	ADJD	ADJD	ADJD	ADJD	ADJD	_
31	7	ist	VAFIN	VAFIN	VAFIN	VAFIN	VAFIN	VAFIN	_
31	8	/	$(	$(	$(	$(	$(	$(	_
31	9	und	KON	KON	KON	KON	KON	KON	_
31	10	auswendig	ADJD	ADV	ADJD	ADV	ADV	ADV	MISMATCH
31	11	kalt	ADJD	ADJD	ADJD	ADJD	ADJD	ADJD	_
31	12	.	$.	$.	$.	$.	$.	$.	_
32	1	item	NN	ADV	ADV	ADV	XY	ADV	MISMATCH
32	2	so	ADV	ADV	ADV	ADV	ADV	ADV	_
32	3	ihm	PPER	PPER	PPER	PPER	PPER	PPER	_
32	4	der	ART	ART	ART	ART	ART	ART	_
32	5	Kopf	NN	NN	NN	NN	NN	NN	_
32	6	schwer	ADJD	ADJD	ADJD	ADJD	ADJD	ADJD	_
32	7	würde	VAFIN	VAFIN	VAFIN	VAFIN	VAFIN	VAFIN	_
32	8	plötzlich	ADJD	ADV	ADJD	ADV	ADJD	ADJD	MISMATCH
32	9	/	$(	$(	$(	$(	$(	$(	_
32	10	so	ADV	ADV	ADV	ADV	ADV	ADV	_
32	11	ihm	PPER	PPER	PPER	PPER	PPER	PPER	_
32	12	die	ART	ART	ART	ART	ART	ART	_
32	13	Lust	NN	NN	NN	NN	NN	NN	_
32	14	zum	APPRART	APPRART	APPRART	APPRART	APPRART	APPRART	_
32	15	Essen	VVINF	NN	NN	NN	NN	NN	MISMATCH
32	16	vergangen	VVPP	VVPP	VVPP	VVPP	VVPP	VVPP	_
32	17	wäre	PWS	VAFIN	VAFIN	VAFIN	VAFIN	VAFIN	MISMATCH
32	18	/	$(	$(	$(	$(	$(	$(	_
32	19	so	ADV	ADV	ADV	ADV	ADV	ADV	_
32	20	ihn	PPER	PPER	PPER	PPER	PPER	PPER	_
32	21	heftiger	ADJA	ADJA	ADJA	ADJA	ADJA	ADJA	_
32	22	Durst	NN	NN	NN	NN	NN	NN	_
32	23	bald	ADV	ADV	ADV	ADV	ADV	ADV	_
32	24	plagt	VVFIN	VVFIN	VVFIN	VVFIN	VVFIN	VVFIN	_
32	25	/	$(	$(	$(	$(	$(	$(	_
32	26	so	ADV	ADV	ADV	ADV	ADV	ADV	_
32	27	ihm	PPER	PPER	PPER	PPER	PPER	PPER	_
32	28	der	ART	ART	ART	ART	ART	ART	_
32	29	Puls	NE	NN	NN	NN	NN	NN	MISMATCH
32	30	klein	ADJD	ADJD	ADJD	ADJD	ADJD	ADJD	_
32	31	/	$(	$(	$(	$(	$(	$(	_
32	32	öfter	ADV	ADV	ADJD	ADV	ADJD	ADV	MISMATCH
32	33	und	KON	KON	KON	KON	KON	KON	_
32	34	tief	ADJD	ADJD	ADJD	ADJD	ADJD	ADJD	_
32	35	ist	VAFIN	VAFIN	VAFIN	VAFIN	VAFIN	VAFIN	_
32	36	/	$(	$(	$(	$(	$(	$(	_
32	37	vor	APPR	APPR	APPR	APPR	APPR	APPR	_
32	38	allem	PIS	PIS	PIS	PIS	PIS	PIS	_
32	39	soll	VMFIN	VMFIN	VMFIN	VMFIN	VMFIN	VMFIN	_
32	40	man	PIS	PIS	PIS	PIS	PIS	PIS	_
32	41	Achtung	NE	NN	NN	NN	NN	NN	MISMATCH
32	42	haben	VAFIN	VAFIN	VAFIN	VAFIN	VAINF	VAINF	MISMATCH
32	43	/	$(	$(	$(	$(	$(	$(	_
32	44	so	ADV	ADV	ADV	ADV	ADV	ADV	_
32	45	ein	ART	ART	ART	ART	ART	ART	_
32	46	Wehtag	NE	NN	NN	NN	NN	NN	MISMATCH
32	47	wäre	VAFIN	VAFIN	VAFIN	VAFIN	VAFIN	VAFIN	_
32	48	an	APPR	APPR	APPR	APPR	APPR	APPR	_
32	49	dem	ART	ART	ART	ART	ART	ART	_
32	50	Hals	NN	NN	NN	NN	NN	NN	_
32	51	/	$(	$(	$(	$(	$(	$(	_
32	52	oder	KON	KON	KON	KON	KON	KON	_
32	53	bei	APPR	APPR	APPR	APPR	APPR	APPR	_
32	54	den	ART	ART	ART	ART	ART	ART	_
32	55	Armen	ADJA	NN	NN	NN	NN	NN	MISMATCH
32	56	/	$(	$(	$(	$(	$(	$(	_
32	57	oder	KON	KON	KON	KON	KON	KON	_
32	58	bei	APPR	APPR	APPR	APPR	APPR	APPR	_
32	59	dem	ART	ART	ART	ART	ART	ART	_
32	60	Schoß	NN	NN	NN	NN	NN	NN	_
32	61	und	KON	KON	KON	KON	KON	KON	_
32	62	Beinen	VVINF	NN	NN	NN	NN	NN	MISMATCH
32	63	.	$.	$.	$.	$.	$.	$.	_
33	1	so	ADV	ADV	ADV	ADV	ADV	ADV	_
33	2	nun	ADV	ADV	ADV	ADV	ADV	ADV	_
33	3	solche	PIAT	PIAT	PIAT	PIAT	PIAT	PIAT	_
33	4	Zeichen	NN	NN	NN	NN	NN	NN	_
33	5	zum	APPRART	APPRART	APPRART	APPRART	APPRART	APPRART	_
33	6	Teil	NN	NN	NN	NN	NN	NN	_
33	7	erscheinen	VVINF	VVINF	VVINF	VVINF	VVPP	VVINF	MISMATCH
33	8	/	$(	$(	$(	$(	$(	$(	_
33	9	soll	VMFIN	VMFIN	VMFIN	VMFIN	VMFIN	VMFIN	_
33	10	man	PIS	PIS	PIS	PIS	PIS	PIS	_
33	11	nicht	PTKNEG	PTKNEG	PTKNEG	PTKNEG	PTKNEG	PTKNEG	_
33	12	zweifeln	VVFIN	VVINF	VVINF	VVINF	VVPP	VVINF	MISMATCH
33	13	/	$(	$(	$(	$(	$(	$(	_
33	14	das	ART	PRELS	KOUS	ART	KOUS	PRELS	MISMATCH
33	15	ihn	PPER	PPER	PPER	PPER	PPER	PPER	_
33	16	die	ART	ART	ART	ART	ART	ART	_
33	17	Gift	NN	NN	NN	NN	NN	NN	_
33	18	schon	ADV	ADV	ADV	ADV	ADV	ADV	_
33	19	begriffen	VVPP	VVPP	VVPP	VVPP	VVPP	VVPP	_
33	20	hat	VAFIN	VAFIN	VAFIN	VAFIN	VAFIN	VAFIN	_
33	21	.	$.	$.	$.	$.	$.	$.	_
34	1	darzu	PAV	ADV	ADV	ADV	VVINF	ADV	MISMATCH
34	2	muss	VMFIN	VMFIN	VMFIN	VMFIN	VMFIN	VMFIN	_
34	3	man	PIS	PIS	PIS	PIS	PIS	PIS	_
34	4	bald	ADV	ADV	ADV	ADV	ADV	ADV	_
34	5	zur	APPRART	APPRART	APPRART	APPRART	APPRART	APPRART	_
34	6	Ader	VVIMP	NN	NN	NN	NN	NN	MISMATCH
34	7	lassen	VVINF	VVINF	VVINF	VVINF	VVINF	VVINF	_
34	8	/	$(	$(	$(	$(	$(	$(	_
34	9	und	KON	KON	KON	KON	KON	KON	_
34	10	in	APPR	APPR	APPR	APPR	APPR	APPR	_
34	11	Demselbigen	PDAT	NN	NN	NN	NE	NN	MISMATCH
34	12	nicht	PTKNEG	PTKNEG	PTKNEG	PTKNEG	PTKNEG	PTKNEG	_
34	13	irren	ADJA	VVINF	VVINF	VVINF	VVINF	VVINF	MISMATCH
34	14	/	$(	$(	$(	$(	$(	$(	_
34	15	welches	PRELS	PWS	PWS	PRELS	PRELS	PWS	MISMATCH
34	16	nicht	PTKNEG	PTKNEG	PTKNEG	PTKNEG	PTKNEG	PTKNEG	_
34	17	ohne	APPR	APPR	APPR	APPR	APPR	APPR	_
34	18	merklichen	ADJA	ADJA	ADJA	ADJA	VVINF	ADJA	MISMATCH
34	19	Schaden	VVINF	NN	NN	NN	NN	NN	MISMATCH
34	20	abgehen	VVINF	VVINF	VVINF	VVINF	VVINF	VVINF	_
34	21	würde	VAFIN	VAFIN	VAFIN	VAFIN	VAFIN	VAFIN	_
34	22	.	$.	$.	$.	$.	$.	$.	_
35	1	derhalben	PAV	NN	NN	NN	VVINF	NN	MISMATCH
35	2	sollen	VMFIN	VMFIN	VMFIN	VMFIN	VMFIN	VMFIN	_
35	3	die	ART	ART	ART	ART	ART	ART	_
35	4	Barbiere	NE	NN	NN	NN	NN	NN	MISMATCH
35	5	aufmerken	VVINF	VVINF	VVINF	VVINF	VVINF	VVINF	_
35	6	und	KON	KON	KON	KON	KON	KON	_
35	7	nicht	PTKNEG	PTKNEG	PTKNEG	PTKNEG	PTKNEG	PTKNEG	_
35	8	törlich	ADJD	ADJD	ADJD	ADJD	VVINF	ADJD	MISMATCH
35	9	eine	ART	ART	ART	ART	ART	ART	_
35	10	itzliche	NE	ADJA	ADJA	ADJA	ADJA	ADJA	MISMATCH
35	11	Ader	VVINF	NN	NN	NN	NN	NN	MISMATCH
35	12	schlagen	VVFIN	VVINF	VVINF	VVINF	VVINF	VVINF	MISMATCH
35	13	.	$.	$.	$.	$.	$.	$.	_
36	1	es	PPER	PPER	PPER	PPER	PPER	PPER	_
36	2	ist	VAFIN	VAFIN	VAFIN	VAFIN	VAFIN	VAFIN	_
36	3	wohl	ADV	ADV	ADV	ADV	ADV	ADV	_
36	4	zu	PTKZU	PTKZU	PTKZU	PTKZU	PTKZU	PTKZU	_
36	5	merken	VVINF	VVINF	VVINF	VVINF	VVINF	VVINF	_
36	6	dass	ART	KOUS	KOUS	KOUS	KOUS	KOUS	MISMATCH
36	7	die	ART	ART	ART	ART	ART	ART	_
36	8	Gift	NN	NN	NN	NN	NN	NN	_
36	9	sonderlich	ADJD	ADJD	ADJD	ADJD	ADJD	ADJD	_
36	10	drei	CARD	CARD	CARD	CARD	CARD	CARD	_
36	11	Gliedmaßen	NE	NN	NN	NN	NN	NN	MISMATCH
36	12	begreife	VVFIN	VVFIN	VVFIN	VVFIN	ADV	VVFIN	MISMATCH
36	13	/	$(	$(	$(	$(	$(	$(	_
36	14	als	KOKOM	KOKOM	KOKOM	KOKOM	APPR	KOKOM	MISMATCH
36	15	das	ART	ART	ART	ART	ART	ART	_
36	16	Gehirn	NN	NN	NN	NN	NN	NN	_
36	17	/	$(	$(	$(	$(	$(	$(	_
36	18	das	ART	ART	ART	ART	ART	ART	_
36	19	Herz	NN	NN	NN	NN	NN	NN	_
36	20	/	$(	$(	$(	$(	$(	$(	_
36	21	und	KON	KON	KON	KON	KON	KON	_
36	22	die	ART	ART	ART	ART	ART	ART	_
36	23	Leber	VVFIN	NN	NN	NN	NN	NN	MISMATCH
36	24	/	$(	$(	$(	$(	$(	$(	_
36	25	doch	ADV	KON	KON	KON	KON	KON	MISMATCH
36	26	muss	VMFIN	VMFIN	VMFIN	VMFIN	VMFIN	VMFIN	_
36	27	allezeit	ADV	ADV	ADV	ADV	ADV	ADV	_
36	28	das	ART	ART	ART	ART	ART	ART	_
36	29	Herz	NN	NN	NN	NN	NN	NN	_
36	30	mit	APPR	APPR	APPR	APPR	APPR	APPR	_
36	31	Not	NN	NN	NN	NN	NN	NN	_
36	32	leiden	VVINF	VVINF	VVINF	VVINF	ADV	VVINF	MISMATCH
36	33	/	$(	$(	$(	$(	$(	$(	_
36	34	dann	ADV	ADV	ADV	ADV	ADV	ADV	_
36	35	die	ART	ART	ART	ART	ART	ART	_
36	36	Gift	NN	NN	NN	NN	NN	NN	_
36	37	dringt	VVFIN	VVFIN	VVFIN	VVFIN	ADV	VVFIN	MISMATCH
36	38	mächtig	ADJD	ADJD	ADJD	ADJD	ADJD	ADJD	_
36	39	nach	APPR	APPR	APPR	APPR	APPR	APPR	_
36	40	dem	ART	ART	ART	ART	ART	ART	_
36	41	Herzen	NN	NN	NN	NN	NN	NN	_
36	42	/	$(	$(	$(	$(	$(	$(	_
36	43	derhalben	PAV	NN	NN	NN	ADV	NN	MISMATCH
36	44	schlagen	NE	VVFIN	VVFIN	VVFIN	ADV	VVFIN	MISMATCH
36	45	die	ART	ART	ART	ART	ART	ART	_
36	46	Blattern	ADJA	NN	NN	NN	NN	NN	MISMATCH
36	47	und	KON	KON	KON	KON	KON	KON	_
36	48	Beulen	VVINF	NN	NN	NN	NN	NN	MISMATCH
36	49	gemeiniglich	ADV	ADJD	ADJD	ADJD	ADV	ADJD	MISMATCH
36	50	aus	APPR	PTKVZ	PTKVZ	PTKVZ	PTKVZ	PTKVZ	MISMATCH
36	51	/	$(	$(	$(	$(	$(	$(	_
36	52	so	ADV	ADV	ADV	ADV	ADV	ADV	_
36	53	es	PPER	PPER	PPER	PPER	PPER	PPER	_
36	54	im	APPRART	APPRART	APPRART	APPRART	APPRART	APPRART	_
36	55	Gehirn	NN	NN	NN	NN	NN	NN	_
36	56	ist	VAFIN	VAFIN	VAFIN	VAFIN	VAFIN	VAFIN	_
36	57	/	$(	$(	$(	$(	$(	$(	_
36	58	um	APPR	APPR	APPR	APPR	APPR	APPR	_
36	59	den	ART	ART	ART	ART	ART	ART	_
36	60	Kopf	NN	NN	NN	NN	NN	NN	_
36	61	und	KON	KON	KON	KON	KON	KON	_
36	62	Hals	NN	NN	NN	NN	NN	NN	_
36	63	/	$(	$(	$(	$(	$(	$(	_
36	64	so	ADV	ADV	ADV	ADV	ADV	ADV	_
36	65	die	ART	ART	ART	ART	ART	ART	_
36	66	Gift	NN	NN	NN	NN	NN	NN	_
36	67	im	APPRART	APPRART	APPRART	APPRART	APPRART	APPRART	_
36	68	Herzen	NN	NN	NN	NN	NN	NN	_
36	69	ist	VAFIN	VAFIN	VAFIN	VAFIN	VAFIN	VAFIN	_
36	70	/	$(	$(	$(	$(	$(	$(	_
36	71	so	ADV	ADV	ADV	ADV	ADV	ADV	_
36	72	erscheinen	VVINF	VVFIN	VVFIN	VVFIN	ADV	VVINF	MISMATCH
36	73	sie	PPER	PPER	PPER	PPER	PPER	PPER	_
36	74	an	APPR	APPR	APPR	APPR	APPR	APPR	_
36	75	dem	ART	ART	ART	ART	ART	ART	_
36	76	Arm	ADJD	NN	NN	NN	NN	NN	MISMATCH
36	77	/	$(	$(	$(	$(	$(	$(	_
36	78	und	KON	KON	KON	KON	KON	KON	_
36	79	sonderlich	ADJD	ADJD	ADJD	ADJD	ADJD	ADJD	_
36	80	unter	APPR	APPR	APPR	APPR	APPR	APPR	_
36	81	dem	ART	ART	ART	ART	ART	ART	_
36	82	Achsel	NE	NN	NN	NN	NN	NN	MISMATCH
36	83	/	$(	$(	$(	$(	$(	$(	_
36	84	so	ADV	ADV	ADV	ADV	ADV	ADV	_
36	85	die	ART	ART	ART	ART	PDS	ART	MISMATCH
36	86	in	APPR	APPR	APPR	APPR	APPR	APPR	_
36	87	der	ART	ART	ART	ART	ART	ART	_
36	88	Leber	VVFIN	NN	NN	NN	NN	NN	MISMATCH
36	89	ist	VAFIN	VAFIN	VAFIN	VAFIN	VAFIN	VAFIN	_
36	90	/	$(	$(	$(	$(	$(	$(	_
36	91	so	ADV	ADV	ADV	ADV	ADV	ADV	_
36	92	sieht	NN	VVFIN	VVFIN	VVFIN	VVFIN	VVFIN	MISMATCH
36	93	man	PIS	PIS	PIS	PIS	PIS	PIS	_
36	94	die	ART	ART	ART	ART	ART	ART	_
36	95	Apostemata	NE	NN	NN	NN	NN	NN	MISMATCH
36	96	bei	APPR	APPR	APPR	APPR	APPR	APPR	_
36	97	dem	ART	ART	ART	ART	ART	ART	_
36	98	Gemächt	VVPP	NN	NN	NN	NN	NN	MISMATCH
36	99	/	$(	$(	$(	$(	$(	$(	_
36	100	und	KON	KON	KON	KON	KON	KON	_
36	101	Beinen	VVINF	NN	NN	NN	NN	NN	MISMATCH
36	102	/	$(	$(	$(	$(	$(	$(	_
36	103	und	KON	KON	KON	KON	KON	KON	_
36	104	ja	ADV	ADV	ADV	ADV	ADV	ADV	_
36	105	die	ART	ART	ART	ART	ART	ART	_
36	106	Geschwüre	NE	NN	NN	NN	NN	NN	MISMATCH
36	107	heftiger	ADJA	ADJD	ADJD	ADJD	ADV	ADJA	MISMATCH
36	108	und	KON	KON	KON	KON	KON	KON	_
36	109	weiter	ADV	ADV	ADV	ADV	ADV	ADV	_
36	110	von	APPR	APPR	APPR	APPR	APPR	APPR	_
36	111	den	ART	ART	ART	ART	ART	ART	_
36	112	drei	CARD	CARD	CARD	CARD	CARD	CARD	_
36	113	vornehmlichen	ADJA	ADJA	ADJA	ADJA	ADJA	ADJA	_
36	114	Gliedmaßen	NE	NN	NN	NN	NN	NN	MISMATCH
36	115	getrieben	VVPP	VVPP	VVPP	VVPP	ADV	VVPP	MISMATCH
36	116	werden	VAINF	VAINF	VAINF	VAINF	VAINF	VAINF	_
36	117	/	$(	$(	$(	$(	$(	$(	_
36	118	ja	ADV	ADV	ADV	ADV	ADV	ADV	_
36	119	die	ART	ART	ART	ART	ART	ART	_
36	120	Kraft	NN	NN	NN	NN	NN	NN	_
36	121	derselbigen	PDAT	ADJA	ADJA	NN	PDS	NN	MISMATCH
36	122	noch	ADV	ADV	ADV	ADV	ADV	ADV	_
36	123	stärker	ADJD	ADJD	ADJD	ADJD	ADJD	ADJD	_
36	124	ist	VAFIN	VAFIN	VAFIN	VAFIN	VAFIN	VAFIN	_
36	125	/	$(	$(	$(	$(	$(	$(	_
36	126	und	KON	KON	KON	KON	KON	KON	_
36	127	ist	VAFIN	VAFIN	VAFIN	VAFIN	VAFIN	VAFIN	_
36	128	ein	ART	ART	ART	ART	ART	ART	_
36	129	gutes	ADJD	ADJA	ADJA	ADJA	ADJA	ADJA	MISMATCH
36	130	Zeichen	NN	NN	NN	NN	NN	NN	_
36	131	dass	ART	KOUS	KOUS	KOUS	KOUS	KOUS	MISMATCH
36	132	die	ART	ART	ART	ART	ART	ART	_
36	133	Natur	NN	NN	NN	NN	NN	NN	_
36	134	noch	ADV	ADV	ADV	ADV	ADV	ADV	_
36	135	kräftig	ADJD	ADJD	ADJD	ADJD	ADJD	ADJD	_
36	136	ist	VAFIN	VAFIN	VAFIN	VAFIN	VAFIN	VAFIN	_
36	137	.	$.	$.	$.	$.	$.	$.	_
37	1	wiederum	ADV	ADV	ADV	ADV	ADV	ADV	_
37	2	ist	VAFIN	VAFIN	VAFIN	VAFIN	VAFIN	VAFIN	_
37	3	sie	PPER	PPER	PPER	PPER	PPER	PPER	_
37	4	schwach	ADJD	ADJD	ADJD	ADJD	ADJD	ADJD	_
37	5	/	$(	$(	$(	$(	$(	$(	_
37	6	so	ADV	ADV	ADV	ADV	ADV	ADV	_
37	7	sie	PPER	PPER	PPER	PPER	PPER	PPER	_
37	8	nicht	PTKNEG	PTKNEG	PTKNEG	PTKNEG	PTKNEG	PTKNEG	_
37	9	gewaltig	ADJD	ADJD	ADJD	ADJD	ADJD	ADJD	_
37	10	austreibt	VVFIN	VVFIN	VVFIN	VVFIN	VVFIN	VVFIN	_
37	11	/	$(	$(	$(	$(	$(	$(	_
37	12	sondern	KON	KON	KON	KON	KON	KON	_
37	13	allein	ADV	ADV	ADV	ADV	ADV	ADV	_
37	14	denselbigen	PDAT	ADJA	ADJA	NN	PDS	NN	MISMATCH
37	15	/	$(	$(	$(	$(	$(	$(	_
37	16	oder	KON	KON	KON	KON	KON	KON	_
37	17	den	ART	ART	ART	ART	ART	ART	_
37	18	nächsten	ADJA	ADJA	ADJA	ADJA	ADJA	ADJA	_
37	19	Ort	NN	NN	NN	NN	NN	NN	_
37	20	beschwert	VVINF	VVFIN	VVFIN	VVPP	VVFIN	VVPP	MISMATCH
37	21	.	$.	$.	$.	$.	$.	$.	_
38	1	so	ADV	ADV	ADV	ADV	ADV	ADV	_
38	2	muss	VMFIN	VMFIN	VMFIN	VMFIN	VMFIN	VMFIN	_
38	3	nun	ADV	ADV	ADV	ADV	ADV	ADV	_
38	4	ein	ART	ART	ART	ART	ART	ART	_
38	5	Barbier	NE	NN	NN	NN	NN	NN	MISMATCH
38	6	alle	PIAT	PIAT	PIAT	PIAT	PIAT	PIAT	_
38	7	Zeit	NN	NN	NN	NN	NN	NN	_
38	8	auf	APPR	APPR	APPR	APPR	APPR	APPR	_
38	9	der	ART	ART	ART	ART	ART	ART	_
38	10	Seite	NN	NN	NN	NN	NN	NN	_
38	11	die	ART	ART	ART	ART	ART	ART	_
38	12	Adern	VVINF	NN	NN	NN	NN	NN	MISMATCH
38	13	schlagen	VVFIN	VVINF	VVINF	VVINF	VVINF	VVINF	MISMATCH
38	14	/	$(	$(	$(	$(	$(	$(	_
38	15	in	APPR	APPR	APPR	APPR	APPR	APPR	_
38	16	welcher	PWAT	PIS	PIS	PIS	PRELS	PIS	MISMATCH
38	17	das	ART	ART	ART	ART	ART	ART	_
38	18	Geschwür	NN	NN	NN	NN	NN	NN	_
38	19	/	$(	$(	$(	$(	$(	$(	_
38	20	oder	KON	KON	KON	KON	KON	KON	_
38	21	die	ART	ART	ART	ART	ART	ART	_
38	22	Beschwernis	NN	NN	NN	NN	NN	NN	_
38	23	ist	VAFIN	VAFIN	VAFIN	VAFIN	VAFIN	VAFIN	_
38	24	.	$.	$.	$.	$.	$.	$.	_
39	1	so	ADV	ADV	ADV	ADV	ADV	ADV	_
39	2	dieselbigen	PDAT	ADJA	ADJA	ADJA	ADV	ADJA	MISMATCH
39	3	sind	VAFIN	VAFIN	VAFIN	VAFIN	VAFIN	VAFIN	_
39	4	an	APPR	APPR	APPR	APPR	APPR	APPR	_
39	5	dem	ART	ART	ART	ART	ART	ART	_
39	6	Hals	NN	NN	NN	NN	NN	NN	_
39	7	oder	KON	KON	KON	KON	KON	KON	_
39	8	am	APPRART	APPRART	APPRART	APPRART	APPRART	APPRART	_
39	9	Haupt	NN	NN	NN	NN	NN	NN	_
39	10	/	$(	$(	$(	$(	$(	$(	_
39	11	soll	VMFIN	VMFIN	VMFIN	VMFIN	VMFIN	VMFIN	_
39	12	man	PIS	PIS	PIS	PIS	PIS	PIS	_
39	13	die	ART	ART	ART	ART	ART	ART	_
39	14	Hauptadern	NN	NN	NN	NN	NN	NN	_
39	15	lassen	VVINF	VVINF	VVINF	VVINF	VVINF	VVINF	_
39	16	schlagen	NE	VVFIN	VVFIN	VVFIN	ADV	VVFIN	MISMATCH
39	17	auf	APPR	APPR	APPR	APPR	APPR	APPR	_
39	18	derselbigen	ADJA	ADJA	ADJA	ADJA	ADJA	ADJA	_
39	19	Seite	NN	NN	NN	NN	NN	NN	_
39	20	/	$(	$(	$(	$(	$(	$(	_
39	21	und	KON	KON	KON	KON	KON	KON	_
39	22	ziemlich	ADV	ADV	ADV	ADV	ADV	ADV	_
39	23	wohl	ADV	ADV	ADV	ADV	ADV	ADV	_
39	24	lassen	VVINF	VVINF	VVINF	VVINF	VVFIN	VVINF	MISMATCH
39	25	laufen	VVFIN	VVINF	VVFIN	VVINF	VVINF	VVINF	MISMATCH
39	26	/	$(	$(	$(	$(	$(	$(	_
39	27	so	ADV	ADV	ADV	ADV	ADV	ADV	_
39	28	sie	PPER	PPER	PPER	PPER	PPER	PPER	_
39	29	an	APPR	APPR	APPR	APPR	APPR	APPR	_
39	30	dem	ART	ART	ART	ART	ART	ART	_
39	31	Arm	ADJD	NN	NN	NN	NN	NN	MISMATCH
39	32	oder	KON	KON	KON	KON	KON	KON	_
39	33	hart	ADJD	ADJD	ADJD	ADJD	ADJD	ADJD	_
39	34	dabei	PAV	PAV	PAV	PAV	PAV	PAV	_
39	35	erscheinen	VVINF	VVINF	VVINF	VVINF	VVFIN	VVINF	MISMATCH
39	36	/	$(	$(	$(	$(	$(	$(	_
39	37	soll	VMFIN	VMFIN	VMFIN	VMFIN	VMFIN	VMFIN	_
39	38	die	ART	ART	ART	ART	ART	ART	_
39	39	Basilica	NE	NE	NE	NN	NN	NN	MISMATCH
39	40	geschlagen	VVPP	VVPP	VVPP	VVPP	ADV	VVPP	MISMATCH
39	41	werden	VAINF	VAINF	VAINF	VAINF	VAINF	VAINF	_
39	42	/	$(	$(	$(	$(	$(	$(	_
39	43	auch	ADV	ADV	ADV	ADV	ADV	ADV	_
39	44	auf	APPR	APPR	APPR	APPR	APPR	APPR	_
39	45	derselbigen	ART	ADJA	ADJA	ADJA	ADJA	ADJA	MISMATCH
39	46	Seite	NN	NN	NN	NN	NN	NN	_
39	47	/	$(	$(	$(	$(	$(	$(	_
39	48	und	KON	KON	KON	KON	KON	KON	_
39	49	so	ADV	ADV	ADV	ADV	ADV	ADV	_
39	50	man	PIS	PIS	PIS	PIS	PIS	PIS	_
39	51	die	ART	PDS	ART	PDS	PDS	PDS	MISMATCH
39	52	nicht	PTKNEG	PTKNEG	PTKNEG	PTKNEG	PTKNEG	PTKNEG	_
39	53	finden	VVINF	VVINF	VVINF	VVINF	ADV	VVINF	MISMATCH
39	54	könnte	VVFIN	VMFIN	VMFIN	VMFIN	VMFIN	VMFIN	MISMATCH
39	55	/	$(	$(	$(	$(	$(	$(	_
39	56	so	ADV	ADV	ADV	ADV	ADV	ADV	_
39	57	nehme	ART	VVFIN	VVFIN	VVFIN	ADV	VVFIN	MISMATCH
39	58	man	PIS	PIS	PIS	PIS	PIS	PIS	_
39	59	daselbst	NE	ADV	ADV	ADV	ADV	ADV	MISMATCH
39	60	die	ART	ART	ART	ART	ART	ART	_
39	61	Median	ADJD	NN	NE	NN	NN	NN	MISMATCH
39	62	.	$.	$.	$.	$.	$.	$.	_
40	1	so	ADV	ADV	ADV	ADV	ADV	ADV	_
40	2	die	ART	ART	ART	ART	ART	ART	_
40	3	Apostemata	NE	NN	NN	NN	VVPP	NN	MISMATCH
40	4	sein	VAINF	VAINF	VAINF	VAFIN	VAINF	VAINF	MISMATCH
40	5	bei	APPR	APPR	APPR	APPR	APPR	APPR	_
40	6	dem	ART	ART	ART	ART	ART	ART	_
40	7	Schoß	NN	NN	NN	NN	NN	NN	_
40	8	/	$(	$(	$(	$(	$(	$(	_
40	9	soll	VMFIN	VMFIN	VMFIN	VMFIN	VMFIN	VMFIN	_
40	10	die	ART	ART	ART	ART	ART	ART	_
40	11	Ader	VVIMP	NN	NN	NN	NN	NN	MISMATCH
40	12	welche	PWAT	PIAT	PRELS	PRELS	PRELS	PRELS	MISMATCH
40	13	man	PIS	PIS	PIS	PIS	PIS	PIS	_
40	14	nennt	VVFIN	VVFIN	VVFIN	VVFIN	VVFIN	VVFIN	_
40	15	die	ART	ART	ART	ART	ART	ART	_
40	16	Frauenader	NN	NN	NN	NN	NN	NN	_
40	17	/	$(	$(	$(	$(	$(	$(	_
40	18	geschlagen	VVPP	VVPP	VVPP	VVPP	VVPP	VVPP	_
40	19	werden	VAINF	VAINF	VAINF	VAINF	VAINF	VAINF	_
40	20	.	$.	$.	$.	$.	$.	$.	_
41	1	dasselbige	PDS	NN	NN	NN	VVINF	NN	MISMATCH
41	2	wird	VAFIN	VAFIN	VAFIN	VAFIN	VAFIN	VAFIN	_
41	3	man	PIS	PIS	PIS	PIS	PIS	PIS	_
41	4	halten	VVINF	VVINF	VVINF	VVINF	VVINF	VVINF	_
41	5	/	$(	$(	$(	$(	$(	$(	_
41	6	so	ADV	ADV	ADV	ADV	ADV	ADV	_
41	7	allein	ADV	ADV	ADV	ADV	ADV	ADV	_
41	8	eine	ART	ART	ART	ART	ART	ART	_
41	9	Beschwernis	NN	NN	NN	NN	NN	NN	_
41	10	in	APPR	APPR	APPR	APPR	APPR	APPR	_
41	11	dem	ART	ART	ART	ART	ART	ART	_
41	12	vor	APPR	APPR	APPR	APPR	ADV	APPR	MISMATCH
41	13	angezeigten	ADJA	ADJA	ADJA	ADJA	VVINF	ADJA	MISMATCH
41	14	Gliedmaß	NE	NN	NN	NN	NN	NN	MISMATCH
41	15	gefühlt	VVPP	VVPP	VVPP	VVPP	VVPP	VVPP	_
41	16	würde	VAFIN	VAFIN	VAFIN	VAFIN	VAFIN	VAFIN	_
41	17	.	$.	$.	$.	$.	$.	$.	_
42	1	so	ADV	ADV	ADV	ADV	ADV	ADV	_
42	2	etwas	PIS	ADV	ADV	ADV	PIS	ADV	MISMATCH
42	3	an	APPR	APPR	APPR	APPR	APPR	APPR	_
42	4	der	ART	ART	ART	ART	ART	ART	_
42	5	Hüfte	NN	NN	NN	NN	NN	NN	_
42	6	aufgefahren	VVPP	VVPP	VVPP	VVPP	VVPP	VVPP	_
42	7	wäre	VAFIN	VAFIN	VAFIN	VAFIN	VAFIN	VAFIN	_
42	8	/	$(	$(	$(	$(	$(	$(	_
42	9	soll	VMFIN	VMFIN	VMFIN	VMFIN	VMFIN	VMFIN	_
42	10	man	PIS	PIS	PIS	PIS	PIS	PIS	_
42	11	schlagen	NE	VVFIN	VVFIN	VVFIN	VVPP	VVFIN	MISMATCH
42	12	die	ART	ART	ART	ART	ART	ART	_
42	13	Sciatica	NE	NE	NE	NE	NE	NE	_
42	14	/	$(	$(	$(	$(	$(	$(	_
42	15	oder	KON	KON	KON	KON	KON	KON	_
42	16	welche	PWAT	PRELS	PRELS	PRELS	PWS	PRELS	MISMATCH
42	17	leitet	VVFIN	VVFIN	VVFIN	VVFIN	VVPP	VVFIN	MISMATCH
42	18	zwischen	APPR	APPR	APPR	APPR	APPR	APPR	_
42	19	den	ART	ART	ART	ART	ART	ART	_
42	20	kleinsten	ADJA	ADJA	ADJA	ADJA	ADJA	ADJA	_
42	21	Zehen	CARD	NN	NN	NN	NN	NN	MISMATCH
42	22	/	$(	$(	$(	$(	$(	$(	_
42	23	und	KON	KON	KON	KON	KON	KON	_
42	24	ihren	PPOSAT	PPOSAT	PPOSAT	PPOSAT	PPOSAT	PPOSAT	_
42	25	nächsten	VVINF	ADJA	ADJA	ADJA	ADJA	ADJA	MISMATCH
42	26	.	$.	$.	$.	$.	$.	$.	_
43	1	so	ADV	ADV	ADV	ADV	ADV	ADV	_
43	2	aber	ADV	ADV	ADV	ADV	ADV	ADV	_
43	3	der	ART	ART	ART	ART	ART	ART	_
43	4	Mensch	NN	NN	NN	NN	NN	NN	_
43	5	durch	APPR	APPR	APPR	APPR	APPR	APPR	_
43	6	Ursachen	NN	NN	NN	NN	NN	NN	_
43	7	nicht	PTKNEG	PTKNEG	PTKNEG	PTKNEG	PTKNEG	PTKNEG	_
43	8	könnte	VVFIN	VMFIN	VMFIN	VMFIN	VMFIN	VMFIN	MISMATCH
43	9	die	ART	ART	ART	ART	ART	ART	_
43	10	Ader	VVIMP	NN	NN	NN	NN	NN	MISMATCH
43	11	lassen	VVINF	VVINF	VVINF	ADJD	VVINF	VVINF	MISMATCH
43	12	schlagen	VVFIN	VVINF	VVINF	VVINF	VVINF	VVINF	MISMATCH
43	13	/	$(	$(	$(	$(	$(	$(	_
43	14	so	ADV	ADV	ADV	ADV	ADV	ADV	_
43	15	lass	VVFIN	ADJD	ADJD	ADJD	VVFIN	ADJD	MISMATCH
43	16	er	PPER	PPER	PPER	PPER	PPER	PPER	_
43	17	auf	APPR	APPR	APPR	APPR	APPR	APPR	_
43	18	den	ART	ART	ART	ART	ART	ART	_
43	19	Orten	VVINF	NN	NN	NN	NN	NN	MISMATCH
43	20	die	ART	ART	ART	ART	ART	ART	_
43	21	Köpfe	NN	NN	NN	NN	NN	NN	_
43	22	hinsetzen	PTKVZ	VVINF	VVINF	VVINF	VVINF	VVINF	MISMATCH
43	23	/	$(	$(	$(	$(	$(	$(	_
43	24	und	KON	KON	KON	KON	KON	KON	_
43	25	lasse	VVFIN	VVFIN	VVFIN	VVFIN	VVFIN	VVFIN	_
43	26	sie	PPER	PPER	PPER	PPER	PPER	PPER	_
43	27	wohl	ADV	ADV	ADV	ADV	ADV	ADV	_
43	28	hauen	VVINF	VVINF	VVINF	VVINF	VVINF	VVINF	_
43	29	/	$(	$(	$(	$(	$(	$(	_
43	30	und	KON	KON	KON	KON	KON	KON	_
43	31	das	ART	ART	ART	ART	ART	ART	_
43	32	Blut	NN	NN	NN	NN	NN	NN	_
43	33	daraus	PAV	PAV	PAV	PAV	PAV	PAV	_
43	34	laufen	VVFIN	VVFIN	VVFIN	VVINF	VVINF	VVINF	MISMATCH
43	35	.	$.	$.	$.	$.	$.	$.	_
44	1	zum	APPRART	APPRART	APPRART	APPRART	APPRART	APPRART	_
44	2	Anderen	ADJA	ADJA	PIS	PIS	PIS	PIS	MISMATCH
44	3	nach	APPR	APPR	APPR	APPR	APPR	APPR	_
44	4	dem	ART	ART	ART	ART	ART	ART	_
44	5	Aderschlagen	VVIMP	NN	NN	NN	NN	NN	MISMATCH
44	6	/	$(	$(	$(	$(	$(	$(	_
44	7	soll	VMFIN	VMFIN	VMFIN	VMFIN	VMFIN	VMFIN	_
44	8	man	PIS	PIS	PIS	PIS	PIS	PIS	_
44	9	den	ART	ART	ART	ART	ART	ART	_
44	10	Kranken	NN	NN	NN	NN	NN	NN	_
44	11	zu	PTKZU	APPR	APPR	APPR	APPR	APPR	MISMATCH
44	12	dem	ART	ART	ART	ART	ART	ART	_
44	13	Schweiß	NN	NN	NN	NN	NN	NN	_
44	14	bringen	VVINF	VVINF	VVINF	VVINF	VVINF	VVINF	_
44	15	/	$(	$(	$(	$(	$(	$(	_
44	16	und	KON	KON	KON	KON	KON	KON	_
44	17	die	ART	ART	ART	ART	ART	ART	_
44	18	Gift	NN	NN	NN	NN	NN	NN	_
44	19	austreiben	VVINF	VVINF	VVINF	VVINF	VVINF	VVINF	_
44	20	/	$(	$(	$(	$(	$(	$(	_
44	21	mit	APPR	APPR	APPR	APPR	APPR	APPR	_
44	22	etlichen	ADJA	PIAT	PIAT	PIAT	PIAT	PIAT	MISMATCH
44	23	Arzneien	NN	NN	NN	NN	NN	NN	_
44	24	/	$(	$(	$(	$(	$(	$(	_
44	25	der	ART	ART	ART	ART	PRELS	ART	MISMATCH
44	26	sonst	ADV	ADV	ADV	ADV	ADV	ADV	_
44	27	viel	ADV	ADV	ADV	ADV	ADV	ADV	_
44	28	gezählt	NN	VVPP	VVPP	VVPP	VVINF	VVPP	MISMATCH
44	29	möchten	VMFIN	VMFIN	VMFIN	VMFIN	VMFIN	VMFIN	_
44	30	werden	VAINF	VAINF	VAINF	VAINF	VAINF	VAINF	_
44	31	.	$.	$.	$.	$.	$.	$.	_
45	1	aber	KON	KON	KON	ADV	KON	KON	MISMATCH
45	2	ich	PPER	PPER	PPER	PPER	PPER	PPER	_
45	3	halte	VVFIN	VVFIN	VVFIN	VVFIN	ADJD	VVFIN	MISMATCH
45	4	das	ART	ART	ART	ART	ART	ART	_
45	5	Latwerge	NN	ADJD	NN	NN	ADJD	NN	MISMATCH
45	6	von	APPR	APPR	APPR	APPR	APPR	APPR	_
45	7	dem	ART	ART	ART	ART	ART	ART	_
45	8	Ei	NE	NN	NN	NN	NN	NN	MISMATCH
45	9	welches	PRELS	PWS	PIS	PRELS	PRELS	PIS	MISMATCH
45	10	in	APPR	APPR	APPR	APPR	APPR	APPR	_
45	11	diesem	PDAT	PDAT	PDAT	PDAT	PDAT	PDAT	_
45	12	Fall	NN	NN	NN	NN	NN	NN	_
45	13	der	ART	ART	ART	ART	ART	ART	_
45	14	Reiser	NN	NN	NN	NN	NN	NN	_
45	15	Maximilianus	NE	NE	NE	NE	NE	NE	_
45	16	fleißiglich	ADJD	ADJD	ADJD	ADJD	ADJD	ADJD	_
45	17	gebraucht	VVPP	VVPP	VVPP	VVPP	VVPP	VVPP	_
45	18	hat	VAFIN	VAFIN	VAFIN	VAFIN	VAFIN	VAFIN	_
45	19	/	$(	$(	$(	$(	$(	$(	_
45	20	dasselbige	PDS	NN	NN	NN	ADJD	ADJA	MISMATCH
45	21	ist	VAFIN	VAFIN	VAFIN	VAFIN	VAFIN	VAFIN	_
45	22	leicht	ADJD	ADJD	ADJD	ADJD	ADJD	ADJD	_
45	23	zu	PTKZU	PTKZU	PTKZU	PTKZU	PTKZU	PTKZU	_
45	24	machen	VVINF	VVINF	VVINF	VVINF	ADJD	VVINF	MISMATCH
45	25	/	$(	$(	$(	$(	$(	$(	_
45	26	und	KON	KON	KON	KON	KON	KON	_
45	27	hat	VAFIN	VAFIN	VAFIN	VAFIN	VAFIN	VAFIN	_
45	28	rechtschaffene	ADJA	ADJA	ADJA	ADJA	ADJA	ADJA	_
45	29	Arznei	NN	NN	NN	NN	NN	NN	_
45	30	/	$(	$(	$(	$(	$(	$(	_
45	31	welche	PWAT	PRELS	PRELS	PRELS	PRELS	PRELS	MISMATCH
45	32	in	APPR	APPR	APPR	APPR	APPR	APPR	_
45	33	dieser	PDAT	PDAT	PDAT	PDAT	PDAT	PDAT	_
45	34	Sache	NN	NN	NN	NN	NN	NN	_
45	35	viel	ADV	ADV	ADV	ADV	PIS	ADV	MISMATCH
45	36	tun	VVINF	VVINF	VVINF	VVINF	VVFIN	VVINF	MISMATCH
45	37	/	$(	$(	$(	$(	$(	$(	_
45	38	ohne	APPR	APPR	APPR	APPR	APPR	APPR	_
45	39	was	PWS	PIS	PIS	PIS	PWS	PRELS	MISMATCH
45	40	die	ART	ART	ART	ART	ART	ART	_
45	41	Erfahrung	NN	NN	NN	NN	NN	NN	_
45	42	in	APPR	APPR	APPR	APPR	APPR	APPR	_
45	43	dem	ART	PDS	PDS	ART	PDS	ART	MISMATCH
45	44	getan	VVPP	VVPP	VVPP	VVPP	VVPP	VVPP	_
45	45	hat	VAFIN	VAFIN	VAFIN	VAFIN	VAFIN	VAFIN	_
45	46	.	$.	$.	$.	$.	$.	$.	_
46	1	davon	ADV	PAV	PAV	PAV	PAV	PAV	MISMATCH
46	2	soll	VMFIN	VMFIN	VMFIN	VMFIN	VMFIN	VMFIN	_
46	3	man	PIS	PIS	PIS	PIS	PIS	PIS	_
46	4	geben	VVINF	VVFIN	VVFIN	VVFIN	ADJA	VVFIN	MISMATCH
46	5	die	ART	PRELS	ART	ART	PDS	ART	MISMATCH
46	6	eines	ART	ART	ART	ART	ART	ART	_
46	7	ziemlichen	ADJA	ADJA	ADJA	ADV	ADJA	ADJA	MISMATCH
46	8	Alters	ADV	NN	NN	NN	NN	NN	MISMATCH
46	9	sein	VAINF	VAINF	VAINF	VAFIN	VAFIN	PPOSAT	MISMATCH
46	10	bei	APPR	APPR	APPR	APPR	APPR	APPR	_
46	11	einem	ART	ART	ART	ART	ART	ART	_
46	12	Quint	NE	NE	NE	NN	NN	NN	MISMATCH
46	13	mit	APPR	APPR	APPR	APPR	APPR	APPR	_
46	14	Endivien-	NN	TRUNC	TRUNC	NN	TRUNC	TRUNC	MISMATCH
46	15	oder	KON	KON	KON	KON	KON	KON	_
46	16	Skabiosenwasser	NE	NN	NN	NN	NN	NN	MISMATCH
46	17	trinken	VVFIN	VVINF	VVINF	VVINF	ADJA	VVINF	MISMATCH
46	18	/	$(	$(	$(	$(	$(	$(	_
46	19	derselbige	ART	ADJA	ADJA	ADJA	ADJA	ADJA	MISMATCH
46	20	Trank	VVFIN	NN	NN	NN	NN	NN	MISMATCH
46	21	ist	VAFIN	VAFIN	VAFIN	VAFIN	VAFIN	VAFIN	_
46	22	auch	ADV	ADV	ADV	ADV	ADV	ADV	_
46	23	gut	ADJD	ADJD	ADJD	ADJD	ADJD	ADJD	_
46	24	/	$(	$(	$(	$(	$(	$(	_
46	25	so	ADV	ADV	ADV	ADV	ADV	ADV	_
46	26	man	PIS	PIS	PIS	PIS	PIS	PIS	_
46	27	sich	PRF	PRF	PRF	PRF	PRF	PRF	_
46	28	bewahren	VVINF	VVINF	VVINF	VVINF	ADJA	VVINF	MISMATCH
46	29	wollte	VMFIN	VMFIN	VMFIN	VMFIN	VMFIN	VMFIN	_
46	30	vor	APPR	APPR	APPR	APPR	APPR	APPR	_
46	31	der	ART	ART	ART	ART	ART	ART	_
46	32	Pestilenz	NN	NN	NN	NN	NN	NN	_
46	33	/	$(	$(	$(	$(	$(	$(	_
46	34	wie	KOKOM	KOKOM	KOKOM	KOKOM	PWAV	KOKOM	MISMATCH
46	35	zuvor	ADV	ADV	ADV	ADV	ADV	ADV	_
46	36	angezeigt	VVPP	VVPP	VVPP	VVPP	VVPP	VVPP	_
46	37	ist	VAFIN	VAFIN	VAFIN	VAFIN	VAFIN	VAFIN	_
46	38	worden	VAPP	VAPP	VAPP	VAPP	VAPP	VAPP	_
46	39	.	$.	$.	$.	$.	$.	$.	_
47	1	die	ART	PDS	ART	ART	PDS	PDS	MISMATCH
47	2	aber	ADV	ADV	ADV	ADV	ADV	ADV	_
47	3	noch	ADV	ADV	ADV	ADV	ADV	ADV	_
47	4	sehr	NE	ADV	ADV	ADV	ADV	ADV	MISMATCH
47	5	jung	ADJD	ADJD	ADJD	ADJD	ADJD	ADJD	_
47	6	sein	VAINF	VAINF	VAINF	VAINF	VAINF	VAINF	_
47	7	/	$(	$(	$(	$(	$(	$(	_
47	8	sollen	VMFIN	VMFIN	VMFIN	VMFIN	VMFIN	VMFIN	_
47	9	allein	ADV	ADV	ADV	ADV	ADV	ADV	_
47	10	zwei	CARD	CARD	CARD	CARD	CARD	CARD	_
47	11	Skrupel	NN	NN	NN	NN	NN	NN	_
47	12	nehmen	VVINF	VVINF	VVINF	VVINF	VVINF	VVINF	_
47	13	/	$(	$(	$(	$(	$(	$(	_
47	14	mit	APPR	APPR	APPR	APPR	APPR	APPR	_
47	15	den	ART	ART	ART	ART	ART	ART	_
47	16	vorigen	ADJA	ADJA	ADJA	ADJA	ADJA	ADJA	_
47	17	Wassern	VVINF	NN	NN	NN	NN	NN	MISMATCH
47	18	.	$.	$.	$.	$.	$.	$.	_
48	1	item	FM	ADV	ADV	ADV	XY	ADV	MISMATCH
48	2	das	FM	PDS	PDS	PDS	PDS	PDS	MISMATCH
48	3	ist	FM	VAFIN	VAFIN	VAFIN	VAFIN	VAFIN	MISMATCH
48	4	auch	FM	ADV	ADV	ADV	ADV	ADV	MISMATCH
48	5	dienstlich	FM	ADJD	ADJD	ADJD	ADJD	ADJD	MISMATCH
48	6	darzu	FM	ADV	ADV	ADV	PAV	ADV	MISMATCH
48	7	/	$(	$(	$(	$(	$(	$(	_
48	8	welches	FM	PWS	PWS	PRELS	PWS	PWS	MISMATCH
48	9	muss	FM	VMFIN	VMFIN	VMFIN	VMFIN	VMFIN	MISMATCH
48	10	in	FM	APPR	APPR	APPR	APPR	APPR	MISMATCH
48	11	der	FM	ART	ART	ART	ART	ART	MISMATCH
48	12	Apotheke	FM	NN	NN	NN	NN	NN	MISMATCH
48	13	fertig	FM	NE	ADJD	ADJD	ADJD	ADJD	MISMATCH
48	14	gemacht	FM	NE	VVPP	VVPP	ADJD	VVPP	MISMATCH
48	15	werden	VVINF	VAINF	VAINF	VAINF	VAINF	VAINF	MISMATCH
48	16	.	$.	$.	$.	$.	$.	$.	_
48	17	R.	FM	NE	NE	NE	NE	NE	MISMATCH
48	18	diacroci	FM	NE	NE	NE	NE	NE	MISMATCH
48	19	scriptula	FM	NE	NE	NE	FM	NE	MISMATCH
48	20	duo	FM	NE	NE	NE	FM	NE	MISMATCH
48	21	,	$,	$,	$,	$,	$,	$,	_
48	22	theriacæ	FM	NE	NE	NE	FM	NE	MISMATCH
48	23	optimæ	FM	ADJA	NE	ADJA	FM	ADJA	MISMATCH
48	24	scriptulum	FM	NN	NE	NN	FM	NN	MISMATCH
48	25	1.	FM	ADJA	ADV	ADV	NE	ADJA	MISMATCH
48	26	in	FM	APPR	APPR	APPR	NE	APPR	MISMATCH
48	27	aqua	FM	NE	NE	ADJA	FM	NE	MISMATCH
48	28	acetose	FM	NE	NE	NE	FM	NE	MISMATCH
48	29	dissojuantur	FM	NN	NN	NN	FM	NN	MISMATCH
48	30	,	$,	$,	$,	$,	$,	$,	_
48	31	&	$(	KON	KON	KON	XY	KON	MISMATCH
48	32	fiat	FM	ADJA	VVFIN	ADJA	FM	NE	MISMATCH
48	33	potio	FM	NE	NN	NE	FM	NE	MISMATCH
48	34	.	$.	$.	$.	$.	$.	$.	_
49	1	darzu	PAV	ADV	ADV	ADV	PAV	ADV	MISMATCH
49	2	ist	VAFIN	VAFIN	VAFIN	VAFIN	VAFIN	VAFIN	_
49	3	auch	ADV	ADV	ADV	ADV	ADV	ADV	_
49	4	gut	ADJD	ADJD	ADJD	ADJD	ADJD	ADJD	_
49	5	die	ART	ART	ART	ART	ART	ART	_
49	6	Latwerge	NN	NN	NN	NN	NN	NN	_
49	7	/	$(	$(	$(	$(	$(	$(	_
49	8	welche	PWAT	PRELS	PRELS	PRELS	PRELS	PRELS	MISMATCH
49	9	genannt	VVPP	VVPP	VVPP	VVPP	VVPP	VVPP	_
49	10	wird	VAFIN	VAFIN	VAFIN	VAFIN	VAFIN	VAFIN	_
49	11	in	APPR	APPR	APPR	APPR	APPR	APPR	_
49	12	den	ART	ART	ART	ART	ART	ART	_
49	13	Apotheken	NN	NN	NN	NN	NN	NN	_
49	14	de	NE	NE	NE	NE	FM	NE	MISMATCH
49	15	nucibus	NE	NN	NN	NN	FM	NN	MISMATCH
49	16	,	$,	$,	$,	$,	$,	$,	_
49	17	und	KON	KON	KON	KON	KON	KON	_
49	18	dieselbige[12]	ART	ADJA	ADJA	ADJA	PDS	ADJA	MISMATCH
49	19	mag	VMFIN	VMFIN	VMFIN	VMFIN	VMFIN	VMFIN	_
49	20	man	PIS	PIS	PIS	PIS	PIS	PIS	_
49	21	im	APPRART	APPRART	APPRART	APPRART	APPRART	APPRART	_
49	22	Pulver	VVIMP	NN	NN	NN	NN	NN	MISMATCH
49	23	gebrauchen	VVINF	VVFIN	VVFIN	VVFIN	PAV	VVFIN	MISMATCH
49	24	mit	APPR	APPR	APPR	APPR	APPR	APPR	_
49	25	einem	ART	ART	ART	ART	ART	ART	_
49	26	starken	ADJA	ADJA	ADJA	ADJA	ADJA	ADJA	_
49	27	Wein	NN	NN	NN	NN	NN	NN	_
49	28	/	$(	$(	$(	$(	$(	$(	_
49	29	doch	ADV	ADV	ADV	ADV	ADV	ADV	_
49	30	laulich	ADJD	ADJD	ADJD	ADJD	ADJD	ADJD	_
49	31	warm	ADJD	ADJD	ADJD	ADJD	ADJD	ADJD	_
49	32	.	$.	$.	$.	$.	$.	$.	_
50	1	es	FM	PPER	PPER	PPER	PPER	PPER	MISMATCH
50	2	ist	FM	VAFIN	VAFIN	VAFIN	VAFIN	VAFIN	MISMATCH
50	3	auch	FM	ADV	ADV	ADV	ADV	ADV	MISMATCH
50	4	ein	FM	ART	ART	ART	ART	ART	MISMATCH
50	5	Pulver	FM	NN	NN	NN	NN	NN	MISMATCH
50	6	in	FM	APPR	APPR	APPR	APPR	APPR	MISMATCH
50	7	dieser	FM	PDAT	PDAT	PDAT	PDAT	PDAT	MISMATCH
50	8	Sache	FM	NN	NN	NN	NN	NN	MISMATCH
50	9	sehr	FM	ADV	ADV	ADV	ADV	ADV	MISMATCH
50	10	dienstlich	FM	ADJD	ADJD	ADJD	ADJD	ADJD	MISMATCH
50	11	/	$(	$(	$(	$(	$(	$(	_
50	12	welches	FM	PWS	PWS	PRELS	PRELS	PRELS	MISMATCH
50	13	ein	FM	ART	ART	ART	ART	ART	MISMATCH
50	14	jeder	FM	PIS	PIS	PIS	PIS	PIS	MISMATCH
50	15	ihm	FM	PPER	PPER	PPER	PPER	PPER	MISMATCH
50	16	mag	FM	VMFIN	VMFIN	VMFIN	VMFIN	VMFIN	MISMATCH
50	17	lassen	FM	VVINF	VVFIN	VVINF	VVINF	VVINF	MISMATCH
50	18	bereiten	FM	VVINF	VVFIN	VVFIN	ADJD	VVFIN	MISMATCH
50	19	in	FM	APPR	APPR	APPR	APPR	APPR	MISMATCH
50	20	der	FM	ART	ART	ART	ART	ART	MISMATCH
50	21	Apoteke	NN	NN	NN	NN	NN	NN	_
50	22	.	$.	ADJA	$.	$.	$.	$.	MISMATCH
50	23	R.	FM	NE	NE	NE	NE	NE	MISMATCH
50	24	radicum	FM	NN	NN	NN	NE	NN	MISMATCH
50	25	dictamni	FM	NE	ADJA	NE	NE	NE	MISMATCH
50	26	ueri	FM	NE	NE	NE	NE	NE	MISMATCH
50	27	tormentillæ	FM	ADJA	NE	NE	NE	ADJA	MISMATCH
50	28	ana	FM	NE	NE	NE	NE	NE	MISMATCH
50	29	℥.	FM	ADJA	ADJA	ADJA	XY	ADJA	MISMATCH
50	30	1.	FM	ADJA	ADJA	ADJA	XY	ADJA	MISMATCH
50	31	santalorum	FM	ADJA	NN	NN	NE	ADJA	MISMATCH
50	32	rubeorum	FM	ADJA	NN	NN	NE	ADJA	MISMATCH
50	33	boli	FM	NE	NE	NE	NE	NE	MISMATCH
50	34	armeniæ	FM	ADJA	NE	NE	NE	NE	MISMATCH
50	35	præparatæ	FM	NN	ADJA	ADJA	NE	ADJA	MISMATCH
50	36	terra	FM	NE	NE	NE	NE	NE	MISMATCH
50	37	Leminæ	FM	NE	NE	NN	NE	NE	MISMATCH
50	38	,	$,	$,	$,	$,	$,	$,	_
50	39	quæ	FM	NE	NE	NE	NE	NE	MISMATCH
50	40	hodie	FM	NE	NE	NN	NE	NE	MISMATCH
50	41	sigillata	FM	NE	NE	NE	NE	NE	MISMATCH
50	42	est	FM	ADJA	ADJA	ADJA	NE	ADJA	MISMATCH
50	43	,	$,	$,	$,	$,	$,	$,	_
50	44	itidem	FM	ADJA	ADJA	NE	NE	ADJA	MISMATCH
50	45	præparatæ	FM	ADJA	ADJA	NE	NE	ADJA	MISMATCH
50	46	ana	FM	NE	NE	NE	NE	NE	MISMATCH
50	47	drach	FM	NE	NE	NN	NE	NE	MISMATCH
50	48	.	$.	$.	$.	$.	$.	$.	_
51	1	2.	FM	ADJA	ADJA	ADJA	XY	ADJA	MISMATCH
51	2	lumbricorum	FM	NN	NN	NN	FM	NN	MISMATCH
51	3	lotorum	FM	NN	ADJA	NN	FM	ADJA	MISMATCH
51	4	optimorum	FM	NN	NN	NN	FM	NN	MISMATCH
51	5	,	$,	$,	$,	$,	$,	$,	_
51	6	exiccatorum	FM	NN	NN	NN	FM	NN	MISMATCH
51	7	,	$,	$,	$,	$,	$,	$,	_
51	8	&	$(	KON	KON	KON	XY	KON	MISMATCH
51	9	puluerisatorum.	FM	NN	NN	NN	FM	NN	MISMATCH
51	10	z.	FM	APPRART	APPRART	APPRART	XY	APPRART	MISMATCH
51	11	2.	FM	ADJA	ADJA	ADJA	NE	ADJA	MISMATCH
51	12	nucis	FM	NE	NE	NE	FM	NE	MISMATCH
51	13	uomicæ	FM	NE	NE	NE	FM	NE	MISMATCH
51	14	℥.	FM	ADJA	ADJA	NN	XY	NN	MISMATCH
51	15	1.	FM	ADJA	ADV	ADV	XY	ADV	MISMATCH
51	16	s.	FM	ADV	ADV	ADV	XY	ADV	MISMATCH
51	17	theriacæ	FM	NE	NE	NE	FM	NE	MISMATCH
51	18	antiquissimæ	FM	ADJA	NE	NE	NE	ADJA	MISMATCH
51	19	℥.	FM	NN	NN	NN	XY	NN	MISMATCH
51	20	s.	FM	ADV	ADV	ADV	XY	ADV	MISMATCH
51	21	seminis	FM	ADJA	NN	NE	FM	NE	MISMATCH
51	22	acetosæ	FM	NE	NE	NE	FM	NE	MISMATCH
51	23	z.	FM	APPRART	APPRART	APPRART	XY	APPRART	MISMATCH
51	24	iij	FM	NE	NE	NE	XY	NE	MISMATCH
51	25	.	$.	$.	$.	$.	$.	$.	_
52	1	Hæc	FM	NE	NE	NE	FM	NE	MISMATCH
52	2	omnia	FM	NE	NE	NE	FM	NE	MISMATCH
52	3	in	FM	APPR	APPR	APPR	FM	APPR	MISMATCH
52	4	tenuissimum	FM	NN	ADJA	NN	FM	ADJA	MISMATCH
52	5	puluisculum	FM	NN	NN	NN	FM	NN	MISMATCH
52	6	conterantur	FM	NN	NN	NN	FM	NN	MISMATCH
52	7	certis	FM	NE	NE	NE	FM	NE	MISMATCH
52	8	rationibus	FM	NN	NN	NE	FM	NN	MISMATCH
52	9	,	$,	$,	$,	$,	$,	$,	_
52	10	quas	FM	NE	NE	NE	FM	NE	MISMATCH
52	11	pharmacopolæ	FM	ADJA	NE	NE	FM	NE	MISMATCH
52	12	periti	FM	NE	NE	NE	FM	NE	MISMATCH
52	13	non	FM	ADJA	ADJA	ADJD	FM	FM	MISMATCH
52	14	ignorant	FM	ADJD	ADJD	ADJD	FM	ADJD	MISMATCH
52	15	.	$.	$.	$.	$.	$.	$.	_
53	1	das	ART	ART	ART	ART	ART	ART	_
53	2	Pulver	VVIMP	NN	NN	NN	NN	NN	MISMATCH
53	3	mag	VMFIN	VMFIN	VMFIN	VMFIN	VMFIN	VMFIN	_
53	4	man	PIS	PIS	PIS	PIS	PIS	PIS	_
53	5	gebrauchen	VVINF	VVFIN	VVFIN	VVFIN	ADJD	VVFIN	MISMATCH
53	6	sich	PRF	PRF	PRF	PRF	PRF	PRF	_
53	7	zu	PTKZU	PTKZU	PTKZU	PTKA	PTKZU	PTKZU	MISMATCH
53	8	bewahren	VVINF	VVINF	VVINF	VVINF	ADJD	VVINF	MISMATCH
53	9	vor	APPR	APPR	APPR	APPR	APPR	APPR	_
53	10	der	ART	ART	ART	ART	ART	ART	_
53	11	Pestilenz	NN	NN	NN	NN	NN	NN	_
53	12	/	$(	$(	$(	$(	$(	$(	_
53	13	und	KON	KON	KON	KON	KON	KON	_
53	14	auch	ADV	ADV	ADV	ADV	ADV	ADV	_
53	15	wann	PWAV	PWAV	PWAV	PWAV	PWAV	PWAV	_
53	16	es	PPER	PPER	PPER	PPER	PPER	PPER	_
53	17	die	ART	ART	ART	ART	ART	ART	_
53	18	Not	NN	NN	NN	NN	NN	NN	_
53	19	erfordert	VVFIN	VVPP	VVPP	VVPP	VVFIN	VVPP	MISMATCH
53	20	/	$(	$(	$(	$(	$(	$(	_
53	21	als	KOKOM	KON	KON	KOKOM	APPR	KON	MISMATCH
53	22	wann	PWAV	PWAV	PWAV	PWAV	PWAV	PWAV	_
53	23	einer	ART	PIS	PIS	ART	PIS	PIS	MISMATCH
53	24	mit	APPR	APPR	APPR	APPR	APPR	APPR	_
53	25	der	ART	ART	ART	ART	ART	ART	_
53	26	Gift	NN	NN	NN	NN	NN	NN	_
53	27	begriffen	VVPP	VVPP	VVPP	VVPP	ADJD	VVPP	MISMATCH
53	28	ist	VAFIN	VAFIN	VAFIN	VAFIN	VAFIN	VAFIN	_
53	29	/	$(	$(	$(	$(	$(	$(	_
53	30	so	ADV	ADV	ADV	ADV	ADV	ADV	_
53	31	soll	VMFIN	VMFIN	VMFIN	VMFIN	VMFIN	VMFIN	_
53	32	er	PPER	PPER	PPER	PPER	PPER	PPER	_
53	33	davon	PAV	PAV	PAV	PAV	PAV	PAV	_
53	34	nehmen	VVINF	VVINF	VVINF	VVFIN	ADJD	VVINF	MISMATCH
53	35	als	KOKOM	KOKOM	KOKOM	KOKOM	KOKOM	KOKOM	_
53	36	möchte	VMFIN	VMFIN	VMFIN	VMFIN	VMFIN	VMFIN	_
53	37	ein	ART	ART	ART	ART	ART	ART	_
53	38	Quint	NE	NE	NE	NN	NN	NE	MISMATCH
53	39	schwer	ADJD	ADJD	ADJD	ADJD	ADJD	ADJD	_
53	40	sein	VAINF	VAINF	VAINF	VAINF	VAINF	VAINF	_
53	41	/	$(	$(	$(	$(	$(	$(	_
53	42	der	ART	ART	ART	ART	PRELS	ART	MISMATCH
53	43	über	APPR	APPR	APPR	APPR	ADV	APPR	MISMATCH
53	44	dreißig	CARD	CARD	CARD	CARD	CARD	CARD	_
53	45	Jahre	NE	NN	NN	NN	NN	NN	MISMATCH
53	46	alt	ADJD	ADJD	ADJD	ADJD	ADJD	ADJD	_
53	47	ist	VAFIN	VAFIN	VAFIN	VAFIN	VAFIN	VAFIN	_
53	48	/	$(	$(	$(	$(	$(	$(	_
53	49	oder	KON	KON	KON	KON	KON	KON	_
53	50	ja	ADV	ADV	ADV	ADV	ADV	ADV	_
53	51	nicht	PTKNEG	PTKNEG	PTKNEG	PTKNEG	PTKNEG	PTKNEG	_
53	52	weit	ADJD	ADJD	ADJD	ADJD	ADJD	ADJD	_
53	53	davon	PAV	PAV	PAV	PAV	PAV	PAV	_
53	54	/	$(	$(	$(	$(	$(	$(	_
53	55	man	PIS	PIS	PIS	PIS	PIS	PIS	_
53	56	soll	VMFIN	VMFIN	VMFIN	VMFIN	VMFIN	VMFIN	_
53	57	es	PPER	PPER	PPER	PPER	PPER	PPER	_
53	58	aber	ADV	ADV	ADV	ADV	ADV	ADV	_
53	59	gebrauchen	VVINF	VVFIN	VVFIN	VVFIN	ADJD	VVFIN	MISMATCH
53	60	mit	APPR	APPR	APPR	APPR	APPR	APPR	_
53	61	Melissenwasser	NN	NN	NN	NN	NN	NN	_
53	63	/	$(	$(	$(	$(	$(	$(	_
53	64	oder	KON	KON	KON	KON	KON	KON	_
53	65	mit	APPR	APPR	APPR	APPR	APPR	APPR	_
53	66	einem	ART	ART	ART	ART	ART	ART	_
53	67	guten	ADJA	ADJA	ADJA	ADJA	ADJA	ADJA	_
53	68	Weinessig	NN	NN	NN	NN	NN	NN	_
53	69	laulich	ADJD	ADJD	ADJD	ADJD	ADJD	ADJD	_
53	70	warm	ADJD	ADJD	ADJD	ADJD	ADJD	ADJD	_
53	71	oder	KON	KON	KON	KON	KON	KON	_
53	72	so	ADV	ADV	ADV	ADV	ADV	ADV	_
53	73	er	PPER	PPER	PPER	PPER	PPER	PPER	_
53	74	Lust	NN	NN	NN	NN	NN	NN	_
53	75	hat	VAFIN	VAFIN	VAFIN	VAFIN	VAFIN	VAFIN	_
53	76	/	$(	$(	$(	$(	$(	$(	_
53	77	und	KON	KON	KON	KON	KON	KON	_
53	78	wollte	VMFIN	VMFIN	VMFIN	VMFIN	VMFIN	VMFIN	_
53	79	es	PPER	PPER	PPER	PPER	PPER	PPER	_
53	80	stärker	ADJD	ADJD	ADJD	ADJD	ADJD	ADJD	_
53	81	haben	VAFIN	VAFIN	VAFIN	VAFIN	VAINF	VAINF	MISMATCH
53	82	/	$(	$(	$(	$(	$(	$(	_
53	83	so	ADV	ADV	ADV	ADV	ADV	ADV	_
53	84	lass	VVFIN	ADJD	ADJD	ADJD	VVFIN	ADJD	MISMATCH
53	85	er	PPER	PPER	PPER	PPER	PPER	PPER	_
53	86	dasselbige	PDAT	ADJA	ADJA	ADJA	ADJA	ADJA	MISMATCH
53	87	Pulver	VVIMP	NN	NN	NN	NN	NN	MISMATCH
53	88	mit	APPR	APPR	APPR	APPR	APPR	APPR	_
53	89	einem	ART	ART	ART	ART	ART	ART	_
53	90	guten	ADJA	ADJA	ADJA	ADJA	ADJA	ADJA	_
53	91	Theriak	NN	NN	NN	NN	NN	NN	_
53	92	/	$(	$(	$(	$(	$(	$(	_
53	93	oder	KON	KON	KON	KON	KON	KON	_
53	94	Metridat	NE	NN	NN	NN	NN	NN	MISMATCH
53	95	/	$(	$(	$(	$(	$(	$(	_
53	96	welche	PWAT	PRELS	PRELS	PRELS	PRELS	PRELS	MISMATCH
53	97	man	PIS	PIS	PIS	PIS	PIS	PIS	_
53	98	beides	PIS	PIS	PIS	PIS	PIS	PIS	_
53	99	gewöhnlich	ADJD	ADJD	ADJD	ADJD	ADJD	ADJD	_
53	100	in	APPR	APPR	APPR	APPR	APPR	APPR	_
53	101	der	ART	ART	ART	ART	ART	ART	_
53	102	Apoteken	NN	NN	NN	NN	NN	NN	_
53	103	findet	VVFIN	VVFIN	VVFIN	VVFIN	VVFIN	VVFIN	_
53	104	/	$(	$(	$(	$(	$(	$(	_
53	105	vermischen	VVINF	VVINF	VVINF	VVINF	ADJD	VVINF	MISMATCH
53	106	/	$(	$(	$(	$(	$(	$(	_
53	107	und	KON	KON	KON	KON	KON	KON	_
53	108	also	ADV	ADV	ADV	ADV	ADV	ADV	_
53	109	gebrauchen	VVINF	VVINF	VVINF	VVINF	ADJD	VVINF	MISMATCH
53	110	/	$(	$(	$(	$(	$(	$(	_
53	111	ungefährlich	NE	ADJD	ADJD	ADJD	ADJD	ADJD	MISMATCH
53	112	bei	APPR	APPR	APPR	APPR	APPR	APPR	_
53	113	einer	ART	ART	ART	ART	ART	ART	_
53	114	kleinen	ADJA	ADJA	ADJA	ADJA	ADJA	ADJA	_
53	115	Kastanie	NN	NN	NN	NN	NN	NN	_
53	116	groß	ADJD	ADJD	ADJD	ADJD	ADJD	ADJD	_
53	117	.	$.	$.	$.	$.	$.	$.	_
54	1	ich	PPER	PPER	PPER	PPER	PPER	PPER	_
54	2	hab	VAFIN	VAIMP	VAIMP	VAFIN	VAFIN	VAFIN	MISMATCH
54	3	auch	ADV	ADV	ADV	ADV	ADV	ADV	_
54	4	lassen	VVINF	VVINF	VVINF	VVINF	VVINF	VVINF	_
54	5	machen	VVINF	VVINF	VVFIN	VVFIN	VVINF	VVFIN	MISMATCH
54	6	in	APPR	APPR	APPR	APPR	APPR	APPR	_
54	7	unserer	PPOSAT	PPOSAT	PPOSAT	PPOSAT	PPOSAT	PPOSAT	_
54	8	Apotheke	NN	NN	NN	NN	NN	NN	_
54	9	eine	ART	ART	ART	ART	ART	ART	_
54	10	sonderliche	ADJA	ADJA	ADJA	ADJA	ADJA	ADJA	_
54	11	harte	ADJA	ADJA	ADJA	ADJA	ADJA	ADJA	_
54	12	Latwerge	NN	NN	NN	NN	NN	NN	_
54	13	/	$(	$(	$(	$(	$(	$(	_
54	14	davon	ADV	PAV	PAV	PAV	PAV	PAV	MISMATCH
54	15	soll	VMFIN	VMFIN	VMFIN	VMFIN	VMFIN	VMFIN	_
54	16	man	PIS	PIS	PIS	PIS	PIS	PIS	_
54	17	nehmen	VVINF	VVFIN	VVFIN	VVFIN	VVINF	VVFIN	MISMATCH
54	18	bei	APPR	APPR	APPR	APPR	APPR	APPR	_
54	19	einem	ART	ART	ART	ART	ART	ART	_
54	20	Quint	NE	NE	NE	NN	NN	NE	MISMATCH
54	21	/	$(	$(	$(	$(	$(	$(	_
54	22	und	KON	KON	KON	KON	KON	KON	_
54	23	dieselbige	PDAT	ADJA	ADJA	ADJA	PIS	ADJA	MISMATCH
54	24	zergehen	NE	VVFIN	VVFIN	VVINF	VVINF	VVINF	MISMATCH
54	25	lassen	VVINF	VVFIN	VVFIN	VVINF	VVINF	VVINF	MISMATCH
54	26	in	APPR	APPR	APPR	APPR	APPR	APPR	_
54	27	einem	ART	ART	ART	ART	ART	ART	_
54	28	Essig	NN	NN	NN	NN	NN	NN	_
54	29	laulich	ADJD	ADJD	ADJD	ADJD	ADJD	ADJD	_
54	30	warm	ADJD	ADJD	ADJD	ADJD	ADJD	ADJD	_
54	31	/	$(	$(	$(	$(	$(	$(	_
54	32	und	KON	KON	KON	KON	KON	KON	_
54	33	also	ADV	ADV	ADV	ADV	ADV	ADV	_
54	34	austrinken	VVINF	VVINF	VVINF	VVINF	VVINF	VVINF	_
54	35	.	$.	$.	$.	$.	$.	$.	_
55	1	ich	PPER	PPER	PPER	PPER	PPER	PPER	_
55	2	weiß	VVFIN	VVFIN	VVFIN	VVFIN	VVFIN	VVFIN	_
55	3	auch	ADV	ADV	ADV	ADV	ADV	ADV	_
55	4	wohl	ADV	ADV	ADV	ADV	ADV	ADV	_
55	5	dass	ART	KOUS	KOUS	KOUS	KOUS	KOUS	MISMATCH
55	6	Galenus	NN	NE	NE	NN	NE	NE	MISMATCH
55	7	zu	PTKZU	APPR	APPR	APPR	APPR	APPR	MISMATCH
55	8	Rom	NE	NE	NE	NE	NE	NE	_
55	9	viele	ADV	PIAT	PIAT	PIAT	PIAT	PIAT	MISMATCH
55	10	Leute	NN	NN	NN	NN	NN	NN	_
55	11	geredet	VVPP	VVPP	VVPP	VVPP	VVPP	VVPP	_
55	12	hat	VAFIN	VAFIN	VAFIN	VAFIN	VAFIN	VAFIN	_
55	13	von	APPR	APPR	APPR	APPR	APPR	APPR	_
55	14	der	ART	ART	ART	ART	ART	ART	_
55	15	Pestilenz	NN	NN	NN	NN	NN	NN	_
55	16	/	$(	$(	$(	$(	$(	$(	_
55	17	und	KON	KON	KON	KON	KON	KON	_
55	18	wenn	KOUS	KOUS	KOUS	KOUS	KOUS	KOUS	_
55	19	sie	PPER	PPER	PPER	PPER	PPER	PPER	_
55	20	schon	ADV	ADV	ADV	ADV	ADV	ADV	_
55	21	begriffen	VVPP	VVPP	VVPP	VVPP	VVPP	VVPP	_
55	22	sind	VAFIN	VAFIN	VAFIN	VAFIN	VAFIN	VAFIN	_
55	23	gewesen	VAPP	VAPP	VAPP	VAPP	VAPP	VAPP	_
55	24	/	$(	$(	$(	$(	$(	$(	_
55	25	allein	ADV	ADV	ADV	ADV	ADV	ADV	_
55	26	mit	APPR	APPR	APPR	APPR	APPR	APPR	_
55	27	dem	ART	ART	ART	ART	ART	ART	_
55	28	bolo	NE	VVPP	NE	NE	FM	NE	MISMATCH
55	29	Armenia	NE	NE	NE	NE	NE	NE	_
55	30	.	$.	$.	$.	$.	$.	$.	_
56	1	ich	PPER	PPER	PPER	PPER	PPER	PPER	_
56	2	bekenne	VVFIN	VVFIN	VVFIN	VVFIN	VVFIN	VVFIN	_
56	3	auch	ADV	ADV	ADV	ADV	ADV	ADV	_
56	4	dass	ART	KOUS	KOUS	KOUS	KOUS	KOUS	MISMATCH
56	5	derselbige	ART	ADJA	ADJA	NN	VVFIN	NN	MISMATCH
56	6	ganz	ADV	ADV	ADV	ADV	ADV	ADV	_
56	7	nützlich	ADJD	ADJD	ADJD	ADJD	ADJD	ADJD	_
56	8	wäre	VAFIN	VAFIN	VAFIN	VAFIN	VAFIN	VAFIN	_
56	9	/	$(	$(	$(	$(	$(	$(	_
56	10	so	ADV	ADV	ADV	ADV	ADV	ADV	_
56	11	man	PIS	PIS	PIS	PIS	PIS	PIS	_
56	12	rechtschaffene	ADJD	ADJA	ADJA	ADJA	NN	ADJA	MISMATCH
56	13	haben	VAFIN	VAINF	VAINF	VAINF	VAINF	VAINF	MISMATCH
56	14	möchte	VMFIN	VMFIN	VMFIN	VMFIN	VMFIN	VMFIN	_
56	15	.	$.	$.	$.	$.	$.	$.	_
57	1	ich	PPER	PPER	PPER	PPER	PPER	PPER	_
57	2	verwundere	ADJA	VVFIN	VVFIN	VVFIN	VVFIN	VVFIN	MISMATCH
57	3	mich	PPER	PRF	PRF	PRF	PRF	PRF	MISMATCH
57	4	dass	ART	KOUS	KOUS	KOUS	KOUS	KOUS	MISMATCH
57	5	man	PIS	PIS	PIS	PIS	PIS	PIS	_
57	6	so	ADV	ADV	ADV	ADV	ADV	ADV	_
57	7	gar	ADV	ADV	ADV	ADV	ADV	ADV	_
57	8	keinen	PIAT	PIAT	PIAT	PIAT	PIAT	PIAT	_
57	9	Fleiß	NN	NN	NN	NN	NN	NN	_
57	10	darauf	PAV	PAV	PAV	PAV	PAV	PAV	_
57	11	wendet	VVFIN	VVFIN	VVFIN	VVFIN	VVFIN	VVFIN	_
57	12	/	$(	$(	$(	$(	$(	$(	_
57	13	welches	PRELS	PWS	PWS	PWS	PWS	PWS	MISMATCH
57	14	viel	ADV	ADV	ADV	ADV	ADV	ADV	_
57	15	besser	ADJD	ADJD	ADJD	ADJD	ADJD	ADJD	_
57	16	wäre	VAFIN	VAFIN	VAFIN	VAFIN	VAFIN	VAFIN	_
57	17	/	$(	$(	$(	$(	$(	$(	_
57	18	dann	ADV	ADV	ADV	ADV	ADV	ADV	_
57	19	viel	ADV	PIAT	PIAT	PIAT	PIAT	PIAT	MISMATCH
57	20	Gutes	NN	NN	NN	NN	NN	NN	_
57	21	/	$(	$(	$(	$(	$(	$(	_
57	22	ich	PPER	PPER	PPER	PPER	PPER	PPER	_
57	23	geschweige	KON	VVFIN	ADV	VVPP	ADV	ADV	MISMATCH
57	24	etwas	PIS	ADV	ADV	ADV	PIAT	PIAT	MISMATCH
57	25	anderes	ADV	PIS	PIS	PIS	PIS	PIS	MISMATCH
57	26	.	$.	$.	$.	$.	$.	$.	_
58	1	dieweil	FM	ADV	ADV	KOUS	VVPP	ADV	MISMATCH
58	2	in	FM	APPR	APPR	APPR	APPR	APPR	MISMATCH
58	3	Demselbigen	FM	NN	NN	NN	VVPP	NN	MISMATCH
58	4	viel	FM	PIAT	PIAT	PIAT	PIAT	PIAT	MISMATCH
58	5	Betrugs	FM	NN	NN	NN	NN	NN	MISMATCH
58	6	ist	FM	VAFIN	VAFIN	VAFIN	VAFIN	VAFIN	MISMATCH
58	7	/	$(	$(	$(	$(	$(	$(	_
58	8	so	FM	ADV	ADV	ADV	ADV	ADV	MISMATCH
58	9	will	FM	VMFIN	VMFIN	VMFIN	VMFIN	VMFIN	MISMATCH
58	10	ich	FM	PPER	PPER	PPER	PPER	PPER	MISMATCH
58	11	ein	FM	ART	ART	ART	ART	ART	MISMATCH
58	12	Pulver	FM	NN	NN	NN	NN	NN	MISMATCH
58	13	anzeigen	FM	VVINF	VVINF	VVINF	VVPP	VVINF	MISMATCH
58	14	/	$(	$(	$(	$(	$(	$(	_
58	15	welches	FM	PWS	PWS	PRELS	PWS	PWS	MISMATCH
58	16	möchte	FM	VMFIN	VMFIN	VMFIN	VMFIN	VMFIN	MISMATCH
58	17	für	FM	APPR	APPR	APPR	APPR	APPR	MISMATCH
58	18	dasselbige	FM	NN	NN	NN	PDS	ADJA	MISMATCH
58	19	gebraucht	FM	VVPP	VVPP	VVPP	VVPP	VVPP	MISMATCH
58	20	werden	FM	VAFIN	VAFIN	VAFIN	VAINF	VAINF	MISMATCH
58	21	zur	FM	APPRART	APPRART	APPRART	APPRART	APPRART	MISMATCH
58	22	Not	NN	NN	NN	NN	NN	NN	_
58	23	.	$.	$.	$.	$.	$.	$.	_
58	24	R.	FM	NE	NE	NE	NE	NE	MISMATCH
58	25	radicum	FM	NN	NN	NN	NE	NN	MISMATCH
58	26	dictamni	FM	NE	NE	NE	NE	NE	MISMATCH
58	27	,	$,	$,	$,	$,	$,	$,	_
58	28	tormentillæ	FM	NE	NN	NE	NE	NE	MISMATCH
58	29	,	$,	$,	$,	$,	$,	$,	_
58	30	pimpinellæ	FM	NE	NE	NE	NE	ADJA	MISMATCH
58	31	,	$,	$,	$,	$,	$,	$,	_
58	32	zecaoriæ	FM	NE	NE	NE	NE	NE	MISMATCH
58	33	,	$,	$,	$,	$,	$,	$,	_
58	34	gentianæ	FM	NE	NE	NE	NE	NE	MISMATCH
58	35	,	$,	$,	$,	$,	$,	$,	_
58	36	tunicæ	FM	NE	NE	NE	NE	NE	MISMATCH
58	37	,	$,	$,	$,	$,	$,	$,	_
58	38	serpentariæ	FM	NE	NE	NE	NE	NE	MISMATCH
58	39	,	$,	$,	$,	$,	$,	$,	_
58	40	angelicæ	FM	NE	NE	NE	NE	NE	MISMATCH
58	41	ana	FM	NE	NE	NE	NE	NE	MISMATCH
58	42	℥	FM	NN	NN	NN	$(	NN	MISMATCH
58	43	.	$.	$.	$.	NN	XY	$.	MISMATCH
58	44	s	FM	ADV	ADV	ADV	XY	ADV	MISMATCH
58	45	.	$.	NE	$.	NE	XY	$.	MISMATCH
58	46	boli	FM	NE	NE	NE	XY	NE	MISMATCH
58	47	Armeniæ	FM	NE	NE	NE	NE	NE	MISMATCH
58	48	uulgaris	FM	NE	$.	NE	NE	NE	MISMATCH
58	49	præparatæ	FM	NE	NN	NE	NE	ADJA	MISMATCH
58	50	℥.	FM	ADJA	ADJA	NN	XY	ADJA	MISMATCH
58	51	1.	FM	ADJA	ADJA	ADJA	NE	ADJA	MISMATCH
58	52	terræ	FM	NE	ADJA	NE	NE	NE	MISMATCH
58	53	Leminæ	FM	NE	NN	NN	NE	NE	MISMATCH
58	54	z	FM	APPRART	APPRART	APPRART	XY	APPRART	MISMATCH
58	55	3.	FM	ADJA	ADJA	ADJA	CARD	ADJA	MISMATCH
58	56	aloes	FM	NE	NE	NE	NE	NE	MISMATCH
58	57	hepaticæ	FM	NE	NE	NE	NE	NE	MISMATCH
58	58	,	$,	$,	$,	$,	$,	$,	_
58	59	mirhæ	FM	NE	NE	NE	NE	NE	MISMATCH
58	60	ana.	FM	NE	NE	NE	NE	NE	MISMATCH
58	61	℥.	FM	NN	NN	NN	XY	NN	MISMATCH
58	62	s.	FM	ADV	ADV	ADV	NE	ADV	MISMATCH
58	63	croci	FM	NE	NE	NE	NE	NE	MISMATCH
58	64	z.	FM	APPRART	APPRART	APPRART	APPRART	APPRART	MISMATCH
58	65	1.	FM	ADJA	ADJA	ADJA	ADJA	ADJA	MISMATCH
58	66	mastiches	FM	NN	NN	NN	NE	NN	MISMATCH
58	67	z.	FM	APPRART	APPRART	APPRART	APPRART	APPRART	MISMATCH
58	68	2.	FM	ADJA	ADJA	ADJA	ADJA	ADJA	MISMATCH
58	69	Rhapontici	FM	NE	NE	NN	NE	NE	MISMATCH
58	70	&	$(	KON	KON	KON	KON	KON	MISMATCH
58	71	rhabarbaræ	FM	NE	NN	NE	NE	NE	MISMATCH
58	72	ana	FM	NE	NE	NE	XY	NE	MISMATCH
58	73	z.	FM	APPRART	APPRART	APPRART	APPRART	APPRART	MISMATCH
58	74	1.	FM	ADJA	ADV	ADV	ADJA	NE	MISMATCH
58	75	s.	FM	ADV	ADV	ADV	XY	ADV	MISMATCH
58	76	hæc	FM	NE	NN	NE	XY	ADJA	MISMATCH
58	77	omnia	FM	NE	NE	NE	NE	NE	MISMATCH
58	78	qua̍m	FM	NE	NN	ADJA	$(	NN	MISMATCH
58	79	subtilissime̍	FM	ADJA	NN	NN	$(	NN	MISMATCH
58	80	trita	FM	NE	NE	NE	NE	NE	MISMATCH
58	81	commisceantur	FM	NN	NN	NN	NE	NN	MISMATCH
58	82	.	$.	$.	$.	$.	$.	$.	_
59	1	davon	PAV	PAV	PAV	PAV	PAV	PAV	_
59	2	wann	PWAV	PWAV	PWAV	PWAV	PWAV	PWAV	_
59	3	einer	ART	PIS	ART	ART	PIS	PIS	MISMATCH
59	4	sich	PRF	PRF	PRF	PRF	PRF	PRF	_
59	5	bewahren	VVINF	VVINF	VVINF	VVINF	VVINF	VVINF	_
59	6	will	VMFIN	VMFIN	VMFIN	VMFIN	VMFIN	VMFIN	_
59	7	/	$(	$(	$(	$(	$(	$(	_
59	8	soll	VMFIN	VMFIN	VMFIN	VMFIN	VMFIN	VMFIN	_
59	9	er	PPER	PPER	PPER	PPER	PPER	PPER	_
59	10	nehmen	VVINF	VVFIN	VVFIN	VVFIN	VVINF	VVFIN	MISMATCH
59	11	bei	APPR	APPR	APPR	APPR	APPR	APPR	_
59	12	einem	ART	ART	ART	ART	ART	ART	_
59	13	Quentin	NN	NE	NE	NE	NN	NE	MISMATCH
59	14	/	$(	$(	$(	$(	$(	$(	_
59	15	um	APPR	APPR	APPR	APPR	APPR	APPR	_
59	16	den	ART	ART	ART	ART	ART	ART	_
59	17	dritten	ADJA	ADJA	ADJA	ADJA	ADJA	ADJA	_
59	18	Tag	NN	NN	NN	NN	NN	NN	_
59	19	des	ART	ART	ART	ART	ART	ART	_
59	20	Morgens	ADV	NN	NN	NN	NN	NN	MISMATCH
59	21	/	$(	$(	$(	$(	$(	$(	_
59	22	mit	APPR	APPR	APPR	APPR	APPR	APPR	_
59	23	einem	ART	ART	ART	ART	ART	ART	_
59	24	warmen	ADJA	ADJA	ADJA	ADJA	ADJA	ADJA	_
59	25	Wein	NN	NN	NN	NN	NN	NN	_
59	26	.	$.	$.	$.	$.	$.	$.	_
60	1	dasselbige	PDAT	NN	NN	NN	PDS	NN	MISMATCH
60	2	mag	VMFIN	VMFIN	VMFIN	VMFIN	VMFIN	VMFIN	_
60	3	er	PPER	PPER	PPER	PPER	PPER	PPER	_
60	4	auch	ADV	ADV	ADV	ADV	ADV	ADV	_
60	5	tun	VVINF	VVINF	VVINF	VVINF	VVPP	VVINF	MISMATCH
60	6	/	$(	$(	$(	$(	$(	$(	_
60	7	so	ADV	ADV	ADV	ADV	ADV	ADV	_
60	8	er	PPER	PPER	PPER	PPER	PPER	PPER	_
60	9	mit	APPR	APPR	APPR	APPR	APPR	APPR	_
60	10	der	ART	ART	ART	ART	ART	ART	_
60	11	Gift	NN	NN	NN	NN	NN	NN	_
60	12	begriffen	VVPP	VVPP	VVPP	VVPP	VVPP	VVPP	_
60	13	ist	VAFIN	VAFIN	VAFIN	VAFIN	VAFIN	VAFIN	_
60	14	.	$.	$.	$.	$.	$.	$.	_
61	1	doch	KON	KON	KON	KON	KON	KON	_
61	2	wird	VAFIN	VAFIN	VAFIN	VAFIN	VAFIN	VAFIN	_
61	3	ein	ART	ART	ART	ART	ART	ART	_
61	4	jedermann	PIS	PIS	PIS	PIS	VVINF	PIS	MISMATCH
61	5	eines	ART	ART	ART	ART	ART	ART	_
61	6	guten	ADJA	ADJA	ADJA	ADJA	ADJA	ADJA	_
61	7	Arztes	NN	NN	NN	NN	NN	NN	_
61	8	in	APPR	APPR	APPR	APPR	APPR	APPR	_
61	9	dieser	PDAT	PDAT	PDAT	PDAT	PDAT	PDAT	_
61	10	Sache	NN	NN	NN	NN	NN	NN	_
61	11	wohl	ADV	ADV	ADV	ADV	ADV	ADV	_
61	12	bedürfen	VVFIN	VVINF	VVINF	VVPP	VVINF	VVINF	MISMATCH
61	13	.	$.	$.	$.	$.	$.	$.	_
62	1	wann	PWAV	PWAV	PWAV	PWAV	PWAV	PWAV	_
62	2	einer	ART	PIS	ART	ART	PIS	PIS	MISMATCH
62	3	auf	APPR	APPR	APPR	APPR	APPR	APPR	_
62	4	dies	PDS	PDAT	PDS	PDAT	PDAT	PDAT	MISMATCH
62	5	Mal	NN	NN	NN	NN	NN	NN	_
62	6	eine	ART	ART	ART	ART	ART	ART	_
62	7	Arznei	NE	NN	NN	NN	NN	NN	MISMATCH
62	8	gebraucht	VVPP	VVPP	VVPP	VVPP	VVINF	VVPP	MISMATCH
62	9	hat	VAFIN	VAFIN	VAFIN	VAFIN	VAFIN	VAFIN	_
62	10	/	$(	$(	$(	$(	$(	$(	_
62	11	wie	KOKOM	KOUS	KOKOM	KOKOM	PWAV	KOKOM	MISMATCH
62	12	zuvor	ADV	ADV	ADV	ADV	ADV	ADV	_
62	13	angezeigt	VVPP	VVPP	VVPP	VVPP	VVPP	VVPP	_
62	14	/	$(	$(	$(	$(	$(	$(	_
62	15	soll	VMFIN	VMFIN	VMFIN	VMFIN	VMFIN	VMFIN	_
62	16	er	PPER	PPER	PPER	PPER	PPER	PPER	_
62	17	keinerlei	PIAT	PIAT	PIAT	PIAT	PIAT	PIAT	_
62	18	Weise	VVFIN	NN	NN	NN	NN	NN	MISMATCH
62	19	schlafen	VVINF	VVINF	VVINF	VVINF	VVINF	VVINF	_
62	20	/	$(	$(	$(	$(	$(	$(	_
62	21	sondern	APPR	KON	KON	KON	KON	KON	MISMATCH
62	22	allen	PIAT	PIAT	PIAT	PIAT	PIAT	PIAT	_
62	23	Fleiß	NN	NN	NN	NN	NN	NN	_
62	24	darzu	PTKVZ	ADV	ADV	ADV	VVINF	PTKVZ	MISMATCH
62	25	tun	VVINF	VVINF	VVINF	VVFIN	VVINF	VVINF	MISMATCH
62	26	dass	ART	KOUS	KOUS	KOUS	KOUS	KOUS	MISMATCH
62	27	er	PPER	PPER	PPER	PPER	PPER	PPER	_
62	28	wohl	ADV	ADV	ADV	ADV	ADV	ADV	_
62	29	möchte	VMFIN	VMFIN	VMFIN	VMFIN	VMFIN	VMFIN	_
62	30	schwitzen	VVINF	VVINF	VVINF	VVINF	VVINF	VVINF	_
62	31	.	$.	$.	$.	$.	$.	$.	_
63	1	dann	ADV	ADV	ADV	ADV	ADV	ADV	_
63	2	das	ART	PDS	PDS	PDS	PDS	PDS	MISMATCH
63	3	ist	VAFIN	VAFIN	VAFIN	VAFIN	VAFIN	VAFIN	_
63	4	nicht	PTKNEG	PTKNEG	PTKNEG	PTKNEG	PTKNEG	PTKNEG	_
63	5	ein	ART	ART	ART	ART	ART	ART	_
63	6	kleiner	ADJA	ADJA	ADJA	ADJA	ADJA	ADJA	_
63	7	Vorteil	NN	NN	NN	NN	NN	NN	_
63	8	/	$(	$(	$(	$(	$(	$(	_
63	9	und	KON	KON	KON	KON	KON	KON	_
63	10	das	ART	PDS	PDS	PDS	PDS	PDS	MISMATCH
63	11	soll	VMFIN	VMFIN	VMFIN	VMFIN	VMFIN	VMFIN	_
63	12	er	PPER	PPER	PPER	PPER	PPER	PPER	_
63	13	auch	ADV	ADV	ADV	ADV	ADV	ADV	_
63	14	tun	VVINF	VVINF	VVINF	VVINF	VVPP	VVINF	MISMATCH
63	15	/	$(	$(	$(	$(	$(	$(	_
63	16	so	ADV	ADV	ADV	ADV	ADV	ADV	_
63	17	er	PPER	PPER	PPER	PPER	PPER	PPER	_
63	18	sich	PRF	PRF	PRF	PRF	PRF	PRF	_
63	19	vermutet	VVFIN	VVPP	VVPP	VVPP	VVFIN	VVPP	MISMATCH
63	20	/	$(	$(	$(	$(	$(	$(	_
63	21	dass	ART	KOUS	KOUS	KOUS	KOUS	KOUS	MISMATCH
63	22	er	PPER	PPER	PPER	PPER	PPER	PPER	_
63	23	möchte	VMFIN	VMFIN	VMFIN	VMFIN	VMFIN	VMFIN	_
63	24	vergiftet	NN	VVPP	VVPP	VVPP	VVPP	VVPP	MISMATCH
63	25	sein	VAINF	VAINF	VAINF	VAINF	VAINF	VAINF	_
63	26	.	$.	$.	$.	$.	$.	$.	_
64	1	dieweil	KOUS	KOUS	ADV	KOUS	VVPP	ADV	MISMATCH
64	2	solche	PIAT	PIAT	PIAT	PIAT	PIAT	PIAT	_
64	3	Arznei	NN	NN	NN	NN	NN	NN	_
64	4	auch	ADV	ADV	ADV	ADV	ADV	ADV	_
64	5	in	APPR	APPR	APPR	APPR	APPR	APPR	_
64	6	etlichen	ADJA	PIAT	PIAT	PIAT	PIAT	PIAT	MISMATCH
64	7	Fiebern	NN	NN	NN	NN	NN	NN	_
64	8	dienen	VVINF	VVINF	VVINF	VVINF	VVPP	VVINF	MISMATCH
64	9	möchten	VMFIN	VMFIN	VMFIN	VMFIN	VMFIN	VMFIN	_
64	10	/	$(	$(	$(	$(	$(	$(	_
64	11	so	ADV	ADV	ADV	ADV	ADV	ADV	_
64	12	sie	PPER	PPER	PPER	PPER	PPER	PPER	_
64	13	ordentlich	ADJD	ADJD	ADJD	ADJD	ADJD	ADJD	_
64	14	gegeben	VVPP	VVPP	VVPP	VVPP	VVPP	VVPP	_
64	15	werden	VAINF	VAINF	VAINF	VAINF	VAFIN	VAINF	MISMATCH
64	16	.	$.	$.	$.	$.	$.	$.	_
65	1	so	ADV	ADV	ADV	ADV	ADV	ADV	_
65	2	aber	ADV	ADV	ADV	ADV	ADV	ADV	_
65	3	einer	ART	PIS	ART	ART	PIS	PIS	MISMATCH
65	4	nicht	PTKNEG	PTKNEG	PTKNEG	PTKNEG	PTKNEG	PTKNEG	_
65	5	bald	ADV	ADV	ADV	ADV	ADV	ADV	_
65	6	schwitzen	VVINF	VVINF	VVINF	VVINF	VVFIN	VVINF	MISMATCH
65	7	könnte	VMFIN	VMFIN	VMFIN	VMFIN	VMFIN	VMFIN	_
65	8	/	$(	$(	$(	$(	$(	$(	_
65	9	so	ADV	ADV	ADV	ADV	ADV	ADV	_
65	10	lege	VVFIN	VVFIN	VVFIN	VVFIN	VVFIN	VVFIN	_
65	11	man	PIS	PIS	PIS	PIS	PIS	PIS	_
65	12	den	ART	ART	ART	ART	ART	ART	_
65	13	Kranken	NN	NN	NN	NN	NN	NN	_
65	14	in	APPR	APPR	APPR	APPR	APPR	APPR	_
65	15	ein	ART	ART	ART	ART	ART	ART	_
65	16	neu	ADJA	ADJD	ADJD	ADJD	ADJD	ADJD	MISMATCH
65	17	gewaschenes	ADJA	ADJA	ADJA	ADJA	VVFIN	ADJA	MISMATCH
65	18	Bett	NN	NN	NN	NN	NN	NN	_
65	19	/	$(	$(	$(	$(	$(	$(	_
65	20	und	KON	KON	KON	KON	KON	KON	_
65	21	decke	VVFIN	VVFIN	VVFIN	VVFIN	VVFIN	VVFIN	_
65	22	ihn	APPR	PPER	PPER	PPER	PPER	PPER	MISMATCH
65	23	wohl	ADV	ADV	ADV	ADV	ADV	ADV	_
65	24	warm	ADJD	ADJD	ADJD	ADJD	ADJD	ADJD	_
65	25	zu	PTKZU	PTKVZ	PTKVZ	PTKVZ	PTKVZ	PTKVZ	MISMATCH
65	26	/	$(	$(	$(	$(	$(	$(	_
65	27	und	KON	KON	KON	KON	KON	KON	_
65	28	lege	VVFIN	VVFIN	VVFIN	VVFIN	VVFIN	VVFIN	_
65	29	ihm	PPER	PPER	PPER	PPER	PPER	PPER	_
65	30	zu	PTKZU	APPR	APPR	APPR	APPR	APPR	MISMATCH
65	31	den	ART	ART	ART	ART	ART	ART	_
65	32	Füßen	NN	NN	NN	NN	NN	NN	_
65	33	warme	ADJA	ADJA	ADJA	ADJA	ADJA	ADJA	_
65	34	Ziegel	VVIMP	NN	NN	NN	NN	NN	MISMATCH
65	35	/	$(	$(	$(	$(	$(	$(	_
65	36	als	KOKOM	KOKOM	KOKOM	KOKOM	APPR	KOKOM	MISMATCH
65	37	warm	ADJD	ADJD	ADJD	ADJD	ADJD	ADJD	_
65	38	er	PPER	PPER	PPER	PPER	PPER	PPER	_
65	39	sie	PPER	PPER	PPER	PPER	PPER	PPER	_
65	40	leiden	VVINF	VVINF	VVINF	VVINF	VVFIN	VVINF	MISMATCH
65	41	kann	VMFIN	VMFIN	VMFIN	VMFIN	VMFIN	VMFIN	_
65	42	in	APPR	APPR	APPR	APPR	APPR	APPR	_
65	43	nasse	ADJA	ADJA	ADJA	ADJA	ADJA	ADJA	_
65	44	Tüchlein	NN	NN	NN	NN	NN	NN	_
65	45	gewickelt	VVPP	VVPP	VVPP	VVPP	VVPP	VVPP	_
65	46	/	$(	$(	$(	$(	$(	$(	_
65	47	darauf	PAV	PAV	PAV	PAV	PAV	PAV	_
65	48	soll	VMFIN	VMFIN	VMFIN	VMFIN	VMFIN	VMFIN	_
65	49	der	ART	ART	ART	ART	ART	ART	_
65	50	Kranke	ADJD	NN	NN	NN	NN	NN	MISMATCH
65	51	die	ART	ART	ART	ART	ART	ART	_
65	52	Füße	NE	NN	NN	NN	NN	NN	MISMATCH
65	53	halten	VVINF	VVINF	VVINF	VVINF	VVFIN	VVINF	MISMATCH
65	54	/	$(	$(	$(	$(	$(	$(	_
65	55	welches	PRELS	PWS	PWS	PRELS	PWS	PWS	MISMATCH
65	56	nicht	PTKNEG	PTKNEG	PTKNEG	PTKNEG	PTKNEG	PTKNEG	_
65	57	allein	ADV	ADV	ADV	ADV	ADV	ADV	_
65	58	zum	APPRART	APPRART	APPRART	APPRART	APPRART	APPRART	_
65	59	Schweiß	NN	NN	NN	NN	NN	NN	_
65	60	hilft	VVFIN	VVFIN	VVFIN	VVFIN	VVFIN	VVFIN	_
65	61	/	$(	$(	$(	$(	$(	$(	_
65	62	sondern	KON	KON	KON	KON	KON	KON	_
65	63	auch	ADV	ADV	ADV	ADV	ADV	ADV	_
65	64	die	ART	ART	ART	ART	ART	ART	_
65	65	Gift	NN	NN	NN	NN	NN	NN	_
65	66	vom	APPRART	APPRART	APPRART	APPRART	APPRART	APPRART	_
65	67	Herzen	NN	NN	NN	NN	NN	NN	_
65	68	abzieht	NN	VVFIN	VVFIN	VVFIN	VVFIN	VVFIN	MISMATCH
65	69	.	$.	$.	$.	$.	$.	$.	_
66	1	Es	PPER	PPER	PPER	PPER	PPER	PPER	_
66	2	kommt	VVFIN	VVFIN	VVFIN	VVFIN	VVFIN	VVFIN	_
66	3	aber	ADV	ADV	ADV	ADV	ADV	ADV	_
66	4	oftmals	ADV	ADV	ADV	ADV	ADV	ADV	_
66	5	/	$(	$(	$(	$(	$(	$(	_
66	6	dass	ART	KOUS	KOUS	KOUS	KOUS	KOUS	MISMATCH
66	7	der	ART	ART	ART	ART	ART	ART	_
66	8	Kranke	NN	NN	NN	NN	VVFIN	NN	MISMATCH
66	9	die	ART	ART	ART	ART	ART	ART	_
66	10	Arznei	NE	NN	NN	NN	NN	NN	MISMATCH
66	11	von	APPR	APPR	APPR	APPR	APPR	APPR	_
66	12	sich	PRF	PRF	PRF	PRF	PRF	PRF	_
66	13	gibt	VVFIN	VVFIN	VVFIN	VVFIN	VVFIN	VVFIN	_
66	14	/	$(	$(	$(	$(	$(	$(	_
66	15	und	KON	KON	KON	KON	KON	KON	_
66	16	undäut	NE	VVFIN	VVFIN	VVFIN	VVFIN	VVFIN	MISMATCH
66	17	sich	PRF	PRF	PRF	PRF	PRF	PRF	_
66	18	/	$(	$(	$(	$(	$(	$(	_
66	19	so	ADV	ADV	ADV	ADV	ADV	ADV	_
66	20	soll	VMFIN	VMFIN	VMFIN	VMFIN	VMFIN	VMFIN	_
66	21	man	PIS	PIS	PIS	PIS	PIS	PIS	_
66	22	ihm	PPER	PPER	PPER	PPER	PPER	PPER	_
66	23	zum	APPRART	APPRART	APPRART	APPRART	APPRART	APPRART	_
66	24	Anderen	ADJA	PIS	PIS	PIS	PIS	PIS	MISMATCH
66	25	/	$(	$(	$(	$(	$(	$(	_
66	26	auch	ADV	ADV	ADV	ADV	ADV	ADV	_
66	27	so	ADV	ADV	ADV	ADV	ADV	ADV	_
66	28	es	PPER	PPER	PPER	PPER	PPER	PPER	_
66	29	von	APPR	APPR	APPR	APPR	APPR	APPR	_
66	30	Nöten	VVINF	NN	NN	NN	VVFIN	NN	MISMATCH
66	31	sein	VAINF	VAINF	VAINF	VAINF	VAINF	VAINF	_
66	32	wird	VAFIN	VAFIN	VAFIN	VAFIN	VAFIN	VAFIN	_
66	33	zum	APPRART	APPRART	APPRART	APPRART	APPRART	APPRART	_
66	34	dritten	CARD	ADJA	ADJA	ADJA	ADJA	ADJA	MISMATCH
66	35	Mal	NN	NN	NN	NN	NN	NN	_
66	36	neue	ADJA	ADJA	ADJA	ADJA	ADJA	ADJA	_
66	37	Arznei	NE	NN	NN	NN	NN	NN	MISMATCH
66	38	geben	VVINF	VVFIN	VVFIN	VVFIN	VVFIN	VVFIN	MISMATCH
66	39	von	APPR	APPR	APPR	APPR	APPR	APPR	_
66	40	den	ART	ART	ART	ART	ART	ART	_
66	41	Vorigen	ADJA	NN	NN	NN	NN	NN	MISMATCH
66	42	/	$(	$(	$(	$(	$(	$(	_
66	43	so	ADV	ADV	ADV	ADV	ADV	ADV	_
66	44	lang	ADJD	ADJD	ADJD	ADJD	ADJD	ADJD	_
66	45	er	PPER	PPER	PPER	PPER	PPER	PPER	_
66	46	es	PPER	PPER	PPER	PPER	PPER	PPER	_
66	47	bei	APPR	APPR	APPR	APPR	APPR	APPR	_
66	48	ihm	APPRART	PPER	PPER	PPER	PPER	PPER	MISMATCH
66	49	behalten	VVINF	VVINF	VVINF	VVINF	VVFIN	VVINF	MISMATCH
66	50	könnte	VVFIN	VMFIN	VMFIN	VMFIN	VMFIN	VMFIN	MISMATCH
66	51	/	$(	$(	$(	$(	$(	$(	_
66	52	dann	ADV	ADV	ADV	ADV	ADV	ADV	_
66	53	wo	PWAV	PWAV	PWAV	PWAV	PWAV	PWAV	_
66	54	die	ART	ART	ART	ART	ART	ART	_
66	55	Arznei	NE	NN	NN	NN	NN	NN	MISMATCH
66	56	bei	APPR	APPR	APPR	APPR	APPR	APPR	_
66	57	ihm	PPER	PPER	PPER	PPER	PPER	PPER	_
66	58	bleibt	VVFIN	VVFIN	VVFIN	VVFIN	VVFIN	VVFIN	_
66	59	/	$(	$(	$(	$(	$(	$(	_
66	60	ist	VVFIN	VAFIN	VAFIN	VAFIN	VAFIN	VAFIN	MISMATCH
66	61	es	PPER	PPER	PPER	PPER	PPER	PPER	_
66	62	eine	ART	ART	ART	ART	ART	ART	_
66	63	gute	ADJA	ADJA	ADJA	ADJA	ADJA	ADJA	_
66	64	Hoffnung	NN	NN	NN	NN	NN	NN	_
66	65	/	$(	$(	$(	$(	$(	$(	_
66	66	das	ART	ART	ART	ART	ART	ART	_
66	67	Gegenteil	NN	NN	NN	NN	NN	NN	_
66	68	aber	ADV	ADV	KON	ADV	ADV	KON	MISMATCH
66	69	soll	VMFIN	VMFIN	VMFIN	VMFIN	VMFIN	VMFIN	_
66	70	man	PIS	PIS	PIS	PIS	PIS	PIS	_
66	71	halten	VVINF	VVINF	VVFIN	VVFIN	VVFIN	VVFIN	MISMATCH
66	72	wo	PWAV	PWAV	PWAV	PWAV	PWAV	PWAV	_
66	73	nichts	PIS	PIS	PIS	PIS	PIS	PIS	_
66	74	bei	APPR	APPR	APPR	APPR	APPR	APPR	_
66	75	ihm	PPER	PPER	PPER	PPER	PPER	PPER	_
66	76	bleibt	VVFIN	VVFIN	VVFIN	VVFIN	VVFIN	VVFIN	_
66	77	.	$.	$.	$.	$.	$.	$.	_
67	1	dann	ADV	ADV	ADV	ADV	ADV	ADV	_
67	2	die	ART	ART	ART	ART	ART	ART	_
67	3	Gift	NN	NN	NN	NN	NN	NN	_
67	4	ist	VAFIN	VAFIN	VAFIN	VAFIN	VAFIN	VAFIN	_
67	5	zu	PTKZU	PTKA	PTKA	PTKA	PTKA	PTKA	MISMATCH
67	6	gewaltig	ADJD	ADJD	ADJD	ADJD	ADJD	ADJD	_
67	7	/	$(	$(	$(	$(	$(	$(	_
67	8	und	KON	KON	KON	KON	KON	KON	_
67	9	die	ART	ART	ART	ART	ART	ART	_
67	10	Arzenei	NE	NN	NN	NN	NN	NN	MISMATCH
67	11	zu	PTKZU	PTKA	PTKA	PTKA	PTKA	PTKA	MISMATCH
67	12	schwach	VVIMP	ADJD	ADJD	ADJD	ADJD	ADJD	MISMATCH
67	13	.	$.	$.	$.	$.	$.	$.	_
68	1	so	ADV	ADV	ADV	ADV	ADV	ADV	_
68	2	er	PPER	PPER	PPER	PPER	PPER	PPER	_
68	3	aber	ADV	ADV	ADV	ADV	ADV	ADV	_
68	4	wohl	ADV	ADV	ADV	ADV	ADV	ADV	_
68	5	schwitzt	VVFIN	VVFIN	VVFIN	VVFIN	VVPP	VVFIN	MISMATCH
68	6	/	$(	$(	$(	$(	$(	$(	_
68	7	schaue	NN	VVFIN	VVFIN	VVFIN	VVPP	VVFIN	MISMATCH
68	8	man	PIS	PIS	PIS	PIS	PIS	PIS	_
68	9	darauf	PAV	PAV	PAV	PAV	PAV	PAV	_
68	10	/	$(	$(	$(	$(	$(	$(	_
68	11	dass	ART	KOUS	KOUS	KOUS	KOUS	KOUS	MISMATCH
68	12	er	PPER	PPER	PPER	PPER	PPER	PPER	_
68	13	nicht	PTKNEG	PTKNEG	PTKNEG	PTKNEG	PTKNEG	PTKNEG	_
68	14	kalt	ADJD	ADJD	ADJD	ADJD	ADJD	ADJD	_
68	15	werde	VAFIN	VAFIN	VAFIN	VAFIN	VAFIN	VAFIN	_
68	16	/	$(	$(	$(	$(	$(	$(	_
68	17	dann	ADV	ADV	ADV	ADV	ADV	ADV	_
68	18	der	ART	ART	ART	ART	ART	ART	_
68	19	Schweiß	NN	NN	NN	NN	NN	NN	_
68	20	so	ADV	ADV	ADV	ADV	ADV	ADV	_
68	21	über	APPR	APPR	APPR	APPR	ADV	APPR	MISMATCH
68	22	vier	CARD	CARD	CARD	CARD	CARD	CARD	_
68	23	Stunden	NN	NN	NN	NN	NN	NN	_
68	24	währt	VAFIN	VVFIN	VVFIN	VVFIN	VVPP	VVFIN	MISMATCH
68	25	/	$(	$(	$(	$(	$(	$(	_
68	26	und	KON	KON	KON	KON	KON	KON	_
68	27	etwas	PIS	ADV	ADV	ADV	ADV	ADV	MISMATCH
68	28	länger	ADJD	ADJD	ADJD	ADJD	ADJD	ADJD	_
68	29	/	$(	$(	$(	$(	$(	$(	_
68	30	nach	APPR	APPR	APPR	APPR	APPR	APPR	_
68	31	der	ART	ART	ART	ART	ART	ART	_
68	32	Gelegenheit	NN	NN	NN	NN	NN	NN	_
68	33	/	$(	$(	$(	$(	$(	$(	_
68	34	und	KON	KON	KON	KON	KON	KON	_
68	35	Kraft	NN	NN	NN	NN	NN	NN	_
68	36	des	ART	ART	ART	ART	ART	ART	_
68	37	Kranken	NN	NN	NN	NN	NN	NN	_
68	38	/	$(	$(	$(	$(	$(	$(	_
68	39	dann	ADV	ADV	ADV	ADV	ADV	ADV	_
68	40	man	PIS	PIS	PIS	PIS	PIS	PIS	_
68	41	muss	VMFIN	VMFIN	VMFIN	VMFIN	VMFIN	VMFIN	_
68	42	ihm	PPER	PPER	PPER	PPER	PPER	PPER	_
68	43	helfen	VVINF	VVINF	VVFIN	VVFIN	VVPP	VVFIN	MISMATCH
68	44	mit	APPR	APPR	APPR	APPR	APPR	APPR	_
68	45	Herzwassern	NN	NN	NN	NN	NN	NN	_
68	46	,	$,	$,	$,	$,	$,	$,	_
68	47	/	$(	$(	$(	$(	$(	$(	_
68	48	als	KOKOM	KOKOM	KOKOM	KOKOM	APPR	KOKOM	MISMATCH
68	49	Boragen-	ADJA	TRUNC	TRUNC	NN	TRUNC	TRUNC	MISMATCH
68	50	/	$(	$(	$(	$(	$(	$(	_
68	51	und	KON	KON	KON	KON	KON	KON	_
68	52	Ochsenzungenwasser	NN	NN	NN	NN	NN	NN	_
68	53	/	$(	$(	$(	$(	$(	$(	_
68	54	mit	APPR	APPR	APPR	APPR	APPR	APPR	_
68	55	einem	ART	ART	ART	ART	ART	ART	_
68	56	roten	ADJA	ADJA	ADJA	ADJA	ADJA	ADJA	_
68	57	Scharlach	NN	NN	NN	NN	NN	NN	_
68	58	/	$(	$(	$(	$(	$(	$(	_
68	59	oder	KON	KON	KON	KON	KON	KON	_
68	60	mit	APPR	APPR	APPR	APPR	APPR	APPR	_
68	61	einem	ART	ART	ART	ART	ART	ART	_
68	62	Leinentüchlein	NN	NN	NN	NN	NN	NN	_
68	63	auflegen	VVINF	VVINF	VVINF	VVINF	VVPP	VVINF	MISMATCH
68	64	/	$(	$(	$(	$(	$(	$(	_
68	65	und	KON	KON	KON	KON	KON	KON	_
68	66	wann	PWAV	PWAV	PWAV	PWAV	PWAV	PWAV	_
68	67	es	PPER	PPER	PPER	PPER	PPER	PPER	_
68	68	trucken	VVINF	VVFIN	VVINF	VVINF	VVPP	VVINF	MISMATCH
68	69	ist	VAFIN	VAFIN	VAFIN	VAFIN	VAFIN	VAFIN	_
68	70	worden	VAPP	VAPP	VAPP	VAPP	VAPP	VAPP	_
68	71	/	$(	$(	$(	$(	$(	$(	_
68	72	soll	VMFIN	VMFIN	VMFIN	VMFIN	VMFIN	VMFIN	_
68	73	man	PIS	PIS	PIS	PIS	PIS	PIS	_
68	74	es	PPER	PPER	PPER	PPER	PPER	PPER	_
68	75	wiederum	ADV	ADV	ADV	ADV	ADV	ADV	_
68	76	netzen	VVINF	VVFIN	VVFIN	ADJD	VVPP	VVINF	MISMATCH
68	77	.	$.	$.	$.	$.	$.	$.	_
69	1	inwendig	ADJD	ADJD	ADJD	ADJD	ADJD	ADJD	_
69	2	sind	VAFIN	VAFIN	VAFIN	VAFIN	VAFIN	VAFIN	_
69	3	auch	ADV	ADV	ADV	ADV	ADV	ADV	_
69	4	gut	ADJD	ADJD	ADJD	ADJD	ADJD	ADJD	_
69	5	zu	PTKZU	APPR	APPR	APPR	PTKZU	APPR	MISMATCH
69	6	Stärkung	NN	NN	NN	NN	NN	NN	_
69	7	manus	NE	NE	NE	NE	FM	NE	MISMATCH
69	8	Christi	NE	NE	NE	NE	NE	NE	_
69	9	perlatae	NE	NE	NE	NE	ADJD	NE	MISMATCH
69	10	,	$,	$,	$,	$,	$,	$,	_
69	11	eingemachte	ADJA	ADJA	ADJA	ADJA	ADJA	ADJA	_
69	12	Violen	NN	NE	NN	NN	NN	NN	MISMATCH
69	13	/	$(	$(	$(	$(	$(	$(	_
69	14	Rosen	NN	NN	NN	NN	NN	NN	_
69	15	/	$(	$(	$(	$(	$(	$(	_
69	16	Boragenblumen	NN	NN	NN	NN	NN	NN	_
69	17	/	$(	$(	$(	$(	$(	$(	_
69	18	und	KON	KON	KON	KON	KON	KON	_
69	19	dergleichen	PIS	PIS	PIS	PIS	PIS	PIS	_
69	20	/	$(	$(	$(	$(	$(	$(	_
69	21	damit	PAV	KOUS	KOUS	KOUS	KOUS	KOUS	MISMATCH
69	22	man	PIS	PIS	PIS	PIS	PIS	PIS	_
69	23	dem	ART	ART	ART	ART	ART	ART	_
69	24	Kranken	NN	NN	NN	NN	NN	NN	_
69	25	in	APPR	APPR	APPR	APPR	APPR	APPR	_
69	26	seinem	PPOSAT	PPOSAT	PPOSAT	PPOSAT	PPOSAT	PPOSAT	_
69	27	Schweißbad	NN	NN	NN	NN	NN	NN	_
69	28	hilflich	ADJD	ADJD	ADJD	ADJD	ADJD	ADJD	_
69	29	mag	VMFIN	VMFIN	VMFIN	VMFIN	VMFIN	VMFIN	_
69	30	sein	VAINF	VAINF	VAINF	VAINF	VAINF	VAINF	_
69	31	.	$.	$.	$.	$.	$.	$.	_
70	1	darzu	PAV	ADV	ADV	ADV	PAV	ADV	MISMATCH
70	2	dienen	VVINF	VVFIN	VVFIN	VVFIN	PAV	VVFIN	MISMATCH
70	3	auch	ADV	ADV	ADV	ADV	ADV	ADV	_
70	4	in	APPR	APPR	APPR	APPR	APPR	APPR	_
70	5	der	ART	ART	ART	ART	ART	ART	_
70	6	Speise	VVIMP	NN	NN	NN	NN	NN	MISMATCH
70	7	weiche	ADJA	ADJA	ADJA	ADJA	PAV	ADJA	MISMATCH
70	8	Eier	VVIMP	NN	NN	NN	NN	NN	MISMATCH
70	9	/	$(	$(	$(	$(	$(	$(	_
70	10	Hühnersuppen	NE	NN	NN	NN	NN	NN	MISMATCH
70	11	/	$(	$(	$(	$(	$(	$(	_
70	12	ein	ART	ART	ART	ART	ART	ART	_
70	13	gestoßenes	VVPP	ADJA	ADJA	ADJA	ADJA	ADJA	MISMATCH
70	14	junges	ADJD	ADJA	ADJA	ADJA	ADJA	ADJA	MISMATCH
70	15	Huhn	NE	NN	NN	NN	NN	NN	MISMATCH
70	16	/	$(	$(	$(	$(	$(	$(	_
70	17	et cetera	ADV	FM	FM	FM	FM	FM	MISMATCH
71	1	auch	FM	ADV	ADV	ADV	ADV	ADV	MISMATCH
71	2	mag	FM	VMFIN	VMFIN	VMFIN	VMFIN	VMFIN	MISMATCH
71	3	man	FM	PIS	PIS	PIS	PIS	PIS	MISMATCH
71	4	solches	FM	PIS	PIAT	PIS	PIS	PIS	MISMATCH
71	5	in	FM	APPR	APPR	APPR	APPR	APPR	MISMATCH
71	6	der	FM	ART	ART	ART	ART	ART	MISMATCH
71	7	Apotheke	FM	NN	NN	NN	NN	NN	MISMATCH
71	8	machen	FM	VVINF	VVINF	VVINF	VVINF	VVINF	MISMATCH
71	9	lassen	VVINF	VVINF	VVINF	VVINF	VVINF	VVINF	_
71	10	.	$.	$.	$.	$.	$.	$.	_
71	11	R.	FM	NE	NE	NE	NE	NE	MISMATCH
71	12	florum	FM	NN	NN	NN	NE	NN	MISMATCH
71	13	rosarum	FM	ADJD	ADJA	ADJD	FM	ADJA	MISMATCH
71	14	purpurearum	FM	NN	NN	NN	NE	NN	MISMATCH
71	15	,	$,	$,	$,	$,	$,	$,	_
71	16	uiolarum	FM	NN	NN	NN	FM	NN	MISMATCH
71	17	,	$,	$,	$,	$,	$,	$,	_
71	18	nenufaris	FM	NN	NE	NE	NE	NE	MISMATCH
71	19	ana	FM	NE	NE	NE	NE	NE	MISMATCH
71	20	z	FM	APPRART	APPRART	APPRART	XY	APPRART	MISMATCH
71	21	2.	FM	ADJA	ADJA	ADJA	NE	ADJA	MISMATCH
71	22	santalorum	FM	NN	NN	NN	NE	ADJA	MISMATCH
71	23	alborum	FM	ADJA	NN	ADJD	NE	NN	MISMATCH
71	24	&	$(	KON	KON	KON	XY	KON	MISMATCH
71	25	rubeorum	FM	NN	NN	NN	NE	NN	MISMATCH
71	26	,	$,	$,	$,	$,	$,	$,	_
71	27	coralli	FM	NE	NE	NE	NE	NE	MISMATCH
71	28	rubei	FM	NE	NE	NE	NE	NE	MISMATCH
71	29	,	$,	$,	$,	$,	$,	$,	_
71	30	cinnamomi	FM	NE	NE	NE	NE	NE	MISMATCH
71	31	,	$,	$,	$,	$,	$,	$,	_
71	32	charyophyllorum	FM	ADJA	NN	NN	NE	NN	MISMATCH
71	33	ana	FM	NE	NE	NE	NE	NE	MISMATCH
71	34	z	FM	APPRART	APPRART	APPRART	XY	APPRART	MISMATCH
71	35	3.	FM	ADJA	ADJA	ADJA	NE	ADJA	MISMATCH
71	36	ossis	FM	NN	NN	NN	NE	NN	MISMATCH
71	37	de	FM	NE	NE	NE	NE	NE	MISMATCH
71	38	cornu	FM	NE	NE	NE	NE	NE	MISMATCH
71	39	cerui	FM	NE	NE	NE	NE	NE	MISMATCH
71	40	,	$,	$,	$,	$,	$,	$,	_
71	41	agallo	FM	NE	NE	NE	NE	NE	MISMATCH
71	42	chi	FM	NE	NE	NE	NE	NE	MISMATCH
71	43	,	$,	$,	$,	$,	$,	$,	_
71	44	croci	FM	NE	NE	NE	NE	NE	MISMATCH
71	45	,	$,	$,	$,	$,	$,	$,	_
71	46	ana	FM	NE	NE	NE	NE	NE	MISMATCH
71	47	z	FM	ADJA	APPR	ADJA	XY	APPRART	MISMATCH
71	48	s.	FM	ADV	ADV	ADV	XY	ADV	MISMATCH
71	49	demi.	FM	ADJA	ADJA	NE	NE	ADJA	MISMATCH
71	50	Acesosæ	FM	NN	NE	NN	NE	NE	MISMATCH
71	51	scrip	FM	NE	NE	NE	FM	NE	MISMATCH
71	52	.	$.	$.	$.	$.	$.	$.	_
72	1	2.	FM	ADJA	ADJA	ADJA	NE	ADJA	MISMATCH
72	2	caphiuræ	FM	NN	NN	NN	NE	NN	MISMATCH
72	3	grana	FM	NE	ADJA	NE	NE	NE	MISMATCH
72	4	2	FM	CARD	CARD	CARD	CARD	CARD	MISMATCH
72	5	horum	FM	NN	ADJA	NN	NE	NN	MISMATCH
72	6	pulueres	FM	ADJA	ADJA	ADJA	NE	ADJA	MISMATCH
72	7	aquarum	FM	NN	ADJA	NN	NE	NN	MISMATCH
72	8	boraginis	FM	NN	NN	NE	NE	NE	MISMATCH
72	9	,	$,	$,	$,	$,	$,	$,	_
72	10	et	FM	FM	FM	FM	NE	FM	MISMATCH
72	11	buglossæ	FM	ADJA	NE	NE	NE	NE	MISMATCH
72	12	lib.	FM	NE	NE	NE	NE	NE	MISMATCH
72	13	2.	FM	ADJA	ADJA	ADJA	NE	ADJA	MISMATCH
72	14	&	$(	KON	KON	KON	XY	KON	MISMATCH
72	15	aceti	FM	NE	NE	NE	NE	NE	MISMATCH
72	16	rosacei	FM	NE	NE	NE	NE	NE	MISMATCH
72	17	1.	FM	ADJA	ADJA	ADJA	NE	ADJA	MISMATCH
72	18	commisceantur	FM	NN	NN	NN	NE	NN	MISMATCH
72	19	.	$.	$.	$.	$.	$.	$.	_
73	1	darein	PAV	ADV	ADV	ADV	VVINF	ADV	MISMATCH
73	2	soll	VMFIN	VMFIN	VMFIN	VMFIN	VMFIN	VMFIN	_
73	3	man	PIS	PIS	PIS	PIS	PIS	PIS	_
73	4	tauchen	VVFIN	VVFIN	VVFIN	VVFIN	VVINF	VVFIN	MISMATCH
73	5	seidene	ADJA	ADJA	ADJA	ADJA	ADJA	ADJA	_
73	6	Tüchlein	NN	NN	NN	NN	NN	NN	_
73	7	und	KON	KON	KON	KON	KON	KON	_
73	8	laulich	ADJD	ADJD	ADJD	ADJD	ADJD	ADJD	_
73	9	warm	ADJD	ADJD	ADJD	ADJD	ADJD	ADJD	_
73	10	auf	APPR	APPR	APPR	APPR	APPR	APPR	_
73	11	das	ART	ART	ART	ART	ART	ART	_
73	12	Herz	NN	NN	NN	NN	NN	NN	_
73	13	legen	VVINF	VVINF	VVINF	VVINF	VVINF	VVINF	_
73	14	.	$.	$.	$.	$.	$.	$.	_
74	1	man	PIS	PIS	PIS	PIS	PIS	PIS	_
74	2	soll	VMFIN	VMFIN	VMFIN	VMFIN	VMFIN	VMFIN	_
74	3	auch	ADV	ADV	ADV	ADV	ADV	ADV	_
74	4	Achtung	NN	NN	NN	NN	NN	NN	_
74	5	haben	VAFIN	VAFIN	VAFIN	VAFIN	VAINF	VAFIN	MISMATCH
74	6	/	$(	$(	$(	$(	$(	$(	_
74	7	dass	ART	KOUS	KOUS	KOUS	KOUS	KOUS	MISMATCH
74	8	der	ART	ART	ART	ART	ART	ART	_
74	9	Leib	NN	NN	NN	NN	NN	NN	_
74	10	nicht	PTKNEG	PTKNEG	PTKNEG	PTKNEG	PTKNEG	PTKNEG	_
74	11	gestopft	VVPP	VVPP	VVPP	VVPP	VVINF	VVPP	MISMATCH
74	12	bleibe	VVFIN	VVFIN	VVFIN	VVFIN	VVFIN	VVFIN	_
74	13	/	$(	$(	$(	$(	$(	$(	_
74	14	sondern	KON	KON	KON	KON	KON	KON	_
74	15	muss	VMFIN	VMFIN	VMFIN	VMFIN	VMFIN	VMFIN	_
74	16	ihm	PPER	PPER	PPER	PPER	PPER	PPER	_
74	17	zur	PTKZU	APPRART	APPRART	APPRART	APPRART	APPRART	MISMATCH
74	18	Hilfe	NN	NN	NN	NN	NN	NN	_
74	19	kommen	VVFIN	VVINF	VVFIN	VVFIN	VVINF	VVFIN	MISMATCH
74	20	mit	APPR	APPR	APPR	APPR	APPR	APPR	_
74	21	Zäpflein	NE	NN	NN	NN	NN	NN	MISMATCH
74	22	/	$(	$(	$(	$(	$(	$(	_
74	23	mit	APPR	APPR	APPR	APPR	APPR	APPR	_
74	24	Klistieren	VVINF	NN	NN	NN	NN	NN	MISMATCH
74	25	/	$(	$(	$(	$(	$(	$(	_
74	26	und	KON	KON	KON	KON	KON	KON	_
74	27	auf	APPR	APPR	APPR	APPR	APPR	APPR	_
74	28	andere	ADJA	PIS	PIS	PIS	ADJA	PIS	MISMATCH
74	29	Weise	VVFIN	NN	NN	NN	NN	NN	MISMATCH
74	30	/	$(	$(	$(	$(	$(	$(	_
74	31	wie	KOKOM	KOUS	KOUS	KOUS	PWAV	KOKOM	MISMATCH
74	32	man	PIS	PIS	PIS	PIS	PIS	PIS	_
74	33	gewöhnlich	ADJD	ADJD	ADJD	ADJD	ADJD	ADJD	_
74	34	pflegt	VVFIN	VVFIN	VVFIN	VVFIN	VVFIN	VVFIN	_
74	35	.	$.	$.	$.	$.	$.	$.	_
75	1	über	APPR	APPR	APPR	APPR	APPR	APPR	_
75	2	das	ART	ART	ART	ART	ART	ART	_
75	3	alles	PIS	PIS	PIS	PIS	PIS	PIS	_
75	4	ist	VAFIN	VAFIN	VAFIN	VAFIN	VAFIN	VAFIN	_
75	5	zu	PTKZU	PTKZU	PTKZU	PTKZU	PTKZU	PTKZU	_
75	6	merken	VVINF	VVINF	VVINF	VVINF	VVINF	VVINF	_
75	7	/	$(	$(	$(	$(	$(	$(	_
75	8	wie	KOKOM	KOUS	KOUS	KOUS	PWAV	KOUS	MISMATCH
75	9	man	PIS	PIS	PIS	PIS	PIS	PIS	_
75	10	mit	APPR	APPR	APPR	APPR	APPR	APPR	_
75	11	den	ART	ART	ART	ART	ART	ART	_
75	12	Beulen	VVINF	NN	NN	NN	NN	NN	MISMATCH
75	13	fortfaren	PTKVZ	VVFIN	VVINF	VVINF	VVINF	VVINF	MISMATCH
75	14	soll	VMFIN	VMFIN	VMFIN	VMFIN	VMFIN	VMFIN	_
75	15	/	$(	$(	$(	$(	$(	$(	_
75	16	welche	PWAT	PRELS	PRELS	PRELS	PRELS	PRELS	MISMATCH
75	17	doch	ADV	ADV	ADV	ADV	ADV	ADV	_
75	18	nicht	PTKNEG	PTKNEG	PTKNEG	PTKNEG	PTKNEG	PTKNEG	_
75	19	einerlei	PIS	ADJA	ADJA	ADJA	VVINF	ADJA	MISMATCH
75	20	Art	NN	NN	NN	NN	NN	NN	_
75	21	seien	VAINF	VAFIN	VAFIN	VAFIN	VAFIN	VAFIN	MISMATCH
75	22	.	$.	$.	$.	$.	$.	$.	_
76	1	dieweil	KOUS	ADV	ADV	KOUS	ADV	ADV	MISMATCH
76	2	auch	ADV	ADV	ADV	ADV	ADV	ADV	_
76	3	die	ART	ART	ART	ART	ART	ART	_
76	4	Feuchtigkeiten	NN	NN	NN	NN	NN	NN	_
76	5	mancherlei	PIAT	PIS	PIS	PIS	ADV	PIS	MISMATCH
76	6	sind	VAFIN	VAFIN	VAFIN	VAFIN	VAFIN	VAFIN	_
76	7	/	$(	$(	$(	$(	$(	$(	_
76	8	doch	ADV	KON	KON	KON	KON	KON	MISMATCH
76	9	sind	VAFIN	VAFIN	VAFIN	VAFIN	VAFIN	VAFIN	_
76	10	gemeiniglich	ADJD	ADJD	ADJD	ADJD	ADV	ADJD	MISMATCH
76	11	die	ART	ART	ART	ART	ART	ART	_
76	12	Farben	NN	NN	NN	NN	NN	NN	_
76	13	der	ART	ART	ART	ART	ART	ART	_
76	14	Beulen	VVINF	NN	NN	NN	NN	NN	MISMATCH
76	15	den	ART	ART	ART	ART	ART	ART	_
76	16	Feuchtigkeiten	NN	NN	NN	NN	NN	NN	_
76	17	gleichmäßig	ADJD	ADJD	ADJD	ADJD	ADV	ADJD	MISMATCH
76	18	/	$(	$(	$(	$(	$(	$(	_
76	19	und	KON	KON	KON	KON	KON	KON	_
76	20	daraus	PAV	PAV	PAV	PAV	PAV	PAV	_
76	21	zu	PTKZU	PTKZU	PTKZU	PTKZU	PTKZU	PTKZU	_
76	22	merken	VVINF	VVINF	VVINF	VVINF	VVINF	VVINF	_
76	23	ist	VAFIN	VAFIN	VAFIN	VAFIN	VAFIN	VAFIN	_
76	24	/	$(	$(	$(	$(	$(	$(	_
76	25	dass	ART	KOUS	KOUS	KOUS	KOUS	KOUS	MISMATCH
76	26	nicht	PTKNEG	PTKNEG	PTKNEG	PTKNEG	PTKNEG	PTKNEG	_
76	27	allerlei	PIAT	PIAT	PIAT	PIAT	PIAT	PIAT	_
76	28	Beulen	VVINF	NN	NN	NN	NN	NN	MISMATCH
76	29	gleich	ADV	ADJD	ADJD	ADJD	ADV	ADJD	MISMATCH
76	30	bald	ADV	ADV	ADV	ADV	ADV	ADV	_
76	31	zu	PTKZU	PTKZU	PTKZU	PTKA	PTKZU	PTKZU	MISMATCH
76	32	ärzneien	NN	ADJD	VVINF	ADJD	ADV	VVINF	MISMATCH
76	33	sind	VAFIN	VAFIN	VAFIN	VAFIN	VAFIN	VAFIN	_
76	34	.	$.	$.	$.	$.	$.	$.	_
77	1	das	ART	PDS	PDS	PDS	PDS	PDS	MISMATCH
77	2	muss	VMFIN	VMFIN	VMFIN	VMFIN	VMFIN	VMFIN	_
77	3	man	PIS	PIS	PIS	PIS	PIS	PIS	_
77	4	aber	ADV	ADV	ADV	ADV	ADV	ADV	_
77	5	merken	VVINF	VVINF	VVINF	VVINF	VVINF	VVINF	_
77	6	/	$(	$(	$(	$(	$(	$(	_
77	7	dass	ART	KOUS	KOUS	KOUS	KOUS	KOUS	MISMATCH
77	8	man	PIS	PIS	PIS	PIS	PIS	PIS	_
77	9	nicht	PTKNEG	PTKNEG	PTKNEG	PTKNEG	PTKNEG	PTKNEG	_
77	10	säumen	VVFIN	VVINF	VVINF	VVINF	VVINF	VVINF	MISMATCH
77	11	muss	VMFIN	VMFIN	VMFIN	VMFIN	VMFIN	VMFIN	_
77	12	mit	APPR	APPR	APPR	APPR	APPR	APPR	_
77	13	der	ART	ART	ART	ART	ART	ART	_
77	14	Eröffnung	NN	NN	NN	NN	NN	NN	_
77	15	/	$(	$(	$(	$(	$(	$(	_
77	16	sondern	KON	KON	KON	KON	KON	KON	_
77	17	mit	APPR	APPR	APPR	APPR	APPR	APPR	_
77	18	allem	PIS	PIS	PIS	PIAT	PIAT	PIAT	MISMATCH
77	19	Fleiß	NN	NN	NN	NN	NN	NN	_
77	20	eröffnen	VVINF	VVINF	VVINF	VVINF	VVINF	VVINF	_
77	21	/	$(	$(	$(	$(	$(	$(	_
77	22	und	KON	KON	KON	KON	KON	KON	_
77	23	keinerlei	PIAT	PIAT	PIAT	PIAT	PIAT	PIAT	_
77	24	Weise	VVFIN	NN	NN	NN	NN	NN	MISMATCH
77	25	auflegen	VVINF	VVINF	VVINF	VVINF	VVINF	VVINF	_
77	26	/	$(	$(	$(	$(	$(	$(	_
77	27	was	PWS	PIS	PIS	PWS	PWS	PWS	MISMATCH
77	28	zurücktreiben	PTKZU	VVINF	VVINF	VVINF	VVINF	VVINF	MISMATCH
77	29	möchte	VMFIN	VMFIN	VMFIN	VMFIN	VMFIN	VMFIN	_
77	30	.	$.	$.	$.	$.	$.	$.	_
78	1	darum	PAV	PAV	PAV	PAV	PAV	PAV	_
78	2	sind	VAFIN	VAFIN	VAFIN	VAFIN	VAFIN	VAFIN	_
78	3	die	ART	PDS	ART	PDS	PDS	PDS	MISMATCH
78	4	nicht	PTKNEG	PTKNEG	PTKNEG	PTKNEG	PTKNEG	PTKNEG	_
78	5	närrisch	ADJD	ADJD	ADJD	ADJD	VVINF	ADJD	MISMATCH
78	6	die	ART	ART	ART	ART	PRELS	ART	MISMATCH
78	7	die	ART	ART	ART	ART	ART	ART	_
78	8	Beulen	VVINF	NN	NN	NN	NN	NN	MISMATCH
78	9	mit	APPR	APPR	APPR	APPR	APPR	APPR	_
78	10	einem	ART	ART	ART	ART	ART	ART	_
78	11	las	VVFIN	ADJA	ADJA	ADJA	NN	ADJA	MISMATCH
78	12	Eisen	VVINF	NN	NN	NN	NN	NN	MISMATCH
78	13	aufreißen	VVINF	VVINF	VVINF	VVINF	VVINF	VVINF	_
78	14	/	$(	$(	$(	$(	$(	$(	_
78	15	und	KON	KON	KON	KON	KON	KON	_
78	16	um	APPR	APPR	APPR	APPR	APPR	APPR	_
78	17	die	ART	ART	ART	ART	ART	ART	_
78	18	Geschwulst	NN	NN	NN	NN	NN	NN	_
78	19	hacken	VVINF	VVINF	VVINF	VVINF	VVINF	VVINF	_
78	20	/	$(	$(	$(	$(	$(	$(	_
78	21	und	KON	KON	KON	KON	KON	KON	_
78	22	darauf	PAV	PAV	PAV	PAV	PAV	PAV	_
78	23	einen	ART	ART	ART	ART	ART	ART	_
78	24	Kopf	NN	NN	NN	NN	NN	NN	_
78	25	setzen	VVINF	VVINF	VVINF	VVINF	VVINF	VVINF	_
78	26	lassen	VVINF	VVINF	VVINF	VVINF	VVFIN	VVINF	MISMATCH
78	27	/	$(	$(	$(	$(	$(	$(	_
78	28	welches	PRELS	PWS	PWS	PWS	PWS	PWS	MISMATCH
78	29	mit	APPR	APPR	APPR	APPR	APPR	APPR	_
78	30	Macht	VVFIN	NN	NN	NN	NN	NN	MISMATCH
78	31	die	ART	ART	ART	ART	ART	ART	_
78	32	Gift	NN	NN	NN	NN	NN	NN	_
78	33	zu	PTKZU	APPR	APPR	APPR	APPR	APPR	MISMATCH
78	34	sich	PRF	PRF	PRF	PRF	PRF	PRF	_
78	35	ziehen	VVINF	VVINF	VVINF	VVINF	VVINF	VVINF	_
78	36	mag	VMFIN	VMFIN	VMFIN	VMFIN	VMFIN	VMFIN	_
78	37	.	$.	$.	$.	$.	$.	$.	_
79	1	zudem	APPR	ADV	ADV	ADV	PAV	ADV	MISMATCH
79	2	soll	VMFIN	VMFIN	VMFIN	VMFIN	VMFIN	VMFIN	_
79	3	man	PIS	PIS	PIS	PIS	PIS	PIS	_
79	4	ezliche	PIAT	ADJA	ADJA	ADJA	ADJA	ADJA	MISMATCH
79	5	Arznei	NE	NN	NN	NN	NN	NN	MISMATCH
79	6	gebrauchen	VVINF	VVINF	VVINF	VVINF	ADJA	VVINF	MISMATCH
79	7	/	$(	$(	$(	$(	$(	$(	_
79	8	wie	KOKOM	KOKOM	KOUS	KOUS	PWAV	KOKOM	MISMATCH
79	9	folgt	VVFIN	ADV	VVFIN	VVFIN	VVFIN	VVFIN	MISMATCH
79	10	.	$.	$.	$.	$.	$.	$.	_
80	1	man	PIS	PIS	PIS	PIS	PIS	PIS	_
80	2	soll	VMFIN	VMFIN	VMFIN	VMFIN	VMFIN	VMFIN	_
80	3	eine	ART	ART	ART	ART	ART	ART	_
80	4	Zwiebel	NE	NN	NN	NN	NN	NN	MISMATCH
80	5	oder	KON	KON	KON	KON	KON	KON	_
80	6	zwei	NE	CARD	CARD	CARD	CARD	CARD	MISMATCH
80	7	nehmen	VVINF	VVINF	VVINF	VVINF	VVPP	VVINF	MISMATCH
80	8	/	$(	$(	$(	$(	$(	$(	_
80	9	davon	PAV	PAV	PAV	PAV	PAV	PAV	_
80	10	schneide	VVFIN	VVFIN	VVFIN	VVFIN	VVPP	VVFIN	MISMATCH
80	11	man	PIS	PIS	PIS	PIS	PIS	PIS	_
80	12	die	ART	ART	ART	ART	ART	ART	_
80	13	Köpfe	NN	NN	NN	NN	NN	NN	_
80	14	/	$(	$(	$(	$(	$(	$(	_
80	15	und	KON	KON	KON	KON	KON	KON	_
80	16	daselbst	NE	ADV	ADV	ADV	VVPP	ADV	MISMATCH
80	17	sollen	VMFIN	VMFIN	VMFIN	VMFIN	VMFIN	VMFIN	_
80	18	sie	PPER	PPER	PPER	PPER	PPER	PPER	_
80	19	ein	ART	ART	ART	ART	ART	ART	_
80	20	wenig	PIS	PIS	PIS	PIS	PIS	PIS	_
80	21	ausgehöhlt	VVPP	VVPP	VVPP	VVPP	VVPP	VVPP	_
80	22	werden	VAINF	VAINF	VAINF	VAINF	VAINF	VAINF	_
80	23	/	$(	$(	$(	$(	$(	$(	_
80	24	und	KON	KON	KON	KON	KON	KON	_
80	25	darein	PAV	ADV	ADV	ADV	PAV	ADV	MISMATCH
80	26	einen	ART	ART	ART	ART	ART	ART	_
80	27	guten	ADJA	ADJA	ADJA	ADJA	ADJA	ADJA	_
80	28	Theriak	NN	NN	NN	NN	NN	NN	_
80	29	einfüllen	VVINF	VVPP	VVINF	VVINF	VVPP	VVINF	MISMATCH
80	30	/	$(	$(	$(	$(	$(	$(	_
80	31	und	KON	KON	KON	KON	KON	KON	_
80	32	wiederum	ADV	ADV	ADV	ADV	ADV	ADV	_
80	33	mit	APPR	APPR	APPR	APPR	APPR	APPR	_
80	34	dem	ART	ART	ART	ART	ART	ART	_
80	35	vorigen	ADJA	ADJA	ADJA	ADJA	ADJA	ADJA	_
80	36	abgeschnittenem	ADJA	ADJA	ADJA	ADJA	ADJA	ADJA	_
80	37	Teil	NN	NN	NN	NN	NN	NN	_
80	38	zustopfen	VVINF	VVINF	VVINF	VVINF	VVPP	VVINF	MISMATCH
80	39	/	$(	$(	$(	$(	$(	$(	_
80	40	und	KON	KON	KON	KON	KON	KON	_
80	41	soll	VMFIN	VMFIN	VMFIN	VMFIN	VMFIN	VMFIN	_
80	42	also	ADV	ADV	ADV	ADV	ADV	ADV	_
80	43	in	APPR	APPR	APPR	APPR	APPR	APPR	_
80	44	der	ART	ART	ART	ART	ART	ART	_
80	45	Asche	NN	NN	NN	NN	NN	NN	_
80	46	gebraten	VVPP	VVPP	VVPP	VVPP	VVPP	VVPP	_
80	47	/	$(	$(	$(	$(	$(	$(	_
80	48	darnach	PAV	ADV	ADV	ADV	PAV	ADV	MISMATCH
80	49	zerstoßen	NE	VVPP	VVPP	VVPP	VVPP	VVPP	MISMATCH
80	50	und	KON	KON	KON	KON	KON	KON	_
80	51	auf	APPR	APPR	APPR	APPR	APPR	APPR	_
80	52	die	ART	ART	ART	ART	ART	ART	_
80	53	Beule	VVFIN	NN	NN	NN	NN	NN	MISMATCH
80	54	wie	KOKOM	KOKOM	KOKOM	KOKOM	KOKOM	KOKOM	_
80	55	ein	ART	ART	ART	ART	ART	ART	_
80	56	Pflaster	NN	NN	NN	NN	NN	NN	_
80	57	gelegt	VVPP	VVPP	VVPP	VVPP	VVPP	VVPP	_
80	58	werden	VAINF	VAINF	VAINF	VAINF	VAINF	VAINF	_
80	59	.	$.	$.	$.	$.	$.	$.	_
81	1	denn	KON	KON	KON	KON	KON	KON	_
81	2	der	ART	ART	ART	ART	ART	ART	_
81	3	thiriack	NN	NN	NN	NN	FM	NN	MISMATCH
81	4	treibt	VVFIN	VVFIN	VVFIN	VVFIN	VVFIN	VVFIN	_
81	5	nicht	PTKNEG	PTKNEG	PTKNEG	PTKNEG	PTKNEG	PTKNEG	_
81	6	zurück	VVINF	ADV	ADV	ADV	PTKVZ	PTKVZ	MISMATCH
81	7	die	ART	ART	ART	ART	ART	ART	_
81	8	Gift	NN	NN	NN	NN	NN	NN	_
81	9	/	$(	$(	$(	$(	$(	$(	_
81	10	sondern	KON	KON	KON	KON	KON	KON	_
81	11	er	PPER	PPER	PPER	PPER	PPER	PPER	_
81	12	zieht	VVFIN	VVFIN	VVFIN	VVFIN	VVFIN	VVFIN	_
81	13	zu	PTKZU	APPR	APPR	APPR	APPR	APPR	MISMATCH
81	14	sich	PRF	PRF	PRF	PRF	PRF	PRF	_
81	15	wie	KOKOM	KOUS	KOKOM	KOKOM	PWAV	KOKOM	MISMATCH
81	16	man	PIS	PIS	PIS	PIS	PIS	PIS	_
81	17	sonst	ADV	ADV	ADV	ADV	ADV	ADV	_
81	18	weitläufig	ADJD	ADJD	ADJD	ADJD	VVFIN	ADJD	MISMATCH
81	19	in	APPR	APPR	APPR	APPR	APPR	APPR	_
81	20	der	ART	ART	ART	ART	ART	ART	_
81	21	Schule	VVINF	NN	NN	NN	NN	NN	MISMATCH
81	22	pflegt	VVFIN	VVFIN	VVFIN	VVFIN	VVFIN	VVFIN	_
81	23	zu	PTKZU	PTKZU	PTKZU	PTKZU	PTKZU	PTKZU	_
81	24	disputieren	VVINF	VVINF	VVINF	VVINF	VVFIN	VVINF	MISMATCH
81	25	.	$.	$.	$.	$.	$.	$.	_
82	1	auch	ADV	ADV	ADV	ADV	ADV	ADV	_
82	2	mögen	VMFIN	VMFIN	VMFIN	VMFIN	VMFIN	VMFIN	_
82	3	die	ART	ART	ART	ART	ART	ART	_
82	4	armen	ADJA	ADJA	ADJA	ADJA	ADJA	ADJA	_
82	5	Leute	NN	NN	NN	NN	NN	NN	_
82	6	ein	ART	ART	ART	ART	ART	ART	_
82	7	Pflaster	NN	NN	NN	NN	NN	NN	_
82	8	machen	VVINF	VVINF	VVFIN	VVFIN	NN	VVFIN	MISMATCH
82	9	von	APPR	APPR	APPR	APPR	APPR	APPR	_
82	10	saurem	ADJA	ADJA	ADJA	ADJA	ADJA	ADJA	_
82	11	Teig	NN	NN	NN	NN	NN	NN	_
82	12	/	$(	$(	$(	$(	$(	$(	_
82	13	altem	ADJD	ADJA	ADJA	ADJA	ADJA	ADJA	MISMATCH
82	14	Schmer	NN	NN	NN	NN	NN	NN	_
82	15	/	$(	$(	$(	$(	$(	$(	_
82	16	Vitriol	NN	NE	NE	NN	NN	NN	MISMATCH
82	17	/[28]|/[29]	XY	$(	$(	$(	$(	$(	MISMATCH
82	18	Kalk	VVIMP	NN	NN	NN	NN	NN	MISMATCH
82	19	/	$(	$(	$(	$(	$(	$(	_
82	20	Pech	VVIMP	NN	NN	NN	NN	NN	MISMATCH
82	21	/	$(	$(	$(	$(	$(	$(	_
82	22	ein	ART	ART	ART	ART	ART	ART	_
82	23	jedes	PIAT	PIAT	PIAT	PIAT	PIS	PIAT	MISMATCH
82	24	ein	ART	ART	ART	ART	ART	ART	_
82	25	wenig	PIS	PIS	PIS	PIS	PIS	PIS	_
82	26	.	$.	$.	$.	$.	$.	$.	_
83	1	die	ART	PRELS	PRELS	PDS	PDS	PDS	MISMATCH
83	2	mögen	VMFIN	VMFIN	VMFIN	VMFIN	VMFIN	VMFIN	_
83	3	auch	ADV	ADV	ADV	ADV	ADV	ADV	_
83	4	Schnitteln	VVINF	NN	NN	NN	NN	NN	MISMATCH
83	5	von	APPR	APPR	APPR	APPR	APPR	APPR	_
83	6	dem	ART	ART	ART	ART	ART	ART	_
83	7	Rettich	NN	NN	NN	NN	NN	NN	_
83	8	auflegen	VVINF	VVINF	VVINF	VVINF	VVINF	VVINF	_
83	9	/	$(	$(	$(	$(	$(	$(	_
83	10	und	KON	KON	KON	KON	KON	KON	_
83	11	oftmals	ADV	ADV	ADV	ADV	ADV	ADV	_
83	12	dieselbigen	PDAT	ADJA	ADJA	ADJA	PDS	ADJA	MISMATCH
83	13	verneuern	ADJA	VVFIN	VVINF	VVINF	VVINF	VVINF	MISMATCH
83	14	/	$(	$(	$(	$(	$(	$(	_
83	15	dann	ADV	ADV	ADV	ADV	ADV	ADV	_
83	16	es	PPER	PPER	PPER	PPER	PPER	PPER	_
83	17	zieht	VVFIN	VVFIN	VVFIN	VVFIN	VVINF	VVFIN	MISMATCH
83	18	wohl	ADV	ADV	ADV	ADV	ADV	ADV	_
83	19	aus	APPR	PTKVZ	PTKVZ	PTKVZ	PTKVZ	PTKVZ	MISMATCH
83	20	.	$.	$.	$.	$.	$.	$.	_
84	1	man	PIS	PIS	PIS	PIS	PIS	PIS	_
84	2	soll	VMFIN	VMFIN	VMFIN	VMFIN	VMFIN	VMFIN	_
84	3	auch	ADV	ADV	ADV	ADV	ADV	ADV	_
84	4	Kamillenblumen	NN	NN	NN	NN	NN	NN	_
84	5	/	$(	$(	$(	$(	$(	$(	_
84	6	Foenumgraecumsamen	NE	NN	NN	NN	NN	NN	MISMATCH
84	8	gepulvert	VVPP	VVPP	VVPP	VVPP	VVPP	VVPP	_
84	9	ein	ART	ART	ART	ART	ART	ART	_
84	10	itzliches	NE	ADJA	ADJA	ADJA	ADJA	ADJA	MISMATCH
84	11	zwei	CARD	CARD	CARD	CARD	CARD	CARD	_
84	12	Lot	NN	NN	NN	NN	NN	NN	_
84	13	nehmen	VVINF	VVINF	VVINF	VVINF	VVINF	VVINF	_
84	14	und	KON	KON	KON	KON	KON	KON	_
84	15	darzu	PAV	ADV	ADV	ADV	PAV	ADV	MISMATCH
84	16	tue	VVFIN	VVFIN	VVFIN	VVFIN	VVFIN	VVFIN	_
84	17	man	PIS	PIS	PIS	PIS	PIS	PIS	_
84	18	auch	ADV	ADV	ADV	ADV	ADV	ADV	_
84	19	Leinsamen	VVIMP	NN	NN	NN	NN	NN	MISMATCH
84	20	/	$(	$(	$(	$(	$(	$(	_
84	21	große	ADJD	ADJA	ADJA	ADJA	ADJA	ADJA	MISMATCH
84	22	Pappelwurz	NN	NN	NN	NN	NN	NN	_
84	23	/	$(	$(	$(	$(	$(	$(	_
84	24	jedes	PIAT	PIAT	PIAT	PIAT	PIAT	PIAT	_
84	25	zwei	CARD	CARD	CARD	CARD	CARD	CARD	_
84	26	Lot	NN	NN	NN	NN	NN	NN	_
84	27	/	$(	$(	$(	$(	$(	$(	_
84	28	Sauerteig	ADJD	NN	NN	NN	NN	NN	MISMATCH
84	29	von	APPR	APPR	APPR	APPR	APPR	APPR	_
84	30	Roggenmehl	VVINF	NN	NN	NN	NN	NN	MISMATCH
84	31	2	NE	CARD	CARD	CARD	CARD	CARD	MISMATCH
84	32	Lot	NN	NN	NN	NN	NN	NN	_
84	33	.	$.	$.	$.	$.	$.	$.	_
84	34	Tormentillwurz	NE	NN	NN	NN	NN	NN	MISMATCH
84	35	/	$(	$(	$(	$(	$(	$(	_
84	36	das	ART	ART	ART	ART	ART	ART	_
84	37	Kraut	NN	NN	NN	NN	NN	NN	_
84	38	Valerian	NE	NE	NE	NE	NE	NE	_
84	39	/	$(	$(	$(	$(	$(	$(	_
84	40	Diptam	NE	NE	NN	NN	NE	NN	MISMATCH
84	41	/	$(	$(	$(	$(	$(	$(	_
84	42	jedes	PIAT	PIAT	PIAT	PIAT	PIAT	PIAT	_
84	43	3	XY	CARD	CARD	CARD	CARD	CARD	MISMATCH
84	44	Quent	NN	NE	NE	NN	NN	NE	MISMATCH
84	45	/	$(	$(	$(	$(	$(	$(	_
84	46	Senfsamen	NN	NN	NN	NN	NN	NN	_
84	47	/	$(	$(	$(	$(	$(	$(	_
84	48	Taubenkot	NN	NN	NN	NN	NN	NN	_
84	49	ein	ART	ART	ART	ART	ART	ART	_
84	50	jedes	PIAT	PIAT	PIAT	PIAT	PIAT	PIAT	_
84	51	1	NE	CARD	CARD	CARD	CARD	CARD	MISMATCH
84	52	Lot	NN	NN	NN	NN	NN	NN	_
84	53	weiße	VVFIN	VVFIN	ADJA	ADJA	ADJA	ADJA	MISMATCH
84	54	Lilien	NN	NN	NN	NN	NN	NN	_
84	55	und	KON	KON	KON	KON	KON	KON	_
84	56	Kamillenöl	NN	NN	NN	NN	NN	NN	_
84	57	jedes	PIAT	PIAT	PIAT	PIAT	PIAT	PIAT	_
84	58	vier	CARD	CARD	CARD	CARD	CARD	CARD	_
84	59	Lot	NN	NN	NN	NN	NN	NN	_
84	60	/	$(	$(	$(	$(	$(	$(	_
84	61	aus	APPR	APPR	APPR	APPR	APPR	APPR	_
84	62	dem	ART	PDS	PDS	PDS	PDS	ART	MISMATCH
84	63	mag	VMFIN	VMFIN	VMFIN	VMFIN	VMFIN	VMFIN	_
84	64	man	PIS	PIS	PIS	PIS	PIS	PIS	_
84	65	ein	ART	ART	ART	ART	ART	ART	_
84	66	Pflaster	NN	NN	NN	NN	NN	NN	_
84	67	machen	VVINF	VVINF	VVINF	VVINF	VVINF	VVINF	_
84	68	/	$(	$(	$(	$(	$(	$(	_
84	69	und	KON	KON	KON	KON	KON	KON	_
84	70	darauf	PAV	PAV	PAV	PAV	PAV	PAV	_
84	71	legen	VVINF	VVINF	VVINF	VVINF	VVINF	VVINF	_
84	72	/	$(	$(	$(	$(	$(	$(	_
84	73	denn	KON	KON	KON	KON	KON	KON	_
84	74	es	PPER	PPER	PPER	PPER	PPER	PPER	_
84	75	tut	VVFIN	VVFIN	VVFIN	VVFIN	VVFIN	VVFIN	_
84	76	in	APPR	APPR	APPR	APPR	APPR	APPR	_
84	77	diesen	PDAT	PDAT	PDAT	PDAT	PDAT	PDAT	_
84	78	giftigen	ADJA	ADJA	ADJA	ADJA	VVINF	ADJA	MISMATCH
84	79	Beulen	VVINF	NN	NN	NN	NN	NN	MISMATCH
84	80	sehr	ADV	ADV	ADV	ADV	ADV	ADV	_
84	81	viel	ADV	ADV	ADV	ADV	PIS	ADV	MISMATCH
84	82	.	$.	$.	$.	$.	$.	$.	_
85	1	in	APPR	APPR	APPR	APPR	APPR	APPR	_
85	2	der	ART	ART	ART	ART	ART	ART	_
85	3	Eile	NN	NN	NN	NN	NN	NN	_
85	4	aber	ADV	ADV	KON	ADV	ADV	KON	MISMATCH
85	5	mag	VMFIN	VMFIN	VMFIN	VMFIN	VMFIN	VMFIN	_
85	6	man	PIS	PIS	PIS	PIS	PIS	PIS	_
85	7	nehmen	VVINF	VVFIN	VVFIN	VVFIN	VVPP	VVFIN	MISMATCH
85	8	das	ART	ART	ART	ART	ART	ART	_
85	9	Pflaster	NN	NN	NN	NN	NN	NN	_
85	10	in	APPR	APPR	APPR	APPR	APPR	APPR	_
85	11	der	ART	ART	ART	ART	ART	ART	_
85	12	Apotheke	NN	NN	NN	NN	NN	NN	_
85	13	genannt	VVPP	VVPP	VVPP	VVPP	VVPP	VVPP	_
85	14	diachylon	NE	ADJA	NE	NE	NE	NE	MISMATCH
85	15	simplex	NE	NN	NN	NE	VVPP	NE	MISMATCH
85	16	,	$,	$,	$,	$,	$,	$,	_
85	17	bei	APPR	APPR	APPR	APPR	APPR	APPR	_
85	18	2	NE	CARD	CARD	CARD	CARD	CARD	MISMATCH
85	19	Unzen	NN	NN	NN	NN	NN	NN	_
85	20	/	$(	$(	$(	$(	$(	$(	_
85	21	darzu	PAV	ADV	ADV	ADV	VVPP	ADV	MISMATCH
85	22	soll	VMFIN	VMFIN	VMFIN	VMFIN	VMFIN	VMFIN	_
85	23	vermischt	VVFIN	VVPP	VVPP	VVPP	VVPP	VVPP	MISMATCH
85	24	werden	VAINF	VAFIN	VAFIN	VAFIN	VAINF	VAINF	MISMATCH
85	25	Ammoniacum	NE	NN	NN	NN	NN	NN	MISMATCH
85	26	und	KON	KON	KON	KON	KON	KON	_
85	27	Galbanum	NE	NN	NN	NN	NN	NN	MISMATCH
85	28	/	$(	$(	$(	$(	$(	$(	_
85	29	jedes	PIAT	PIAT	PIAT	PIAT	PIS	PIAT	MISMATCH
85	30	bei	APPR	APPR	APPR	APPR	APPR	APPR	_
85	31	einer	ART	ART	ART	ART	ART	ART	_
85	32	Unze	NN	NN	NN	NN	NN	NN	_
85	33	.	$.	$.	$.	$.	$.	$.	_
86	1	es	PPER	PPER	PPER	PPER	PPER	PPER	_
86	2	ist	VAFIN	VAFIN	VAFIN	VAFIN	VAFIN	VAFIN	_
86	3	auch	ADV	ADV	ADV	ADV	ADV	ADV	_
86	4	gut	ADJD	ADJD	ADJD	ADJD	ADJD	ADJD	_
86	5	der	ART	ART	ART	ART	ART	ART	_
86	6	Gänsemist	NN	NN	NN	NN	NN	NN	_
86	7	/	$(	$(	$(	$(	$(	$(	_
86	8	mit	APPR	APPR	APPR	APPR	APPR	APPR	_
86	9	gemeinem	ADJA	ADJA	ADJA	ADJA	ADJA	ADJA	_
86	10	Öl	NN	NN	NN	NN	NN	NN	_
86	11	aufgelegt	VVPP	VVPP	VVPP	VVPP	ADJA	VVPP	MISMATCH
86	12	.	$.	$.	$.	$.	$.	$.	_
86	13	wer	PWS	PWS	PWS	PWS	PWS	PWS	_
86	14	da	ADV	ADV	ADV	ADV	ADV	ADV	_
86	15	will	VMFIN	VMFIN	VMFIN	VMFIN	VMFIN	VMFIN	_
86	16	etwas	PIS	PIAT	PIAT	PIAT	PIAT	PIAT	MISMATCH
86	17	Stärkeres	NN	NN	NN	NN	ADJA	NN	MISMATCH
86	18	haben	VAFIN	VAINF	VAFIN	VAINF	VAINF	VAINF	MISMATCH
86	19	/	$(	$(	$(	$(	$(	$(	_
86	20	wird	VAFIN	VAFIN	VAFIN	VAFIN	VAFIN	VAFIN	_
86	21	man	PIS	PIS	PIS	PIS	PIS	PIS	_
86	22	bekommen	VVINF	VVPP	VVFIN	VVFIN	ADJA	VVFIN	MISMATCH
86	23	in	APPR	APPR	APPR	APPR	APPR	APPR	_
86	24	der	ART	ART	ART	ART	ART	ART	_
86	25	Apotheke	NN	NN	NN	NN	NN	NN	_
86	26	.	$.	$.	$.	$.	$.	$.	_
87	1	und	KON	KON	KON	KON	KON	KON	_
87	2	nachfolgend	VVPP	ADV	ADJD	ADJD	VVINF	ADJD	MISMATCH
87	3	wird	VAFIN	VAFIN	VAFIN	VAFIN	VAFIN	VAFIN	_
87	4	sich	PRF	PRF	PRF	PRF	PRF	PRF	_
87	5	ein	ART	ART	ART	ART	ART	ART	_
87	6	geschickter	ADJA	ADJA	ADJA	ADJA	VVINF	ADJA	MISMATCH
87	7	Barbierer	NE	NN	NN	NN	NN	NN	MISMATCH
87	8	wohl	ADV	ADV	ADV	ADV	ADV	ADV	_
87	9	wissen	VVINF	VVINF	VVINF	ADJD	VVINF	VVINF	MISMATCH
87	10	zu	PTKZU	PTKZU	PTKZU	PTKZU	PTKZU	PTKZU	_
87	11	halten	VVINF	VVINF	VVINF	VVINF	VVINF	VVINF	_
87	12	.	$.	$.	$.	$.	$.	$.	_
88	1	zum	APPRART	APPRART	APPRART	APPRART	APPRART	APPRART	_
88	2	Beschluss	NN	NN	NN	NN	NN	NN	_
88	3	wird	VAFIN	VAFIN	VAFIN	VAFIN	VAFIN	VAFIN	_
88	4	ein	ART	ART	ART	ART	ART	ART	_
88	5	jeder	PIAT	PIAT	PIAT	PIAT	PIS	PIAT	MISMATCH
88	6	Zuflucht	NN	NN	NN	NN	NN	NN	_
88	7	haben	VAFIN	VAFIN	VAFIN	VAFIN	VAINF	VAFIN	MISMATCH
88	8	zu	PTKZU	APPR	APPR	APPR	APPR	APPR	MISMATCH
88	9	Gott	NN	NN	NN	NN	NN	NN	_
88	10	/	$(	$(	$(	$(	$(	$(	_
88	11	wie	KOKOM	KOUS	KOUS	KOKOM	PWAV	KOKOM	MISMATCH
88	12	David	NE	NE	NE	NE	NE	NE	_
88	13	täte	VVFIN	VVFIN	VVFIN	VVFIN	VVFIN	VVFIN	_
88	14	/	$(	$(	$(	$(	$(	$(	_
88	15	da	ADV	ADV	ADV	ADV	KOUS	ADV	MISMATCH
88	16	um	APPR	APPR	APPR	APPR	APPR	APPR	_
88	17	seiner	PPOSAT	PPOSAT	PPOSAT	PPOSAT	PPOSAT	PPOSAT	_
88	18	Sünden	NN	NN	NN	NN	NN	NN	_
88	19	willen	NN	APPO	APPO	APPO	APZR	APPO	MISMATCH
88	20	/	$(	$(	$(	$(	$(	$(	_
88	21	zwischen	APPR	APPR	APPR	APPR	APPR	APPR	_
88	22	Dan	ADV	NE	NE	NE	NE	NE	MISMATCH
88	23	und	KON	KON	KON	KON	KON	KON	_
88	24	Beerscheba	NE	NE	NN	NE	NE	NE	MISMATCH
88	25	in	APPR	APPR	APPR	APPR	APPR	APPR	_
88	26	drei	CARD	CARD	CARD	CARD	CARD	CARD	_
88	27	Tagen	NN	NN	NN	NN	NN	NN	_
88	28	siebzigtausend	CARD	NN	ADJA	CARD	NN	CARD	MISMATCH
88	29	Mann	PIS	NN	NN	NN	NN	NN	MISMATCH
88	30	an	APPR	APPR	APPR	APPR	APPR	APPR	_
88	31	der	ART	ART	ART	ART	ART	ART	_
88	32	Pestilenz	NN	NN	NN	NN	NN	NN	_
88	33	gestorben	VVPP	VVPP	VVPP	VVPP	NN	VVPP	MISMATCH
88	34	sind	VAFIN	VAFIN	VAFIN	VAFIN	VAFIN	VAFIN	_
88	35	.	$.	$.	$.	$.	$.	$.	_
89	1	aber	KON	ADV	KON	ADV	KON	KON	MISMATCH
89	2	da	ADV	ADV	ADV	KOUS	KOUS	KOUS	MISMATCH
89	3	David	NE	NE	NE	NE	NE	NE	_
89	4	um	APPR	APPR	APPR	APPR	APPR	APPR	_
89	5	Verzeihung	NE	NN	NN	NN	NN	NN	MISMATCH
89	6	der	ART	ART	ART	ART	ART	ART	_
89	7	Sünden	NN	NN	NN	NN	NN	NN	_
89	8	bat	VVFIN	VVFIN	VVFIN	VVFIN	VVFIN	VVFIN	_
89	9	/	$(	$(	$(	$(	$(	$(	_
89	10	und	KON	KON	KON	KON	KON	KON	_
89	11	Gnade	NN	NN	NN	NN	NN	NN	_
89	12	erlangt	VVFIN	VVPP	VVFIN	VVPP	VVFIN	VVFIN	MISMATCH
89	13	durch	APPR	APPR	APPR	APPR	APPR	APPR	_
89	14	sein	VAINF	PPOSAT	PPOSAT	PPOSAT	PPOSAT	PPOSAT	MISMATCH
89	15	christliches	ADJD	ADJA	ADJA	ADJA	ADJA	ADJA	MISMATCH
89	16	Gebet	NN	NN	NN	NN	NN	NN	_
89	17	/	$(	$(	$(	$(	$(	$(	_
89	18	und	KON	KON	KON	KON	KON	KON	_
89	19	anrufen	APPR	VVFIN	VVFIN	VVFIN	VVFIN	VVINF	MISMATCH
89	20	/	$(	$(	$(	$(	$(	$(	_
89	21	so	ADV	ADV	ADV	ADV	ADV	ADV	_
89	22	hatte	VAFIN	VAFIN	VAFIN	VAFIN	VAFIN	VAFIN	_
89	23	die	ART	ART	ART	ART	ART	ART	_
89	24	Pestilenz	NN	NN	NN	NN	NN	NN	_
89	25	ein	ART	ART	ART	ART	ART	ART	_
89	26	Ende	NN	NN	NN	NN	NN	NN	_
89	27	.	$.	$.	$.	$.	$.	$.	_
90	1	desgleichen	KOUS	ADV	ADV	ADV	VVINF	ADV	MISMATCH
90	2	werden	VAINF	VAFIN	VAFIN	VAFIN	VAFIN	VAFIN	MISMATCH
90	3	alle	PIAT	PIAT	PIAT	PIAT	PIAT	PIAT	_
90	4	frommen	ADJA	ADJA	ADJA	ADJA	VVINF	ADJA	MISMATCH
90	5	Christen	NN	NN	NN	NN	NN	NN	_
90	6	tun	VVINF	VVINF	VVINF	VVINF	VVINF	VVINF	_
90	7	/	$(	$(	$(	$(	$(	$(	_
90	8	und	KON	KON	KON	KON	KON	KON	_
90	9	sich	PRF	PRF	PRF	PRF	PRF	PRF	_
90	10	auf	APPR	APPR	APPR	APPR	APPR	APPR	_
90	11	die	ART	ART	ART	ART	ART	ART	_
90	12	Zusagung	NN	NN	NN	NN	NN	NN	_
90	13	Gottes	NN	NN	NN	NN	NN	NN	_
90	14	verlassen	NE	VVPP	VVINF	VVPP	VVINF	VVPP	MISMATCH
90	15	.	$.	$.	$.	$.	$.	$.	_
91	1	FINIS	NN	NN	NN	NN	NE	NE	MISMATCH
91	2	.	$.	$.	$.	$.	$.	$.	_
