GOLDPOS	SID	TID	TOKEN	POS1	POS2
_	1	1	kurzer	ADJA	ADJA
_	1	2	/	$(	$(
_	1	3	doch	ADV	ADV
ADJA	1	4	gründlicher	ADJD	ADJA
_	1	5	Bericht	NN	NN
_	1	6	/	$(	$(
_	1	7	von	APPR	APPR
_	1	8	Natur	NN	NN
_	1	9	/	$(	$(
_	1	10	Eigenschaft	NN	NN
_	1	11	/	$(	$(
_	1	12	Kraft	NN	NN
_	1	13	/	$(	$(
_	1	14	Wirkung	NN	NN
_	1	15	/	$(	$(
_	1	16	und	KON	KON
_	1	17	rechtmäßigem	ADJA	ADJA
_	1	18	Gebrauch	NN	NN
_	1	19	des	ART	ART
_	1	20	neu	ADJD	ADJD
_	1	21	erfundenen	ADJA	ADJA
_	1	22	Brunnens	NN	NN
_	1	23	/	$(	$(
_	1	24	zun	APPRART	APPRART
_	1	25	dreien	CARD	CARD
_	1	26	Tannen	NN	NN
_	1	27	in	APPR	APPR
_	1	28	Meißen	NE	NE
_	1	29	bei	APPR	APPR
_	1	30	der	ART	ART
_	1	31	Zwönitz	NN	NN
_	1	32	gelegen	VVPP	VVPP
_	1	33	.	$.	$.
_	2	1	gestellt	VVPP	VVPP
_	2	2	durch	APPR	APPR
NN	2	3	Medikus	NE	NN
NE	3	1	Joannem	FM	NE
NE	3	2	Philippum	FM	NN
NE	3	3	Brendelium	FM	NN
_	3	4	,	$,	$,
NN	3	5	Medicum	FM	NN
ADV	3	6	jetzo	FM	ADV
APPRART	3	7	zur	FM	APPRART
NE	3	8	Neustadt	FM	NN
APPR	3	9	an	FM	APPR
ART	3	10	der	FM	ART
NE	3	11	Orla	FM	NE
_	3	12	.	$.	$.
_	4	1	samt	APPR	APPR
_	4	2	angehängtem	ADJA	ADJA
_	4	3	Extract	NN	NN
_	4	4	/	$(	$(
ADJA	4	5	verdeutschter	NN	ADJA
ADJA	4	6	historischer	NN	ADJA
_	4	7	Beschreibung	NN	NN
PDAT	4	8	desselben	PDS	PDAT
_	4	9	Brunnens	NN	NN
_	4	10	/	$(	$(
ADV	4	11	unlängst	ADJD	ADV
_	4	12	von	APPR	APPR
NN	4	13	Medikus	NE	NN
_	5	1	Martino	NE	NE
_	5	2	Pfuntelio	NE	NE
_	5	3	,	$,	$,
_	5	4	Rectore	NN	NN
APPR	5	5	zu	PTKZU	APPR
NE	5	6	Plauen	NN	NE
APPR	5	7	in	FM	APPR
_	5	8	Latein	NN	NN
_	5	9	geschrieben	VVPP	VVPP
_	5	10	/	$(	$(
_	5	11	und	KON	KON
_	5	12	in	APPR	APPR
_	5	13	Druck	NN	NN
VVPP	5	14	verfertigt	VVFIN	VVPP
_	5	15	.	$.	$.
_	5	16	1608	CARD	CARD
_	5	17	.	$.	$.
VVPP	6	1	gedruckt	VVPP	NE
APPR	6	2	zu	PTKZU	APPR
_	6	3	Jena	NE	NE
_	6	4	/	$(	$(
_	6	5	durch	APPR	APPR
_	6	6	Johann	NE	NE
NE	6	7	Weidnern	NE	NN
_	6	8	.	$.	$.
_	7	1	den	ART	ART
ADJA	7	2	durchlauchtigen	NN	ADJA
_	7	3	/	$(	$(
ADJA	7	4	hochgeborenen	NN	ADJA
_	7	5	Fürsten	NN	NN
_	7	6	und	KON	KON
_	7	7	Herren	NN	NN
_	7	8	:	$.	$.
_	8	1	Herrn	NN	NN
_	8	2	Johann	NE	NE
NE	8	3	Philpen	NE	NN
_	8	4	/	$(	$(
_	8	5	Herrn	NN	NN
_	8	6	Friedrichen	NE	NE
_	8	7	/	$(	$(
_	8	8	Herrn	NN	NN
_	8	9	Johann	NE	NE
_	8	10	Wilhelmen	NE	NE
_	8	11	/	$(	$(
_	8	12	Gebrüdern	NN	NN
_	8	13	/	$(	$(
NN	8	14	Herzögen	NE	NN
APPR	8	15	zu	PTKZU	APPR
_	8	16	Sachsen	NE	NE
_	8	17	/	$(	$(
_	8	18	Landgrafen	NN	NN
_	8	19	in	APPR	APPR
_	8	20	Thüringen	NE	NE
_	8	21	/	$(	$(
_	8	22	Markgrafen	NN	NN
APPR	8	23	zu	PTKZU	APPR
_	8	24	Meißen	NE	NE
_	8	25	/	$(	$(
ADV	8	26	et cetera	ADV	FM
PPOSAT	9	1	meinen	VVFIN	PPOSAT
_	9	2	gnädigen	ADJA	ADJA
_	9	3	Fürsten	NN	NN
_	9	4	und	KON	KON
_	9	5	Herren	NN	NN
_	9	6	.	$.	$.
ADJA	10	1	durchleuchtige	NN	ADJA
_	10	2	/	$(	$(
ADJA	10	3	hochgeborene	NN	ADJA
_	10	4	Fürsten	NN	NN
_	10	5	/	$(	$(
PPOSAT	10	6	euren	NN	PPOSAT
ADJA	10	7	fürstlichen	NN	ADJA
_	10	8	Gnaden	NN	NN
_	10	9	sind	VAFIN	VAFIN
_	10	10	meine	PPOSAT	PPOSAT
_	10	11	untertänigen	ADJA	ADJA
_	10	12	Dienste	NN	NN
_	10	13	jederzeit	ADV	ADV
_	10	14	ganz	ADV	ADV
_	10	15	willig	ADJD	ADJD
_	10	16	zuvor	ADV	ADV
_	10	17	:	$.	$.
ADJA	11	1	gnädige	NN	ADJA
_	11	2	Fürsten	NN	NN
_	11	3	und	KON	KON
_	11	4	Herren	NN	NN
_	11	5	/	$(	$(
_	11	6	der	ART	ART
NN	11	7	Engel	NE	NN
_	11	8	Raphael	NE	NE
_	11	9	sagt	VVFIN	VVFIN
_	11	10	im	APPRART	APPRART
_	11	11	Buch	NN	NN
_	11	12	Tobias	NE	NE
_	11	13	am	APPRART	APPRART
_	11	14	12.	ADJA	ADJA
_	11	15	Kapitel	NN	NN
_	11	16	/	$(	$(
_	11	17	der	ART	ART
_	11	18	Könige	NN	NN
_	11	19	und	KON	KON
_	11	20	Fürsten	NN	NN
_	11	21	Rat	NN	NN
_	11	22	und	KON	KON
_	11	23	Heimlichkeit	NN	NN
_	11	24	soll	VMFIN	VMFIN
_	11	25	man	PIS	PIS
_	11	26	verschweigen	VVINF	VVINF
_	11	27	/	$(	$(
_	11	28	aber	KON	KON
_	11	29	Gottes	NN	NN
_	11	30	Werk	NN	NN
_	11	31	soll	VMFIN	VMFIN
_	11	32	man	PIS	PIS
_	11	33	herrlich	ADJD	ADJD
VVINF	11	34	preisen	VVFIN	VVINF
_	11	35	und	KON	KON
_	11	36	offenbaren	VVINF	VVINF
_	11	37	.	$.	$.
PRELS	12	1	welches	PWS	PWS
_	12	2	ob	KOUS	KOUS
_	12	3	es	PPER	PPER
_	12	4	wohl	ADV	ADV
_	12	5	in	APPR	APPR
_	12	6	gemein	ADJD	ADJD
_	12	7	von	APPR	APPR
_	12	8	allen	PIAT	PIAT
_	12	9	Werken	NN	NN
_	12	10	und	KON	KON
_	12	11	Wohltaten	NN	NN
_	12	12	Gottes	NN	NN
_	12	13	/	$(	$(
_	12	14	sie	PPER	PPER
VAFIN	12	15	seien	VAINF	VAFIN
_	12	16	allgemein	ADJD	ADJD
_	12	17	oder	KON	KON
_	12	18	sonderbar	ADJD	ADJD
_	12	19	/	$(	$(
_	12	20	in	APPR	APPR
_	12	21	allen	PIAT	PIAT
_	12	22	Ständen	NN	NN
_	12	23	geredet	VVPP	VVPP
_	12	24	wird	VAFIN	VAFIN
_	12	25	/	$(	$(
_	12	26	so	ADV	ADV
_	12	27	kann	VMFIN	VMFIN
_	12	28	es	PPER	PPER
_	12	29	doch	ADV	ADV
_	12	30	nicht	PTKNEG	PTKNEG
_	12	31	unbillig	ADJD	ADJD
_	12	32	auch	ADV	ADV
ADV	12	33	insonderheit	ADV	NN
_	12	34	auf	APPR	APPR
_	12	35	diese	PDAT	PDAT
_	12	36	Werke	NN	NN
_	12	37	und	KON	KON
_	12	38	Gaben	NN	NN
_	12	39	Gottes	NN	NN
_	12	40	gezogen	VVPP	VVPP
_	12	41	werden	VAINF	VAINF
_	12	42	/	$(	$(
PRELS	12	43	welche	PWAT	PRELS
APPR	12	44	zu	PTKZU	APPR
_	12	45	Erlangung	NN	NN
_	12	46	und	KON	KON
_	12	47	Erhaltung	NN	NN
_	12	48	der	ART	ART
_	12	49	Gesundheit	NN	NN
_	12	50	des	ART	ART
_	12	51	Menschen	NN	NN
_	12	52	ersprießlich	ADJD	ADJD
VAFIN	12	53	seien	VAINF	VAFIN
_	12	54	/	$(	$(
KOUS	12	55	inmassen	KOUS	NN
_	12	56	denn	KON	KON
_	12	57	der	ART	ART
NN	12	58	Engel	NE	NN
_	12	59	Raphael	NE	NE
_	12	60	eben	ADV	ADV
_	12	61	daher	PAV	PAV
_	12	62	seinen	PPOSAT	PPOSAT
_	12	63	Namen	NN	NN
_	12	64	hat	VAFIN	VAFIN
_	12	65	/	$(	$(
_	12	66	dass	KOUS	KOUS
_	12	67	er	PPER	PPER
_	12	68	ein	ART	ART
_	12	69	Arzt	NN	NN
_	12	70	Gottes	NN	NN
_	12	71	genannt	VVPP	VVPP
_	12	72	wird	VAFIN	VAFIN
_	12	73	/	$(	$(
_	12	74	auch	ADV	ADV
PDAT	12	75	solchen	PIAT	PIAT
_	12	76	seinen	PPOSAT	PPOSAT
_	12	77	Namen	NN	NN
_	12	78	in	APPR	APPR
_	12	79	der	ART	ART
_	12	80	Historie	NN	NN
_	12	81	Tobias	NE	NE
_	12	82	auf	APPR	APPR
PIAT	12	83	viele	ADV	PIAT
_	12	84	Wege	NN	NN
_	12	85	in	APPR	APPR
_	12	86	der	ART	ART
_	12	87	Tat	NN	NN
_	12	88	erwiesen	VVPP	VVPP
_	12	89	.	$.	$.
_	13	1	geht	VVFIN	VVFIN
_	13	2	demnach	PAV	PAV
ADV	13	3	allhier	ADV	ADJA
_	13	4	der	ART	ART
NN	13	5	Engel	NE	NN
_	13	6	Raphael	NE	NE
_	13	7	allen	PIAT	PIAT
_	13	8	christlichen	ADJA	ADJA
_	13	9	Ärzten	NN	NN
_	13	10	mit	APPR	APPR
_	13	11	gutem	ADJA	ADJA
_	13	12	Exempel	NN	NN
_	13	13	für	APPR	APPR
_	13	14	/	$(	$(
PDS	13	15	dieselben	PDAT	PDS
_	13	16	dadurch	PAV	PAV
_	13	17	anzumahnen	VVIZU	VVIZU
_	13	18	/	$(	$(
_	13	19	dass	KOUS	KOUS
_	13	20	sie	PPER	PPER
_	13	21	Gottes	NN	NN
_	13	22	milde	ADJA	ADJA
ADJA	13	23	reiche	VVFIN	ADJA
_	13	24	Güte	NN	NN
_	13	25	in	APPR	APPR
_	13	26	Offenbarung	NN	NN
_	13	27	und	KON	KON
_	13	28	Ausbreitung	NN	NN
_	13	29	vieler	PIAT	PIAT
_	13	30	heilsamer	ADJA	ADJA
_	13	31	/	$(	$(
_	13	32	und	KON	KON
_	13	33	zur	APPRART	APPRART
_	13	34	Gesundheit	NN	NN
_	13	35	dienlicher	ADJA	ADJA
_	13	36	Mittel	NN	NN
_	13	37	/	$(	$(
_	13	38	so	ADV	ADV
_	13	39	viel	ADV	ADV
_	13	40	immer	ADV	ADV
_	13	41	müglich	ADJD	ADJD
_	13	42	/	$(	$(
VVFIN	13	43	rühmen	VVINF	VVFIN
_	13	44	/	$(	$(
_	13	45	loben	VVFIN	VVFIN
_	13	46	und	KON	KON
_	13	47	preisen	VVFIN	VVFIN
_	13	48	.	$.	$.
_	14	1	dazu	PAV	PAV
_	14	2	auch	ADV	ADV
_	14	3	der	ART	ART
ADJA	14	4	weise	VVFIN	ADJA
NN	14	5	Man	PIS	NN
_	14	6	Jesus	NE	NE
_	14	7	Sirach	NE	NE
_	14	8	/	$(	$(
PRELS	14	9	welcher	PWAT	PWS
_	14	10	in	APPR	APPR
_	14	11	seinem	PPOSAT	PPOSAT
_	14	12	Buch	NN	NN
_	14	13	den	ART	ART
_	14	14	Arzt	NN	NN
_	14	15	und	KON	KON
_	14	16	die	ART	ART
_	14	17	Arznei	NN	NN
_	14	18	als	KOKOM	KOKOM
_	14	19	von	APPR	APPR
_	14	20	Gott	NN	NN
_	14	21	geschaffen	VVPP	VVPP
_	14	22	/	$(	$(
_	14	23	hoch	ADJD	ADJD
_	14	24	rühmt	VVFIN	VVFIN
_	14	25	/	$(	$(
_	14	26	und	KON	KON
_	14	27	ausdrücklich	ADJD	ADJD
_	14	28	anzeigt	VVFIN	VVFIN
_	14	29	/	$(	$(
_	14	30	dass	KOUS	KOUS
_	14	31	der	ART	ART
_	14	32	Herr	NN	NN
_	14	33	eben	ADV	ADV
_	14	34	darum	PAV	PAV
PDAT	14	35	solche	PIAT	PIAT
_	14	36	Kunst	NN	NN
_	14	37	den	ART	ART
_	14	38	Menschen	NN	NN
_	14	39	gegeben	VVPP	VVPP
_	14	40	habe	VAFIN	VAFIN
_	14	41	/	$(	$(
_	14	42	dass	KOUS	KOUS
_	14	43	er	PPER	PPER
_	14	44	gepriesen	VVPP	VVPP
_	14	45	würde	VAFIN	VAFIN
_	14	46	in	APPR	APPR
_	14	47	seinen	PPOSAT	PPOSAT
_	14	48	Wundertaten	NN	NN
_	14	49	/	$(	$(
_	14	50	sie	PPER	PPER
_	14	51	und	KON	KON
_	14	52	alle	PIAT	PIAT
_	14	53	Christen	NN	NN
VVFIN	14	54	vermahnt	VVFIN	VVPP
_	14	55	/	$(	$(
_	14	56	in	APPR	APPR
_	14	57	dem	ART	ART
_	14	58	er	PPER	PPER
_	14	59	sagt	VVFIN	VVFIN
_	14	60	am	APPRART	APPRART
_	14	61	drei	CARD	CARD
_	14	62	und	KON	KON
_	14	63	vierzigsten	ADJA	ADJA
_	14	64	Kapitel	NN	NN
_	15	1	lobt	VVFIN	VVFIN
_	15	2	und	KON	KON
_	15	3	preist	VVFIN	VVFIN
_	15	4	den	ART	ART
_	15	5	Herrn	NN	NN
_	15	6	/	$(	$(
_	15	7	so	ADV	ADV
_	15	8	hoch	ADJD	ADJD
PPER	15	9	ihr	PPOSAT	PPER
_	15	10	vermögt	VVFIN	VVFIN
_	15	11	/	$(	$(
_	15	12	er	PPER	PPER
_	15	13	ist	VAFIN	VAFIN
_	15	14	doch	ADV	ADV
_	15	15	noch	ADV	ADV
_	15	16	höher	ADJD	ADJD
_	15	17	/	$(	$(
VVFIN	15	18	preist	NN	VVFIN
_	15	19	ihn	PPER	PPER
_	15	20	aus	APPR	APPR
_	15	21	allen	PIAT	PIAT
_	15	22	Kräften	NN	NN
_	15	23	/	$(	$(
_	15	24	und	KON	KON
_	15	25	lasst	VVFIN	VVFIN
_	15	26	nicht	PTKNEG	PTKNEG
_	15	27	ab	PTKVZ	PTKVZ
_	15	28	/	$(	$(
_	15	29	noch	ADV	ADV
_	15	30	werdet	VAFIN	VAFIN
PPER	15	31	ihr	PPOSAT	PPER
_	15	32	es	PPER	PPER
_	15	33	nicht	PTKNEG	PTKNEG
_	15	34	erreichen	VVINF	VVINF
ADV	15	35	et cetera	ADV	FM
_	16	1	wir	PPER	PPER
VVFIN	16	2	sehen	VVINF	VVFIN
_	16	3	seiner	PPOSAT	PPOSAT
_	16	4	Werke	NN	NN
_	16	5	das	ART	ART
NN	16	6	Wenigste	ADJA	NN
_	16	7	/	$(	$(
_	16	8	denn	KON	KON
_	16	9	viel	ADV	ADV
_	16	10	größere	ADJA	ADJA
_	16	11	sind	VAFIN	VAFIN
_	16	12	uns	PPER	PPER
_	16	13	noch	ADV	ADV
_	16	14	verborgen	VVPP	VVPP
_	16	15	.	$.	$.
KOUS	17	1	wann	PWAV	PWAV
_	17	2	dann	ADV	ADV
_	17	3	unter	APPR	APPR
PDAT	17	4	solchen	PIAT	PIAT
_	17	5	heilsamen	ADJA	ADJA
_	17	6	/	$(	$(
_	17	7	und	KON	KON
_	17	8	zur	APPRART	APPRART
_	17	9	Gesundheit	NN	NN
_	17	10	dienlichen	ADJA	ADJA
_	17	11	Werken	NN	NN
_	17	12	und	KON	KON
_	17	13	Geschöpfen	NN	NN
_	17	14	Gottes	NN	NN
_	17	15	nicht	PTKNEG	PTKNEG
_	17	16	die	ART	ART
PIS	17	17	wenigsten	PIAT	PIS
_	17	18	sind	VAFIN	VAFIN
_	17	19	die	ART	ART
ADJA	17	20	warmen	NN	ADJA
_	17	21	Bäder	NN	NN
_	17	22	/	$(	$(
TRUNC	17	23	Sauer	NN	NE
_	17	24	und	KON	KON
PIAT	17	25	andere	ADJA	PIS
_	17	26	Brunnen	NN	NN
_	17	27	/	$(	$(
PRELS	17	28	welche	PWAT	PRELS
_	17	29	allerlei	PIAT	PIAT
_	17	30	Mineralien	NN	NN
_	17	31	und	KON	KON
_	17	32	Bergarten	NN	NN
_	17	33	/	$(	$(
_	17	34	so	ADV	ADV
_	17	35	sie	PPER	PPER
_	17	36	führen	VVINF	VVINF
_	17	37	/	$(	$(
_	17	38	und	KON	KON
_	17	39	damit	PAV	PAV
ADJD	17	40	vermengt	VVFIN	VVPP
VAFIN	17	41	seien	VAINF	VAFIN
_	17	42	/	$(	$(
_	17	43	Kraft	NN	NN
_	17	44	und	KON	KON
_	17	45	Wirkung	NN	NN
_	17	46	an	APPR	APPR
_	17	47	sich	PRF	PRF
_	17	48	haben	VAFIN	VAFIN
_	17	49	/	$(	$(
_	17	50	ist	VAFIN	VAFIN
_	17	51	es	PPER	PPER
_	17	52	billig	ADJD	ADJD
_	17	53	und	KON	KON
_	17	54	christlich	ADJD	ADJD
_	17	55	/	$(	$(
_	17	56	dass	KOUS	KOUS
_	17	57	alle	PIAT	PIAT
ADJA	17	58	gottfürchtigen	NE	ADJA
_	17	59	Ärzte	NN	NN
_	17	60	Gott	NN	NN
_	17	61	dem	ART	ART
_	17	62	Schöpfer	NN	NN
APPR	17	63	zu	PTKZU	APPR
_	17	64	Ehren	NN	NN
PDS	17	65	denselben	PDAT	PDS
_	17	66	nachdenken	VVINF	VVINF
_	17	67	/	$(	$(
_	17	68	fleißig	ADJD	ADJD
_	17	69	erforschen	VVINF	VVINF
_	17	70	und	KON	KON
VVFIN	17	71	dartun	VVINF	VVFIN
_	17	72	/	$(	$(
_	17	73	was	PWS	PWS
_	17	74	sie	PPER	PPER
_	17	75	für	APPR	APPR
_	17	76	Art	NN	NN
_	17	77	und	KON	KON
_	17	78	Eigenschaft	NN	NN
_	17	79	an	APPR	APPR
_	17	80	sich	PRF	PRF
_	17	81	haben	VAFIN	VAFIN
_	17	82	/	$(	$(
_	17	83	wozu	PWAV	PWAV
_	17	84	sie	PPER	PPER
_	17	85	dienen	VVINF	VVINF
_	17	86	/	$(	$(
_	17	87	woher	PWAV	PWAV
_	17	88	sie	PPER	PPER
_	17	89	ihre	PPOSAT	PPOSAT
_	17	90	Kraft	NN	NN
_	17	91	haben	VAFIN	VAFIN
_	17	92	/	$(	$(
_	17	93	und	KON	KON
PWAT	17	94	welcher	PWAT	PWS
_	17	95	Gestalt	NN	NN
_	17	96	sie	PPER	PPER
_	17	97	fruchtbarlich	ADJD	ADJD
_	17	98	zu	PTKZU	PTKZU
_	17	99	gebrauchen	VVINF	VVINF
_	17	100	.	$.	$.
_	18	1	und	KON	KON
ADV	18	2	dieweil	KOUS	ADV
_	18	3	dieses	PDAT	PDAT
_	18	4	Jahr	NN	NN
_	18	5	ein	ART	ART
PDAT	18	6	solcher	PIAT	PIAT
_	18	7	heilsamer	ADJA	ADJA
_	18	8	Brunnen	NN	NN
_	18	9	im	APPRART	APPRART
_	18	10	Lande	NN	NN
APPR	18	11	zu	PTKZU	APPR
_	18	12	Meißen	NE	NE
_	18	13	/	$(	$(
PRELS	18	14	dessen	PDS	PRELAT
_	18	15	man	PIS	PIS
_	18	16	eine	ART	ART
_	18	17	Zeit	NN	NN
_	18	18	her	APZR	APZR
_	18	19	nicht	PTKNEG	PTKNEG
_	18	20	geachtet	VVPP	VVPP
_	18	21	/	$(	$(
_	18	22	wiederum	ADV	ADV
_	18	23	in	APPR	APPR
_	18	24	Beruf	NN	NN
VVINF	18	25	kommen	VVFIN	VVINF
_	18	26	/	$(	$(
_	18	27	habe	VAFIN	VAFIN
_	18	28	ich	PPER	PPER
_	18	29	zwar	ADV	ADV
_	18	30	bald	ADV	ADV
_	18	31	anfänglich	ADJD	ADJD
_	18	32	dem	ART	ART
PDAT	18	33	selben	ADJA	PDAT
_	18	34	nachgeforscht	VVPP	VVPP
_	18	35	/	$(	$(
_	18	36	seinen	PPOSAT	PPOSAT
_	18	37	Halt	NN	NN
_	18	38	und	KON	KON
_	18	39	Mineram	NN	NN
_	18	40	/	$(	$(
_	18	41	so	ADV	ADV
_	18	42	viel	ADV	ADV
_	18	43	abwesend	ADJD	ADJD
VVPP	18	44	geschehen	VVPP	VVINF
VMINF	18	45	können	VMFIN	VMINF
_	18	46	/	$(	$(
_	18	47	probiert	VVFIN	VVFIN
_	18	48	/	$(	$(
KON	18	49	aber	KON	ADV
_	18	50	lange	ADV	ADV
_	18	51	Zeit	NN	NN
_	18	52	in	APPR	APPR
_	18	53	Hoffnung	NN	NN
_	18	54	gestanden	VVPP	VVPP
_	18	55	/	$(	$(
_	18	56	es	PPER	PPER
_	18	57	würde	VAFIN	VAFIN
_	18	58	jemand	PIS	PIS
PIS	18	59	anderes	ADV	PIS
_	18	60	/	$(	$(
PWS	18	61	welcher	PWAT	PWS
PIAT	18	62	mehr	ADV	PIAT
_	18	63	Berufs	NN	NN
_	18	64	und	KON	KON
_	18	65	Ansehens	NN	NN
_	18	66	hätte	VAFIN	VAFIN
_	18	67	/	$(	$(
_	18	68	sich	PRF	PRF
_	18	69	der	ART	ART
_	18	70	Sache	NN	NN
_	18	71	unterwinden	VVINF	VVINF
_	18	72	/	$(	$(
_	18	73	und	KON	KON
_	18	74	in	APPR	APPR
_	18	75	offenem	ADJA	ADJA
_	18	76	Druck	NN	NN
_	18	77	seine	PPOSAT	PPOSAT
_	18	78	Natur	NN	NN
_	18	79	/	$(	$(
_	18	80	Kraft	NN	NN
_	18	81	/	$(	$(
_	18	82	Wirkung	NN	NN
_	18	83	und	KON	KON
_	18	84	Gebrauch	NN	NN
_	18	85	/	$(	$(
_	18	86	menniglichen	ADJA	ADJA
APPR	18	87	zu	PTKZU	APPR
NN	18	88	gute	ADJD	ADJA
_	18	89	an	APPR	APPR
_	18	90	Tag	NN	NN
_	18	91	geben	VVINF	VVINF
_	18	92	.	$.	$.
_	19	1	weil	KOUS	KOUS
_	19	2	ich	PPER	PPER
_	19	3	aber	ADV	ADV
APPR	19	4	bis	VVFIN	APPR
_	19	5	daher	PAV	PAV
_	19	6	vergeblich	ADJD	ADJD
_	19	7	gehofft	VVPP	VVPP
_	19	8	/	$(	$(
_	19	9	und	KON	KON
_	19	10	gleichwohl	ADV	ADV
_	19	11	von	APPR	APPR
_	19	12	vielen	PIAT	PIAT
_	19	13	gutherzigen	ADJA	ADJA
_	19	14	Leuten	NN	NN
_	19	15	/	$(	$(
_	19	16	was	PWS	PWS
_	19	17	ich	PPER	PPER
_	19	18	davon	PAV	PAV
_	19	19	hielte	VVFIN	VVFIN
_	19	20	/	$(	$(
_	19	21	oft	ADV	ADV
_	19	22	und	KON	KON
_	19	23	vielmals	ADV	ADV
VVPP	19	24	ersucht	VVFIN	VVPP
_	19	25	und	KON	KON
VVPP	19	26	angelangt	VVFIN	VVPP
_	19	27	worden	VAPP	VAPP
_	19	28	/	$(	$(
VAFIN	19	29	habe	NN	VAFIN
_	19	30	ich	PPER	PPER
PRF	19	31	mich	PPER	PRF
_	19	32	endlich	ADV	ADV
_	19	33	aus	APPR	APPR
_	19	34	Ursachen	NN	NN
_	19	35	/	$(	$(
_	19	36	so	ADV	ADV
_	19	37	ich	PPER	PPER
_	19	38	im	APPRART	APPRART
_	19	39	Eingange	NN	NN
_	19	40	dieses	PDAT	PDAT
_	19	41	Traktätleins	NN	NN
_	19	42	erzähle	VVFIN	VVFIN
_	19	43	/	$(	$(
PDAT	19	44	solches	PIAT	PIAT
_	19	45	Werks	NN	NN
NN	19	46	unterfangen	NN	VVINF
_	19	47	/	$(	$(
_	19	48	und	KON	KON
_	19	49	meine	PPOSAT	PPOSAT
_	19	50	Meinung	NN	NN
_	19	51	hiervon	PAV	PAV
_	19	52	in	APPR	APPR
_	19	53	diesem	PDAT	PDAT
_	19	54	Traktätlein	NN	NN
_	19	55	kurz	ADJD	ADJD
_	19	56	begriffen	VVPP	VVPP
_	19	57	.	$.	$.
PRELS	20	1	welches	PWS	PWS
PPOSAT	20	2	euren	NN	PPOSAT
ADJA	20	3	fürstlichen	NE	ADJA
_	21	1	Gnaden	NN	NN
APPR	21	2	um	APPR	PTKVZ
ADV	21	3	desto	ADV	KON
ADJA	21	4	mehrers	PIAT	ADJA
_	21	5	Ansehens	NN	NN
APPO	21	6	Willen	NN	APPO
_	21	7	/	$(	$(
_	21	8	ich	PPER	PPER
_	21	9	in	APPR	APPR
_	21	10	Untertänigkeit	NN	NN
_	21	11	hiermit	PAV	PAV
_	21	12	dediziere	VVFIN	VVFIN
_	21	13	und	KON	KON
_	21	14	zuschreibe	VVFIN	VVFIN
_	21	15	/	$(	$(
ADJD	21	16	untertänig	ADJD	ADJD
ADJD	21	17	bittend	ADJA	ADJD
_	21	18	/	$(	$(
PDAT	21	19	solch	PIAT	PIAT
ADJA	21	20	geringfügiges	ADJD	ADJA
_	21	21	Werk	NN	NN
_	21	22	in	APPR	APPR
_	21	23	Gnaden	NN	NN
_	21	24	von	APPR	APPR
_	21	25	mir	PPER	PPER
TRUNC	21	26	auf-	APPR	TRUNC
_	21	27	und	KON	KON
_	21	28	anzunehmen	VVIZU	VVIZU
_	21	29	/	$(	$(
_	21	30	und	KON	KON
_	21	31	meine	PPOSAT	PPOSAT
_	21	32	gnädige	ADJA	ADJA
_	21	33	Fürsten	NN	NN
_	21	34	und	KON	KON
_	21	35	Herren	NN	NN
_	21	36	zu	PTKZU	PTKZU
_	21	37	sein	VAINF	VAINF
_	21	38	und	KON	KON
_	21	39	zu	PTKZU	PTKZU
_	21	40	bleiben	VVINF	VVINF
_	21	41	.	$.	$.
PDS	22	1	das	ART	PDS
_	22	2	bin	VAFIN	VAFIN
_	22	3	um	APPR	APPR
PPOSAT	22	4	eure	NN	PPOSAT
ADJA	22	5	fürstliche	NE	ADJA
_	22	6	Gnaden	NN	NN
_	22	7	ich	PPER	PPER
_	22	8	mit	APPR	APPR
_	22	9	meinem	PPOSAT	PPOSAT
_	22	10	andächtigem	ADJA	ADJA
_	22	11	Gebet	NN	NN
_	22	12	um	APPR	APPR
PDAT	22	13	dero	PRELAT	PIS
_	22	14	beständige	ADJA	ADJA
_	22	15	Gesundheit	NN	NN
_	22	16	/	$(	$(
_	22	17	langes	ADJA	ADJA
_	22	18	Leben	NN	NN
_	22	19	/	$(	$(
_	22	20	und	KON	KON
_	22	21	alle	PIAT	PIAT
ADJA	22	22	gedeihliche	NE	ADJA
_	22	23	Wohlfahrt	NN	NN
_	22	24	/	$(	$(
APPR	22	25	beneben	APPR	VVFIN
PPOSAT	22	26	meinen	VVFIN	PPOSAT
_	22	27	untertänigen	ADJA	ADJA
_	22	28	/	$(	$(
_	22	29	wiewohl	KOUS	KOUS
_	22	30	geringen	ADJA	ADJA
_	22	31	Diensten	NN	NN
_	22	32	zu	PTKZU	PTKZU
VVINF	22	33	verdienen	VVFIN	VVINF
_	22	34	/	$(	$(
_	22	35	in	APPR	APPR
_	22	36	Untertänigkeit	NN	NN
_	22	37	ganz	ADV	ADV
_	22	38	willig	ADJD	ADJD
_	22	39	.	$.	$.
_	23	1	Datum	NN	NN
_	23	2	zur	APPRART	APPRART
_	23	3	Neustadt	NN	NN
_	23	4	an	APPR	APPR
_	23	5	der	ART	ART
_	23	6	Orla	NE	NE
_	23	7	/	$(	$(
_	23	8	am	APPRART	APPRART
_	23	9	Tage	NN	NN
_	23	10	Michaelis	NE	NE
_	23	11	/	$(	$(
CARD	23	12	1608	CARD	ADJA
_	23	13	.	$.	$.
_	23	14	eurer	PPOSAT	PPOSAT
ADJA	23	15	fürstlichen	NN	ADJA
_	23	16	Gnaden	NN	NN
ADJA	23	17	untertäniger	NN	ADJA
_	23	18	M.	NE	NE
_	23	19	Johannes	NE	NE
_	23	20	Philippus	NE	NE
_	23	21	Brendel	NE	NE
_	23	22	/	$(	$(
_	23	23	jetzt	ADV	ADV
_	23	24	Medikus	NN	NN
ADV	23	25	daselbst	PAV	ADV
_	23	26	.	$.	$.
_	23	27	so	ADV	ADV
_	23	28	weit	ADJD	ADJD
_	23	29	und	KON	KON
_	23	30	breit	ADJD	ADJD
_	23	31	nicht	PTKNEG	PTKNEG
_	23	32	allein	ADV	ADV
_	23	33	in	APPR	APPR
_	23	34	dieser	PDAT	PDAT
_	23	35	Gegend	NN	NN
_	23	36	/	$(	$(
_	23	37	sondern	KON	KON
_	23	38	auch	ADV	ADV
_	23	39	fast	ADV	ADV
_	23	40	im	APPRART	APPRART
_	23	41	ganzen	ADJA	ADJA
NN	23	42	Deutschen	ADJA	NN
_	23	43	/	$(	$(
_	23	44	auch	ADV	ADV
_	23	45	wohl	ADV	ADV
PIAT	23	46	anderen	ADJA	PIS
_	23	47	Ländern	NN	NN
_	23	48	der	ART	ART
_	23	49	neuerfundene	ADJA	ADJA
_	23	50	/	$(	$(
_	23	51	oder	KON	KON
_	23	52	jetzo	ADV	ADV
_	23	53	aufs	APPRART	APPRART
NN	23	54	Neue	ADJD	ADJA
_	23	55	ausgeschriene	ADJA	ADJA
_	23	56	und	KON	KON
_	23	57	berühmte	ADJA	ADJA
_	23	58	Brunnen	NN	NN
_	23	59	in	APPR	APPR
_	23	60	Meißen	NE	NE
_	23	61	/	$(	$(
_	23	62	bei	APPR	APPR
_	23	63	der	ART	ART
_	23	64	Zwönitz	NN	NN
_	23	65	gelegen	VVPP	VVPP
_	23	66	/	$(	$(
_	23	67	bekannt	ADJD	ADJD
_	23	68	ist	VAFIN	VAFIN
_	23	69	/	$(	$(
_	23	70	so	ADV	ADV
_	23	71	sehr	ADV	ADV
_	23	72	wundert	VVFIN	VVFIN
_	23	73	mich	PPER	PPER
_	23	74	/	$(	$(
KOUS	23	75	das	ART	PRELS
_	23	76	sich	PRF	PRF
_	23	77	noch	ADV	ADV
_	23	78	zur	APPRART	APPRART
_	23	79	Zeit	NN	NN
_	23	80	niemand	PIS	PIS
_	23	81	/	$(	$(
PRELS	23	82	welcher	PWAT	PWS
_	23	83	von	APPR	APPR
_	23	84	seiner	PPOSAT	PPOSAT
_	23	85	Natur	NN	NN
_	23	86	und	KON	KON
_	23	87	Gebrauch	NN	NN
PIAT	23	88	etwas	PIS	PIAT
NN	23	89	Gründliches	ADJA	NN
_	23	90	in	APPR	APPR
_	23	91	Druck	NN	NN
VVFIN	23	92	verfertigt	VVFIN	VVPP
_	23	93	/	$(	$(
VVPP	23	94	gefunden	VVFIN	VVPP
_	23	95	.	$.	$.
_	24	1	zwar	ADV	ADV
_	24	2	ich	PPER	PPER
_	24	3	muss	VMFIN	VMFIN
_	24	4	selber	ADV	ADV
VVINF	24	5	bekennen	VVFIN	VVINF
_	24	6	/	$(	$(
_	24	7	dass	KOUS	KOUS
_	24	8	ich	PPER	PPER
_	24	9	viel	ADV	ADV
ADV	24	10	lieber	ADV	ADJD
_	24	11	einen	ART	ART
PIS	24	12	anderen	ADJA	PIS
_	24	13	/	$(	$(
PRELS	24	14	welcher	PWAT	PWS
_	24	15	davon	PAV	PAV
_	24	16	seine	PPOSAT	PPOSAT
_	24	17	Meinung	NN	NN
_	24	18	an	APPR	APPR
_	24	19	Tag	NN	NN
_	24	20	gegeben	VVPP	VVPP
_	24	21	hätte	VAFIN	VAFIN
_	24	22	/	$(	$(
_	24	23	lesen	VVINF	VVINF
_	24	24	wollte	VMFIN	VMFIN
_	24	25	/	$(	$(
_	24	26	als	KOKOM	KOKOM
_	24	27	dass	KOUS	KOUS
_	24	28	ich	PPER	PPER
_	24	29	hiervon	PAV	PAV
PIS	24	30	etwas	PIS	ADV
_	24	31	schreiben	VVINF	VVINF
_	24	32	und	KON	KON
_	24	33	in	APPR	APPR
_	24	34	Druck	NN	NN
_	24	35	gehen	VVINF	VVINF
_	24	36	lassen	VVINF	VVINF
_	24	37	soll	VMFIN	VMFIN
_	24	38	/	$(	$(
_	24	39	besonders	ADV	ADV
_	24	40	jetziger	ADJA	ADJA
_	24	41	Zeit	NN	NN
_	24	42	Gelegenheit	NN	NN
PTKVZ	24	43	nach	APPR	PTKVZ
_	24	44	/	$(	$(
KOUS	24	45	da	ADV	KOUS
_	24	46	man	PIS	PIS
PIAT	24	47	wenige	PIS	PIAT
_	24	48	Leute	NN	NN
_	24	49	findet	VVFIN	VVFIN
_	24	50	/	$(	$(
PRELS	24	51	die	ART	PRELS
_	24	52	eines	ART	ART
PIAT	24	53	anderen	ADJA	PIAT
_	24	54	Arbeit	NN	NN
_	24	55	in	APPR	APPR
NN	24	56	Gutem	ADJA	NN
_	24	57	/	$(	$(
KOKOM	24	58	wie	KOKOM	KOUS
_	24	59	sie	PPER	PPER
_	24	60	gemeint	VVPP	VVPP
_	24	61	aufnehmen	VVINF	VVINF
_	24	62	/	$(	$(
_	24	63	hergegen	ADV	ADV
_	24	64	aber	ADV	ADV
_	24	65	so	ADV	ADV
PIAT	24	66	viele	ADV	PIAT
_	24	67	Schmeißhummeln	NN	NN
_	24	68	und	KON	KON
_	24	69	Momi	NN	NN
ADV	24	70	haufenweise	ADV	ADJD
_	24	71	/	$(	$(
KOKOM	24	72	wie	KOKOM	KOUS
_	24	73	die	ART	ART
_	24	74	Staren	NN	NN
_	24	75	/	$(	$(
_	24	76	sich	PRF	PRF
_	24	77	finden	VVINF	VVINF
_	24	78	/	$(	$(
PRELS	24	79	welche	PWAT	PRELS
_	24	80	/	$(	$(
_	24	81	wenn	KOUS	KOUS
_	24	82	sie	PPER	PPER
ADV	24	83	gleich	ADV	ADJD
_	24	84	für	APPR	APPR
_	24	85	sich	PRF	PRF
_	24	86	selbst	ADV	ADV
PIAT	24	87	nichts	PIS	PIAT
_	24	88	Gutes	NN	NN
_	24	89	tun	VVINF	VVINF
_	24	90	/	$(	$(
KON	24	91	doch	ADV	KON
_	24	92	alles	PIS	PIS
_	24	93	/	$(	$(
PRELS	24	94	was	PWS	PRELS
_	24	95	ihnen	PPER	PPER
_	24	96	unter	APPR	APPR
_	24	97	ihre	PPOSAT	PPOSAT
_	24	98	Krallen	NN	NN
_	24	99	kommt	VVFIN	VVFIN
_	24	100	/	$(	$(
_	24	101	es	PPER	PPER
_	24	102	sei	VAFIN	VAFIN
_	24	103	so	ADV	ADV
_	24	104	gut	ADJD	ADJD
_	24	105	oder	KON	KON
_	24	106	doch	ADV	ADV
_	24	107	wohlgemeint	ADJD	ADJD
_	24	108	es	PPER	PPER
_	24	109	immer	ADV	ADV
_	24	110	wolle	VMFIN	VMFIN
_	24	111	/	$(	$(
_	24	112	tadeln	VVINF	VVINF
_	24	113	und	KON	KON
_	24	114	vernichten	VVINF	VVINF
_	24	115	.	$.	$.
_	25	1	dessen	PDS	PDS
_	25	2	aber	ADV	ADV
APPO	25	3	ungeachtet	APPR	APPO
_	25	4	/	$(	$(
ADV	25	5	dieweil	KOUS	ADV
_	25	6	gleichwohl	ADV	ADV
_	25	7	allerlei	PIAT	PIAT
_	25	8	Ungelegenheiten	NN	NN
_	25	9	aus	APPR	APPR
_	25	10	Mangel	NN	NN
_	25	11	eines	ART	ART
_	25	12	gründlichen	ADJA	ADJA
_	25	13	Berichts	NN	NN
_	25	14	von	APPR	APPR
_	25	15	dieses	PDAT	PDAT
_	25	16	Brunnens	NN	NN
_	25	17	Natur	NN	NN
_	25	18	/	$(	$(
_	25	19	Wirkung	NN	NN
_	25	20	und	KON	KON
_	25	21	nützlichem	ADJA	ADJA
_	25	22	Brauch	NN	NN
_	25	23	entstehen	VVINF	VVINF
_	25	24	/	$(	$(
_	25	25	in	APPR	APPR
_	25	26	dem	ART	ART
_	25	27	der	ART	ART
_	25	28	gemeine	ADJA	ADJA
NN	25	29	Mann	PIS	NN
_	25	30	eine	ART	ART
FM	25	31	Panacaeam	NE	NN
_	25	32	daraus	PAV	PAV
_	25	33	machen	VVINF	VVINF
_	25	34	/	$(	$(
_	25	35	und	KON	KON
_	25	36	dafür	PAV	PAV
_	25	37	halten	VVINF	VVINF
_	25	38	will	VMFIN	VMFIN
_	25	39	/	$(	$(
_	25	40	dass	KOUS	KOUS
_	25	41	er	PPER	PPER
_	25	42	alle	PIAT	PIAT
_	25	43	Krankheiten	NN	NN
VVFIN	25	44	heile	ADJA	VVFIN
_	25	45	/	$(	$(
_	25	46	welches	PWS	PWS
_	25	47	/	$(	$(
_	25	48	dieweil	KOUS	KOUS
_	25	49	es	PPER	PPER
_	25	50	nicht	PTKNEG	PTKNEG
_	25	51	geschieht	VVFIN	VVFIN
_	25	52	/	$(	$(
_	25	53	nicht	PTKNEG	PTKNEG
_	25	54	allein	ADV	ADV
_	25	55	die	ART	ART
_	25	56	Zehrung	NN	NN
_	25	57	oder	KON	KON
_	25	58	Fuhrlohn	NN	NN
_	25	59	umsonst	ADV	ADV
_	25	60	angewendet	VVPP	VVPP
_	25	61	/	$(	$(
PRELS	25	62	welches	PRELS	PWS
_	25	63	noch	ADV	ADV
_	25	64	zu	PTKZU	PTKZU
VVPP	25	65	vergessen	VVPP	VVINF
_	25	66	wäre	VAFIN	VAFIN
_	25	67	/	$(	$(
_	25	68	sondern	KON	KON
_	25	69	auch	ADV	ADV
PIAT	25	70	viele	ADV	PIAT
_	25	71	Leute	NN	NN
_	25	72	sich	PRF	PRF
_	25	73	damit	PAV	PAV
VVFIN	25	74	verderben	VVFIN	VVINF
_	25	75	/	$(	$(
KOUS	25	76	wie	KOKOM	KOUS
_	25	77	ich	PPER	PPER
_	25	78	selbst	ADV	ADV
_	25	79	weiß	VVFIN	VVFIN
_	25	80	/	$(	$(
_	25	81	dass	KOUS	KOUS
PIS	25	82	etliche	PIAT	PIS
_	25	83	/	$(	$(
_	25	84	so	ADV	ADV
_	25	85	diesen	PDAT	PDAT
_	25	86	Brunnen	NN	NN
_	25	87	gebraucht	VVPP	VVPP
_	25	88	/	$(	$(
_	25	89	Hauptwehtage	NN	NN
_	25	90	/	$(	$(
_	25	91	Reißen	NN	NN
_	25	92	in	APPR	APPR
_	25	93	Gliedern	NN	NN
_	25	94	/	$(	$(
NN	25	95	Convulsiones	NE	NN
_	25	96	und	KON	KON
PIAT	25	97	andere	ADJA	PIS
_	25	98	Beschwerung	NN	NN
_	25	99	davon	PAV	PAV
_	25	100	erregt	VVPP	VVPP
_	25	101	/	$(	$(
_	25	102	und	KON	KON
PAV	25	103	derowegen	ADV	ADJA
_	25	104	Arznei	NN	NN
VVINF	25	105	brauchen	VVFIN	VVINF
VMFIN	25	106	müssen	VMFIN	VMINF
_	25	107	.	$.	$.
_	26	1	dadurch	PAV	PAV
KON	26	2	denn	KON	ADV
ADV	26	3	ferner	ADV	ADJA
_	26	4	Ursache	NN	NN
_	26	5	und	KON	KON
_	26	6	Anlass	NN	NN
VVPP	26	7	gegeben	VVINF	VVPP
_	26	8	wird	VAFIN	VAFIN
_	26	9	/	$(	$(
KOUS	26	10	das	ART	PRELS
_	26	11	dieser	PDAT	PDAT
_	26	12	Brunnen	NN	NN
_	26	13	/	$(	$(
PRELS	26	14	welcher	PWAT	PWS
_	26	15	in	APPR	APPR
_	26	16	gewissen	ADJA	ADJA
_	26	17	Krankheiten	NN	NN
_	26	18	/	$(	$(
_	26	19	und	KON	KON
_	26	20	auf	APPR	APPR
_	26	21	gewisse	ADJA	ADJA
_	26	22	Maß	NN	NN
_	26	23	und	KON	KON
_	26	24	Weise	NN	NN
_	26	25	gebraucht	VVPP	VVPP
_	26	26	/	$(	$(
_	26	27	eine	ART	ART
_	26	28	sonderliche	ADJA	ADJA
_	26	29	Gabe	NN	NN
_	26	30	/	$(	$(
_	26	31	Werk	NN	NN
_	26	32	und	KON	KON
_	26	33	Geschöpf	NN	NN
_	26	34	Gottes	NN	NN
_	26	35	ist	VAFIN	VAFIN
_	26	36	/	$(	$(
_	26	37	von	APPR	APPR
PIS	26	38	vielen	PIAT	PIS
_	26	39	vernichtet	VVPP	VVPP
_	26	40	/	$(	$(
_	26	41	ja	ADV	ADV
_	26	42	wohl	ADV	ADV
_	26	43	für	APPR	APPR
_	26	44	schädlich	ADJD	ADJD
_	26	45	und	KON	KON
_	26	46	giftig	ADJD	ADJD
_	26	47	ausgeschrien	VVPP	VVPP
_	26	48	wird	VAFIN	VAFIN
_	26	49	.	$.	$.
_	27	1	zu	APPR	APPR
_	27	2	dem	ART	ART
_	27	3	auch	ADV	ADV
_	27	4	allen	PIAT	PIAT
NN	27	5	Medizis	NE	NN
_	27	6	,	$,	$,
_	27	7	ja	ADV	ADV
_	27	8	allen	PIAT	PIAT
NN	27	9	Physicis	NE	NN
_	27	10	oder	KON	KON
_	27	11	Naturkündigern	NN	NN
_	27	12	obliegen	VVINF	VVINF
_	27	13	und	KON	KON
_	27	14	gebühren	VVINF	VVINF
_	27	15	will	VMFIN	VMFIN
_	27	16	/	$(	$(
PAV	27	17	darob	PAV	ADV
_	27	18	zu	PTKZU	PTKZU
_	27	19	sein	VAINF	VAINF
_	27	20	/	$(	$(
_	27	21	dass	KOUS	KOUS
_	27	22	dieses	PDAT	PDAT
_	27	23	so	ADV	ADV
_	27	24	weit	ADJD	ADJD
_	27	25	und	KON	KON
_	27	26	hochberühmten	ADJA	ADJA
_	27	27	Brunnens	NN	NN
_	27	28	Art	NN	NN
_	27	29	und	KON	KON
_	27	30	Eigenschaft	NN	NN
_	27	31	nicht	PTKNEG	PTKNEG
_	27	32	verborgen	VVPP	VVPP
_	27	33	bleibe	VVFIN	VVFIN
_	27	34	/	$(	$(
_	27	35	sondern	KON	KON
VVPP	27	36	erkundigt	VVFIN	VVPP
_	27	37	/	$(	$(
_	27	38	und	KON	KON
_	27	39	/	$(	$(
_	27	40	wie	KOKOM	KOKOM
_	27	41	männiglich	ADJD	ADJD
_	27	42	wünscht	VVFIN	VVFIN
_	27	43	/	$(	$(
_	27	44	hofft	VVFIN	VVFIN
_	27	45	/	$(	$(
_	27	46	und	KON	KON
_	27	47	mit	APPR	APPR
_	27	48	Verlangen	NN	NN
_	27	49	danach	PAV	PAV
_	27	50	wartet	VVFIN	VVFIN
_	27	51	/	$(	$(
_	27	52	ans	APPRART	APPRART
_	27	53	Licht	NN	NN
VVPP	27	54	gebracht	VVFIN	VVPP
_	27	55	werde	VAFIN	VAFIN
_	27	56	:	$.	$.
_	28	1	als	KOKOM	KOKOM
_	28	2	habe	VAFIN	VAFIN
_	28	3	ich	PPER	PPER
_	28	4	/	$(	$(
_	28	5	sonderlich	ADJD	ADJD
_	28	6	auf	APPR	APPR
_	28	7	vieler	PIAT	PIAT
_	28	8	vornehmer	ADJA	ADJA
_	28	9	und	KON	KON
_	28	10	gutherziger	ADJA	ADJA
_	28	11	Leute	NN	NN
NN	28	12	Anhalten	VVINF	NN
_	28	13	/	$(	$(
ADV	28	14	kürzlich	ADV	ADJD
_	28	15	hiervon	PAV	PAV
_	28	16	meine	PPOSAT	PPOSAT
_	28	17	Meinung	NN	NN
_	28	18	/	$(	$(
_	28	19	so	ADV	ADV
_	28	20	gut	ADJD	ADJD
_	28	21	mir	PPER	PPER
_	28	22	es	PPER	PPER
_	28	23	unser	PPOSAT	PPOSAT
_	28	24	Herr	NN	NN
_	28	25	Gott	NN	NN
VVFIN	28	26	beschert	VVPP	VVFIN
_	28	27	/	$(	$(
_	28	28	niemands	PIS	PIS
_	28	29	vorgegriffen	VVPP	VVPP
_	28	30	/	$(	$(
_	28	31	öffentlich	ADJD	ADJD
_	28	32	dartun	VVINF	VVINF
_	28	33	wollen	VMFIN	VMFIN
_	28	34	.	$.	$.
_	29	1	welches	PWS	PWS
_	29	2	der	ART	ART
_	29	3	gutherzige	ADJA	ADJA
_	29	4	Leser	NN	NN
_	29	5	im	APPRART	APPRART
NN	29	6	Besten	ADJA	NN
_	29	7	vormerken	VVINF	VVINF
_	29	8	/	$(	$(
_	29	9	und	KON	KON
KOUS	29	10	da	ADV	KOUS
_	29	11	ich	PPER	PPER
_	29	12	verhoffentlich	ADJD	ADJD
_	29	13	den	ART	ART
_	29	14	Zweck	NN	NN
_	29	15	getroffen	VVPP	VVPP
_	29	16	/	$(	$(
_	29	17	ihm	PPER	PPER
_	29	18	meine	PPOSAT	PPOSAT
_	29	19	gutherzige	ADJA	ADJA
_	29	20	Wohlmeinung	NN	NN
_	29	21	gefallen	VVPP	VVPP
_	29	22	lassen	VVINF	VVINF
_	29	23	/	$(	$(
KOUS	29	24	da	ADV	KOUS
_	29	25	er	PPER	PPER
_	29	26	aber	ADV	ADV
_	29	27	einer	ART	ART
PIAT	29	28	anderen	ADJA	PIAT
_	29	29	Meinung	NN	NN
_	29	30	/	$(	$(
PRELS	29	31	welche	PWAT	PRELS
ADV	29	32	bas	NN	NE
_	29	33	gegründet	VVPP	VVPP
_	29	34	/	$(	$(
PDS	29	35	dieselbige	PDAT	ADJA
_	29	36	gemeines	ADJA	ADJA
_	29	37	Nutzens	NN	NN
APPO	29	38	halben	ADJA	APPO
_	29	39	nicht	PTKNEG	PTKNEG
_	29	40	verhehlen	VVINF	VVINF
_	29	41	wolle	VMFIN	VMFIN
_	29	42	.	$.	$.
_	30	1	soll	VMFIN	VMFIN
_	30	2	als	KOKOM	KOKOM
_	30	3	dann	ADV	ADV
_	30	4	mir	PPER	PPER
_	30	5	genug	ADV	ADV
_	30	6	sein	VAINF	VAINF
_	30	7	/	$(	$(
_	30	8	dass	KOUS	KOUS
_	30	9	/	$(	$(
_	30	10	wo	PWAV	PWAV
_	30	11	ich	PPER	PPER
_	30	12	durch	APPR	APPR
_	30	13	diese	PDAT	PDAT
_	30	14	meine	PPOSAT	PPOSAT
_	30	15	/	$(	$(
_	30	16	wiewohl	KOUS	KOUS
_	30	17	geringschätzige	ADJA	ADJA
_	30	18	/	$(	$(
_	30	19	Arbeit	NN	NN
_	30	20	/	$(	$(
PIAT	30	21	nichts	PIS	PIAT
PIS	30	22	anderes	ADV	PIS
_	30	23	ausgerichtet	VVPP	VVPP
_	30	24	und	KON	KON
VVPP	30	25	erlangt	VVFIN	VVPP
_	30	26	/	$(	$(
KOUS	30	27	doch	ADV	KON
PIS	30	28	anderen	ADJA	PIS
_	30	29	den	ART	ART
_	30	30	Sachen	NN	NN
_	30	31	weiter	ADV	ADV
_	30	32	und	KON	KON
_	30	33	besser	ADJD	ADJD
PTKVZ	30	34	nach	APPR	APPO
_	30	35	zu	PTKZU	PTKZU
_	30	36	denken	VVINF	VVINF
_	30	37	/	$(	$(
_	30	38	und	KON	KON
_	30	39	die	ART	ART
_	30	40	Wahrheit	NN	NN
_	30	41	zu	PTKZU	PTKZU
_	30	42	erfinden	VVINF	VVINF
_	30	43	/	$(	$(
_	30	44	Ursache	NN	NN
_	30	45	und	KON	KON
_	30	46	Anleitung	NN	NN
_	30	47	gegeben	VVPP	VVPP
_	30	48	habe	VAFIN	VAFIN
_	30	49	.	$.	$.
_	31	1	will	VMFIN	VMFIN
_	31	2	demnach	PAV	PAV
_	31	3	im	APPRART	APPRART
_	31	4	Namen	NN	NN
_	31	5	Gottes	NN	NN
_	31	6	zum	APPRART	APPRART
_	31	7	Handel	NN	NN
VVINF	31	8	schreiten	VVFIN	VVINF
_	31	9	/	$(	$(
_	31	10	und	KON	KON
ADV	31	11	erstlich	ADV	ADJD
_	31	12	von	APPR	APPR
_	31	13	der	ART	ART
_	31	14	Natur	NN	NN
_	31	15	/	$(	$(
_	31	16	Art	NN	NN
_	31	17	und	KON	KON
_	31	18	Eigenschaft	NN	NN
_	31	19	/	$(	$(
_	31	20	oder	KON	KON
NN	31	21	Essentia	NN	NE
_	31	22	und	KON	KON
NN	31	23	Minera	NN	NE
_	31	24	,	$,	$,
_	31	25	daher	PAV	PAV
_	31	26	dieser	PDAT	PDAT
_	31	27	Brunnen	NN	NN
_	31	28	seine	PPOSAT	PPOSAT
_	31	29	Kraft	NN	NN
_	31	30	hat	VAFIN	VAFIN
_	31	31	/	$(	$(
VVINF	31	32	berichten	VVFIN	VVINF
_	31	33	/	$(	$(
_	31	34	zum	APPRART	APPRART
_	31	35	2.	ADJA	ADJA
_	31	36	/	$(	$(
PIS	31	37	was	PWS	PIS
_	31	38	von	APPR	APPR
_	31	39	der	ART	ART
_	31	40	Komplexion	NN	NN
_	31	41	oder	KON	KON
NN	31	42	Temperamento	NE	NN
_	31	43	und	KON	KON
_	31	44	Qualitäten	NN	NN
_	31	45	dieses	PDAT	PDAT
_	31	46	Brunnens	NN	NN
_	31	47	andeuten	VVINF	VVINF
_	31	48	/	$(	$(
_	31	49	zum	APPRART	APPRART
_	31	50	3.	ADJA	ADJA
_	31	51	seine	PPOSAT	PPOSAT
_	31	52	Kraft	NN	NN
_	31	53	und	KON	KON
_	31	54	Wirkungen	NN	NN
_	31	55	/	$(	$(
_	31	56	so	ADV	ADV
_	31	57	viel	ADV	ADV
_	31	58	mir	PPER	PPER
PDS	31	59	dieselben	PDAT	PDS
_	31	60	wissend	ADJD	ADJD
_	31	61	/	$(	$(
_	31	62	erzählen	VVINF	VVINF
_	31	63	/	$(	$(
_	31	64	und	KON	KON
_	31	65	letztlich	ADV	ADV
_	31	66	von	APPR	APPR
_	31	67	seinem	PPOSAT	PPOSAT
_	31	68	rechtmäßigen	ADJA	ADJA
_	31	69	/	$(	$(
_	31	70	heilsamen	ADJA	ADJA
_	31	71	/	$(	$(
_	31	72	und	KON	KON
_	31	73	nützlichen	ADJA	ADJA
_	31	74	Gebrauch	NN	NN
_	31	75	/	$(	$(
_	31	76	kurze	ADJA	ADJA
_	31	77	Erinnerung	NN	NN
_	31	78	tun	VVINF	VVINF
_	31	79	.	$.	$.
_	32	1	das	ART	ART
_	32	2	erste	ADJA	ADJA
_	32	3	Kapitel	NN	NN
_	32	4	.	$.	$.
_	33	1	von	APPR	APPR
_	33	2	der	ART	ART
_	33	3	Natur	NN	NN
_	33	4	/	$(	$(
_	33	5	oder	KON	KON
NN	33	6	Minera	NN	NE
_	33	7	und	KON	KON
NN	33	8	Essentia	NN	NE
_	33	9	dieses	PDAT	PDAT
_	33	10	Brunnens	NN	NN
_	33	11	.	$.	$.
_	34	1	anfänglich	ADJD	ADJD
_	34	2	wann	PWAV	PWAV
_	34	3	ein	ART	ART
_	34	4	Wasser	NN	NN
_	34	5	entweder	KON	KON
_	34	6	stark	ADJD	ADJD
_	34	7	reucht	VVFIN	VVFIN
_	34	8	/	$(	$(
_	34	9	oder	KON	KON
_	34	10	ist	VAFIN	VAFIN
ADJD	34	11	trübe	ADJA	ADJD
_	34	12	/	$(	$(
_	34	13	oder	KON	KON
ADJD	34	14	salzig	NE	ADJD
_	34	15	/	$(	$(
_	34	16	oder	KON	KON
_	34	17	sonsten	ADV	ADV
_	34	18	eine	ART	ART
_	34	19	zur	APPRART	APPRART
_	34	20	Arznei	NN	NN
_	34	21	dienende	ADJA	ADJA
_	34	22	Kraft	NN	NN
_	34	23	hat	VAFIN	VAFIN
_	34	24	/	$(	$(
_	34	25	so	ADV	ADV
_	34	26	heißt	VVFIN	VVFIN
_	34	27	es	PPER	PPER
_	34	28	der	ART	ART
_	34	29	fürnehme	ADJA	ADJA
_	34	30	Medikus	NN	NN
NE	34	31	Galenus	NN	NE
_	34	32	recht	ADJD	ADJD
_	34	33	und	KON	KON
_	34	34	wohl	ADV	ADV
_	34	35	nicht	PTKNEG	PTKNEG
_	34	36	nur	ADV	ADV
_	34	37	schlecht	ADJD	ADJD
_	34	38	sondern	KON	KON
_	34	39	ein	ART	ART
_	34	40	vermischtes	ADJA	ADJA
_	34	41	Wasser	NN	NN
_	34	42	.	$.	$.
_	35	1	nun	ADV	ADV
_	35	2	ist	VAFIN	VAFIN
_	35	3	dieser	PDAT	PDAT
_	35	4	Brunnen	NN	NN
ADV	35	5	etwas	PIS	ADV
ADJD	35	6	süßlicher	ADJA	ADJD
_	35	7	am	APPRART	APPRART
_	35	8	Geschmack	NN	NN
_	35	9	und	KON	KON
ADV	35	10	etwas	PIS	ADV
ADJD	35	11	pfülentzschichter	NE	ADJD
_	35	12	/	$(	$(
_	35	13	dann	ADV	ADV
PIAT	35	14	andere	ADJD	PIAT
ADJA	35	15	gemeine	ADJD	ADJA
_	35	16	Wasser	NN	NN
_	35	17	/	$(	$(
_	35	18	und	KON	KON
_	35	19	an	APPR	APPR
_	35	20	der	ART	ART
_	35	21	Farbe	NN	NN
ADV	35	22	etwas	PIS	ADV
_	35	23	trüber	ADJD	ADJD
_	35	24	und	KON	KON
_	35	25	fast	ADV	ADV
_	35	26	einem	ART	ART
_	35	27	Molken	NN	NN
ADJD	35	28	gleich	ADV	ADJD
_	35	29	/	$(	$(
_	35	30	wann	PWAV	PWAV
_	35	31	er	PPER	PPER
_	35	32	sich	PRF	PRF
_	35	33	nicht	PTKNEG	PTKNEG
_	35	34	abgeläutert	VVPP	VVPP
_	35	35	und	KON	KON
APPR	35	36	zu	PTKZU	APPR
_	35	37	Grunde	NN	NN
_	35	38	gesetzt	VVPP	VVPP
_	35	39	.	$.	$.
ADV	36	1	item	NN	ADV
_	36	2	wann	PWAV	PWAV
_	36	3	man	PIS	PIS
_	36	4	dessen	PDS	PDS
ADV	36	5	gleich	ADV	APPR
_	36	6	eine	ART	ART
_	36	7	gute	ADJA	ADJA
_	36	8	Notdurft	NN	NN
_	36	9	trinkt	VVFIN	VVFIN
_	36	10	/	$(	$(
_	36	11	so	ADV	ADV
_	36	12	fühlt	VVFIN	VVFIN
_	36	13	man	PIS	PIS
_	36	14	doch	ADV	ADV
_	36	15	in	APPR	APPR
NN	36	16	Hypochondriis	NE	NN
_	36	17	und	KON	KON
NN	36	18	Weichen	VVINF	NN
ADJD	36	19	leichtlich	ADJD	ADV
_	36	20	keine	PIAT	PIAT
_	36	21	Beschwerung	NN	NN
_	36	22	oder	KON	KON
_	36	23	Blähung	NN	NN
_	36	24	davon	PAV	PAV
_	36	25	.	$.	$.
_	37	1	zu	APPR	APPR
PDS	37	2	dem	ART	PDS
_	37	3	hält	VVFIN	VVFIN
_	37	4	er	PPER	PPER
_	37	5	sich	PRF	PRF
_	37	6	lange	ADV	ADV
_	37	7	/	$(	$(
_	37	8	dass	KOUS	KOUS
_	37	9	er	PPER	PPER
_	37	10	nicht	PTKNEG	PTKNEG
_	37	11	so	ADV	ADV
ADV	37	12	leichtlich	ADJD	ADV
ADJD	37	13	stinkend	VVPP	ADJD
_	37	14	wird	VAFIN	VAFIN
_	37	15	.	$.	$.
_	38	1	letztlich	ADV	ADV
_	38	2	so	ADV	ADV
_	38	3	hat	VAFIN	VAFIN
_	38	4	er	PPER	PPER
_	38	5	/	$(	$(
KOUS	38	6	wie	KOKOM	KOUS
_	38	7	die	ART	ART
_	38	8	Erfahrung	NN	NN
_	38	9	zeugt	VVFIN	VVFIN
_	38	10	/	$(	$(
_	38	11	so	ADV	ADV
_	38	12	viel	ADV	ADV
_	38	13	zur	APPRART	APPRART
_	38	14	Gesundheit	NN	NN
_	38	15	dienliche	ADJA	ADJA
_	38	16	Kräfte	NN	NN
_	38	17	und	KON	KON
_	38	18	Tugenden	NN	NN
_	38	19	/	$(	$(
_	38	20	dergleichen	PIS	PIS
_	38	21	ein	ART	ART
ADJA	38	22	schlechtes	ADJD	ADJA
_	38	23	Wasser	NN	NN
_	38	24	nicht	PTKNEG	PTKNEG
VAINF	38	25	haben	VAFIN	VAINF
_	38	26	kann	VMFIN	VMFIN
_	38	27	.	$.	$.
ADV	39	1	dannenher	PAV	ADV
_	39	2	dann	ADV	ADV
_	39	3	ein	ART	ART
PIS	39	4	jeder	PIAT	PIS
ADV	39	5	leichtlich	ADJD	ADV
VVIZU	39	6	abzunehmen	VVINF	VVIZU
_	39	7	/	$(	$(
_	39	8	dass	KOUS	KOUS
_	39	9	dieser	PDAT	PDAT
NN	39	10	Brunnen	NE	NN
_	39	11	mit	APPR	APPR
PIAT	39	12	etwas	PIS	PIAT
PIS	39	13	anderem	ADV	PIS
VVPP	39	14	vermischt	VVFIN	VVPP
_	39	15	sei	VAFIN	VAFIN
_	39	16	.	$.	$.
_	40	1	weil	KOUS	KOUS
_	40	2	aber	ADV	ADV
PDS	40	3	solches	PIAT	PIS
_	40	4	nicht	PTKNEG	PTKNEG
_	40	5	/	$(	$(
_	40	6	wie	KOKOM	KOKOM
_	40	7	in	APPR	APPR
_	40	8	den	ART	ART
TRUNC	40	9	Sauer-	NN	TRUNC
_	40	10	und	KON	KON
_	40	11	Salzbrunnen	NN	NN
_	40	12	/	$(	$(
_	40	13	durch	APPR	APPR
_	40	14	den	ART	ART
_	40	15	Geschmack	NN	NN
_	40	16	/	$(	$(
_	40	17	oder	KON	KON
_	40	18	durch	APPR	APPR
_	40	19	den	ART	ART
_	40	20	Geruch	NN	NN
_	40	21	/	$(	$(
_	40	22	wie	KOKOM	KOKOM
_	40	23	in	APPR	APPR
_	40	24	den	ART	ART
_	40	25	Schwefelwassern	NN	NN
_	40	26	/	$(	$(
_	40	27	viel	ADV	ADV
_	40	28	weniger	ADV	ADV
_	40	29	mit	APPR	APPR
_	40	30	dem	ART	ART
_	40	31	Gesicht	NN	NN
_	40	32	/	$(	$(
_	40	33	als	KOKOM	KOKOM
_	40	34	bald	ADV	ADV
VVPP	40	35	erkannt	VVFIN	VVPP
_	40	36	/	$(	$(
_	40	37	und	KON	KON
_	40	38	unterschieden	VVPP	VVPP
_	40	39	werden	VAINF	VAINF
_	40	40	kann	VMFIN	VMFIN
_	40	41	/	$(	$(
_	40	42	als	KOKOM	KOKOM
_	40	43	ist	VAFIN	VAFIN
_	40	44	von	APPR	APPR
NN	40	45	Nöten	VVINF	NN
_	40	46	/	$(	$(
_	40	47	dass	KOUS	KOUS
_	40	48	die	ART	ART
_	40	49	wässerige	ADJA	ADJA
_	40	50	Feuchtigkeit	NN	NN
_	40	51	von	APPR	APPR
_	40	52	der	ART	ART
_	40	53	corporalischen	ADJA	ADJA
_	40	54	Bergart	NN	NN
_	40	55	oder	KON	KON
NN	40	56	Minera	NN	NE
_	40	57	/	$(	$(
KOUS	40	58	damit	PAV	KOUS
_	40	59	sie	PPER	PPER
VVPP	40	60	vermengt	VVFIN	VVPP
_	40	61	/	$(	$(
_	40	62	abgesondert	VVPP	VVPP
_	40	63	werde	VAFIN	VAFIN
_	40	64	/	$(	$(
PRELS	40	65	welches	PRELS	PWS
ADV	40	66	denn	KON	ADV
_	40	67	geschieht	VVFIN	VVFIN
_	40	68	/	$(	$(
_	40	69	wenn	KOUS	KOUS
_	40	70	man	PIS	PIS
PDS	40	71	dieselbe	PDAT	PDS
_	40	72	entweder	KON	KON
_	40	73	im	APPRART	APPRART
NN	40	74	Kochen	VVFIN	NN
_	40	75	verrauchen	VVINF	VVINF
_	40	76	und	KON	KON
VVFIN	40	77	evaporieren	VVINF	VVFIN
_	40	78	lässt	VVFIN	VVFIN
_	40	79	/	$(	$(
_	40	80	oder	KON	KON
_	40	81	durch	APPR	APPR
_	40	82	einen	ART	ART
_	40	83	Destillierkolben	NN	NN
VVFIN	40	84	abzieht	NN	VVFIN
_	40	85	/	$(	$(
_	40	86	dass	KOUS	KOUS
_	40	87	die	ART	ART
_	40	88	Minera	NN	NN
_	40	89	sich	PRF	PRF
APPR	40	90	zu	PTKZU	APPR
_	40	91	Grunde	NN	NN
_	40	92	setze	VVFIN	VVFIN
_	40	93	/	$(	$(
_	40	94	und	KON	KON
_	40	95	also	ADV	ADV
_	40	96	durch	APPR	APPR
_	40	97	gewisse	ADJA	ADJA
_	40	98	Proben	NN	NN
_	40	99	erkannt	VVPP	VVPP
_	40	100	werden	VAINF	VAINF
_	40	101	möge	VMFIN	VMFIN
_	40	102	.	$.	$.
KOUS	41	1	damit	PAV	KOUS
_	41	2	nun	ADV	ADV
PDS	41	3	solches	PIAT	PIS
_	41	4	auch	ADV	ADV
_	41	5	bei	APPR	APPR
_	41	6	diesem	PDAT	PDAT
_	41	7	Brunnen	NN	NN
APPR	41	8	zu	PTKZU	APPR
_	41	9	Werk	NN	NN
_	41	10	gerichtet	VVPP	VVPP
_	41	11	werde	VAFIN	VAFIN
_	41	12	/	$(	$(
_	41	13	so	ADV	ADV
_	41	14	musst	VMFIN	VMFIN
_	41	15	du	PPER	PPER
_	41	16	eigentlich	ADV	ADV
_	41	17	zusehen	VVINF	VVINF
_	41	18	/	$(	$(
_	41	19	dass	KOUS	KOUS
_	41	20	du	PPER	PPER
_	41	21	des	ART	ART
_	41	22	Brunnens	NN	NN
_	41	23	halben	ADJA	ADJA
_	41	24	nicht	PTKNEG	PTKNEG
_	41	25	betrogen	VVPP	VVPP
_	41	26	werdest	VAFIN	VAFIN
_	41	27	/	$(	$(
_	41	28	sondern	KON	KON
_	41	29	allenthalben	ADV	ADV
_	41	30	recht	ADJD	ADJD
_	41	31	damit	PAV	PAV
VVFIN	41	32	gebarst	VVFIN	VVPP
_	41	33	.	$.	$.
_	42	1	und	KON	KON
ADV	42	2	erstlich	ADV	ADJD
_	42	3	musst	VMFIN	VMFIN
_	42	4	du	PPER	PPER
ADJD	42	5	gewiss	ADV	ADJD
$(	42	6	|	$(	XY
_	42	7	sein	VAINF	VAINF
_	42	8	/	$(	$(
_	42	9	dass	KOUS	KOUS
_	42	10	es	PPER	PPER
_	42	11	der	ART	ART
_	42	12	rechte	ADJA	ADJA
_	42	13	unverfälschte	ADJA	ADJA
_	42	14	Brunnen	NN	NN
_	42	15	sei	VAFIN	VAFIN
_	42	16	/	$(	$(
KOUS	42	17	sintemal	KOUS	ADV
_	42	18	/	$(	$(
KOKOM	42	19	wie	KOKOM	KOUS
_	42	20	in	APPR	APPR
_	42	21	allen	PIAT	PIAT
_	42	22	Sachen	NN	NN
_	42	23	/	$(	$(
_	42	24	also	ADV	ADV
_	42	25	auch	ADV	ADV
PAV	42	26	hierin	ADV	PAV
PIAT	42	27	viel	ADV	PIAT
_	42	28	Betrug	NN	NN
_	42	29	mit	APPR	APPR
PTKVZ	42	30	unter	APPR	PTKVZ
_	42	31	läuft	VVFIN	VVFIN
_	42	32	/	$(	$(
KOUS	42	33	wie	KOKOM	KOUS
_	42	34	ich	PPER	PPER
ADV	42	35	denn	KON	ADV
_	42	36	selber	ADV	ADV
_	42	37	gesehen	VVPP	VVPP
_	42	38	/	$(	$(
_	42	39	neben	APPR	APPR
PIAT	42	40	anderen	ADJA	PIS
_	42	41	ehrlichen	ADJA	ADJA
_	42	42	Leuten	NN	NN
_	42	43	/	$(	$(
_	42	44	dass	KOUS	KOUS
PIS	42	45	einer	ART	PIS
_	42	46	in	APPR	APPR
_	42	47	einem	ART	ART
_	42	48	Städtlein	NN	NN
_	42	49	/	$(	$(
KOUS	42	50	da	ADV	KOUS
_	42	51	er	PPER	PPER
APPR	42	52	zu	PTKZU	APPR
_	42	53	Nacht	NN	NN
APPO	42	54	über	APPR	PTKVZ
VVPP	42	55	geherbergt	NE	VVPP
_	42	56	/	$(	$(
_	42	57	zwo	CARD	CARD
_	42	58	ganzer	ADJA	ADJA
_	42	59	Wasserkannen	NN	NN
_	42	60	voll	ADJD	ADJD
_	42	61	aus	APPR	APPR
_	42	62	einem	ART	ART
_	42	63	kleinen	ADJA	ADJA
_	42	64	Fass	NN	NN
_	42	65	verkauft	VVPP	VVPP
_	42	66	/	$(	$(
_	42	67	und	KON	KON
_	42	68	hergegen	ADV	ADV
PIAT	42	69	anderes	ADJD	PIAT
NN	42	70	Brunnenwasser	NE	NN
_	42	71	aus	APPR	APPR
_	42	72	dem	ART	ART
_	42	73	Röhrkasten	NN	NN
_	42	74	eingefüllt	VVPP	VVPP
_	42	75	.	$.	$.
_	43	1	zum	APPRART	APPRART
PIS	43	2	Anderen	ADJA	PIS
_	43	3	muss	VMFIN	VMFIN
APPR	43	4	zu	PTKZU	APPR
_	43	5	dieser	PDAT	PDAT
_	43	6	Probe	NN	NN
_	43	7	nicht	PTKNEG	PTKNEG
_	43	8	nur	ADV	ADV
_	43	9	das	ART	ART
NN	43	10	Lautere	ADJA	NN
_	43	11	oben	ADV	ADV
_	43	12	/	$(	$(
_	43	13	davon	PAV	PAV
_	43	14	das	ART	ART
NN	43	15	Trübe	ADJA	NN
_	43	16	sich	PRF	PRF
APPR	43	17	zu	PTKZU	APPR
_	43	18	Grunde	NN	NN
_	43	19	gesetzt	VVPP	VVPP
_	43	20	/	$(	$(
_	43	21	genommen	VVPP	VVPP
_	43	22	werden	VAINF	VAINF
_	43	23	/	$(	$(
KOUS	43	24	damit	PAV	KOUS
_	43	25	man	PIS	PIS
_	43	26	nicht	PTKNEG	PTKNEG
_	43	27	ein	ART	ART
ADJA	43	28	leeres	VVIMP	ADJA
_	43	29	Stroh	NN	NN
_	43	30	dresche	VVFIN	VVFIN
_	43	31	.	$.	$.
_	44	1	zum	APPRART	APPRART
NN	44	2	Dritten	ADJA	NN
_	44	3	muss	VMFIN	VMFIN
_	44	4	der	ART	ART
_	44	5	Brunnen	NN	NN
_	44	6	nicht	PTKNEG	PTKNEG
PTKA	44	7	zu	PTKZU	PTKA
_	44	8	lang	ADJD	ADJD
_	44	9	verlegen	VVINF	VVINF
_	44	10	sein	VAINF	VAINF
_	44	11	/	$(	$(
_	44	12	denn	KON	KON
_	44	13	ob	KOUS	KOUS
_	44	14	er	PPER	PPER
_	44	15	wohl	ADV	ADV
_	44	16	sich	PRF	PRF
_	44	17	(	$(	$(
_	44	18	wenn	KOUS	KOUS
_	44	19	er	PPER	PPER
_	44	20	recht	ADJD	ADJD
VVPP	44	21	verwahrt	VVFIN	VVPP
_	44	22	wird	VAFIN	VAFIN
_	44	23	)	$(	$(
_	44	24	lange	ADV	ADV
_	44	25	hält	VVFIN	VVFIN
_	44	26	/	$(	$(
_	44	27	so	ADV	ADV
_	44	28	ist	VAFIN	VAFIN
_	44	29	doch	ADV	ADV
_	44	30	leicht	ADJD	ADJD
_	44	31	zu	PTKZU	PTKZU
_	44	32	erachten	VVINF	VVINF
_	44	33	/	$(	$(
_	44	34	dass	KOUS	KOUS
_	44	35	ihm	PPER	PPER
_	44	36	von	APPR	APPR
_	44	37	seinem	PPOSAT	PPOSAT
NN	44	38	Halt	VVFIN	NN
_	44	39	/	$(	$(
_	44	40	sonderlich	ADJD	ADJD
PRELS	44	41	was	PWS	PIS
_	44	42	subtil	ADJD	ADJD
_	44	43	ist	VAFIN	VAFIN
_	44	44	/	$(	$(
_	44	45	viel	ADV	ADV
_	44	46	abgehe	VVFIN	VVFIN
_	44	47	.	$.	$.
KOUS	45	1	inmassen	KOUS	VVFIN
_	45	2	er	PPER	PPER
ADV	45	3	denn	KON	ADV
PAV	45	4	derentwegen	PAV	ADV
_	45	5	im	APPRART	APPRART
NN	45	6	Führen	VVINF	NN
_	45	7	von	APPR	APPR
_	45	8	der	ART	ART
_	45	9	Luft	NN	NN
_	45	10	/	$(	$(
ADV	45	11	bevoraus	NE	KOUS
_	45	12	in	APPR	APPR
_	45	13	großer	ADJA	ADJA
_	45	14	Hitze	NN	NN
_	45	15	oder	KON	KON
_	45	16	Kälte	NN	NN
_	45	17	/	$(	$(
_	45	18	oder	KON	KON
_	45	19	sonst	ADV	ADV
_	45	20	ungestümem	ADJA	ADJA
_	45	21	Wetter	NN	NN
_	45	22	/	$(	$(
_	45	23	möglichen	ADJA	ADJA
_	45	24	Fleißes	NN	NN
VVPP	45	25	verwahrt	VVFIN	VVPP
_	45	26	werden	VAINF	VAINF
_	45	27	muss	VMFIN	VMFIN
_	45	28	.	$.	$.
ADV	46	1	desgleichen	KOUS	ADV
_	46	2	muss	VMFIN	VMFIN
_	46	3	das	ART	ART
_	46	4	Fass	NN	NN
_	46	5	oder	KON	KON
_	46	6	Gefäß	NN	NN
_	46	7	/	$(	$(
PAV	46	8	darinnen	ADV	VVFIN
_	46	9	das	ART	ART
_	46	10	Wasser	NN	NN
_	46	11	geführt	VVPP	VVPP
_	46	12	und	KON	KON
VVPP	46	13	behalten	VVINF	VVFIN
_	46	14	richtig	ADJD	ADJD
_	46	15	sein	VAINF	VAINF
_	46	16	/	$(	$(
_	46	17	und	KON	KON
_	46	18	keine	PIAT	PIAT
_	46	19	fremde	ADJA	ADJA
_	46	20	Qualität	NN	NN
_	46	21	an	APPR	APPR
_	46	22	sich	PRF	PRF
VAFIN	46	23	haben	VAFIN	VAINF
_	46	24	.	$.	$.
_	47	1	wenn	KOUS	KOUS
_	47	2	nun	ADV	ADV
PDAT	47	3	solche	PIAT	PIAT
NN	47	4	Conditiones	NE	NN
_	47	5	und	KON	KON
_	47	6	Umstände	NN	NN
_	47	7	in	APPR	APPR
NN	47	8	Acht	CARD	NN
_	47	9	genommen	VVPP	VVPP
_	47	10	/	$(	$(
_	47	11	so	ADV	ADV
_	47	12	kann	VMFIN	VMFIN
_	47	13	man	PIS	PIS
_	47	14	diesen	PDAT	PDAT
_	47	15	Brunnen	NN	NN
_	47	16	in	APPR	APPR
_	47	17	eine	ART	ART
_	47	18	reine	ADJA	ADJA
_	47	19	gläserne	ADJA	ADJA
_	47	20	Kolbe	NN	NN
_	47	21	tun	VVINF	VVINF
_	47	22	/	$(	$(
_	47	23	einen	ART	ART
_	47	24	reinen	ADJA	ADJA
ADJA	47	25	gläsernen	ADJD	ADJA
_	47	26	Helm	NN	NN
_	47	27	darauf	PAV	PAV
_	47	28	setzen	VVINF	VVINF
_	47	29	/	$(	$(
_	47	30	den	ART	ART
_	47	31	Rezipienten	NN	NN
_	47	32	vorlegen	VVINF	VVINF
_	47	33	/	$(	$(
_	47	34	und	KON	KON
_	47	35	alles	PIS	PIS
_	47	36	nach	APPR	APPR
_	47	37	der	ART	ART
_	47	38	Gewohnheit	NN	NN
_	47	39	und	KON	KON
_	47	40	Kunst	NN	NN
_	47	41	wohl	ADV	ADV
_	47	42	verwahren	VVINF	VVINF
_	47	43	/	$(	$(
_	47	44	und	KON	KON
_	47	45	in	APPR	APPR
_	47	46	einem	ART	ART
FM	47	47	Balneo	NE	NN
FM	47	48	Mariæ	NE	NE
FM	47	49	ferventi	NE	NE
_	47	50	das	ART	ART
_	47	51	Wasser	NN	NN
_	47	52	abziehen	VVINF	VVINF
_	47	53	.	$.	$.
_	48	1	als	KOKOM	KOKOM
_	48	2	dann	ADV	ADV
_	48	3	wird	VAFIN	VAFIN
_	48	4	am	APPRART	APPRART
_	48	5	Grunde	NN	NN
_	48	6	der	ART	ART
_	48	7	Kolben	NN	NN
_	48	8	eine	ART	ART
_	48	9	dicke	ADJA	ADJA
_	48	10	Materie	NN	NN
_	48	11	bleiben	VVINF	VVINF
_	48	12	.	$.	$.
_	49	1	da	ADV	ADV
_	49	2	nun	ADV	ADV
_	49	3	bei	APPR	APPR
_	49	4	derselben	PDAT	PDAT
_	49	5	noch	ADV	ADV
PIS	49	6	etwas	PIS	ADV
PIAT	49	7	viel	ADV	PIAT
_	49	8	wässeriger	ADJA	ADJA
_	49	9	Feuchtigkeit	NN	NN
ADJD	49	10	übrig	PTKVZ	ADJD
_	49	11	/	$(	$(
_	49	12	kann	VMFIN	VMFIN
_	49	13	man	PIS	PIS
PDAT	49	14	solch	PIAT	PIAT
NN	49	15	Sedimentum	NE	NN
_	49	16	in	APPR	APPR
_	49	17	einem	ART	ART
_	49	18	irdischen	ADJA	ADJA
_	49	19	oder	KON	KON
ADJA	49	20	kupfernen	NN	ADJA
_	49	21	Tiegel	NN	NN
_	49	22	tun	VVINF	VVINF
_	49	23	(	$(	$(
_	49	24	denn	KON	KON
_	49	25	hieran	PAV	PAV
_	49	26	nichts	PIS	PIS
_	49	27	gelegen	VVPP	VVPP
_	49	28	/	$(	$(
KOUS	49	29	sintemal	KOUS	ADV
_	49	30	der	ART	ART
_	49	31	Augenschein	NN	NN
_	49	32	gibt	VVFIN	VVFIN
_	49	33	/	$(	$(
_	49	34	das	ART	ART
_	49	35	weder	KON	KON
_	49	36	das	ART	ART
_	49	37	Wasser	NN	NN
_	49	38	/	$(	$(
_	49	39	noch	ADV	ADV
_	49	40	das	ART	ART
PIS	49	41	jenige	PIAT	ADJA
_	49	42	/	$(	$(
PRELS	49	43	was	PWS	PRELS
_	49	44	sich	PRF	PRF
_	49	45	nach	APPR	APPR
_	49	46	dem	ART	ART
_	49	47	Destillieren	NN	NN
_	49	48	in	APPR	APPR
_	49	49	der	ART	ART
ADJA	49	50	gläsernen	ADJD	ADJA
_	49	51	Kolben	NN	NN
_	49	52	gesetzt	VVPP	VVPP
_	49	53	/	$(	$(
_	49	54	sich	PRF	PRF
_	49	55	ändert	VVFIN	VVFIN
_	49	56	/	$(	$(
_	49	57	man	PIS	PIS
_	49	58	siede	VVFIN	VVFIN
_	49	59	es	PPER	PPER
_	49	60	in	APPR	APPR
_	49	61	einem	ART	ART
_	49	62	irdischen	ADJA	ADJA
_	49	63	oder	KON	KON
ADJA	49	64	kupfernen	VVINF	ADJA
_	49	65	Gefäß	NN	NN
_	49	66	/	$(	$(
PRELS	49	67	welches	PRELS	PWS
_	49	68	sonsten	ADV	ADV
_	49	69	bei	APPR	APPR
ADJA	49	70	vitriolischen	ADJD	ADJA
_	49	71	oder	KON	KON
PIAT	49	72	anderen	ADJA	PIS
_	49	73	scharfen	ADJA	ADJA
_	49	74	metallischen	ADJA	ADJA
_	49	75	Wassern	NN	NN
_	49	76	nicht	PTKNEG	PTKNEG
_	49	77	zu	PTKZU	PTKZU
VVINF	49	78	geschehen	VVPP	VVINF
_	49	79	pflegt	VVFIN	VVFIN
_	49	80	)	$(	$(
_	49	81	die	ART	ART
_	49	82	wässerige	ADJA	ADJA
_	49	83	Feuchtigkeit	NN	NN
_	49	84	/	$(	$(
$(	49	85	|	$(	XY
_	49	86	so	ADV	ADV
_	49	87	noch	ADV	ADV
ADJD	49	88	hinterstellig	NE	ADJD
_	49	89	/	$(	$(
_	49	90	über	APPR	APPR
_	49	91	einem	ART	ART
_	49	92	gelinden	ADJA	ADJA
NN	49	93	Kohlenfeuer	NE	NN
_	49	94	verrauchen	VVINF	VVINF
_	49	95	lassen	VVINF	VVINF
_	49	96	.	$.	$.
_	50	1	als	KOKOM	KOKOM
ADV	50	2	denn	KON	ADV
_	50	3	so	ADV	ADV
_	50	4	findet	VVFIN	VVFIN
_	50	5	sich	PRF	PRF
_	50	6	unten	ADV	ADV
_	50	7	im	APPRART	APPRART
_	50	8	Tiegel	NN	NN
_	50	9	eine	ART	ART
ADJA	50	10	rotschwärzliche	NE	ADJA
_	50	11	Materi	NN	NN
FM	50	12	ex	APPR	FM
FM	50	13	ferrugineo	NE	NE
FM	50	14	colore	NE	NE
FM	50	15	nigricans	NE	NE
_	50	16	,	$,	$,
_	50	17	einem	ART	ART
_	50	18	Pech	NN	NN
_	50	19	ähnlich	ADJD	ADJD
_	50	20	.	$.	$.
KOUS	51	1	damit	PAV	KOUS
_	51	2	man	PIS	PIS
_	51	3	nun	ADV	ADV
ADV	51	4	ferner	ADV	ADJD
_	51	5	dahinter	PAV	PAV
_	51	6	komme	VVFIN	VVFIN
_	51	7	/	$(	$(
_	51	8	was	PWS	PWS
PDAT	51	9	solche	PIAT	PIAT
_	51	10	Materie	NN	NN
_	51	11	sei	VAFIN	VAFIN
_	51	12	/	$(	$(
_	51	13	so	ADV	ADV
_	51	14	kann	VMFIN	VMFIN
_	51	15	man	PIS	PIS
PDS	51	16	dieselbe	PDAT	PDS
_	51	17	in	APPR	APPR
_	51	18	drei	CARD	CARD
_	51	19	Teile	NN	NN
VVINF	51	20	teilen	VVFIN	VVINF
_	51	21	/	$(	$(
_	51	22	das	ART	ART
PIS	51	23	eine	ART	PIS
_	51	24	kann	VMFIN	VMFIN
_	51	25	man	PIS	PIS
_	51	26	gar	ADV	ADV
_	51	27	hart	ADJD	ADJD
_	51	28	austrucknen	VVINF	VVINF
_	51	29	/	$(	$(
_	51	30	dass	KOUS	KOUS
_	51	31	es	PPER	PPER
_	51	32	gleichsam	ADJD	ADJD
_	51	33	verbrenne	VVFIN	VVFIN
_	51	34	und	KON	KON
APPR	51	35	zu	PTKZU	APPR
_	51	36	Asche	NN	NN
_	51	37	werde	VAFIN	VAFIN
_	51	38	.	$.	$.
_	52	1	das	ART	ART
PIS	52	2	Andere	ADJA	PIS
_	52	3	nicht	PTKNEG	PTKNEG
_	52	4	so	ADV	ADV
_	52	5	sehr	ADV	ADV
_	52	6	ausdörren	VVINF	VVINF
_	52	7	/	$(	$(
_	52	8	sondern	KON	KON
_	52	9	mittelmäßig	ADJD	ADJD
_	52	10	bleiben	VVINF	VVINF
_	52	11	lassen	VVINF	VVINF
_	52	12	.	$.	$.
_	53	1	dem	ART	ART
NN	53	2	Dritten	ADJA	NN
_	53	3	kann	VMFIN	VMFIN
_	53	4	man	PIS	PIS
_	53	5	noch	ADV	ADV
PIS	53	6	etwas	PIS	ADV
_	53	7	von	APPR	APPR
ADJA	53	8	wässeriger	NN	ADJA
_	53	9	Feuchtigkeit	NN	NN
_	53	10	lassen	VVINF	VVINF
_	53	11	.	$.	$.
_	54	1	wenn	KOUS	KOUS
_	54	2	dies	PDS	PDS
_	54	3	geschehen	VVPP	VVPP
_	54	4	/	$(	$(
_	54	5	und	KON	KON
_	54	6	man	PIS	PIS
_	54	7	Feuer	NN	NN
_	54	8	oder	KON	KON
_	54	9	ein	ART	ART
_	54	10	Licht	NN	NN
_	54	11	an	APPR	APPR
_	54	12	das	ART	ART
_	54	13	Teil	NN	NN
_	54	14	/	$(	$(
PRELAT	54	15	das	ART	ART
_	54	16	noch	ADV	ADV
PIAT	54	17	etwas	PIS	PIAT
_	54	18	Wasser	NN	NN
_	54	19	bei	APPR	APPR
_	54	20	sich	PRF	PRF
_	54	21	hat	VAFIN	VAFIN
_	54	22	/	$(	$(
_	54	23	hält	VVFIN	VVFIN
_	54	24	/	$(	$(
_	54	25	so	ADV	ADV
_	54	26	nimmt	VVFIN	VVFIN
_	54	27	es	PPER	PPER
_	54	28	zwar	ADV	ADV
_	54	29	von	APPR	APPR
_	54	30	wegen	APPR	APPR
_	54	31	der	ART	ART
_	54	32	bei	APPR	APPR
_	54	33	sich	PRF	PRF
_	54	34	habenden	ADJA	ADJA
_	54	35	wässerigen	ADJA	ADJA
_	54	36	Feuchtigkeit	NN	NN
_	54	37	das	ART	ART
_	54	38	Feuer	NN	NN
_	54	39	nicht	PTKNEG	PTKNEG
_	54	40	bald	ADV	ADV
PTKVZ	54	41	an	APPR	PTKVZ
_	54	42	/	$(	$(
KON	54	43	aber	ADV	KON
ADV	54	44	doch	ADV	KON
_	54	45	fäht	VVFIN	VVFIN
_	54	46	es	PPER	PPER
APPR	54	47	zu	PTKZU	APPR
_	54	48	letzt	ADV	ADV
PTKVZ	54	49	an	APPR	PTKVZ
_	54	50	zu	PTKZU	PTKZU
_	54	51	brennen	VVINF	VVINF
_	54	52	.	$.	$.
_	55	1	das	ART	ART
PIAT	55	2	andere	ADJD	PIAT
_	55	3	Teil	NN	NN
_	55	4	aber	ADV	ADV
_	55	5	/	$(	$(
_	55	6	so	ADV	ADV
_	55	7	fast	ADV	ADV
_	55	8	einer	ART	ART
_	55	9	Asche	NN	NN
ADJD	55	10	gleich	ADV	ADJD
_	55	11	worden	VAPP	VAPP
_	55	12	/	$(	$(
_	55	13	feht	VVFIN	VVFIN
ADV	55	14	als	KOKOM	KOKOM
_	55	15	bald	ADV	ADV
PTKVZ	55	16	an	APPR	PTKVZ
_	55	17	zu	PTKZU	PTKZU
VVINF	55	18	glimmen	VVFIN	VVINF
_	55	19	/	$(	$(
KOUS	55	20	wie	PWAV	KOUS
_	55	21	dann	ADV	ADV
_	55	22	auch	ADV	ADV
_	55	23	das	ART	ART
_	55	24	dritte	ADJA	ADJA
_	55	25	Teil	NN	NN
_	55	26	/	$(	$(
PRELS	55	27	welches	PRELS	PWS
_	55	28	weder	KON	KON
PTKA	55	29	zu	PTKZU	PTKA
ADJD	55	30	feucht	ADJA	ADJD
_	55	31	/	$(	$(
_	55	32	noch	ADV	ADV
PTKA	55	33	zu	PTKZU	PTKA
_	55	34	sehr	ADV	ADV
_	55	35	verbrannt	VVPP	VVPP
_	55	36	/	$(	$(
_	55	37	sondern	KON	KON
_	55	38	in	APPR	APPR
_	55	39	mittelmäßigem	ADJA	ADJA
_	55	40	Stand	NN	NN
_	55	41	gelassen	VVPP	VVPP
_	55	42	/	$(	$(
_	55	43	bald	ADV	ADV
_	55	44	zu	PTKZU	PTKZU
_	55	45	brennen	VVINF	VVINF
_	55	46	anfäht	VVFIN	VVFIN
_	55	47	.	$.	$.
ADV	56	1	insonderheit	ADV	NN
_	56	2	aber	ADV	ADV
_	56	3	räucht	VVFIN	VVFIN
_	56	4	dieses	PDAT	PDAT
_	56	5	mittelmäßige	ADJA	ADJA
_	56	6	Teil	NN	NN
_	56	7	gar	ADV	ADV
_	56	8	lieblich	ADJD	ADJD
_	56	9	/	$(	$(
KOKOM	56	10	wie	KOKOM	KOUS
_	56	11	ein	ART	ART
_	56	12	Bisam	NN	NN
_	56	13	oder	KON	KON
_	56	14	Ambra	NN	NN
_	56	15	/	$(	$(
_	56	16	der	ART	ART
NN	56	17	Liquor	NE	NN
NE	56	18	Mercurialis	ADJA	NE
_	56	19	aber	ADV	ADV
_	56	20	/	$(	$(
_	56	21	oder	KON	KON
_	56	22	das	ART	ART
_	56	23	über	APPR	APPR
_	56	24	gezogene	ADJA	ADJA
ADJA	56	25	destillierte	VVFIN	ADJA
_	56	26	Wasser	NN	NN
_	56	27	in	APPR	APPR
_	56	28	dem	ART	ART
_	56	29	Rezipienten	NN	NN
_	56	30	/	$(	$(
_	56	31	ist	VAFIN	VAFIN
_	56	32	hübsch	ADJD	ADJD
ADJD	56	33	hell	ADJA	ADJD
_	56	34	/	$(	$(
_	56	35	hat	VAFIN	VAFIN
_	56	36	keinen	PIAT	PIAT
_	56	37	sonderlichen	ADJA	ADJA
_	56	38	Geschmack	NN	NN
_	56	39	/	$(	$(
_	56	40	allein	ADV	ADV
_	56	41	von	APPR	APPR
_	56	42	wegen	APPR	APPR
_	56	43	der	ART	ART
NN	56	44	Spirituum	NE	NN
_	56	45	,	$,	$,
PAV	56	46	damit	PAV	KOUS
_	56	47	der	ART	ART
NN	56	48	Liquor	NE	NN
_	56	49	imprägniert	VVPP	VVPP
_	56	50	ist	VAFIN	VAFIN
_	56	51	/	$(	$(
_	56	52	weil	KOUS	KOUS
_	56	53	sie	PPER	PPER
_	56	54	nicht	PTKNEG	PTKNEG
_	56	55	evaporieren	VVINF	VVINF
_	56	56	,	$,	$,
_	56	57	sondern	KON	KON
_	56	58	im	APPRART	APPRART
NN	56	59	Destillieren	VVINF	NN
_	56	60	mit	APPR	APPR
APZR	56	61	herüber	APZR	ADV
_	56	62	steigen	VVINF	VVINF
_	56	63	/	$(	$(
_	56	64	reucht	VVFIN	VVFIN
_	56	65	er	PPER	PPER
_	56	66	auch	ADV	ADV
_	56	67	wie	KOKOM	KOKOM
_	56	68	ein	ART	ART
_	56	69	Bisam	NN	NN
_	56	70	oder	KON	KON
_	56	71	Ambra	NN	NN
_	56	72	/	$(	$(
_	56	73	eben	ADV	ADV
_	56	74	wie	KOKOM	KOKOM
_	56	75	von	APPR	APPR
_	56	76	dem	ART	ART
_	56	77	mittelmäßig	ADJD	ADJD
_	56	78	gelassenem	ADJA	ADJA
_	56	79	Teil	NN	NN
_	56	80	des	ART	ART
_	56	81	Sedimenti	NN	NN
ADV	56	82	unlängst	ADJD	ADV
_	56	83	gesagt	VVPP	VVPP
_	56	84	ist	VAFIN	VAFIN
_	56	85	.	$.	$.
PDS	57	1	solches	PIAT	PIS
_	57	2	findet	VVFIN	VVFIN
_	57	3	sich	PRF	PRF
_	57	4	alles	PIS	PIS
_	57	5	in	APPR	APPR
_	57	6	der	ART	ART
_	57	7	Destillation	NN	NN
_	57	8	,	$,	$,
_	57	9	wo	PWAV	PWAV
_	57	10	damit	PAV	PAV
_	57	11	recht	ADJD	ADJD
VVPP	57	12	prozediert	VVFIN	VVPP
_	57	13	und	KON	KON
_	57	14	umgegangen	VVPP	VVPP
_	57	15	wird	VAFIN	VAFIN
_	57	16	.	$.	$.
_	58	1	dieser	PDAT	PDAT
_	58	2	Weg	NN	NN
_	58	3	durch	APPR	APPR
_	58	4	die	ART	ART
_	58	5	Destillation	NN	NN
_	58	6	das	ART	ART
NN	58	7	Sedimentum	NE	NN
_	58	8	vom	APPRART	APPRART
_	58	9	Wasser	NN	NN
PTKZU	58	10	zu	PTKZU	PTKVZ
VVINF	58	11	sondern	KON	KON
_	58	12	ist	VAFIN	VAFIN
_	58	13	besser	ADJD	ADJD
_	58	14	/	$(	$(
KOKOM	58	15	denn	KON	KON
_	58	16	der	ART	ART
_	58	17	nur	ADV	ADV
_	58	18	durch	APPR	APPR
_	58	19	das	ART	ART
_	58	20	bloße	ADJA	ADJA
NN	58	21	Sieden	VVINF	NN
_	58	22	verbracht	VVPP	VVPP
_	58	23	wird	VAFIN	VAFIN
_	58	24	.	$.	$.
NE	59	1	Reinerus	NN	NE
_	59	2	Solenander	NE	NE
FM	59	3	de	NE	NE
FM	59	4	fontib.	NE	NE
FM	59	5	temper.	NN	NE
NN	59	6	lib.	NN	NE
_	59	7	2.	ADJA	ADJA
NN	59	8	cap.	NN	ADJA
_	59	9	3.	ADJA	ADJA
NN	59	10	pag.	NN	VVFIN
_	59	11	208.	ADJA	ADJA
_	59	12	wer	PWS	PWS
_	59	13	aber	ADV	ADV
_	59	14	aus	APPR	APPR
_	59	15	Mangel	NN	NN
_	59	16	der	ART	ART
_	59	17	Destillation	NN	NN
_	59	18	diesen	PDAT	PDAT
_	59	19	Brunnen	NN	NN
_	59	20	nur	ADV	ADV
VVINF	59	21	absieden	VVINF	VVFIN
_	59	22	/	$(	$(
_	59	23	und	KON	KON
_	59	24	also	ADV	ADV
_	59	25	seine	PPOSAT	PPOSAT
_	59	26	Natur	NN	NN
_	59	27	erkundigen	VVINF	VVINF
_	59	28	will	VMFIN	VMFIN
_	59	29	/	$(	$(
PRELS	59	30	der	ART	PRELS
_	59	31	mag	VMFIN	VMFIN
_	59	32	diesen	PDAT	PDAT
_	59	33	Brunnen	NN	NN
_	59	34	in	APPR	APPR
ADJA	59	35	verglasten	VVFIN	ADJA
_	59	36	Töpfen	NN	NN
_	59	37	zum	APPRART	APPRART
_	59	38	Feuer	NN	NN
_	59	39	setzen	VVINF	VVINF
_	59	40	/	$(	$(
_	59	41	und	KON	KON
ADV	59	42	als	KOKOM	KOKOM
ADV	59	43	denn	KON	ADV
VAFIN	59	44	werden	VAINF	VAFIN
_	59	45	sich	PRF	PRF
_	59	46	nachfolgende	ADJA	ADJA
_	59	47	Dinge	NN	NN
_	59	48	ereignen	VVINF	VVINF
_	59	49	.	$.	$.
ADV	60	1	erstlich	ADV	ADJD
_	60	2	wird	VAFIN	VAFIN
_	60	3	es	PPER	PPER
_	60	4	durch	APPR	APPR
_	60	5	die	ART	ART
_	60	6	Töpfe	NN	NN
VVINF	60	7	dringen	VVFIN	VVINF
_	60	8	/	$(	$(
KOKOM	60	9	wie	KOKOM	KOUS
_	60	10	ein	ART	ART
NN	60	11	Öl	NE	NN
_	60	12	.	$.	$.
_	61	1	zum	APPRART	APPRART
PIS	61	2	Anderen	ADJA	PIS
_	61	3	wird	VAFIN	VAFIN
_	61	4	die	ART	ART
_	61	5	Fettigkeit	NN	NN
ADV	61	6	auswendig	ADJD	ADV
_	61	7	an	APPR	APPR
_	61	8	den	ART	ART
_	61	9	Töpfen	NN	NN
_	61	10	beim	APPRART	APPRART
_	61	11	Feuer	NN	NN
_	61	12	verharschen	VVINF	VVINF
_	61	13	und	KON	KON
_	61	14	anlaufen	VVINF	VVINF
_	61	15	.	$.	$.
_	62	1	zum	APPRART	APPRART
NN	62	2	Dritten	ADJA	NN
_	62	3	wird	VAFIN	VAFIN
_	62	4	es	PPER	PPER
_	62	5	/	$(	$(
_	62	6	dieweil	KOUS	KOUS
_	62	7	man	PIS	PIS
_	62	8	es	PPER	PPER
_	62	9	beim	APPRART	APPRART
_	62	10	Feuer	NN	NN
_	62	11	hat	VAFIN	VAFIN
_	62	12	/	$(	$(
_	62	13	von	APPR	APPR
ADV	62	14	fern	ADJA	ADJD
_	62	15	einen	ART	ART
NN	62	16	Nidorem	NE	NN
_	62	17	oder	KON	KON
_	62	18	Geruch	NN	NN
_	62	19	von	APPR	APPR
_	62	20	sich	PRF	PRF
_	62	21	geben	VVINF	VVINF
_	62	22	/	$(	$(
_	62	23	als	KOKOM	KOKOM
_	62	24	wenn	KOUS	KOUS
PIS	62	25	etwas	PIS	PIAT
_	62	26	Fettes	NN	NN
_	62	27	im	APPRART	APPRART
_	62	28	Tiegel	NN	NN
_	62	29	verbrannt	VVPP	VVPP
_	62	30	wird	VAFIN	VAFIN
_	62	31	.	$.	$.
_	63	1	zum	APPRART	APPRART
NN	63	2	Vierten	ADJA	NN
_	63	3	/	$(	$(
_	63	4	wenn	KOUS	KOUS
_	63	5	man	PIS	PIS
_	63	6	eine	ART	ART
_	63	7	Hand	NN	NN
_	63	8	im	APPRART	APPRART
NN	63	9	Sieden	VVINF	NN
ADV	63	10	erstlich	ADV	ADJD
_	63	11	vor	APPR	APPR
_	63	12	die	ART	ART
_	63	13	Töpfe	NN	NN
_	63	14	/	$(	$(
_	63	15	und	KON	KON
_	63	16	geschwind	ADJD	ADJD
PAV	63	17	drauf	PTKVZ	PAV
_	63	18	vor	APPR	APPR
_	63	19	die	ART	ART
_	63	20	Nase	NN	NN
_	63	21	hält	VVFIN	VVFIN
_	63	22	/	$(	$(
_	63	23	so	ADV	ADV
_	63	24	wird	VAFIN	VAFIN
PDS	63	25	dieselbe	PDAT	PDS
_	63	26	gleichsam	ADJD	ADJD
_	63	27	harzig	ADJD	ADJD
_	63	28	oder	KON	KON
ADJD	63	29	pechig	VVFIN	ADJD
_	63	30	riechen	VVINF	VVINF
_	63	31	.	$.	$.
ADV	64	1	folgend	VVPP	ADJD
_	64	2	wenn	KOUS	KOUS
_	64	3	das	ART	ART
_	64	4	Wasser	NN	NN
_	64	5	fast	ADV	ADV
_	64	6	gar	ADV	ADV
VVPP	64	7	eingesotten	ADJD	VVPP
_	64	8	/	$(	$(
VVFIN	64	9	lassen	VVINF	VVFIN
_	64	10	sich	PRF	PRF
_	64	11	kleine	ADJA	ADJA
_	64	12	Tröpflein	NN	NN
_	64	13	/	$(	$(
_	64	14	wie	KOKOM	KOKOM
NN	64	15	Öl	NE	NN
_	64	16	sehen	VVINF	VVINF
_	64	17	/	$(	$(
_	64	18	und	KON	KON
_	64	19	endlich	ADV	ADV
_	64	20	bleibt	VVFIN	VVFIN
_	64	21	auf	APPR	APPR
_	64	22	dem	ART	ART
_	64	23	Grunde	NN	NN
_	64	24	eine	ART	ART
ADJA	64	25	pechige	VVFIN	ADJA
_	64	26	Materie	NN	NN
_	64	27	/	$(	$(
_	64	28	aller	PIAT	PIAT
_	64	29	Dinge	NN	NN
_	64	30	/	$(	$(
_	64	31	wie	KOKOM	KOKOM
_	64	32	in	APPR	APPR
_	64	33	der	ART	ART
_	64	34	Destillation	NN	NN
_	64	35	geschehen	VVPP	VVPP
_	64	36	.	$.	$.
ADV	65	1	ja	PTKANT	ADV
_	65	2	wenn	KOUS	KOUS
_	65	3	man	PIS	PIS
ADV	65	4	gleich	ADV	ADJD
_	65	5	mit	APPR	APPR
_	65	6	den	ART	ART
_	65	7	geläuterten	ADJA	ADJA
_	65	8	Brunnen	NN	NN
VVFIN	65	9	siedet	VAFIN	VVFIN
_	65	10	/	$(	$(
_	65	11	findet	VVFIN	VVFIN
_	65	12	sich	PRF	PRF
_	65	13	unten	ADV	ADV
ADV	65	14	wiewohl	KOUS	KOUS
ADV	65	15	wenig	PIS	ADV
_	65	16	eine	ART	ART
_	65	17	schwarze	ADJA	ADJA
_	65	18	Materie	NN	NN
_	65	19	/	$(	$(
PRELS	65	20	welche	PWAT	PRELS
_	65	21	das	ART	ART
_	65	22	Feuer	NN	NN
_	65	23	annimmt	VVFIN	VVFIN
_	65	24	/	$(	$(
_	65	25	brennt	VVFIN	VVFIN
_	65	26	und	KON	KON
_	65	27	glimmt	VVFIN	VVFIN
_	65	28	/	$(	$(
_	65	29	und	KON	KON
ADV	65	30	gleich	ADV	ADJD
_	65	31	weißliche	ADJA	ADJA
_	65	32	silberne	ADJA	ADJA
_	65	33	Pünktlein	NN	NN
_	65	34	bekommt	VVFIN	VVFIN
_	65	35	.	$.	$.
_	66	1	weil	KOUS	KOUS
_	66	2	demnach	PAV	PAV
ADV	66	3	erstlich	ADV	ADJD
_	66	4	das	ART	ART
NN	66	5	Sedimentum	NE	NN
PDS	66	6	das	ART	PDS
_	66	7	ist	VAFIN	VAFIN
_	66	8	das	ART	ART
PDS	66	9	jenige	PIAT	PDAT
_	66	10	/	$(	$(
PRELS	66	11	was	PWS	PRELS
_	66	12	sich	PRF	PRF
_	66	13	in	APPR	APPR
_	66	14	der	ART	ART
_	66	15	Destillation	NN	NN
_	66	16	und	KON	KON
NN	66	17	Sieden	VVINF	NN
APPR	66	18	zu	PTKZU	APPR
_	66	19	Grunde	NN	NN
_	66	20	setzt	VVFIN	VVFIN
_	66	21	/	$(	$(
_	66	22	einem	ART	ART
NN	66	23	Bitumini	NE	NN
_	66	24	oder	KON	KON
_	66	25	Erdpech	NN	NN
_	66	26	oder	KON	KON
_	66	27	Erdwachs	NN	NN
_	66	28	gar	ADV	ADV
ADJD	66	29	gleich	ADV	ADJD
_	66	30	und	KON	KON
_	66	31	ähnlich	ADJD	ADJD
_	66	32	ist	VAFIN	VAFIN
_	66	33	/	$(	$(
APPRART	66	34	vors	APPRART	APPR
PIS	66	35	Andere	ADJD	PIS
_	66	36	/	$(	$(
_	66	37	weil	KOUS	KOUS
_	66	38	es	PPER	PPER
_	66	39	brennt	VVFIN	VVFIN
_	66	40	/	$(	$(
_	66	41	und	KON	KON
_	66	42	zwar	ADV	ADV
_	66	43	auch	ADV	ADV
_	66	44	im	APPRART	APPRART
_	66	45	Wasser	NN	NN
_	66	46	/	$(	$(
_	66	47	und	KON	KON
_	66	48	nicht	PTKNEG	PTKNEG
_	66	49	bald	ADV	ADV
VVFIN	66	50	verlischt	VVFIN	VVPP
_	66	51	.	$.	$.
_	67	1	(	$(	$(
FM	67	2	Ardere	FM	NN
FM	67	3	in	FM	APPR
FM	67	4	aquis	FM	NN
_	67	5	,	$,	$,
FM	67	6	amiciss	FM	NE
_	67	7	.	$.	$.
FM	67	8	esse	FM	VVFIN
FM	67	9	igni	FM	NE
_	67	10	,	$,	$,
FM	67	11	cumq̒ue	FM	ADJA
FM	67	12	facilè	FM	ADJA
FM	67	13	conceptum	FM	NN
FM	67	14	non	FM	ADJA
FM	67	15	facilè	FM	ADJA
FM	67	16	dimittere	FM	VVFIN
FM	67	17	bitumini	FM	ADJA
FM	67	18	peculiare	FM	ADJA
FM	67	19	est	FM	ADJA
_	67	20	.	$.	$.
FM	67	21	Solenander	FM	NN
FM	67	22	lib.	FM	NE
FM	67	23	1.	FM	ADJA
FM	67	24	de	FM	NE
FM	67	25	font	FM	NE
_	67	26	.	$.	$.
FM	68	1	Cal	FM	NE
$.	68	2	.	$.	NE
FM	68	3	causa	FM	NE
FM	68	4	cap.	FM	NE
FM	68	5	10.	FM	ADJA
FM	68	6	pag.	FM	VVFIN
FM	68	7	90.	FM	ADJA
$(	68	8	&	$(	KON
FM	68	9	ibidem	FM	NN
FM	68	10	pag.	FM	VVFIN
ADJA	68	11	97.	FM	ADJA
FM	68	12	Bitumen	FM	NN
_	68	13	,	$,	$,
FM	68	14	facilè	FM	ADJA
FM	68	15	inflammatur	FM	NN
_	68	16	,	$,	$,
FM	68	17	pertinaciter	FM	ADJA
FM	68	18	ignem	FM	ADJA
FM	68	19	retinet	FM	NN
_	68	20	,	$,	$,
$(	68	21	&	$(	KON
FM	68	22	difficulter	FM	ADJA
FM	68	23	aut	FM	ADJA
FM	68	24	nunquam	FM	NN
FM	68	25	aqua	FM	NE
FM	68	26	extinguitur	FM	NN
_	68	27	.	$.	$.
_	69	1	)	$(	$(
_	69	2	zum	APPRART	APPRART
NN	69	3	Dritten	ADJA	NN
_	69	4	/	$(	$(
_	69	5	weil	KOUS	KOUS
_	69	6	das	ART	ART
_	69	7	Wasser	NN	NN
_	69	8	/	$(	$(
_	69	9	in	APPR	APPR
PRELS	69	10	dem	ART	ART
_	69	11	es	PPER	PPER
_	69	12	gesotten	VVPP	VVPP
_	69	13	/	$(	$(
_	69	14	und	KON	KON
_	69	15	das	ART	ART
NN	69	16	Sedimentum	NE	NN
_	69	17	,	$,	$,
_	69	18	wenn	KOUS	KOUS
_	69	19	es	PPER	PPER
_	69	20	verbrannt	VVPP	VVPP
_	69	21	wird	VAFIN	VAFIN
_	69	22	/	$(	$(
_	69	23	einen	ART	ART
_	69	24	Geruch	NN	NN
_	69	25	/	$(	$(
_	69	26	wie	KOKOM	KOKOM
_	69	27	ein	ART	ART
_	69	28	Pech	NN	NN
_	69	29	/	$(	$(
_	69	30	von	APPR	APPR
_	69	31	sich	PRF	PRF
_	69	32	gibt	VVFIN	VVFIN
_	69	33	.	$.	$.
_	70	1	(	$(	$(
FM	70	2	Picem	FM	NE
FM	70	3	reddere	FM	ADJA
FM	70	4	videri	FM	NE
FM	70	5	commune	FM	NE
FM	70	6	est	FM	ADJA
FM	70	7	omnibus	FM	NN
FM	70	8	his	FM	NE
_	70	9	,	$,	$,
FM	70	10	quæ	FM	NE
_	70	11	ex	FM	FM
FM	70	12	bitumine	FM	NN
FM	70	13	suam	FM	ADJA
FM	70	14	originem	FM	ADJA
FM	70	15	trahunt	FM	NE
_	70	16	.	$.	$.
FM	70	17	Solenander	FM	NE
FM	70	18	cap.	FM	NE
FM	70	19	citato.	FM	NE
FM	70	20	pag.	FM	VVFIN
FM	70	21	97	FM	CARD
_	70	22	.	$.	$.
_	71	1	)	$(	$(
_	71	2	zum	APPRART	APPRART
NN	71	3	Vierten	ADJA	NN
_	71	4	/	$(	$(
_	71	5	weil	KOUS	KOUS
_	71	6	auch	ADV	ADV
_	71	7	das	ART	ART
ADJA	71	8	destillierte	VVFIN	ADJA
_	71	9	Wasser	NN	NN
_	71	10	/	$(	$(
_	71	11	und	KON	KON
_	71	12	das	ART	ART
ADJA	71	13	mittlere	NN	ADJA
_	71	14	Teil	NN	NN
_	71	15	des	ART	ART
_	71	16	Sediments	NN	NN
_	71	17	nach	APPR	APPR
_	71	18	Ambra	NN	NN
_	71	19	/	$(	$(
PRELS	71	20	welche	PWAT	PRELS
_	71	21	auch	ADV	ADV
_	71	22	eine	ART	ART
_	71	23	Art	NN	NN
_	71	24	eines	ART	ART
_	71	25	Erdpechs	NN	NN
_	71	26	ist	VAFIN	VAFIN
_	71	27	/	$(	$(
_	71	28	reucht	VVFIN	VVFIN
_	71	29	/	$(	$(
_	71	30	weil	KOUS	KOUS
_	71	31	/	$(	$(
_	71	32	sage	VVFIN	VVFIN
_	71	33	ich	PPER	PPER
_	71	34	/	$(	$(
PDAT	71	35	dem	ART	ART
PIS	71	36	allen	PIAT	PIS
_	71	37	also	ADV	ADV
_	71	38	/	$(	$(
_	71	39	wie	KOKOM	KOKOM
_	71	40	gesagt	VVPP	VVPP
_	71	41	/	$(	$(
_	71	42	so	ADV	ADV
_	71	43	muss	VMFIN	VMFIN
VVINF	71	44	folgen	VVINF	VVFIN
_	71	45	/	$(	$(
_	71	46	dass	KOUS	KOUS
_	71	47	dieses	PDAT	PDAT
_	71	48	Brunnens	NN	NN
_	71	49	Natur	NN	NN
_	71	50	im	APPRART	APPRART
_	71	51	Bitumine	NN	NN
_	71	52	,	$,	$,
_	71	53	Erdpech	NN	NN
_	71	54	/	$(	$(
_	71	55	oder	KON	KON
_	71	56	Erdwachs	NN	NN
_	71	57	bestehe	VVFIN	VVFIN
_	71	58	/	$(	$(
_	71	59	und	KON	KON
PDAT	71	60	dessen	PDS	PDAT
_	71	61	corporalische	ADJA	ADJA
_	71	62	Mineram	NN	NN
_	71	63	in	APPR	APPR
_	71	64	sich	PRF	PRF
_	71	65	habe	VAFIN	VAFIN
_	71	66	/	$(	$(
_	71	67	und	KON	KON
_	71	68	seine	PPOSAT	PPOSAT
_	71	69	Kraft	NN	NN
_	71	70	von	APPR	APPR
_	71	71	demselben	PDAT	PDAT
VVFIN	71	72	empfange	NE	VVFIN
_	71	73	/	$(	$(
_	71	74	und	KON	KON
_	71	75	zwar	ADV	ADV
_	71	76	hat	VAFIN	VAFIN
_	71	77	es	PPER	PPER
PDS	71	78	dasselbige	PDAT	ADJA
ADJA	71	79	dreierlei	PIS	ADJA
_	71	80	Art	NN	NN
_	71	81	in	APPR	APPR
_	71	82	sich	PRF	PRF
_	71	83	/	$(	$(
_	71	84	nämlich	ADV	ADV
_	71	85	ein	ART	ART
_	71	86	irdisches	ADJA	ADJA
_	71	87	dickes	ADJA	ADJA
_	71	88	und	KON	KON
_	71	89	hartes	ADJA	ADJA
_	71	90	/	$(	$(
_	71	91	von	APPR	APPR
PRELS	71	92	welchem	PWAT	PRELS
_	71	93	das	ART	ART
NN	71	94	Sedimentum	NE	NN
_	71	95	einem	ART	ART
_	71	96	Pech	NN	NN
_	71	97	oder	KON	KON
_	71	98	Kohlen	NN	NN
ADV	71	99	gleich	ADV	ADJD
ADV	71	100	sehend	ADJA	ADJD
_	71	101	herkommt	VVFIN	VVFIN
_	71	102	/	$(	$(
_	71	103	zum	APPRART	APPRART
PIS	71	104	Anderen	ADJA	PIS
_	71	105	ein	ART	ART
_	71	106	fließendes	ADJA	ADJA
_	71	107	und	KON	KON
_	71	108	öliges	ADJA	ADJA
_	71	109	/	$(	$(
_	71	110	ein	ART	ART
NN	71	111	Petroleum	FM	NN
_	71	112	oder	KON	KON
NN	71	113	Steinöl	NE	NN
_	71	114	/	$(	$(
_	71	115	oder	KON	KON
NN	71	116	Naphtha	NE	NN
_	71	117	,	$,	$,
_	71	118	oder	KON	KON
_	71	119	demselben	PDAT	PDAT
NN	71	120	Analogum	NE	NN
_	71	121	.	$.	$.
_	72	1	(	$(	$(
VVFIN	72	2	besehe	FM	VVFIN
APPR	72	3	von	FM	APPR
ART	72	4	der	FM	ART
FM	72	5	Naphtha	FM	NN
FM	72	6	Plutarchum	FM	NN
APPR	72	7	in	FM	APPR
FM	72	8	Vita	FM	NE
FM	72	9	Alexandri	FM	NE
FM	72	10	Magni	FM	NE
_	72	11	.	$.	$.
_	73	1	)	$(	$(
_	73	2	dessen	PDS	PDS
_	73	3	die	ART	ART
NN	73	4	Öltröpflein	NE	NN
_	73	5	Zeugnis	NN	NN
_	73	6	sind	VAFIN	VAFIN
_	73	7	/	$(	$(
APPR	73	8	beneben	APPR	VVFIN
_	73	9	dem	ART	ART
_	73	10	/	$(	$(
_	73	11	dass	KOUS	KOUS
_	73	12	das	ART	ART
_	73	13	Wasser	NN	NN
_	73	14	wie	KOKOM	KOKOM
_	73	15	ein	ART	ART
NN	73	16	Öl	NE	NN
_	73	17	durch	APPR	APPR
_	73	18	die	ART	ART
_	73	19	Töpfe	NN	NN
_	73	20	dringt	VVFIN	VVFIN
_	73	21	/	$(	$(
_	73	22	und	KON	KON
_	73	23	eines	ART	ART
ADJA	73	24	verbrannten	VVFIN	ADJA
_	73	25	Fettes	NN	NN
_	73	26	Geruch	NN	NN
_	73	27	beim	APPRART	APPRART
_	73	28	Feuer	NN	NN
_	73	29	von	APPR	APPR
_	73	30	sich	PRF	PRF
_	73	31	gibt	VVFIN	VVFIN
_	73	32	/	$(	$(
_	73	33	und	KON	KON
ADV	73	34	denn	KON	ADV
_	73	35	zum	APPRART	APPRART
NN	73	36	Dritten	ADJA	NN
_	73	37	/	$(	$(
_	73	38	mittelmäßiger	ADJA	ADJA
_	73	39	Art	NN	NN
_	73	40	einer	ART	ART
_	73	41	Ambra	NN	NN
ADV	73	42	gleich	ADV	PTKVZ
_	73	43	.	$.	$.
CARD	74	1	2.	NE	CARD
PDS	75	1	dieses	PDAT	PDS
VVFIN	75	2	bekräftigen	VVINF	VVFIN
_	75	3	auch	ADV	ADV
ADV	75	4	ferner	ADV	ADJD
_	75	5	nicht	PTKNEG	PTKNEG
ADV	75	6	wenig	PIS	ADV
_	75	7	die	ART	ART
_	75	8	Wirkung	NN	NN
_	75	9	oder	KON	KON
_	75	10	Tugenden	NN	NN
_	75	11	dieses	PDAT	PDAT
NN	75	12	Brunnens	NE	NN
_	75	13	/	$(	$(
_	75	14	von	APPR	APPR
PRELS	75	15	welchen	PWAT	PIS
_	75	16	unten	ADV	ADV
_	75	17	wird	VAFIN	VAFIN
_	75	18	gemeldet	VVPP	VVPP
_	75	19	werden	VAINF	VAINF
_	75	20	/	$(	$(
KOUS	75	21	sintemal	KOUS	ADV
PDS	75	22	dieselbigen	PDAT	ADJA
PIS	75	23	alle	PIAT	PIAT
PDS	75	24	solche	PIAT	PIS
_	75	25	sind	VAFIN	VAFIN
_	75	26	/	$(	$(
_	75	27	dergleichen	PIS	PIS
_	75	28	den	ART	ART
_	75	29	Bituminibus	NN	NN
_	75	30	oder	KON	KON
_	75	31	Erdpechen	NN	NN
_	75	32	und	KON	KON
ADV	75	33	insonderheit	ADV	NN
_	75	34	auch	ADV	ADV
_	75	35	der	ART	ART
_	75	36	Ambra	NN	NN
_	75	37	von	APPR	APPR
ADJA	75	38	verständigen	VVINF	ADJA
NN	75	39	Medizis	NE	NN
_	75	40	zugeschrieben	VVPP	VVPP
_	75	41	werden	VAINF	VAINF
_	75	42	.	$.	$.
ADJA	76	1	3.	NE	ADJA
_	76	2	über	APPR	APPR
PDS	76	3	das	ART	PDS
_	76	4	so	ADV	ADV
_	76	5	haben	VAFIN	VAFIN
_	76	6	die	ART	ART
_	76	7	gelehrten	ADJA	ADJA
_	76	8	Leute	NN	NN
_	76	9	durch	APPR	APPR
_	76	10	langwierige	ADJA	ADJA
_	76	11	Erfahrung	NN	NN
VVPP	76	12	erforscht	VVFIN	VVPP
_	76	13	/	$(	$(
KOUS	76	14	das	ART	PDS
_	76	15	fast	ADV	ADV
_	76	16	allezeit	ADV	ADV
_	76	17	/	$(	$(
_	76	18	wo	PWAV	PWAV
PDAT	76	19	solche	PIAT	PIAT
_	76	20	heilsamen	ADJA	ADJA
_	76	21	Wasser	NN	NN
_	76	22	/	$(	$(
_	76	23	Bäder	NN	NN
_	76	24	oder	KON	KON
_	76	25	Brunnen	NN	NN
_	76	26	sein	VAINF	VAINF
_	76	27	/	$(	$(
_	76	28	die	ART	ART
PIAT	76	29	jenigen	PIAT	ADJA
_	76	30	oder	KON	KON
_	76	31	dergleichen	PIS	PIS
_	76	32	Bergarten	NN	NN
_	76	33	und	KON	KON
_	76	34	Mineralien	NN	NN
_	76	35	/	$(	$(
_	76	36	mit	APPR	APPR
PRELS	76	37	welchen	PWAT	PIS
_	76	38	die	ART	ART
_	76	39	medizinischen	ADJA	ADJA
_	76	40	und	KON	KON
_	76	41	zur	APPRART	APPRART
_	76	42	Arznei	NN	NN
_	76	43	dienenden	ADJA	ADJA
_	76	44	Wasser	NN	NN
VVPP	76	45	vermischt	VVFIN	VVPP
_	76	46	/	$(	$(
_	76	47	und	KON	KON
_	76	48	von	APPR	APPR
PRELS	76	49	welchen	PWAT	PIS
_	76	50	sie	PPER	PPER
_	76	51	ihre	PPOSAT	PPOSAT
_	76	52	Natur	NN	NN
_	76	53	und	KON	KON
_	76	54	Kraft	NN	NN
_	76	55	haben	VAFIN	VAFIN
_	76	56	/	$(	$(
PAV	76	57	daselbst	PAV	ADV
_	76	58	oder	KON	KON
_	76	59	in	APPR	APPR
_	76	60	der	ART	ART
_	76	61	Nähe	NN	NN
_	76	62	gefunden	VVPP	VVPP
_	76	63	und	KON	KON
_	76	64	ausgegraben	VVPP	VVPP
_	76	65	werden	VAINF	VAINF
_	76	66	.	$.	$.
_	77	1	nun	ADV	ADV
_	77	2	aber	ADV	ADV
_	77	3	findet	VVFIN	VVFIN
_	77	4	man	PIS	PIS
_	77	5	nicht	PTKNEG	PTKNEG
_	77	6	weit	ADJD	ADJD
_	77	7	von	APPR	APPR
_	77	8	diesem	PDAT	PDAT
_	77	9	Brunnen	NN	NN
_	77	10	die	ART	ART
_	77	11	Steinkohlen	NN	NN
_	77	12	/	$(	$(
_	77	13	so	ADV	ADV
FM	77	14	lithanthraces	NE	NN
_	77	15	,	$,	$,
FM	77	16	carbones	NE	NE
FM	77	17	bituminosi	NE	NE
_	77	18	,	$,	$,
FM	77	19	terra	NE	NE
FM	77	20	ampelitis	NE	NE
_	77	21	,	$,	$,
FM	77	22	populariter	NE	ADJD
_	77	23	zu	PTKZU	PTKZU
_	77	24	reden	VVINF	VVINF
_	77	25	/	$(	$(
_	77	26	und	KON	KON
_	77	27	vom	APPRART	APPRART
NE	77	28	Theopompos	NE	NN
_	77	29	/	$(	$(
KOUS	77	30	wie	KOKOM	KOUS
_	77	31	es	PPER	PPER
NE	77	32	Solenander	NE	NN
_	77	33	dafür	PAV	PAV
_	77	34	hält	VVFIN	VVFIN
_	77	35	/	$(	$(
FM	77	36	pix	NE	NE
FM	77	37	fossiliis	NE	NE
_	77	38	genannt	VVPP	VVPP
_	77	39	werden	VAINF	VAINF
_	77	40	/	$(	$(
_	77	41	und	KON	KON
_	77	42	gräbt	VVFIN	VVFIN
_	77	43	sie	PPER	PPER
_	77	44	in	APPR	APPR
_	77	45	großer	ADJA	ADJA
_	77	46	Menge	NN	NN
PTKVZ	77	47	aus	APPR	PTKVZ
_	77	48	.	$.	$.
PRELS	78	1	welche	PWAT	PRELS
_	78	2	aber	ADV	ADV
_	78	3	nichts	PIS	PIS
PIS	78	4	anderes	ADV	PIS
_	78	5	sein	VAINF	VAINF
_	78	6	/	$(	$(
_	78	7	als	KOKOM	KOKOM
_	78	8	ein	ART	ART
ADJA	78	9	irdisches	ADJD	ADJA
_	78	10	und	KON	KON
ADJA	78	11	steinhartes	ADJD	ADJA
_	78	12	Bitumen	NN	NN
_	78	13	,	$,	$,
KOUS	78	14	wie	PWAV	KOUS
PDS	78	15	solches	PIAT	PIS
_	78	16	bezeugen	VVFIN	VVFIN
NE	78	17	Reinerus	NN	NE
_	78	18	Solenander	NE	NE
FM	78	19	capite	NE	NE
FM	78	20	sæpius	NE	NE
FM	78	21	citato	NE	NE
_	78	22	.	$.	$.
FM	78	23	pag.	NN	VVFIN
_	78	24	93.	ADJA	ADJA
_	78	25	Georgius	NE	NE
NE	78	26	Agricola	NN	NE
NN	78	27	libr.	NN	NE
_	78	28	4.	ADJA	ADJA
FM	78	29	de	NE	NE
FM	78	30	natura	FM	NE
FM	78	31	foßilium	NE	NN
_	78	32	.	$.	$.
FM	78	33	pag.	NN	VVFIN
_	78	34	233.	ADJA	ADJA
_	78	35	Cæsalpinus	NE	NE
_	78	36	de	NE	NE
FM	78	37	Metallicis.	NN	NE
NN	78	38	lib.	NN	NE
_	78	39	2.	ADJA	ADJA
NN	78	40	cap.	NN	ADJA
_	78	41	53.	ADJA	ADJA
_	78	42	und	KON	KON
ADV	78	43	insonderheit	ADV	NN
_	78	44	der	ART	ART
ADJA	78	45	hochberühmte	NN	ADJA
NN	78	46	Philosophus	NE	NN
_	78	47	und	KON	KON
_	78	48	Medikus	NN	NN
_	78	49	unserer	PPOSAT	PPOSAT
_	78	50	Zeiten	NN	NN
_	78	51	/	$(	$(
_	78	52	Doktor	NN	NN
_	78	53	Andreas	NE	NE
_	78	54	Libavius	NE	NE
_	78	55	in	APPR	APPR
_	78	56	seinen	PPOSAT	PPOSAT
FM	78	57	singularibus	NE	NN
_	78	58	,	$,	$,
FM	78	59	parte	NE	NN
FM	78	60	tertia	NE	NE
_	78	61	.	$.	$.
NN	78	62	lib	ADJD	NE
_	78	63	.	$.	$.
_	79	1	3.	ADJA	ADJA
NN	79	2	cap.	NN	ADJA
_	79	3	10	CARD	CARD
_	79	4	.	$.	$.
_	80	1	an	APPR	APPR
PRELAT	80	2	welchem	PWAT	PRELS
_	80	3	Ort	NN	NN
_	80	4	er	PPER	PPER
_	80	5	allerlei	PIAT	PIAT
_	80	6	Arten	NN	NN
_	80	7	des	ART	ART
_	80	8	Erdpechs	NN	NN
_	80	9	und	KON	KON
_	80	10	was	PWS	PWS
_	80	11	dem	ART	ART
_	80	12	angehörig	ADJD	ADJD
_	80	13	/	$(	$(
_	80	14	oder	KON	KON
_	80	15	damit	PAV	PAV
_	80	16	Gemeinschaft	NN	NN
_	80	17	hat	VAFIN	VAFIN
_	80	18	/	$(	$(
_	80	19	ausführlich	ADJD	ADJD
_	80	20	/	$(	$(
_	80	21	eigentlich	ADV	ADV
_	80	22	/	$(	$(
_	80	23	und	KON	KON
_	80	24	gründlich	ADJD	ADJD
_	80	25	hat	VAFIN	VAFIN
_	80	26	beschrieben	VVPP	VVPP
_	80	27	/	$(	$(
_	80	28	von	APPR	APPR
PRELS	80	29	welchen	PWAT	PIS
_	80	30	aber	ADV	ADV
_	80	31	ich	PPER	PPER
ADV	80	32	hie	ADV	VVFIN
_	80	33	dieses	PDAT	PDAT
_	80	34	Orts	NN	NN
_	80	35	nur	ADV	ADV
_	80	36	in	APPR	APPR
_	80	37	gemein	ADJD	ADJD
_	80	38	und	KON	KON
_	80	39	ohne	APPR	APPR
_	80	40	genauen	ADJA	ADJA
_	80	41	Unterschied	NN	NN
_	80	42	reden	VVINF	VVINF
_	80	43	wollen	VMFIN	VMFIN
_	80	44	.	$.	$.
_	81	1	ist	VAFIN	VAFIN
_	81	2	also	ADV	ADV
_	81	3	dieses	PDAT	PDAT
_	81	4	meine	PPOSAT	PPOSAT
_	81	5	gründliche	ADJA	ADJA
_	81	6	Meinung	NN	NN
_	81	7	von	APPR	APPR
_	81	8	des	ART	ART
_	81	9	Brunnens	NN	NN
_	81	10	Natur	NN	NN
_	81	11	oder	KON	KON
NN	81	12	Minera	NN	NE
_	81	13	/	$(	$(
_	81	14	so	ADV	ADV
_	81	15	er	PPER	PPER
_	81	16	in	APPR	APPR
_	81	17	sich	PRF	PRF
_	81	18	hält	VVFIN	VVFIN
_	81	19	.	$.	$.
_	82	1	zum	APPRART	APPRART
_	82	2	Überfluss	NN	NN
_	82	3	aber	ADV	ADV
_	82	4	soll	VMFIN	VMFIN
_	82	5	es	PPER	PPER
_	82	6	nicht	PTKNEG	PTKNEG
_	82	7	genug	ADV	ADV
_	82	8	sein	VAINF	VAINF
_	82	9	/	$(	$(
_	82	10	dass	KOUS	KOUS
_	82	11	ich	PPER	PPER
_	82	12	meine	PPOSAT	PPOSAT
_	82	13	Meinung	NN	NN
_	82	14	mit	APPR	APPR
_	82	15	angezogenen	ADJA	ADJA
_	82	16	Gründen	NN	NN
_	82	17	und	KON	KON
NN	82	18	Argumentis	NE	NN
VVPP	82	19	bekräftigt	VVFIN	VVPP
_	82	20	habe	VAFIN	VAFIN
_	82	21	/	$(	$(
_	82	22	sondern	KON	KON
_	82	23	ich	PPER	PPER
_	82	24	will	VMFIN	VMFIN
_	82	25	auch	ADV	ADV
_	82	26	/	$(	$(
PAV	82	27	damit	PAV	KOUS
_	82	28	das	ART	ART
PDS	82	29	jenige	PIAT	PDAT
_	82	30	/	$(	$(
PRELS	82	31	was	PWS	PRELS
_	82	32	mir	PPER	PPER
_	82	33	im	APPRART	APPRART
_	82	34	Wege	NN	NN
_	82	35	steht	VVFIN	VVFIN
_	82	36	/	$(	$(
_	82	37	und	KON	KON
_	82	38	mir	PPER	PPER
PTKA	82	39	zu	PTKZU	PTKA
ADJD	82	40	wider	APPR	PTKVZ
_	82	41	/	$(	$(
_	82	42	weggeräumt	VVPP	VVPP
_	82	43	werde	VAFIN	VAFIN
_	82	44	/	$(	$(
PIAT	82	45	andere	ADJA	PIS
_	82	46	der	ART	ART
PPOSS	82	47	meinigen	PPOSAT	ADJA
PTKA	82	48	zu	PTKZU	APPR
ADJA	82	49	wider	APPR	APPR
ADJA	82	50	laufende	NE	ADJA
_	82	51	Meinung	NN	NN
_	82	52	/	$(	$(
_	82	53	so	ADV	ADV
_	82	54	auch	ADV	ADV
_	82	55	ihren	PPOSAT	PPOSAT
_	82	56	Grund	NN	NN
_	82	57	und	KON	KON
_	82	58	Beweis	NN	NN
_	82	59	haben	VAFIN	VAFIN
_	82	60	/	$(	$(
_	82	61	nach	APPR	APPR
_	82	62	Vermögen	NN	NN
_	82	63	widerlegen	VVINF	VVINF
_	82	64	und	KON	KON
VVINF	82	65	ablehnen	VVFIN	VVINF
_	82	66	.	$.	$.
_	83	1	und	KON	KON
ADV	83	2	erstlich	ADV	ADJD
_	83	3	werde	VAFIN	VAFIN
_	83	4	ich	PPER	PPER
VVPP	83	5	berichtet	VVFIN	VVPP
_	83	6	/	$(	$(
_	83	7	das	ART	ART
PIS	83	8	etliche	PIAT	PIS
_	83	9	der	ART	ART
_	83	10	Meinung	NN	NN
VAFIN	83	11	seien	VAINF	VAFIN
_	83	12	/	$(	$(
_	83	13	dass	KOUS	KOUS
_	83	14	dieser	PDAT	PDAT
_	83	15	Brunnen	NN	NN
_	83	16	seine	PPOSAT	PPOSAT
_	83	17	Kraft	NN	NN
_	83	18	vom	APPRART	APPRART
_	83	19	Gold	NN	NN
_	83	20	vornehmlich	ADJD	ADJD
_	83	21	habe	VAFIN	VAFIN
_	83	22	/	$(	$(
_	83	23	aus	APPR	APPR
_	83	24	folgenden	ADJA	ADJA
_	83	25	Ursachen	NN	NN
_	83	26	und	KON	KON
_	83	27	Gründen	NN	NN
_	83	28	.	$.	$.
ADV	84	1	erstlich	ADV	ADJD
_	84	2	weil	KOUS	KOUS
_	84	3	dieser	PDAT	PDAT
_	84	4	Brunnen	NN	NN
_	84	5	die	ART	ART
_	84	6	äußerste	ADJA	ADJA
_	84	7	sonst	ADV	ADV
_	84	8	fast	ADV	ADV
_	84	9	und	KON	KON
_	84	10	unheilbare	ADJA	ADJA
_	84	11	Lähme	NN	NN
_	84	12	heilt	VVFIN	VVFIN
_	84	13	/	$(	$(
_	84	14	auch	ADV	ADV
PIAT	84	15	andere	ADJA	PIAT
_	84	16	Tugenden	NN	NN
_	84	17	mehr	ADV	ADV
_	84	18	hat	VAFIN	VAFIN
_	84	19	/	$(	$(
_	84	20	so	ADV	ADV
_	84	21	dem	ART	ART
_	84	22	Gold	NN	NN
_	84	23	zugeschrieben	VVPP	VVPP
_	84	24	werden	VAINF	VAINF
_	84	25	/	$(	$(
KOUS	84	26	inmassen	KOUS	VVFIN
_	84	27	die	ART	ART
NN	84	28	Chymici	NE	NN
_	84	29	eben	ADV	ADV
PDS	84	30	das	ART	ART
_	84	31	/	$(	$(
PRELS	84	32	was	PWS	PRELS
_	84	33	dieser	PDAT	PDAT
_	84	34	Brunnen	NN	NN
_	84	35	vermag	VVFIN	VVFIN
_	84	36	/	$(	$(
_	84	37	mit	APPR	APPR
_	84	38	ihrem	PPOSAT	PPOSAT
FM	84	39	auro	NE	ADJA
FM	84	40	potabili	NE	NE
_	84	41	auszurichten	VVIZU	VVIZU
VVFIN	84	42	vermeinen	VVFIN	VVINF
_	84	43	.	$.	$.
_	85	1	zum	APPRART	APPRART
PIS	85	2	Anderen	ADJA	PIS
_	85	3	/	$(	$(
_	85	4	weil	KOUS	KOUS
_	85	5	dieser	PDAT	PDAT
_	85	6	Brunnen	NN	NN
_	85	7	/	$(	$(
PRELS	85	8	welcher	PWAT	PWS
_	85	9	doch	ADV	ADV
_	85	10	mit	APPR	APPR
_	85	11	so	ADV	ADV
PIAT	85	12	vielen	ADV	PIAT
_	85	13	herrlichen	ADJA	ADJA
_	85	14	Tugenden	NN	NN
_	85	15	und	KON	KON
_	85	16	Kräften	NN	NN
VVPP	85	17	begabt	ADJD	VVPP
_	85	18	/	$(	$(
_	85	19	keinen	PIAT	PIAT
_	85	20	sonderlichen	ADJA	ADJA
_	85	21	Geschmack	NN	NN
_	85	22	hat	VAFIN	VAFIN
_	85	23	/	$(	$(
_	85	24	daraus	PAV	PAV
PIS	85	25	einer	ART	PIS
_	85	26	wohl	ADV	ADV
_	85	27	schließen	VVINF	VVINF
_	85	28	könnte	VMFIN	VMFIN
_	85	29	/	$(	$(
_	85	30	dass	KOUS	KOUS
PDAT	85	31	solche	PIAT	PIAT
_	85	32	Kraft	NN	NN
_	85	33	des	ART	ART
_	85	34	Wassers	NN	NN
_	85	35	von	APPR	APPR
_	85	36	keinem	PIAT	PIAT
_	85	37	Erdsaft	NN	NN
_	85	38	oder	KON	KON
PIAT	85	39	anderer	ADJA	PIAT
_	85	40	Bergart	NN	NN
_	85	41	und	KON	KON
_	85	42	Metall	NN	NN
_	85	43	/	$(	$(
_	85	44	sondern	KON	KON
_	85	45	fast	ADV	ADV
_	85	46	einig	ADJD	ADJD
_	85	47	und	KON	KON
_	85	48	allein	ADV	ADV
_	85	49	vom	APPRART	APPRART
_	85	50	Gold	NN	NN
_	85	51	oder	KON	KON
_	85	52	Silber	NN	NN
_	85	53	herkomme	VVFIN	VVFIN
_	85	54	.	$.	$.
ADJA	86	1	3.	NE	CARD
_	87	1	so	ADV	ADV
_	87	2	soll	VMFIN	VMFIN
_	87	3	auch	ADV	ADV
PDAT	87	4	solches	PIAT	PIS
_	87	5	der	ART	ART
_	87	6	Augenschein	NN	NN
_	87	7	geben	VVINF	VVINF
_	87	8	/	$(	$(
_	87	9	in	APPR	APPR
_	87	10	dem	ART	ART
_	87	11	/	$(	$(
KOUS	87	12	wie	KOKOM	KOUS
PIS	87	13	etliche	PIAT	PIS
_	87	14	sagen	VVINF	VVINF
_	87	15	/	$(	$(
_	87	16	der	ART	ART
_	87	17	Brunnen	NN	NN
_	87	18	kleine	ADJA	ADJA
_	87	19	Goldkörnlein	NN	NN
_	87	20	mit	APPR	APPR
_	87	21	sich	PRF	PRF
_	87	22	bringt	VVFIN	VVFIN
_	87	23	/	$(	$(
PRELS	87	24	welches	PRELS	PWS
_	87	25	in	APPR	APPR
_	87	26	der	ART	ART
_	87	27	Quelle	NN	NN
_	87	28	und	KON	KON
_	87	29	im	APPRART	APPRART
_	87	30	Sande	NN	NN
_	87	31	zu	PTKZU	PTKZU
_	87	32	sehen	VVINF	VVINF
_	87	33	/	$(	$(
_	87	34	wenn	KOUS	KOUS
_	87	35	er	PPER	PPER
_	87	36	ausgeschöpft	VVPP	VVPP
_	87	37	.	$.	$.
ADJA	88	1	4.	NE	ADJA
ADV	88	2	item	NN	ADV
_	88	3	weil	KOUS	KOUS
_	88	4	unten	ADV	ADV
_	88	5	auf	APPR	APPR
_	88	6	dem	ART	ART
_	88	7	Grunde	NN	NN
_	88	8	rote	ADJA	ADJA
_	88	9	Steinlein	NN	NN
_	88	10	/	$(	$(
PRELS	88	11	welche	PWAT	PRELS
_	88	12	/	$(	$(
KOUS	88	13	wie	KOKOM	KOUS
_	88	14	ich	PPER	PPER
_	88	15	selbsten	ADV	ADV
_	88	16	weiß	VVFIN	VVFIN
_	88	17	/	$(	$(
_	88	18	den	ART	ART
_	88	19	Kindern	NN	NN
_	88	20	mit	APPR	APPR
_	88	21	großem	ADJA	ADJA
_	88	22	Nutzen	NN	NN
_	88	23	vor	APPR	APPR
_	88	24	die	ART	ART
_	88	25	schwere	ADJA	ADJA
_	88	26	Not	NN	NN
_	88	27	eingegeben	VVPP	VVPP
_	88	28	worden	VAPP	VAPP
_	88	29	.	$.	$.
ADJA	89	1	5.	NE	CARD
_	90	1	ein	ART	ART
_	90	2	vornehmer	ADJA	ADJA
_	90	3	Chymicus	NE	NE
KOUS	90	4	als	KOKOM	KOUS
_	90	5	er	PPER	PPER
_	90	6	den	ART	ART
_	90	7	Brunnen	NN	NN
_	90	8	destilliert	VVPP	VVPP
_	90	9	/	$(	$(
_	90	10	hat	VAFIN	VAFIN
_	90	11	auf	APPR	APPR
_	90	12	dem	ART	ART
_	90	13	Grunde	NN	NN
_	90	14	ein	ART	ART
ADJA	90	15	rötliches	ADJD	ADJA
NN	90	16	Sedimentum	NE	NN
_	90	17	,	$,	$,
PAV	90	18	darinnen	ADV	VVFIN
_	90	19	weiße	ADJA	ADJA
_	90	20	Pünktlein	NN	NN
_	90	21	oder	KON	KON
NN	90	22	Tiiplein	NE	NN
_	90	23	gewesen	VAPP	VAPP
_	90	24	/	$(	$(
_	90	25	gefunden	VVPP	VVPP
_	90	26	/	$(	$(
_	90	27	welches	PRELS	PRELS
_	90	28	er	PPER	PPER
_	90	29	vor	APPR	APPR
_	90	30	eine	ART	ART
_	90	31	gewisse	ADJA	ADJA
_	90	32	Anzeigung	NN	NN
_	90	33	gehalten	VVPP	VVPP
_	90	34	/	$(	$(
_	90	35	dass	KOUS	KOUS
_	90	36	dieser	PDAT	PDAT
_	90	37	Brunnen	NN	NN
_	90	38	von	APPR	APPR
_	90	39	Gold	NN	NN
_	90	40	und	KON	KON
_	90	41	Silber	NN	NN
_	90	42	/	$(	$(
PRELS	90	43	welches	PRELS	PWS
_	90	44	aber	ADV	ADV
_	90	45	noch	ADV	ADV
_	90	46	nicht	PTKNEG	PTKNEG
_	90	47	zeitig	ADJD	ADJD
_	90	48	/	$(	$(
_	90	49	herkäme	VVFIN	VVFIN
_	90	50	/	$(	$(
_	90	51	und	KON	KON
_	90	52	seine	PPOSAT	PPOSAT
_	90	53	Mineram	NN	NN
_	90	54	hätte	VAFIN	VAFIN
_	90	55	.	$.	$.
_	91	1	zwar	ADV	ADV
_	91	2	ich	PPER	PPER
_	91	3	muss	VMFIN	VMFIN
VVINF	91	4	bekennen	VVFIN	VVINF
_	91	5	/	$(	$(
_	91	6	dass	KOUS	KOUS
_	91	7	ich	PPER	PPER
_	91	8	im	APPRART	APPRART
_	91	9	Anfang	NN	NN
_	91	10	/	$(	$(
_	91	11	ehe	KOUS	KOUS
_	91	12	dann	ADV	ADV
_	91	13	ich	PPER	PPER
PDAT	91	14	dieses	PDS	PDAT
_	91	15	Wasser	NN	NN
_	91	16	zu	PTKZU	PTKZU
_	91	17	probieren	VVINF	VVINF
_	91	18	bekommen	VVINF	VVINF
VMINF	91	19	können	VMFIN	VMINF
_	91	20	/	$(	$(
PRF	91	21	mich	PPER	PRF
_	91	22	durch	APPR	APPR
_	91	23	den	ART	ART
_	91	24	ersten	ADJA	ADJA
_	91	25	und	KON	KON
PIAT	91	26	anderen	ADJA	PIS
_	91	27	Beweis	NN	NN
_	91	28	habe	VAFIN	VAFIN
_	91	29	bewegen	VVINF	VVINF
_	91	30	lassen	VVINF	VVINF
_	91	31	/	$(	$(
_	91	32	dass	KOUS	KOUS
_	91	33	ich	PPER	PPER
_	91	34	fast	ADV	ADV
_	91	35	eben	ADV	ADV
_	91	36	dieser	PDAT	PDAT
_	91	37	Meinung	NN	NN
_	91	38	gewesen	VAPP	VAPP
_	91	39	/	$(	$(
PRF	91	40	mich	PPER	PRF
_	91	41	auch	ADV	ADV
_	91	42	bei	APPR	APPR
PIS	91	43	etlichen	ADJA	PIAT
APPR	91	44	zu	PTKZU	APPR
_	91	45	derselben	PDAT	PDAT
_	91	46	Meinung	NN	NN
VVPP	91	47	bekannt	VVFIN	ADJD
_	91	48	.	$.	$.
_	92	1	nach	APPR	APPR
PDS	92	2	dem	ART	ART
_	92	3	ich	PPER	PPER
_	92	4	aber	ADV	ADV
_	92	5	den	ART	ART
_	92	6	Sachen	NN	NN
_	92	7	weiter	ADV	ADV
VVPP	92	8	nachgegangen	NN	VVPP
_	92	9	/	$(	$(
_	92	10	habe	VAFIN	VAFIN
_	92	11	ich	PPER	PPER
_	92	12	befunden	VVPP	VVPP
_	92	13	/	$(	$(
_	92	14	dass	KOUS	KOUS
PRF	92	15	sich	PPER	PRF
_	92	16	es	PPER	PPER
_	92	17	in	APPR	APPR
_	92	18	der	ART	ART
_	92	19	Wahrheit	NN	NN
_	92	20	anders	ADV	ADV
_	92	21	verhalte	VVFIN	VVFIN
_	92	22	/	$(	$(
_	92	23	und	KON	KON
_	92	24	diese	PDAT	PDAT
_	92	25	Meinung	NN	NN
_	92	26	nicht	PTKNEG	PTKNEG
_	92	27	Stadt	NN	NN
_	92	28	und	KON	KON
_	92	29	Raum	NN	NN
VAINF	92	30	haben	VAFIN	VAINF
_	92	31	könne	VMFIN	VMFIN
_	92	32	.	$.	$.
KOUS	92	33	sintemal	KOUS	ADV
ADJA	92	34	1.	NE	ADV
_	92	35	das	ART	ART
NN	92	36	Sedimentum	NE	NN
_	92	37	brennt	VVFIN	VVFIN
_	92	38	/	$(	$(
PRELS	92	39	welches	PRELS	PWS
_	92	40	so	ADV	ADV
_	92	41	es	PPER	PPER
_	92	42	von	APPR	APPR
_	92	43	einem	ART	ART
_	92	44	Gold	NN	NN
_	92	45	oder	KON	KON
_	92	46	Silber	NN	NN
_	92	47	/	$(	$(
_	92	48	es	PPER	PPER
_	92	49	wäre	VAFIN	VAFIN
_	92	50	zeitig	ADJD	ADJD
_	92	51	oder	KON	KON
_	92	52	unzeitig	ADJD	ADJD
_	92	53	/	$(	$(
_	92	54	herrührte	VVFIN	VVFIN
_	92	55	/	$(	$(
_	92	56	nicht	PTKNEG	PTKNEG
_	92	57	also	ADV	ADV
ADV	92	58	leichtlich	ADJD	ADV
VVINF	92	59	geschehen	VVPP	VVINF
_	92	60	könnte	VMFIN	VMFIN
_	92	61	.	$.	$.
ADJA	93	1	2.	NE	ADV
_	93	2	dieweil	KOUS	KOUS
_	93	3	ich	PPER	PPER
_	93	4	halte	VVFIN	VVFIN
_	93	5	/	$(	$(
KOUS	93	6	das	ART	ART
_	93	7	mit	APPR	APPR
_	93	8	wenigem	PIAT	PIAT
_	93	9	Grund	NN	NN
_	93	10	gesagt	VVPP	VVPP
_	93	11	werde	VAFIN	VAFIN
_	93	12	/	$(	$(
KOUS	93	13	das	ART	ART
_	93	14	eigentlich	ADV	ADV
_	93	15	zu	PTKZU	PTKZU
_	93	16	reden	VVINF	VVINF
_	93	17	/	$(	$(
ADJA	93	18	unreifes	ADJD	ADJA
_	93	19	Gold	NN	NN
_	93	20	oder	KON	KON
_	93	21	Silber	NN	NN
_	93	22	sei	VAFIN	VAFIN
_	93	23	/	$(	$(
KOUS	93	24	sintemal	KOUS	ADV
_	93	25	es	PPER	PPER
_	93	26	wider	APPR	APPR
_	93	27	die	ART	ART
_	93	28	Natur	NN	NN
_	93	29	und	KON	KON
FM	93	30	rationem	NE	ADJA
FM	93	31	generationis	NE	ADJA
FM	93	32	horum	NE	NN
FM	93	33	metallorum	NE	ADJD
_	93	34	in	APPR	APPR
FM	93	35	terræ	NE	ADJA
FM	93	36	visceribus	NE	NN
_	93	37	läuft	VVFIN	VVFIN
_	93	38	/	$(	$(
_	93	39	dass	KOUS	KOUS
_	93	40	sie	PPER	PPER
ADV	93	41	gleich	ADV	ADJD
_	93	42	wie	KOKOM	KOKOM
_	93	43	die	ART	ART
NN	93	44	Äpfel	NE	NN
_	93	45	und	KON	KON
_	93	46	Birnen	NN	NN
_	93	47	auf	APPR	APPR
_	93	48	den	ART	ART
_	93	49	Bäumen	NN	NN
_	93	50	allgemachsam	ADJD	ADJD
_	93	51	reif	ADJD	ADJD
_	93	52	werden	VAINF	VAINF
_	93	53	sollten	VMFIN	VMFIN
_	93	54	.	$.	$.
_	94	1	es	PPER	PPER
_	94	2	ist	VAFIN	VAFIN
_	94	3	auch	ADV	ADV
_	94	4	niemals	ADV	ADV
VVPP	94	5	erfahren	VVINF	VVPP
_	94	6	worden	VAPP	VAPP
_	94	7	/	$(	$(
_	94	8	dass	KOUS	KOUS
_	94	9	die	ART	ART
_	94	10	Bergleute	NN	NN
_	94	11	jemals	ADV	ADV
_	94	12	unter	APPR	APPR
_	94	13	der	ART	ART
_	94	14	Erde	NN	NN
ADJA	94	15	unreifes	ADJD	ADJA
_	94	16	Gold	NN	NN
_	94	17	oder	KON	KON
_	94	18	Silber	NN	NN
_	94	19	angetroffen	VVPP	VVPP
_	94	20	hätten	VAFIN	VAFIN
_	94	21	/	$(	$(
PRELS	94	22	welches	PRELS	PWS
_	94	23	doch	ADV	ADV
_	94	24	nicht	PTKNEG	PTKNEG
_	94	25	möglich	ADJD	ADJD
_	94	26	gewesen	VAPP	VAPP
_	94	27	wäre	VAFIN	VAFIN
_	94	28	/	$(	$(
_	94	29	so	ADV	ADV
_	94	30	desselben	PDS	PDS
PIS	94	31	etwas	PIS	ADV
_	94	32	unter	APPR	APPR
_	94	33	der	ART	ART
_	94	34	Erde	NN	NN
_	94	35	vorhanden	ADJD	ADJD
_	94	36	/	$(	$(
_	94	37	oder	KON	KON
_	94	38	da	ADV	ADV
_	94	39	die	ART	ART
_	94	40	Metalle	NN	NN
_	94	41	unter	APPR	APPR
_	94	42	der	ART	ART
_	94	43	Erde	NN	NN
_	94	44	allgemachsam	ADJD	ADJD
VVPP	94	45	perfiziert	NE	VVPP
_	94	46	und	KON	KON
_	94	47	zeitig	ADJD	ADJD
_	94	48	würden	VAFIN	VAFIN
_	94	49	.	$.	$.
_	95	1	denn	KON	KON
_	95	2	was	PWS	PWS
_	95	3	der	ART	ART
_	95	4	gottselige	ADJA	ADJA
_	95	5	und	KON	KON
_	95	6	hoch	ADJD	ADJD
_	95	7	erfahrene	ADJA	ADJA
_	95	8	Herr	NN	NN
_	95	9	Magister	NN	NN
_	95	10	Johannes	NE	NE
_	95	11	Matthesius	NE	NE
ADJA	95	12	christlicher	NN	ADJA
_	95	13	Gedächtnis	NN	NN
_	95	14	/	$(	$(
_	95	15	in	APPR	APPR
_	95	16	seiner	PPOSAT	PPOSAT
_	95	17	Bergpostille	NN	NN
_	95	18	in	APPR	APPR
_	95	19	der	ART	ART
_	95	20	dritten	ADJA	ADJA
_	95	21	Predigt	NN	NN
_	95	22	für	APPR	APPR
NN	95	23	Experimenta	NE	NN
VVFIN	95	24	anzeucht	NN	VVFIN
_	95	25	/	$(	$(
_	95	26	damit	PAV	PAV
_	95	27	zu	PTKZU	PTKZU
VVINF	95	28	behaupten	VVFIN	VVINF
_	95	29	/	$(	$(
_	95	30	dass	KOUS	KOUS
_	95	31	die	ART	ART
_	95	32	Metalle	NN	NN
_	95	33	von	APPR	APPR
_	95	34	Jahr	NN	NN
APPR	95	35	zu	PTKZU	APPR
_	95	36	Jahr	NN	NN
_	95	37	/	$(	$(
_	95	38	besser	ADJD	ADJD
_	95	39	/	$(	$(
ADJD	95	40	vollkommener	ADJA	ADJD
_	95	41	und	KON	KON
ADJD	95	42	gültiger	ADJA	ADJD
_	95	43	werden	VAINF	VAINF
_	95	44	/	$(	$(
APPR	95	45	bis	VVFIN	KOUS
_	95	46	sie	PPER	PPER
ADJD	95	47	gediegen	ADJD	VVPP
_	95	48	oder	KON	KON
APPR	95	49	zu	PTKZU	APPR
_	95	50	ihrem	PPOSAT	PPOSAT
_	95	51	Stillstand	NN	NN
_	95	52	und	KON	KON
_	95	53	Vollkommenheit	NN	NN
_	95	54	gebracht	VVPP	VVPP
_	95	55	werden	VAINF	VAINF
_	95	56	/	$(	$(
_	95	57	hat	VAFIN	VAFIN
_	95	58	viel	ADV	ADV
_	95	59	eine	ART	ART
PIAT	95	60	andere	ADJA	PIAT
_	95	61	Meinung	NN	NN
_	95	62	und	KON	KON
_	95	63	Ursache	NN	NN
_	95	64	/	$(	$(
_	95	65	und	KON	KON
VVFIN	95	66	lassen	VVINF	VVFIN
_	95	67	die	ART	ART
_	95	68	Philosophi	NN	NN
_	95	69	/	$(	$(
PRELS	95	70	die	ART	ART
_	95	71	nicht	PTKNEG	PTKNEG
_	95	72	oben	ADV	ADV
ADV	95	73	hin	PTKVZ	ADV
_	95	74	nach	APPR	APPR
_	95	75	dem	ART	ART
_	95	76	Ansehen	NN	NN
VVFIN	95	77	urteilen	VVINF	VVINF
_	95	78	/	$(	$(
_	95	79	sondern	KON	KON
_	95	80	der	ART	ART
_	95	81	Natur	NN	NN
_	95	82	Wirkung	NN	NN
_	95	83	eigentlich	ADV	ADV
VVFIN	95	84	erwägen	VVFIN	VVINF
_	95	85	und	KON	KON
VVFIN	95	86	unterscheiden	VVINF	VVINF
_	95	87	/	$(	$(
_	95	88	den	ART	ART
_	95	89	Bergleuten	NN	NN
_	95	90	ihre	PPOSAT	PPOSAT
_	95	91	Art	NN	NN
_	95	92	zu	PTKZU	PTKZU
_	95	93	reden	VVINF	VVINF
_	95	94	:	$.	$.
FM	96	1	Loquentes	FM	ADJA
FM	96	2	cum	FM	NN
FM	96	3	multis	FM	ADJA
$.	96	4	;	$.	$(
FM	96	5	sapientes	FM	ADJA
FM	96	6	cum	FM	NN
FM	96	7	paucis	FM	NE
_	96	8	.	$.	$.
_	97	1	aber	KON	KON
_	97	2	davon	PAV	PAV
_	97	3	ausführlich	ADJD	ADJD
_	97	4	zu	PTKZU	PTKZU
_	97	5	disputieren	VVINF	VVINF
_	97	6	wollte	VMFIN	VMFIN
ADV	97	7	allhier	ADV	ADJA
PTKA	97	8	zu	PTKZU	PTKA
_	97	9	lang	ADJD	ADJD
_	97	10	werden	VAINF	VAINF
_	97	11	.	$.	$.
ADJA	98	1	3.	NE	CARD
_	99	1	man	PIS	PIS
_	99	2	findet	VVFIN	VVFIN
_	99	3	auch	ADV	ADV
_	99	4	in	APPR	APPR
PIAT	99	5	etlichen	ADJA	PIAT
_	99	6	Brunnen	NN	NN
_	99	7	und	KON	KON
_	99	8	fließenden	ADJA	ADJA
_	99	9	Wassern	NN	NN
_	99	10	Goldkörner	NN	NN
_	99	11	und	KON	KON
_	99	12	Goldseifen	NN	NN
_	99	13	/	$(	$(
PRELS	99	14	welche	PWAT	PRELS
_	99	15	aber	ADV	ADV
_	99	16	der	ART	ART
_	99	17	Goldes	NN	NN
_	99	18	Kraft	NN	NN
_	99	19	nicht	PTKNEG	PTKNEG
_	99	20	an	APPR	APPR
_	99	21	sich	PRF	PRF
_	99	22	nehmen	VVINF	VVINF
_	99	23	.	$.	$.
ADJA	100	1	4.	NE	CARD
_	101	1	ich	PPER	PPER
_	101	2	will	VMFIN	VMFIN
VVINF	101	3	geschweigen	VVINF	VVFIN
_	101	4	/	$(	$(
KOUS	101	5	das	ART	PRELS
_	101	6	/	$(	$(
_	101	7	wie	KOKOM	KOKOM
_	101	8	Fallopius	NE	NE
FM	101	9	libro	NE	NE
FM	101	10	de	NE	NE
FM	101	11	aquis	NE	NE
FM	101	12	Thermalibus	NE	NN
NN	101	13	cap.	NN	ADJA
_	101	14	8.	ADJA	ADJA
_	101	15	auch	ADV	ADV
_	101	16	hiervon	PAV	PAV
VVFIN	101	17	disputiert	VVPP	VVFIN
_	101	18	/	$(	$(
_	101	19	fast	ADV	ADV
_	101	20	nicht	PTKNEG	PTKNEG
_	101	21	müglich	ADJD	ADJD
_	101	22	sei	VAFIN	VAFIN
_	101	23	/	$(	$(
_	101	24	dass	KOUS	KOUS
_	101	25	sich	PRF	PRF
_	101	26	das	ART	ART
_	101	27	schlechte	ADJA	ADJA
_	101	28	Wasser	NN	NN
_	101	29	mit	APPR	APPR
_	101	30	dem	ART	ART
_	101	31	Gold	NN	NN
_	101	32	also	ADV	ADV
_	101	33	vermische	VVFIN	VVFIN
_	101	34	/	$(	$(
_	101	35	dass	KOUS	KOUS
_	101	36	es	PPER	PPER
_	101	37	seine	PPOSAT	PPOSAT
_	101	38	Natur	NN	NN
_	101	39	an	APPR	APPR
_	101	40	sich	PRF	PRF
_	101	41	nehme	VVFIN	VVFIN
_	101	42	/	$(	$(
KOUS	101	43	sintemal	KOUS	ADV
_	101	44	das	ART	ART
_	101	45	Gold	NN	NN
_	101	46	also	ADV	ADV
_	101	47	hart	ADJD	ADJD
_	101	48	und	KON	KON
ADJD	101	49	tüchte	NN	ADJD
_	101	50	ist	VAFIN	VAFIN
_	101	51	/	$(	$(
_	101	52	dass	KOUS	KOUS
_	101	53	es	PPER	PPER
_	101	54	einem	ART	ART
_	101	55	kalten	ADJA	ADJA
_	101	56	schlechten	ADJA	ADJA
_	101	57	Wasser	NN	NN
_	101	58	von	APPR	APPR
_	101	59	seiner	PPOSAT	PPOSAT
_	101	60	Substanz	NN	NN
_	101	61	nichts	PIS	PIS
_	101	62	zukommen	VVINF	VVINF
_	101	63	lässt	VVFIN	VVFIN
_	101	64	.	$.	$.
PAV	102	1	Dahero	FM	PAV
NE	102	2	Reinerus	FM	NE
NE	102	3	Solenander	FM	NE
NN	102	4	lib.	FM	NE
ADJA	102	5	2.	FM	ADJA
FM	102	6	c.	FM	NN
ADJA	102	7	2.	FM	ADJA
FM	102	8	de	FM	NE
FM	102	9	font	FM	NE
_	102	10	.	$.	$.
FM	102	11	temper.	FM	NE
FM	102	12	p.	FM	APPR
ADJA	102	13	148.	FM	ADJA
VVFIN	102	14	sagt	FM	VVFIN
_	102	15	:	$.	$.
FM	102	16	Quæ	FM	NE
FM	102	17	perfectissimè	FM	NE
FM	102	18	mista	FM	NE
FM	102	19	sunt	FM	VVFIN
_	102	20	,	$,	$,
FM	102	21	benè	FM	NE
FM	102	22	compacta	FM	NE
FM	102	23	insigniter	FM	NE
FM	102	24	dura	FM	NE
_	102	25	,	$,	$,
FM	102	26	nihil	FM	NE
FM	102	27	ea	FM	ADJA
FM	102	28	humectatione	FM	NN
_	102	29	(	$(	$(
FM	102	30	nisi	FM	NE
FM	102	31	id	FM	NE
_	102	32	,	$,	$,
FM	102	33	quo	FM	NE
FM	102	34	humectentur	FM	NN
_	102	35	,	$,	$,
FM	102	36	insigniter	FM	NN
FM	102	37	acre	FM	NE
FM	102	38	fuerit	FM	NE
_	102	39	)	$(	$(
FM	102	40	dimittunt	FM	NE
_	102	41	,	$,	$,
FM	102	42	ut	FM	ADJA
FM	102	43	videre	FM	ADJA
FM	102	44	licet	FM	VVFIN
FM	102	45	in	FM	APPR
FM	102	46	vitro	FM	NE
_	102	47	,	$,	$,
FM	102	48	auro	FM	NE
_	102	49	,	$,	$,
FM	102	50	argento	FM	NE
_	102	51	,	$,	$,
FM	102	52	marmore	FM	NE
_	102	53	,	$,	$,
FM	102	54	maximè	FM	NE
FM	102	55	Carrariensi	FM	NE
_	102	56	,	$,	$,
FM	102	57	vel	FM	VVFIN
FM	102	58	alio	FM	NE
FM	102	59	quovis	FM	NE
FM	102	60	durissimo	FM	NE
_	102	61	.	$.	$.
FM	103	1	Nam	FM	NE
FM	103	2	licet	FM	NE
FM	103	3	aqua	FM	NE
FM	103	4	ex	FM	FM
FM	103	5	his	FM	PPOSAT
FM	103	6	concrescat	FM	NN
_	103	7	,	$,	$,
FM	103	8	nihil	FM	ADJD
FM	103	9	ex	FM	FM
FM	103	10	his	FM	PPOSAT
FM	103	11	sibi	FM	NE
FM	103	12	assumit	FM	NE
_	103	13	,	$,	$,
FM	103	14	quod	FM	NE
FM	103	15	observatione	FM	NN
FM	103	16	sit	FM	VVFIN
FM	103	17	dignum	FM	NN
_	103	18	.	$.	$.
FM	104	1	At	FM	FM
FM	104	2	si	FM	NE
FM	104	3	in	FM	APPR
FM	104	4	aliis	FM	NE
FM	104	5	condensetur	FM	NN
_	104	6	,	$,	$,
FM	104	7	terreo	FM	NE
FM	104	8	corpore	FM	NE
_	104	9	,	$,	$,
FM	104	10	succo	FM	NE
FM	104	11	concreto	FM	NE
_	104	12	,	$,	$,
FM	104	13	saxo	FM	NE
FM	104	14	aliquo	FM	NE
FM	104	15	vel	FM	VVFIN
FM	104	16	metallo	FM	NE
FM	104	17	molli	FM	NE
FM	104	18	impuróve	FM	NE
_	104	19	,	$,	$,
FM	104	20	sanè	FM	ADJA
FM	104	21	permultum	FM	NN
FM	104	22	ejus	FM	NE
FM	104	23	qualitatis	FM	NE
$(	104	24	&	$(	KON
FM	104	25	naturæ	FM	ADJA
FM	104	26	imbibit	FM	NN
_	104	27	.	$.	$.
ADV	105	1	ja	PTKANT	ADV
_	105	2	ob	KOUS	KOUS
ADV	105	3	gleich	ADV	ADJD
_	105	4	der	ART	ART
_	105	5	Brunnen	NN	NN
_	105	6	das	ART	ART
_	105	7	Gold	NN	NN
_	105	8	oder	KON	KON
_	105	9	Silber	NN	NN
_	105	10	leibhaftig	ADJD	ADJD
_	105	11	in	APPR	APPR
_	105	12	sich	PRF	PRF
_	105	13	hätte	VAFIN	VAFIN
_	105	14	/	$(	$(
_	105	15	so	ADV	ADV
_	105	16	könnte	VMFIN	VMFIN
_	105	17	er	PPER	PPER
_	105	18	doch	ADV	ADV
_	105	19	die	ART	ART
_	105	20	Kräfte	NN	NN
_	105	21	nicht	PTKNEG	PTKNEG
_	105	22	von	APPR	APPR
_	105	23	ihnen	PPER	PPER
_	105	24	haben	VAFIN	VAFIN
_	105	25	/	$(	$(
KOUS	105	26	sintemal	KOUS	ADV
_	105	27	die	ART	ART
NN	105	28	Chymici	NE	NN
_	105	29	selber	ADV	ADV
VVFIN	105	30	bekennen	VVFIN	VVINF
_	105	31	/	$(	$(
_	105	32	dass	KOUS	KOUS
_	105	33	das	ART	ART
_	105	34	Gold	NN	NN
_	105	35	/	$(	$(
_	105	36	wenn	KOUS	KOUS
_	105	37	man	PIS	PIS
_	105	38	es	PPER	PPER
_	105	39	schon	ADV	ADV
_	105	40	in	APPR	APPR
_	105	41	Leib	NN	NN
_	105	42	nimmt	VVFIN	VVFIN
_	105	43	/	$(	$(
_	105	44	doch	ADV	ADV
_	105	45	nicht	PTKNEG	PTKNEG
_	105	46	von	APPR	APPR
_	105	47	unserer	PPOSAT	PPOSAT
_	105	48	natürlichen	ADJA	ADJA
_	105	49	Wärme	NN	NN
_	105	50	bezwungen	VVPP	VVPP
_	105	51	und	KON	KON
VVPP	105	52	verdaut	VVFIN	VVPP
_	105	53	werden	VAINF	VAINF
_	105	54	könne	VMFIN	VMFIN
_	105	55	.	$.	$.
FM	106	1	Aurum	FM	NN
_	106	2	,	$,	$,
FM	106	3	inquiunt	FM	NN
_	106	4	,	$,	$,
FM	106	5	init	FM	ADJA
$.	106	6	;	$.	NN
FM	106	7	aurum	FM	NN
FM	106	8	exit	FM	NN
_	106	9	,	$,	$,
FM	106	10	si	FM	NE
FM	106	11	sit	FM	VVFIN
FM	106	12	minerale	FM	ADJA
$(	106	13	&	$(	KON
FM	106	14	nisi	FM	NE
FM	106	15	vegetabile	FM	ADJA
FM	106	16	fiat	FM	NE
_	106	17	,	$,	$,
FM	106	18	quod	FM	NE
FM	106	19	sit	FM	VVFIN
FM	106	20	per	FM	APPR
FM	106	21	solutionem	FM	ADJA
FM	106	22	ejus	FM	NN
FM	106	23	Spagyricam	FM	NN
_	106	24	.	$.	$.
_	107	1	das	ART	ART
_	107	2	Gold	NN	NN
_	107	3	/	$(	$(
VVFIN	107	4	sagen	VVINF	VVFIN
_	107	5	sie	PPER	PPER
_	107	6	/	$(	$(
_	107	7	geht	VVFIN	VVFIN
_	107	8	in	APPR	APPR
_	107	9	den	ART	ART
_	107	10	Leib	NN	NN
_	107	11	/	$(	$(
_	107	12	und	KON	KON
_	107	13	geht	VVFIN	VVFIN
_	107	14	unversehrt	ADJD	ADJD
_	107	15	wieder	ADV	ADV
_	107	16	heraus	PTKVZ	PTKVZ
_	107	17	/	$(	$(
_	107	18	alldieweil	KOUS	KOUS
_	107	19	es	PPER	PPER
_	107	20	noch	ADV	ADV
_	107	21	mineralisch	ADJD	ADJD
_	107	22	/	$(	$(
_	107	23	und	KON	KON
_	107	24	durch	APPR	APPR
_	107	25	die	ART	ART
_	107	26	spagirische	ADJA	ADJA
_	107	27	Kunst	NN	NN
_	107	28	noch	ADV	ADV
_	107	29	nicht	PTKNEG	PTKNEG
_	107	30	gleichsam	ADJD	ADJD
_	107	31	lebendig	ADJD	ADJD
_	107	32	gemacht	VVPP	VVPP
_	107	33	worden	VAPP	VAPP
_	107	34	ist	VAFIN	VAFIN
_	107	35	.	$.	$.
APPR	108	1	belangend	NN	ADJD
_	108	2	aber	ADV	ADV
_	108	3	die	ART	ART
_	108	4	Gründe	NN	NN
_	108	5	/	$(	$(
_	108	6	so	ADV	ADV
_	108	7	oben	ADV	ADV
_	108	8	zur	APPRART	APPRART
_	108	9	Beweisung	NN	NN
_	108	10	angezogen	VVPP	VVPP
_	108	11	worden	VAPP	VAPP
_	108	12	/	$(	$(
_	108	13	dass	KOUS	KOUS
_	108	14	dieser	PDAT	PDAT
_	108	15	Brunnen	NN	NN
_	108	16	seine	PPOSAT	PPOSAT
_	108	17	Mineram	NN	NN
_	108	18	vom	APPRART	APPRART
_	108	19	Gold	NN	NN
_	108	20	/	$(	$(
_	108	21	oder	KON	KON
_	108	22	Silber	NN	NN
_	108	23	habe	VAFIN	VAFIN
_	108	24	/	$(	$(
_	108	25	so	ADV	ADV
_	108	26	ist	VAFIN	VAFIN
_	108	27	auf	APPR	APPR
PDAT	108	28	dieselbige	PDAT	ADJA
ADJD	108	29	kürzlich	ADV	ADJD
_	108	30	meine	PPOSAT	PPOSAT
_	108	31	Antwort	NN	NN
_	108	32	?	$.	$.
ADJA	109	1	1.	NE	CARD
_	110	1	dass	KOUS	KOUS
_	110	2	es	PPER	PPER
_	110	3	nicht	PTKNEG	PTKNEG
_	110	4	folge	VVFIN	VVFIN
_	110	5	/	$(	$(
_	110	6	weil	KOUS	KOUS
_	110	7	dieser	PDAT	PDAT
_	110	8	Brunnen	NN	NN
_	110	9	die	ART	ART
_	110	10	Lähme	NN	NN
_	110	11	heilt	VVFIN	VVFIN
_	110	12	/	$(	$(
_	110	13	es	PPER	PPER
PAV	110	14	derowegen	ADV	VVFIN
_	110	15	von	APPR	APPR
_	110	16	Gold	NN	NN
_	110	17	sei	VAFIN	VAFIN
_	110	18	/	$(	$(
KOUS	110	19	sintemal	KOUS	ADV
PDS	110	20	solches	PIAT	PIS
_	110	21	nicht	PTKNEG	PTKNEG
_	110	22	weniger	ADV	ADV
_	110	23	den	ART	ART
NN	110	24	Bituminibus	NE	NN
_	110	25	wie	KOKOM	KOKOM
_	110	26	unten	ADV	ADV
_	110	27	wird	VAFIN	VAFIN
_	110	28	gemeldet	VVPP	VVPP
_	110	29	werden	VAINF	VAINF
_	110	30	/	$(	$(
_	110	31	zuzuschreiben	VVIZU	VVIZU
_	110	32	,	$,	$,
ADJA	110	33	2.	CARD	CARD
_	111	1	dass	KOUS	KOUS
_	111	2	aber	ADV	ADV
_	111	3	der	ART	ART
_	111	4	Brunnen	NN	NN
_	111	5	keinen	PIAT	PIAT
_	111	6	sonderlichen	ADJA	ADJA
_	111	7	Geschmack	NN	NN
_	111	8	/	$(	$(
_	111	9	geschieht	VVFIN	VVFIN
_	111	10	nicht	PTKNEG	PTKNEG
_	111	11	wegen	APPR	APPR
_	111	12	des	ART	ART
_	111	13	Goldes	NN	NN
_	111	14	/	$(	$(
_	111	15	oder	KON	KON
_	111	16	Silbers	NN	NN
_	111	17	/	$(	$(
_	111	18	sondern	KON	KON
_	111	19	von	APPR	APPR
_	111	20	wegen	APPR	APPR
_	111	21	der	ART	ART
_	111	22	Menge	NN	NN
_	111	23	des	ART	ART
_	111	24	Wassers	NN	NN
_	111	25	wird	VAFIN	VAFIN
_	111	26	der	ART	ART
_	111	27	Geschmack	NN	NN
_	111	28	des	ART	ART
_	111	29	Bituminis	NN	NN
VVPP	111	30	obtundirt	NE	ADJD
_	111	31	und	KON	KON
_	111	32	gedämpft	VVPP	VVPP
_	111	33	/	$(	$(
PRELS	111	34	welches	PRELS	PWS
_	111	35	weil	KOUS	KOUS
_	111	36	es	PPER	PPER
_	111	37	auch	ADV	ADV
_	111	38	in	APPR	APPR
NN	111	39	Nitro	NE	NE
_	111	40	,	$,	$,
_	111	41	und	KON	KON
NN	111	42	Atramento	NE	NN
_	111	43	geschieht	VVFIN	VVFIN
_	111	44	/	$(	$(
KOUS	111	45	wie	PWAV	KOKOM
NE	111	46	Solenander	NE	NN
VVFIN	111	47	bezeigt	VVPP	VVFIN
NN	111	48	lib.	NN	NE
_	111	49	2.	ADJA	ADJA
FM	111	50	de	NE	NE
FM	111	51	Temp.	NN	NE
FM	111	52	font.	NN	NE
NN	111	53	cap.	NN	NE
_	111	54	4.	ADJA	ADJA
FM	111	55	p.	NN	APPR
_	111	56	166.	ADJA	ADJA
_	111	57	ist	VAFIN	VAFIN
_	111	58	kein	PIAT	PIAT
_	111	59	Wunder	NN	NN
_	111	60	/	$(	$(
_	111	61	dass	KOUS	KOUS
_	111	62	sich	PRF	PRF
PDS	111	63	solches	PIAT	PIS
_	111	64	auch	ADV	ADV
_	111	65	mit	APPR	APPR
_	111	66	dem	ART	ART
NN	111	67	Bitumine	NE	NN
_	111	68	zuträgt	VVFIN	VVFIN
_	111	69	/	$(	$(
_	111	70	sondern	KON	KON
_	111	71	ist	VAFIN	VAFIN
_	111	72	dass	KOUS	KOUS
_	111	73	dieser	PDAT	PDAT
_	111	74	Brunnen	NN	NN
ADV	111	75	gleich	ADV	ADJD
_	111	76	ein	ART	ART
PIAT	111	77	wenig	PIS	PIAT
_	111	78	süßlichen	ADJA	ADJA
_	111	79	und	KON	KON
ADJA	111	80	pfülenschenden	NE	ADJA
_	111	81	Geschmack	NN	NN
_	111	82	hat	VAFIN	VAFIN
_	111	83	/	$(	$(
_	111	84	gar	ADV	ADV
_	111	85	genug	ADV	ADV
_	111	86	.	$.	$.
ADJA	112	1	3.	NE	ADJA
VVFIN	112	2	lasse	VVIMP	VVFIN
_	112	3	ich	PPER	PPER
_	112	4	in	APPR	APPR
_	112	5	seinem	PPOSAT	PPOSAT
NN	112	6	Wert	ADJD	NN
_	112	7	und	KON	KON
_	112	8	Unwert	NN	NN
VVINF	112	9	beruhen	VVFIN	VVINF
_	112	10	/	$(	$(
_	112	11	dass	KOUS	KOUS
_	112	12	dieser	PDAT	PDAT
_	112	13	Brunnen	NN	NN
_	112	14	Gold	NN	NN
_	112	15	mit	APPR	APPR
_	112	16	sich	PRF	PRF
_	112	17	bringe	VVFIN	VVFIN
_	112	18	/	$(	$(
_	112	19	es	PPER	PPER
_	112	20	folgt	VVFIN	VVFIN
_	112	21	aber	ADV	ADV
_	112	22	nicht	PTKNEG	PTKNEG
_	112	23	daraus	PAV	PAV
_	112	24	/	$(	$(
_	112	25	dass	KOUS	KOUS
_	112	26	die	ART	ART
_	112	27	Minera	NN	NN
_	112	28	von	APPR	APPR
_	112	29	Gold	NN	NN
_	112	30	sei	VAFIN	VAFIN
_	112	31	/	$(	$(
_	112	32	wie	KOKOM	KOKOM
_	112	33	aus	APPR	APPR
_	112	34	unsern	PPOSAT	PPOSAT
_	112	35	/	$(	$(
_	112	36	wider	APPR	APPR
_	112	37	diese	PDAT	PDAT
_	112	38	Meinung	NN	NN
_	112	39	/	$(	$(
_	112	40	obangezogenem	ADJA	ADJA
_	112	41	dritten	ADJA	ADJA
_	112	42	Argument	NN	NN
ADJD	112	43	weitläufiger	NN	ADJD
_	112	44	zu	PTKZU	PTKZU
_	112	45	sehen	VVINF	VVINF
_	112	46	.	$.	$.
ADJA	113	1	4.	NE	CARD
_	114	1	die	ART	ART
_	114	2	rötlichen	ADJA	ADJA
_	114	3	Steinlein	NN	NN
_	114	4	aber	ADV	ADV
_	114	5	/	$(	$(
_	114	6	so	ADV	ADV
_	114	7	wider	APPR	APPR
_	114	8	die	ART	ART
_	114	9	schwere	ADJA	ADJA
_	114	10	Not	NN	NN
_	114	11	dienen	VVINF	VVINF
_	114	12	/	$(	$(
_	114	13	sind	VAFIN	VAFIN
_	114	14	nicht	PTKNEG	PTKNEG
_	114	15	vom	APPRART	APPRART
_	114	16	Gold	NN	NN
_	114	17	/	$(	$(
_	114	18	sondern	KON	KON
_	114	19	vielmehr	ADV	ADV
_	114	20	Stücklein	NN	NN
_	114	21	eines	ART	ART
_	114	22	Bituminis	NN	NN
_	114	23	,	$,	$,
_	114	24	irgend	ADV	ADV
_	114	25	der	ART	ART
_	114	26	Ambra	NN	NN
_	114	27	,	$,	$,
PRELS	114	28	welche	PWAT	PRELS
_	114	29	/	$(	$(
_	114	30	wie	KOKOM	KOKOM
_	114	31	jetzo	ADV	ADV
_	114	32	wird	VAFIN	VAFIN
_	114	33	gemeldet	VVPP	VVPP
_	114	34	werden	VAINF	VAINF
_	114	35	/	$(	$(
PDAT	114	36	solche	PIAT	PIAT
_	114	37	Farbe	NN	NN
_	114	38	auch	ADV	ADV
_	114	39	in	APPR	APPR
_	114	40	sich	PRF	PRF
_	114	41	hat	VAFIN	VAFIN
_	114	42	/	$(	$(
_	114	43	oder	KON	KON
_	114	44	des	ART	ART
_	114	45	Agtsteins	NN	NN
_	114	46	/	$(	$(
PRELS	114	47	welcher	PWAT	PWS
_	114	48	auch	ADV	ADV
_	114	49	eine	ART	ART
_	114	50	Art	NN	NN
_	114	51	des	ART	ART
_	114	52	Erdpechs	NN	NN
_	114	53	ist	VAFIN	VAFIN
_	114	54	/	$(	$(
_	114	55	und	KON	KON
_	114	56	hat	VAFIN	VAFIN
_	114	57	man	PIS	PIS
_	114	58	in	APPR	APPR
_	114	59	diesem	PDAT	PDAT
_	114	60	Brunnen	NN	NN
ADJA	114	61	etlichen	ADJA	PIAT
_	114	62	Riss	NN	NN
VVPP	114	63	gefunden	VVFIN	VVPP
_	114	64	/	$(	$(
_	114	65	der	ART	ART
_	114	66	sich	PRF	PRF
VVINF	114	67	schneiden	VVFIN	VVINF
_	114	68	lässt	VVFIN	VVFIN
_	114	69	/	$(	$(
_	114	70	und	KON	KON
_	114	71	dem	ART	ART
_	114	72	weißen	ADJA	ADJA
TRUNC	114	73	Bern-	NE	TRUNC
_	114	74	oder	KON	KON
_	114	75	Agtstein	NN	NN
_	114	76	gar	ADV	ADV
_	114	77	ähnlich	ADJD	ADJD
_	114	78	ist	VAFIN	VAFIN
_	114	79	.	$.	$.
ADJA	115	1	5.	NE	CARD
_	116	1	das	ART	ART
_	116	2	letzte	ADJA	ADJA
_	116	3	Argument	NN	NN
_	116	4	/	$(	$(
_	116	5	hat	VAFIN	VAFIN
_	116	6	zwar	ADV	ADV
_	116	7	ein	ART	ART
ADJA	116	8	feines	ADJD	ADJA
_	116	9	Ansehen	NN	NN
_	116	10	/	$(	$(
KON	116	11	aber	ADV	KON
KOUS	116	12	wann	PWAV	PWAV
_	116	13	man	PIS	PIS
_	116	14	es	PPER	PPER
_	116	15	recht	ADJD	ADJD
_	116	16	anschaut	VVFIN	VVFIN
_	116	17	/	$(	$(
_	116	18	ist	VAFIN	VAFIN
_	116	19	es	PPER	PPER
PTKA	116	20	zu	PTKZU	PTKA
_	116	21	schwach	ADJD	ADJD
_	116	22	/	$(	$(
KOUS	116	23	dieweil	KOUS	ADV
_	116	24	nicht	PTKNEG	PTKNEG
_	116	25	flugs	ADV	ADV
_	116	26	folgt	VVFIN	VVFIN
_	116	27	:	$.	$.
_	116	28	das	ART	ART
NN	116	29	Sedimentum	NE	NN
_	116	30	ist	VAFIN	VAFIN
_	116	31	rötlich	ADJD	ADJD
_	116	32	mit	APPR	APPR
_	116	33	weißen	ADJA	ADJA
_	116	34	Pünktlein	NN	NN
VVPP	116	35	vermischt	VVFIN	VVPP
_	116	36	.	$.	$.
_	117	1	darum	PAV	PAV
_	117	2	ist	VAFIN	VAFIN
_	117	3	es	PPER	PPER
_	117	4	Gold	NN	NN
_	117	5	und	KON	KON
_	117	6	Silber	NN	NN
_	117	7	:	$.	$.
KOUS	118	1	dann	ADV	ADV
_	118	2	nicht	PTKNEG	PTKNEG
_	118	3	alles	PIS	PIS
PRELS	118	4	was	PWS	PRELS
_	118	5	da	ADV	ADV
_	118	6	gleißt	VVFIN	VVFIN
_	118	7	Gold	NN	NN
_	118	8	ist	VAFIN	VAFIN
_	118	9	.	$.	$.
_	119	1	sondern	KON	KON
_	119	2	viel	ADV	ADV
_	119	3	mehr	ADV	ADV
_	119	4	wollte	VMFIN	VMFIN
_	119	5	ich	PPER	PPER
VVINF	119	6	argumentieren	VVFIN	VVINF
_	119	7	/	$(	$(
_	119	8	das	ART	ART
NN	119	9	Sedimentum	NE	NN
_	119	10	brennt	VVFIN	VVFIN
_	119	11	/	$(	$(
_	119	12	ist	VAFIN	VAFIN
_	119	13	rötlich	ADJD	ADJD
ADV	119	14	et cetera	ADV	FM
ADV	120	1	ergo	NE	ADV
_	120	2	so	ADV	ADV
_	120	3	ist	VAFIN	VAFIN
_	120	4	es	PPER	PPER
_	120	5	eine	ART	ART
_	120	6	Art	NN	NN
_	120	7	einer	ART	ART
_	120	8	Ambra	NN	NN
_	120	9	,	$,	$,
PRELS	120	10	die	ART	PRELS
_	120	11	da	ADV	ADV
_	120	12	rot	ADJD	ADJD
_	120	13	ist	VAFIN	VAFIN
_	120	14	/	$(	$(
ADJD	120	15	gleich	ADV	ADJD
_	120	16	wie	KOKOM	KOKOM
PDS	120	17	die	ART	PDS
_	120	18	gewesen	VAPP	VAPP
_	120	19	/	$(	$(
PRELS	120	20	welche	PWAT	PRELS
_	120	21	von	APPR	APPR
NN	120	22	Kaiser	NN	NE
_	120	23	Caroli	NE	NE
ADJA	120	24	5.	NE	ADJA
_	120	25	Tochter	NN	NN
_	120	26	/	$(	$(
_	120	27	des	ART	ART
_	120	28	Kaisers	NN	NN
_	120	29	Maximiliani	NE	NE
_	120	30	Gemahl	NN	NN
_	120	31	/	$(	$(
_	120	32	dem	ART	ART
ADJA	120	33	vornehmen	VVINF	ADJA
NN	120	34	Medico	NE	NE
_	120	35	Cratoni	NE	NE
_	120	36	ist	VAFIN	VAFIN
VVPP	120	37	verehrt	VVFIN	VVPP
_	120	38	worden	VAPP	VAPP
_	120	39	/	$(	$(
PRELS	120	40	welche	PWAT	PRELS
_	120	41	er	PPER	PPER
_	120	42	schreibt	VVFIN	VVFIN
_	120	43	dass	KOUS	KOUS
_	120	44	sie	PPER	PPER
_	120	45	gebrannt	VVPP	VVPP
_	120	46	/	$(	$(
_	120	47	schweflige	ADJA	ADJA
_	120	48	/	$(	$(
PDS	120	49	das	ART	PDS
_	120	50	ist	VAFIN	VAFIN
_	120	51	rötliche	ADJA	ADJA
_	120	52	/	$(	$(
_	120	53	oder	KON	KON
_	120	54	gelbliche	ADJA	ADJA
_	120	55	Pünktlein	NN	NN
_	120	56	gehabt	VAPP	VAPP
_	120	57	/	$(	$(
_	120	58	und	KON	KON
_	120	59	die	ART	ART
_	120	60	man	PIS	PIS
_	120	61	sonst	ADV	ADV
_	120	62	nicht	PTKNEG	PTKNEG
_	120	63	zu	PTKZU	PTKZU
VVINF	120	64	kaufen	NN	VVINF
_	120	65	/	$(	$(
_	120	66	bekommen	VVINF	VVINF
_	120	67	könne	VMFIN	VMFIN
_	120	68	.	$.	$.
FM	121	1	Hæc	FM	NE
FM	121	2	Ambra	FM	NE
$(	121	3	&	$(	KON
FM	121	4	c.	FM	NE
FM	121	5	vulgo	FM	NE
FM	121	6	non	FM	ADJA
FM	121	7	venditur	FM	NE
_	121	8	.	$.	$.
NN	121	9	lib.	FM	NE
FM	121	10	de	FM	NE
FM	121	11	Peste	FM	NN
FM	121	12	latino	FM	NE
FM	121	13	p.	FM	APPR
ADJA	121	14	548.	FM	ADJA
FM	121	15	besiehe	FM	VVFIN
APPR	121	16	von	FM	APPR
ART	121	17	der	FM	ART
FM	121	18	Ambra	FM	NE
FM	121	19	Libavium	FM	NN
APPR	121	20	in	FM	APPR
FM	121	21	tertia	FM	NE
FM	121	22	parte	FM	ADJA
FM	121	23	singularium	FM	NN
_	121	24	,	$,	$,
NN	121	25	lib.	FM	NE
ADJA	121	26	4.	FM	ADJA
NN	121	27	cap.	FM	ADJA
ADJA	121	28	2.	FM	ADJA
KON	121	29	und	FM	KON
ADV	121	30	so	FM	ADV
PIS	121	31	viel	FM	ADV
APPR	121	32	von	FM	APPR
PDAT	121	33	dieser	FM	PDAT
NN	121	34	Meinung	FM	NN
_	121	35	.	$.	$.
_	122	1	die	ART	ART
PIAT	122	2	andere	ADJA	PIAT
_	122	3	Meinung	NN	NN
_	122	4	ist	VAFIN	VAFIN
_	122	5	diese	PDAT	PDAT
_	122	6	/	$(	$(
_	122	7	dass	KOUS	KOUS
_	122	8	dieser	PDAT	PDAT
_	122	9	Brunnen	NN	NN
_	122	10	in	APPR	APPR
_	122	11	sich	PRF	PRF
_	122	12	habe	VAFIN	VAFIN
_	122	13	Sulfur	NN	NN
_	122	14	,	$,	$,
PDS	122	15	das	ART	PDS
_	122	16	ist	VAFIN	VAFIN
_	122	17	/	$(	$(
_	122	18	Schwefel	NN	NN
_	122	19	und	KON	KON
NN	122	20	Nitrum	NE	NN
_	122	21	Salpeter	NN	NN
_	122	22	/	$(	$(
PRELAT	122	23	welche	PWAT	PRELS
_	122	24	Meinung	NN	NN
_	122	25	zwar	ADV	ADV
_	122	26	auch	ADV	ADV
_	122	27	oben	ADV	ADV
_	122	28	angezogenes	ADJA	ADJA
_	122	29	Argument	NN	NN
_	122	30	/	$(	$(
_	122	31	so	ADV	ADV
_	122	32	wir	PPER	PPER
_	122	33	daher	PAV	PAV
_	122	34	genommen	VVPP	VVPP
_	122	35	/	$(	$(
_	122	36	dass	KOUS	KOUS
_	122	37	das	ART	ART
NN	122	38	Sedimentum	NE	NN
_	122	39	brenne	VVFIN	VVFIN
_	122	40	/	$(	$(
_	122	41	für	APPR	APPR
_	122	42	sich	PRF	PRF
_	122	43	hat	VAFIN	VAFIN
_	122	44	/	$(	$(
KOUS	122	45	sintemal	KOUS	ADV
_	122	46	das	ART	ART
_	122	47	Sulfur	NN	NN
_	122	48	gerne	ADV	ADV
VVFIN	122	49	brennt	NE	VVFIN
_	122	50	.	$.	$.
_	123	1	aber	KON	KON
_	123	2	diese	PDAT	PDAT
FM	123	3	Communis	NE	NN
FM	123	4	ratio	NE	NE
_	123	5	ist	VAFIN	VAFIN
_	123	6	allein	ADV	ADV
PTKA	123	7	zu	PTKZU	PTKA
_	123	8	schwach	ADJD	ADJD
_	123	9	/	$(	$(
_	123	10	dann	ADV	ADV
_	123	11	wie	KOKOM	KOKOM
_	123	12	gesagt	VVPP	VVPP
_	123	13	/	$(	$(
_	123	14	und	KON	KON
_	123	15	sonst	ADV	ADV
_	123	16	bewusst	ADJD	ADJD
_	123	17	/	$(	$(
_	123	18	so	ADV	ADV
_	123	19	brennt	VVFIN	VVFIN
_	123	20	das	ART	ART
_	123	21	Bitumen	NN	NN
_	123	22	ja	ADV	ADV
_	123	23	so	ADV	ADV
_	123	24	bald	ADV	ADV
_	123	25	/	$(	$(
_	123	26	als	KOKOM	KOKOM
_	123	27	Sulfur	NN	NN
_	123	28	,	$,	$,
_	123	29	sonderlich	ADJD	ADJD
_	123	30	die	ART	ART
_	123	31	Naphtha	NN	NN
_	123	32	,	$,	$,
KOUS	123	33	wie	KOKOM	KOUS
NE	123	34	Solenander	NE	NN
_	123	35	sagt	VVFIN	VVFIN
NN	123	36	libr.	NN	NE
_	123	37	1.	ADJA	ADJA
FM	123	38	de	NE	NE
FM	123	39	font.	NN	NE
FM	123	40	cal.	NN	NE
FM	123	41	causa.	NN	NE
_	123	42	in	APPR	APPR
FM	123	43	fine.	NN	ADJA
NN	123	44	cap.	NN	ADJA
_	123	45	5.	ADJA	ADJA
FM	123	46	Est	NE	NN
FM	123	47	quædam	NE	NE
FM	123	48	bituminis	NE	NE
FM	123	49	species	NE	NE
KON	123	50	&	$(	KON
FM	123	51	præsertim	NE	ADJA
FM	123	52	Naphtha	NN	NE
_	123	53	,	$,	$,
FM	123	54	cui	NE	NE
FM	123	55	est	FM	ADJA
FM	123	56	sane	NE	ADJA
FM	123	57	magna	NE	NE
FM	123	58	cognatio	NE	NE
_	123	59	,	$,	$,
KON	123	60	&	$(	KON
FM	123	61	quasi	ADV	ADV
FM	123	62	quædam	NE	NE
FM	123	63	vis	NE	ADJA
FM	123	64	ignium	NE	NN
FM	123	65	rapax	NE	NE
_	123	66	,	$,	$,
FM	123	67	ita	NE	NE
FM	123	68	ut	FM	ADJA
FM	123	69	is	FM	VAFIN
FM	123	70	protinus	NE	NN
FM	123	71	in	APPR	APPR
FM	123	72	eam	NE	ADJA
FM	123	73	transiliat	NE	NN
_	123	74	.	$.	$.
_	124	1	hergegen	ADV	ADV
_	124	2	aber	ADV	ADV
_	124	3	/	$(	$(
_	124	4	dass	KOUS	KOUS
_	124	5	kein	PIAT	PIAT
_	124	6	Sulfur	NN	NN
_	124	7	des	ART	ART
_	124	8	Brunnens	NN	NN
NN	124	9	Minera	NN	NE
_	124	10	sei	VAFIN	VAFIN
_	124	11	/	$(	$(
_	124	12	ist	VAFIN	VAFIN
_	124	13	daher	PAV	PAV
ADJD	124	14	sonnenklar	NN	ADJD
_	124	15	/	$(	$(
_	124	16	dass	KOUS	KOUS
_	124	17	nicht	PTKNEG	PTKNEG
_	124	18	allein	ADV	ADV
_	124	19	das	ART	ART
_	124	20	Wasser	NN	NN
_	124	21	/	$(	$(
_	124	22	sondern	KON	KON
_	124	23	auch	ADV	ADV
_	124	24	das	ART	ART
_	124	25	angezündete	ADJA	ADJA
NN	124	26	Sedimentum	NE	NN
_	124	27	im	APPRART	APPRART
NN	124	28	Geringsten	ADJA	NN
_	124	29	keinen	PIAT	PIAT
_	124	30	schwefligen	ADJA	ADJA
_	124	31	Geruch	NN	NN
_	124	32	von	APPR	APPR
_	124	33	sich	PRF	PRF
_	124	34	gibt	VVFIN	VVFIN
_	124	35	/	$(	$(
KOUS	124	36	da	ADV	ADV
_	124	37	doch	ADV	ADV
PDS	124	38	solches	PIAT	PIS
_	124	39	wider	APPR	APPR
_	124	40	die	ART	ART
_	124	41	Natur	NN	NN
_	124	42	des	ART	ART
_	124	43	Schwefels	NN	NN
_	124	44	/	$(	$(
PRELS	124	45	welcher	PWAT	PWS
_	124	46	nicht	PTKNEG	PTKNEG
_	124	47	allein	ADV	ADV
_	124	48	gar	ADV	ADV
_	124	49	stark	ADJD	ADJD
_	124	50	riecht	VVFIN	VVFIN
_	124	51	/	$(	$(
_	124	52	sondern	KON	KON
_	124	53	auch	ADV	ADV
_	124	54	mit	APPR	APPR
_	124	55	Gewalt	NN	NN
_	124	56	in	APPR	APPR
_	124	57	die	ART	ART
_	124	58	Nase	NN	NN
_	124	59	kriecht	VVFIN	VVFIN
_	124	60	/	$(	$(
_	124	61	dass	KOUS	KOUS
PIS	124	62	einer	ART	PIS
_	124	63	schier	ADJD	ADJD
_	124	64	ersticken	VVINF	VVINF
_	124	65	möchte	VMFIN	VMFIN
_	124	66	/	$(	$(
KOUS	124	67	wie	KOKOM	KOUS
PDAT	124	68	solches	PIAT	PIS
_	124	69	neben	APPR	APPR
_	124	70	der	ART	ART
_	124	71	täglichen	ADJA	ADJA
_	124	72	Erfahrung	NN	NN
VVFIN	124	73	bezeugen	VVFIN	VVINF
_	124	74	:	$.	$.
_	124	75	Solenander	NE	NE
NN	124	76	lib.	NN	NE
_	124	77	1.	ADJA	ADJA
FM	124	78	de	NE	NE
FM	124	79	Font	NN	NE
_	124	80	:	$.	$.
FM	124	81	cal.	NN	NE
FM	124	82	causa.	NN	NE
NN	124	83	cap.	NN	NE
_	124	84	11.	ADJA	ADJA
FM	124	85	p.	NN	APPR
_	124	86	104.	ADJA	ADJA
FM	124	87	Odor	NN	NN
FM	124	88	sulfuris	NE	ADJA
FM	124	89	injucundus	NE	NN
FM	124	90	est	FM	ADJA
KON	124	91	&	$(	KON
FM	124	92	gravis	NN	NE
_	124	93	,	$,	$,
FM	124	94	suusq̒ue	NE	NN
FM	124	95	peculiaris	NE	NE
_	124	96	,	$,	$,
FM	124	97	quique	NE	NE
FM	124	98	vehementius	NE	NE
FM	124	99	nares	NE	ADJA
FM	124	100	ferit	NE	ADJD
_	124	101	,	$,	$,
FM	124	102	cum	NE	NN
FM	124	103	accenditur	NE	NN
_	124	104	.	$.	$.
FM	125	1	Et	FM	FM
FM	125	2	mox	FM	NN
_	125	3	:	$.	$.
FM	125	4	Odor	FM	NN
FM	125	5	in	FM	APPR
FM	125	6	fulmine	FM	ADJA
FM	125	7	ei	FM	ADJA
FM	125	8	similis	FM	ADJA
FM	125	9	cognoscitur	FM	NN
_	125	10	.	$.	$.
KON	126	1	und	FM	KON
NE	126	2	Johannes	FM	NE
NE	126	3	Gorrhaeus	FM	NE
FM	126	4	desin.	FM	NE
FM	126	5	medic.	FM	NE
FM	126	6	titulo	FM	NE
_	126	7	[	$(	$(
FM	126	8	Griech.	FM	NE
_	126	9	]	$(	$(
FM	126	10	p.	FM	APPR
ADJA	126	11	177.	FM	ADJA
FM	126	12	Odore	FM	NE
FM	126	13	sulfur	FM	NE
FM	126	14	est	FM	ADJA
FM	126	15	gravi	FM	NE
FM	126	16	fulminis	FM	NE
KON	126	17	&	$(	KON
FM	126	18	fulguris	FM	NN
_	126	19	,	$,	$,
FM	126	20	cumque	FM	NN
FM	126	21	uritur	FM	NN
_	126	22	,	$,	$,
FM	126	23	nares	FM	ADJA
FM	126	24	ferit	FM	NE
FM	126	25	aurâ	FM	NE
FM	126	26	acri	FM	NE
KON	126	27	&	$(	KON
FM	126	28	igneä	FM	NE
_	126	29	.	$.	$.
APPR	127	1	über	FM	APPR
PDS	127	2	das	FM	PDS
_	127	3	/	$(	$(
ADV	127	4	so	FM	ADV
VVFIN	127	5	schreibt	FM	VVFIN
NE	127	6	Paulus	FM	NE
NE	127	7	Ägineta	FM	NE
NN	127	8	lib.	FM	NE
ADJA	127	9	1.	FM	ADJA
FM	127	10	de	FM	NE
FM	127	11	arte	FM	ADJA
FM	127	12	med.	FM	NE
NN	127	13	cap	FM	NE
_	127	14	:	$.	$.
ADJA	127	15	52.	FM	ADJA
FM	127	16	Quæ	FM	NE
FM	127	17	vero	FM	NE
FM	127	18	aquæ	FM	NE
FM	127	19	sulfuris	FM	NE
FM	127	20	vim	FM	NE
FM	127	21	possident	FM	NE
_	127	22	,	$,	$,
FM	127	23	stomachum	FM	NN
FM	127	24	non	FM	ADJA
FM	127	25	effæminant	FM	ADJA
FM	127	26	tantum	FM	NN
_	127	27	,	$,	$,
FM	127	28	verum	FM	NN
FM	127	29	etiam	FM	NE
FM	127	30	subvertunt	FM	ADJD
_	127	31	.	$.	$.
PDS	128	1	das	ART	PDS
_	128	2	ist	VAFIN	VAFIN
_	128	3	:	$.	$.
_	129	1	die	ART	ART
_	129	2	schwefligen	ADJA	ADJA
_	129	3	Wasser	NN	NN
VVFIN	129	4	schwächen	VVINF	VVFIN
_	129	5	nicht	PTKNEG	PTKNEG
_	129	6	allein	ADV	ADV
_	129	7	den	ART	ART
_	129	8	Magen	NN	NN
_	129	9	/	$(	$(
_	129	10	sondern	KON	KON
_	129	11	sie	PPER	PPER
_	129	12	verderben	VVFIN	VVFIN
_	129	13	ihn	PPER	PPER
_	129	14	auch	ADV	ADV
_	129	15	ganz	ADV	ADV
_	129	16	und	KON	KON
_	129	17	gar	ADV	ADV
_	129	18	.	$.	$.
PDAT	130	1	dessen	PDS	PDAT
_	130	2	Gegenteil	NN	NN
_	130	3	aber	ADV	ADV
_	130	4	in	APPR	APPR
_	130	5	diesem	PDAT	PDAT
_	130	6	Brunnen	NN	NN
_	130	7	erscheint	VVFIN	VVFIN
_	130	8	/	$(	$(
_	130	9	in	APPR	APPR
_	130	10	dem	ART	ART
_	130	11	niemand	PIS	PIS
_	130	12	jemals	ADV	ADV
_	130	13	/	$(	$(
PRELS	130	14	der	ART	PRELS
_	130	15	ihn	PPER	PPER
APPR	130	16	zu	PTKZU	APPR
_	130	17	rechter	ADJA	ADJA
_	130	18	Zeit	NN	NN
_	130	19	getrunken	VVPP	VVPP
_	130	20	/	$(	$(
_	130	21	dass	KOUS	KOUS
_	130	22	er	PPER	PPER
_	130	23	dem	ART	ART
_	130	24	Magen	NN	NN
_	130	25	geschadet	VVPP	VVPP
_	130	26	/	$(	$(
_	130	27	geklagt	VVPP	VVPP
_	130	28	/	$(	$(
_	130	29	sondern	KON	KON
_	130	30	viel	ADV	ADV
_	130	31	mehr	ADV	ADV
_	130	32	/	$(	$(
PRELS	130	33	die	ART	ART
_	130	34	so	ADV	ADV
_	130	35	blöde	ADJA	ADJA
_	130	36	/	$(	$(
ADJA	130	37	verschleimte	VVFIN	ADJA
_	130	38	Magen	NN	NN
_	130	39	/	$(	$(
_	130	40	und	KON	KON
_	130	41	[	$(	$(
FM	130	42	Griech.	NN	NE
_	130	43	]	$(	$(
_	130	44	,	$,	$,
_	130	45	oder	KON	KON
NN	130	46	Drücken	VVINF	NN
_	130	47	am	APPRART	APPRART
_	130	48	Herzen	NN	NN
_	130	49	gehabt	VAPP	VAPP
_	130	50	/	$(	$(
_	130	51	dass	KOUS	KOUS
_	130	52	sie	PPER	PPER
_	130	53	durch	APPR	APPR
_	130	54	den	ART	ART
_	130	55	Brunnen	NN	NN
VAFIN	130	56	seien	VAINF	VAFIN
_	130	57	wieder	ADV	ADV
APPR	130	58	zu	PTKZU	PTKA
_	130	59	recht	ADJD	ADJD
_	130	60	gebracht	VVPP	VVPP
_	130	61	worden	VAPP	VAPP
_	130	62	/	$(	$(
_	130	63	empfunden	VVPP	VVPP
_	130	64	und	KON	KON
_	130	65	ausgesagt	VVPP	VVPP
_	130	66	.	$.	$.
KOUS	131	1	das	ART	PDS
_	131	2	endlich	ADV	ADV
_	131	3	auch	ADV	ADV
_	131	4	dieser	PDAT	PDAT
_	131	5	Brunnen	NN	NN
_	131	6	kein	PIAT	PIAT
_	131	7	Nitrum	NE	NN
_	131	8	oder	KON	KON
_	131	9	Salpeter	NN	NN
_	131	10	bei	APPR	APPR
_	131	11	ihm	PPER	PPER
_	131	12	oder	KON	KON
_	131	13	in	APPR	APPR
_	131	14	sich	PRF	PRF
_	131	15	habe	VAFIN	VAFIN
_	131	16	/	$(	$(
_	131	17	darf	VMFIN	VMFIN
_	131	18	nicht	PTKNEG	PTKNEG
PIAT	131	19	viel	ADV	PIAT
_	131	20	Beweisens	NN	NN
_	131	21	/	$(	$(
KOUS	131	22	sintemal	KOUS	ADV
_	131	23	/	$(	$(
_	131	24	wo	PWAV	PWAV
PDAT	131	25	dessen	PDS	PDAT
NN	131	26	echtes	ADJA	ADJA
_	131	27	vorhanden	ADJD	ADJD
_	131	28	/	$(	$(
_	131	29	das	ART	ART
NN	131	30	Sedimentum	NE	NN
_	131	31	/	$(	$(
_	131	32	wann	PWAV	PWAV
_	131	33	man	PIS	PIS
_	131	34	es	PPER	PPER
_	131	35	bei	APPR	APPR
_	131	36	das	ART	ART
_	131	37	Feuer	NN	NN
_	131	38	hielte	VVFIN	VVFIN
_	131	39	/	$(	$(
_	131	40	nach	APPR	APPR
_	131	41	des	ART	ART
NN	131	42	Nitri	NE	NN
_	131	43	Natur	NN	NN
_	131	44	/	$(	$(
KOUS	131	45	wie	KOKOM	KOUS
_	131	46	jedermann	PIS	PIS
_	131	47	bekannt	ADJD	ADJD
_	131	48	/	$(	$(
_	131	49	zu	PTKZU	PTKZU
_	131	50	funkeln	VVINF	VVINF
_	131	51	/	$(	$(
_	131	52	zu	PTKZU	PTKZU
_	131	53	knacken	VVINF	VVINF
_	131	54	/	$(	$(
_	131	55	oder	KON	KON
_	131	56	zu	PTKZU	PTKZU
VVINF	131	57	krachen	VVFIN	VVINF
_	131	58	und	KON	KON
_	131	59	zu	PTKZU	PTKZU
_	131	60	brutzeln	VVINF	VVINF
_	131	61	anfinge	VVFIN	VVFIN
_	131	62	/	$(	$(
PRELS	131	63	welches	PRELS	PWS
_	131	64	doch	ADV	ADV
_	131	65	hie	ADV	ADV
_	131	66	nicht	PTKNEG	PTKNEG
_	131	67	geschieht	VVFIN	VVFIN
_	131	68	.	$.	$.
_	132	1	die	ART	ART
_	132	2	dritte	ADJA	ADJA
_	132	3	Meinung	NN	NN
_	132	4	steht	VVFIN	VVFIN
_	132	5	in	APPR	APPR
_	132	6	nachgesetzter	ADJA	ADJA
ADJA	132	7	historischer	NN	ADJA
_	132	8	Beschreibung	NN	NN
_	132	9	/	$(	$(
KOUS	132	10	das	ART	PRELS
_	132	11	dieser	PDAT	PDAT
_	132	12	Brunnen	NN	NN
_	132	13	in	APPR	APPR
_	132	14	sich	PRF	PRF
_	132	15	habe	VAFIN	VAFIN
_	132	16	Kupfererz	NN	NN
_	132	17	/	$(	$(
_	132	18	Steinbrocken	NN	NN
_	132	19	/	$(	$(
_	132	20	und	KON	KON
NN	132	21	Vitriol	NE	NN
_	132	22	.	$.	$.
_	133	1	aber	KON	KON
_	133	2	Kupfererz	NN	NN
_	133	3	und	KON	KON
_	133	4	Steinbrocken	NN	NN
_	133	5	können	VMFIN	VMFIN
_	133	6	wegen	APPR	APPR
_	133	7	ihrer	PPOSAT	PPOSAT
NN	133	8	Härtigkeit	NE	NN
_	133	9	von	APPR	APPR
_	133	10	ihrer	PPOSAT	PPOSAT
_	133	11	Substanz	NN	NN
_	133	12	dem	ART	ART
_	133	13	kalten	ADJA	ADJA
_	133	14	Wasser	NN	NN
_	133	15	keine	PIAT	PIAT
_	133	16	Kraft	NN	NN
_	133	17	mitteilen	VVINF	VVINF
_	133	18	/	$(	$(
KOUS	133	19	wie	KOKOM	KOUS
_	133	20	oben	ADV	ADV
_	133	21	von	APPR	APPR
_	133	22	Gold	NN	NN
_	133	23	gesagt	VVPP	VVPP
_	133	24	/	$(	$(
_	133	25	wenn	KOUS	KOUS
_	133	26	auch	ADV	ADV
NN	133	27	Vitriol	NE	NN
_	133	28	oder	KON	KON
_	133	29	Kupferwasser	NN	NN
_	133	30	dabei	PAV	PAV
_	133	31	wäre	VAFIN	VAFIN
_	133	32	/	$(	$(
_	133	33	müsste	VMFIN	VMFIN
_	133	34	der	ART	ART
_	133	35	Brunnen	NN	NN
_	133	36	sauer	ADJD	ADJD
_	133	37	sein	VAINF	VAINF
_	133	38	/	$(	$(
_	133	39	und	KON	KON
_	133	40	würde	VAFIN	VAFIN
_	133	41	/	$(	$(
_	133	42	wenn	KOUS	KOUS
_	133	43	er	PPER	PPER
_	133	44	in	APPR	APPR
ADJA	133	45	kupfernen	VVINF	ADJA
_	133	46	Gefäßen	NN	NN
_	133	47	gesotten	VVPP	VVPP
_	133	48	würde	VAFIN	VAFIN
_	133	49	/	$(	$(
_	133	50	anlaufen	VVINF	VVINF
_	133	51	/	$(	$(
_	133	52	und	KON	KON
_	133	53	wenn	KOUS	KOUS
_	133	54	Gallus	NE	NE
PTKVZ	133	55	hinein	APZR	ADV
_	133	56	getan	VVPP	VVPP
_	133	57	würde	VAFIN	VAFIN
_	133	58	/	$(	$(
_	133	59	eine	ART	ART
_	133	60	schwarze	ADJA	ADJA
_	133	61	Farbe	NN	NN
_	133	62	oder	KON	KON
NN	133	63	Tinte	VVFIN	NN
_	133	64	geben	VVINF	VVINF
_	133	65	.	$.	$.
PAV	134	1	derentwegen	PAV	ADV
_	134	2	so	ADV	ADV
_	134	3	bleibt	VVFIN	VVFIN
_	134	4	es	PPER	PPER
_	134	5	nun	ADV	ADV
ADJD	134	6	gewiss	ADV	ADJD
_	134	7	dabei	PAV	PAV
_	134	8	/	$(	$(
_	134	9	dass	KOUS	KOUS
_	134	10	dieses	PDAT	PDAT
_	134	11	Brunnens	NN	NN
_	134	12	Natur	NN	NN
_	134	13	und	KON	KON
NN	134	14	Minera	NN	NE
_	134	15	sei	VAFIN	VAFIN
_	134	16	ein	ART	ART
_	134	17	Bitumen	NN	NN
_	134	18	oder	KON	KON
_	134	19	Erdwachs	NN	NN
_	134	20	/	$(	$(
_	134	21	oder	KON	KON
_	134	22	Erdpech	NN	NN
_	134	23	/	$(	$(
_	134	24	nämlich	ADV	ADV
_	134	25	/	$(	$(
KOUS	134	26	wie	KOKOM	KOUS
ADV	134	27	ob	KOUS	KOUS
_	134	28	gemeldet	VVPP	VVPP
_	134	29	/	$(	$(
_	134	30	zum	APPRART	APPRART
_	134	31	Teil	NN	NN
_	134	32	ein	ART	ART
_	134	33	irdisches	ADJA	ADJA
_	134	34	und	KON	KON
_	134	35	steinhartes	ADJA	ADJA
_	134	36	/	$(	$(
_	134	37	wie	KOKOM	KOKOM
_	134	38	die	ART	ART
_	134	39	Steinkohlen	NN	NN
_	134	40	sein	VAINF	VAINF
_	134	41	/	$(	$(
_	134	42	zum	APPRART	APPRART
_	134	43	Teil	NN	NN
_	134	44	aber	ADV	ADV
_	134	45	flüssig	ADJD	ADJD
_	134	46	wie	KOKOM	KOKOM
_	134	47	ein	ART	ART
NN	134	48	Öl	NE	NN
_	134	49	/	$(	$(
_	134	50	als	KOKOM	KOKOM
_	134	51	ein	ART	ART
NN	134	52	Petroleum	FM	NN
_	134	53	oder	KON	KON
_	134	54	Naphtha	NN	NN
_	134	55	/	$(	$(
_	134	56	zum	APPRART	APPRART
_	134	57	Teil	NN	NN
_	134	58	ein	ART	ART
_	134	59	mittelmäßiges	ADJA	ADJA
_	134	60	als	KOKOM	KOKOM
_	134	61	eine	ART	ART
_	134	62	Ambra	NN	NN
_	134	63	/	$(	$(
_	134	64	oder	KON	KON
_	134	65	derselben	PDAT	PDAT
_	134	66	gleichen	ADJA	ADJA
_	134	67	und	KON	KON
NN	134	68	Analogum	NE	NN
_	134	69	.	$.	$.
_	135	1	und	KON	KON
_	135	2	sei	VAFIN	VAFIN
_	135	3	also	ADV	ADV
_	135	4	hiermit	PAV	PAV
_	135	5	von	APPR	APPR
_	135	6	der	ART	ART
_	135	7	Natur	NN	NN
_	135	8	dieses	PDAT	PDAT
NN	135	9	Brunnens	NE	NN
_	135	10	genug	ADV	ADV
_	135	11	gesagt	VVPP	VVPP
_	135	12	.	$.	$.
_	136	1	das	ART	ART
PIAT	136	2	andere	ADJD	PIAT
_	136	3	Kapitel	NN	NN
_	136	4	.	$.	$.
_	137	1	von	APPR	APPR
_	137	2	Komplexion	NN	NN
_	137	3	oder	KON	KON
_	137	4	Temperament	NN	NN
_	137	5	dieses	PDAT	PDAT
_	137	6	Brunnens	NN	NN
_	137	7	.	$.	$.
_	138	1	nun	ADV	ADV
ADV	138	2	ferner	ADV	ADJD
_	138	3	von	APPR	APPR
_	138	4	seiner	PPOSAT	PPOSAT
_	138	5	Komplexion	NN	NN
_	138	6	oder	KON	KON
_	138	7	Qualitäten	NN	NN
_	138	8	.	$.	$.
_	139	1	weil	KOUS	KOUS
_	139	2	aber	ADV	ADV
_	139	3	ausgeführt	VVPP	VVPP
_	139	4	/	$(	$(
KOUS	139	5	das	ART	PRELS
_	139	6	dies	PDS	PDS
_	139	7	Wasser	NN	NN
_	139	8	seine	PPOSAT	PPOSAT
_	139	9	Mineram	NN	NN
_	139	10	von	APPR	APPR
_	139	11	den	ART	ART
NN	139	12	Bituminibus	NE	NN
_	139	13	habe	VAFIN	VAFIN
_	139	14	/	$(	$(
ADV	139	15	als	KOKOM	KOKOM
_	139	16	folgt	VVFIN	VVFIN
_	139	17	/	$(	$(
_	139	18	dass	KOUS	KOUS
_	139	19	es	PPER	PPER
_	139	20	eben	ADV	ADV
_	139	21	dergleichen	PIS	PIS
_	139	22	Komplexion	NN	NN
_	139	23	sei	VAFIN	VAFIN
_	139	24	/	$(	$(
_	139	25	und	KON	KON
_	139	26	eben	ADV	ADV
_	139	27	die	ART	ART
_	139	28	Qualitäten	NN	NN
_	139	29	ihm	PPER	PPER
_	139	30	imprimiert	VVPP	VVPP
_	139	31	sein	VAINF	VAINF
_	139	32	/	$(	$(
PRELS	139	33	welche	PWAT	PRELS
_	139	34	die	ART	ART
NN	139	35	Bitumina	NE	NN
_	139	36	haben	VAFIN	VAFIN
_	139	37	.	$.	$.
PRELS	140	1	welches	PWS	PWS
_	140	2	aber	ADV	ADV
VVINF	140	3	zuuerstehen	VVINF	VVFIN
_	140	4	nicht	PTKNEG	PTKNEG
_	140	5	von	APPR	APPR
_	140	6	der	ART	ART
_	140	7	Qualität	NN	NN
_	140	8	oder	KON	KON
_	140	9	Fakultät	NN	NN
_	140	10	/	$(	$(
PRELS	140	11	welche	PWAT	PRELS
_	140	12	für	APPR	APPR
_	140	13	sich	PRF	PRF
_	140	14	in	APPR	APPR
_	140	15	dem	ART	ART
_	140	16	Wasser	NN	NN
_	140	17	ist	VAFIN	VAFIN
_	140	18	/	$(	$(
_	140	19	und	KON	KON
_	140	20	die	ART	ART
_	140	21	man	PIS	PIS
_	140	22	fühlt	VVFIN	VVFIN
_	140	23	/	$(	$(
_	140	24	sondern	KON	KON
_	140	25	von	APPR	APPR
_	140	26	der	ART	ART
PDS	140	27	jenigen	PIAT	PDAT
_	140	28	/	$(	$(
PRELS	140	29	die	ART	PRELS
_	140	30	es	PPER	PPER
_	140	31	hat	VAFIN	VAFIN
_	140	32	gegen	APPR	APPR
_	140	33	des	ART	ART
_	140	34	Menschen	NN	NN
_	140	35	Leib	NN	NN
_	140	36	gerechnet	VVPP	VVPP
_	140	37	/	$(	$(
_	140	38	und	KON	KON
_	140	39	wann	PWAV	PWAV
_	140	40	es	PPER	PPER
_	140	41	in	APPR	APPR
_	140	42	demselben	PDAT	PDAT
_	140	43	gebraucht	VVPP	VVPP
_	140	44	wird	VAFIN	VAFIN
_	140	45	.	$.	$.
KON	141	1	denn	FM	KON
NE	141	2	Galenus	FM	NE
VVFIN	141	3	spricht	FM	VVFIN
_	141	4	:	$.	$.
FM	141	5	r.	FM	ADJA
FM	141	6	Simplic	FM	NE
_	141	7	.	$.	$.
FM	141	8	Medicam.	FM	NE
FM	141	9	c.	FM	NE
FM	141	10	ult.	FM	NE
_	141	11	:	$.	$.
FM	141	12	Non	FM	NN
FM	141	13	quale	FM	NN
FM	141	14	per	FM	APPR
FM	141	15	se	FM	ADV
_	141	16	,	$,	$,
KON	141	17	&	$(	KON
_	141	18	ad	FM	FM
FM	141	19	totam	FM	ADJA
FM	141	20	naturam	FM	ADJA
FM	141	21	Medicamentum	FM	NN
FM	141	22	sit	FM	VVFIN
_	141	23	,	$,	$,
FM	141	24	confideramus	FM	NN
_	141	25	(	$(	$(
FM	141	26	patet	FM	NN
FM	141	27	enim	FM	ADJA
FM	141	28	ita	FM	NE
FM	141	29	nec	FM	NE
FM	141	30	acetum	FM	NN
FM	141	31	nee	FM	ART
FM	141	32	mare	FM	NE
FM	141	33	dici	FM	NE
_	141	34	,	$,	$,
FM	141	35	quod	FM	NE
FM	141	36	nos	FM	ADJA
FM	141	37	exiccet	FM	NE
_	141	38	,	$,	$,
FM	141	39	aut	FM	ADJA
FM	141	40	siccum	FM	ADJA
FM	141	41	sit	FM	ADJA
FM	141	42	facultate	FM	NN
_	141	43	,	$,	$,
FM	141	44	cùm	FM	ADJA
FM	141	45	actu	FM	ADJA
FM	141	46	horum	FM	NN
FM	141	47	utrumq̒ue	FM	ADJA
FM	141	48	sit	FM	ADJA
FM	141	49	humidum	FM	NN
_	141	50	)	$(	$(
FM	141	51	verum	FM	NN
FM	141	52	si	FM	NE
FM	141	53	nos	FM	ADJA
FM	141	54	siccare	FM	NE
FM	141	55	appareat	FM	NE
_	141	56	,	$,	$,
FM	141	57	sicca	FM	NE
FM	141	58	dicentur	FM	NN
_	141	59	,	$,	$,
_	141	60	ad	FM	FM
FM	141	61	nos	FM	ADJA
FM	141	62	videlicet	FM	NE
KON	141	63	&	$(	KON
FM	141	64	naturam	FM	NN
FM	141	65	nostram	FM	NN
_	141	66	,	$,	$,
FM	141	67	perinde	FM	NE
FM	141	68	ac	FM	NE
FM	141	69	si	FM	ADJA
FM	141	70	dicas	FM	NE
FM	141	71	exiccantia	FM	NE
_	141	72	.	$.	$.
FM	142	1	Et	FM	FM
FM	142	2	mox	FM	NN
_	142	3	:	$.	$.
FM	142	4	Nobis	FM	NE
FM	142	5	non	FM	ADJA
FM	142	6	quale	FM	ADJA
FM	142	7	secundum	FM	NN
FM	142	8	naturam	FM	ADJD
FM	142	9	sit	FM	VVFIN
FM	142	10	Medicamentum	FM	NN
_	142	11	,	$,	$,
FM	142	12	quærere	FM	NN
FM	142	13	est	FM	ADJA
FM	142	14	propositum	FM	NN
_	142	15	,	$,	$,
FM	142	16	sed	FM	NN
FM	142	17	quid	FM	ADJD
FM	142	18	in	FM	APPR
FM	142	19	nos	FM	ADJA
FM	142	20	efficere	FM	ADJA
FM	142	21	aptum	FM	NN
FM	142	22	sit	FM	VVFIN
_	142	23	.	$.	$.
_	143	1	dann	ADV	ADV
_	143	2	gleich	ADV	ADJD
_	143	3	wenn	KOUS	KOUS
_	143	4	man	PIS	PIS
_	143	5	fragt	VVFIN	VVFIN
_	143	6	/	$(	$(
_	143	7	was	PWS	PWS
_	143	8	der	ART	ART
_	143	9	Wein	NN	NN
_	143	10	für	APPR	APPR
_	143	11	eine	ART	ART
_	143	12	Qualität	NN	NN
_	143	13	habe	VAFIN	VAFIN
_	143	14	/	$(	$(
_	143	15	so	ADV	ADV
_	143	16	versteht	VVFIN	VVFIN
_	143	17	man	PIS	PIS
_	143	18	es	PPER	PPER
_	143	19	nicht	PTKNEG	PTKNEG
_	143	20	von	APPR	APPR
_	143	21	der	ART	ART
_	143	22	/	$(	$(
_	143	23	welche	PWAT	PRELS
_	143	24	er	PPER	PPER
_	143	25	an	APPR	APPR
_	143	26	sich	PRF	PRF
_	143	27	selbst	ADV	ADV
_	143	28	in	APPR	APPR
_	143	29	den	ART	ART
_	143	30	Fässern	NN	NN
_	143	31	hat	VAFIN	VAFIN
_	143	32	/	$(	$(
_	143	33	nämlich	ADV	ADV
_	143	34	dass	KOUS	KOUS
_	143	35	er	PPER	PPER
_	143	36	kalt	ADJD	ADJD
_	143	37	und	KON	KON
_	143	38	feucht	ADJA	ADJD
_	143	39	ist	VAFIN	VAFIN
_	143	40	/	$(	$(
_	143	41	sondern	KON	KON
_	143	42	man	PIS	PIS
_	143	43	meint	VVFIN	VVFIN
_	143	44	/	$(	$(
_	143	45	was	PWS	PRELS
_	143	46	er	PPER	PPER
_	143	47	für	APPR	APPR
_	143	48	eine	ART	ART
_	143	49	Fakultät	NN	NN
_	143	50	oder	KON	KON
_	143	51	Komplexion	NN	NN
_	143	52	sei	VAFIN	VAFIN
_	143	53	/	$(	$(
_	143	54	weil	KOUS	KOUS
_	143	55	er	PPER	PPER
_	143	56	uns	PPER	PPER
_	143	57	/	$(	$(
_	143	58	so	ADV	ADV
_	143	59	wir	PPER	PPER
_	143	60	ihn	PPER	PPER
_	143	61	trinken	VVFIN	VVINF
_	143	62	/	$(	$(
_	143	63	hitzt	VVFIN	VVFIN
_	143	64	und	KON	KON
_	143	65	wärmt	VVFIN	VVFIN
_	143	66	/	$(	$(
_	143	67	ob	KOUS	KOUS
_	143	68	er	PPER	PPER
_	143	69	gleich	ADV	ADJD
_	143	70	an	APPR	PTKVZ
_	143	71	und	KON	KON
_	143	72	für	APPR	APPR
_	143	73	sich	PRF	PRF
_	143	74	selbst	ADV	ADV
_	143	75	kalt	ADJD	ADJD
_	143	76	und	KON	KON
_	143	77	frisch	ADJD	ADJD
_	143	78	ist	VAFIN	VAFIN
_	143	79	/	$(	$(
_	143	80	wie	PWAV	KOUS
_	143	81	wir	PPER	PPER
_	143	82	Deutschen	ADJA	NN
_	143	83	singen	VVINF	VVINF
_	143	84	:	$.	$.
_	144	1	beim	APPRART	APPRART
_	144	2	kühlen	ADJA	ADJA
_	144	3	Wein	NN	NN
_	144	4	.	$.	$.
_	145	1	also	ADV	ADV
_	145	2	auch	ADV	ADV
_	145	3	/	$(	$(
_	145	4	wann	PWAV	PWAV
_	145	5	wir	PPER	PPER
_	145	6	hier	ADV	ADV
_	145	7	von	APPR	APPR
ART	145	8	des	ART	ART
_	145	9	Brunnens	NN	NN
_	145	10	Qualitäten	NN	NN
_	145	11	und	KON	KON
_	145	12	Komplexion	NN	NN
_	145	13	sagen	VVINF	VVINF
_	145	14	/	$(	$(
_	145	15	meinen	VVFIN	VVFIN
_	145	16	wir	PPER	PPER
_	145	17	nicht	PTKNEG	PTKNEG
_	145	18	die	ART	ART
PDS	145	19	jenigen	PIAT	PDAT
_	145	20	/	$(	$(
PRELS	145	21	welche	PWAT	PRELS
_	145	22	er	PPER	PPER
_	145	23	für	APPR	APPR
_	145	24	sich	PRF	PRF
_	145	25	hat	VAFIN	VAFIN
_	145	26	/	$(	$(
_	145	27	und	KON	KON
PRELS	145	28	die	ART	PRELS
_	145	29	wir	PPER	PPER
VVFIN	145	30	fühlen	VVFIN	VVINF
_	145	31	/	$(	$(
_	145	32	nämlich	ADV	ADV
_	145	33	dass	KOUS	KOUS
_	145	34	er	PPER	PPER
_	145	35	kalt	ADJD	ADJD
_	145	36	und	KON	KON
ADJD	145	37	feucht	ADJA	ADJD
_	145	38	ist	VAFIN	VAFIN
_	145	39	/	$(	$(
_	145	40	sondern	KON	KON
_	145	41	wir	PPER	PPER
VVFIN	145	42	verstehen	VVINF	VVFIN
_	145	43	es	PPER	PPER
_	145	44	von	APPR	APPR
_	145	45	der	ART	ART
_	145	46	Qualität	NN	NN
_	145	47	oder	KON	KON
_	145	48	Fakultät	NN	NN
_	145	49	/	$(	$(
PRELS	145	50	die	ART	PRELS
_	145	51	er	PPER	PPER
_	145	52	hat	VAFIN	VAFIN
_	145	53	in	APPR	APPR
_	145	54	unseren	PPOSAT	PPOSAT
_	145	55	Leibern	NN	NN
_	145	56	/	$(	$(
KOUS	145	57	wann	PWAV	PWAV
_	145	58	wir	PPER	PPER
PDS	145	59	denselben	PDAT	PDS
_	145	60	entweder	KON	KON
_	145	61	inwendig	ADJD	ADJD
_	145	62	oder	KON	KON
ADJD	145	63	auswendig	ADJD	ADV
_	145	64	gebrauchen	VVINF	VVINF
_	145	65	.	$.	$.
PDS	146	1	solches	PIAT	PIS
_	146	2	habe	VAFIN	VAFIN
_	146	3	ich	PPER	PPER
_	146	4	von	APPR	APPR
_	146	5	wegen	APPR	APPR
_	146	6	der	ART	ART
PDS	146	7	jenigen	PIAT	PDAT
_	146	8	so	ADV	ADV
_	146	9	der	ART	ART
FM	146	10	Terminorum	NE	NN
FM	146	11	Medicorum	NE	NN
_	146	12	nicht	PTKNEG	PTKNEG
ADJD	146	13	kundig	VVIMP	ADJD
_	146	14	/	$(	$(
PAV	146	15	damit	PAV	KOUS
_	146	16	sie	PPER	PPER
_	146	17	nicht	PTKNEG	PTKNEG
ADJD	146	18	irre	NN	ADJD
_	146	19	gemacht	VVPP	VVPP
_	146	20	werden	VAINF	VAINF
_	146	21	/	$(	$(
_	146	22	gleichsam	ADJD	ADJD
ADJD	146	23	beiläufig	NE	ADJD
_	146	24	erinnern	VVINF	VVINF
VMFIN	146	25	müssen	VMFIN	VMINF
_	146	26	.	$.	$.
_	147	1	nun	ADV	ADV
_	147	2	aber	ADV	ADV
_	147	3	ist	VAFIN	VAFIN
PIAT	147	4	alles	PIS	PIAT
_	147	5	Bitumen	NN	NN
_	147	6	warm	ADJD	ADJD
_	147	7	und	KON	KON
_	147	8	trocken	ADJD	ADJD
_	147	9	/	$(	$(
KOUS	147	10	wie	PWAV	KOUS
_	147	11	Aëtius	NE	NE
_	147	12	schreibt	VVFIN	VVFIN
FM	147	13	Tetrabibl	NE	NE
_	147	14	.	$.	$.
ADJA	148	1	4.	FM	ADJA
FM	148	2	serm.	FM	NN
ADJA	148	3	2.	FM	ADJA
FM	148	4	sub	FM	NN
FM	148	5	finem	FM	ADJA
FM	148	6	ferè	FM	NE
NN	148	7	cap.	FM	NE
ADJA	148	8	28.	FM	ADJA
NN	148	9	Bitumen	FM	NN
FM	148	10	præclarè	FM	NE
FM	148	11	calefacit	FM	NE
_	148	12	,	$,	$,
KON	148	13	&	$(	KON
FM	148	14	siccat	FM	NE
_	148	15	.	$.	$.
KON	149	1	und	KON	KON
FM	149	2	Tetrabibl	NE	NE
_	149	3	.	$.	$.
ADJA	150	1	1.	ADJA	ADJA
FM	150	2	serm.	NN	NE
ADJA	150	3	2.	ADJA	ADV
FM	150	4	e.	ADJA	ART
_	150	5	49	CARD	CARD
_	150	6	.	$.	$.
FM	151	1	Vis	FM	ADJA
FM	151	2	est	FM	ADJA
FM	151	3	omni	FM	ADJA
FM	151	4	Bituminicalfactoria	FM	NE
KON	151	5	&	$(	KON
FM	151	6	siccatoria	FM	NE
_	151	7	.	$.	$.
_	152	1	und	KON	KON
_	152	2	zwar	ADV	ADV
KOUS	152	3	wie	KOKOM	KOUS
_	152	4	eben	ADV	ADV
_	152	5	dieser	PDAT	PDAT
NE	152	6	Aëtius	NE	NN
_	152	7	an	APPR	APPR
_	152	8	diesem	PDAT	PDAT
ADJD	152	9	letzt	ADV	ADJD
_	152	10	angezogenem	ADJA	ADJA
_	152	11	Ort	NN	NN
_	152	12	will	VMFIN	VMFIN
_	152	13	/	$(	$(
_	152	14	im	APPRART	APPRART
PIS	152	15	anderen	ADJA	PIS
_	152	16	Grad	NN	NN
_	152	17	oder	KON	KON
_	152	18	Stufen	NN	NN
_	152	19	/	$(	$(
_	152	20	mit	APPR	APPR
PRELS	152	21	welchem	PWAT	PRELS
_	152	22	auch	ADV	ADV
_	152	23	Paulus	NE	NE
_	152	24	Ägineta	NE	NE
ADV	152	25	überein	PTKVZ	ADV
_	152	26	stimmt	VVFIN	VVFIN
_	152	27	/	$(	$(
KOUS	152	28	da	ADV	KOUS
_	152	29	er	PPER	PPER
_	152	30	spricht	VVFIN	VVFIN
NN	152	31	lib.	NN	NE
_	152	32	7.	ADJA	ADJA
FM	152	33	de	NE	NE
FM	152	34	arte	VVFIN	NE
FM	152	35	med.	NN	NE
FM	152	36	pagin	NN	NE
_	152	37	346.	ADJA	ADJA
NN	152	38	Bitumen	NN	NN
FM	152	39	secundi	NE	ADJA
FM	152	40	ordinis	NE	NE
FM	152	41	arefacientium	NE	NN
KON	152	42	&	$(	KON
FM	152	43	calefacientium	NE	NN
FM	152	44	est	FM	ADJD
_	152	45	:	$.	$.
_	153	1	oder	KON	KON
KOUS	153	2	wie	KOKOM	KOUS
_	153	3	Johannes	NE	NE
_	154	1	Gorrhæus	NE	NE
FM	154	2	in	APPR	APPR
FM	154	3	definit	ADJD	NE
_	154	4	.	$.	$.
FM	155	1	Medicis	FM	NE
_	155	2	,	$,	$,
FM	155	3	titulo	FM	NE
_	155	4	[	$(	$(
FM	155	5	Griech.	FM	NE
_	155	6	]	$(	$(
VVFIN	155	7	schreibt	FM	VVFIN
_	155	8	/	$(	$(
APPRART	155	9	im	FM	APPRART
ADJA	155	10	dritten	FM	ADJA
NN	155	11	Graduale	FM	NN
_	155	12	:	$.	$.
FM	155	13	Omne	FM	NN
NN	155	14	Bitumen	FM	NN
_	155	15	,	$,	$,
VVFIN	155	16	sagt	FM	VVFIN
PPER	155	17	er	FM	PPER
_	155	18	/	$(	$(
FM	155	19	in	FM	APPR
FM	155	20	tertio	FM	NE
FM	155	21	ordine	FM	ADJA
FM	155	22	calidissimum	FM	NN
KON	155	23	&	$(	KON
FM	155	24	siccissimum	FM	NN
FM	155	25	est	FM	ADJD
_	155	26	.	$.	$.
PWAT	156	1	welcher	PWAT	PWS
_	156	2	Streit	NN	NN
_	156	3	doch	ADV	ADV
ADV	156	4	leichtlich	ADJD	ADV
PTKVZ	156	5	hin	PTKVZ	ADV
_	156	6	zu	PTKZU	PTKZU
_	156	7	legen	VVINF	VVINF
_	156	8	/	$(	$(
_	156	9	so	ADV	ADV
_	156	10	man	PIS	PIS
_	156	11	sagt	VVFIN	VVFIN
_	156	12	/	$(	$(
_	156	13	dass	KOUS	KOUS
_	156	14	Aëtius	NE	NE
_	156	15	und	KON	KON
_	156	16	die	ART	ART
_	156	17	seiner	PPOSAT	PPOSAT
_	156	18	Meinung	NN	NN
_	156	19	sein	VAINF	VAINF
_	156	20	/	$(	$(
VVFIN	156	21	verstehen	VVINF	VVFIN
ART	156	22	das	ART	ART
_	156	23	Ende	NN	NN
_	156	24	des	ART	ART
PIAT	156	25	anderen	ADJA	PIAT
_	156	26	Grads	NN	NN
_	156	27	/	$(	$(
_	156	28	dagegen	PAV	PAV
_	156	29	aber	ADV	ADV
_	156	30	Gorrhaeus	NE	NE
_	156	31	den	ART	ART
_	156	32	Anfang	NN	NN
_	156	33	des	ART	ART
_	156	34	dritten	ADJA	ADJA
_	156	35	Grads	NN	NN
_	156	36	meint	VVFIN	VVFIN
_	156	37	/	$(	$(
_	156	38	und	KON	KON
PAV	156	39	derowegen	ADV	VVFIN
_	156	40	nicht	PTKNEG	PTKNEG
_	156	41	weit	ADJD	ADJD
_	156	42	voneinander	ADV	ADV
_	156	43	sein	VAINF	VAINF
_	156	44	/	$(	$(
KOUS	156	45	sintemal	KOUS	ADV
_	156	46	ein	ART	ART
_	156	47	jeglicher	PIAT	PIAT
NN	156	48	Gradus	NE	NN
_	156	49	noch	ADV	ADV
_	156	50	seine	PPOSAT	PPOSAT
NN	156	51	Latitudines	NE	NN
_	156	52	habe	VAFIN	VAFIN
_	156	53	/	$(	$(
_	156	54	und	KON	KON
_	156	55	den	ART	ART
NN	156	56	Medizis	NE	NN
_	156	57	,	$,	$,
PRELS	156	58	welche	PWAT	PRELS
FM	156	59	Artifices	NE	NN
FM	156	60	sensati	NE	NE
_	156	61	sein	VAINF	VAINF
_	156	62	/	$(	$(
_	156	63	und	KON	KON
_	156	64	die	ART	ART
_	156	65	gar	ADV	ADV
_	156	66	geringe	ADJA	ADJA
_	156	67	Unterschiede	NN	NN
_	156	68	/	$(	$(
PRELS	156	69	welche	PWAT	PRELS
_	156	70	keinen	PIAT	PIAT
_	156	71	Nutzen	NN	NN
_	156	72	haben	VAFIN	VAFIN
_	156	73	/	$(	$(
_	156	74	nicht	PTKNEG	PTKNEG
VVFIN	156	75	achten	ADJA	VVINF
_	156	76	/	$(	$(
_	156	77	fast	ADV	ADV
ADJD	156	78	gleich	ADV	ADJD
_	156	79	gölte	VVFIN	VVFIN
_	156	80	/	$(	$(
_	156	81	wenn	KOUS	KOUS
_	156	82	ein	ART	ART
_	156	83	Ding	NN	NN
_	156	84	in	APPR	APPR
FM	156	85	sine	FM	NE
FM	156	86	secundi	NE	NE
_	156	87	oder	KON	KON
_	156	88	in	APPR	APPR
FM	156	89	Principio	NE	NN
FM	156	90	Tertiigradus	NE	NE
_	156	91	und	KON	KON
FM	156	92	Ordinis	NE	NN
_	156	93	zu	PTKZU	PTKZU
_	156	94	sein	VAINF	VAINF
_	156	95	gesagt	VVPP	VVPP
_	156	96	wird	VAFIN	VAFIN
_	156	97	.	$.	$.
_	157	1	weil	KOUS	KOUS
_	157	2	dann	ADV	ADV
_	157	3	nun	ADV	ADV
_	157	4	die	ART	ART
_	157	5	Bitumina	NN	NN
_	157	6	in	APPR	APPR
_	157	7	dem	ART	ART
_	157	8	Grad	NN	NN
_	157	9	warmer	ADJA	ADJA
_	157	10	und	KON	KON
ADJA	157	11	trockner	NN	ADJA
_	157	12	Komplexion	NN	NN
_	157	13	sein	VAINF	VAINF
_	157	14	/	$(	$(
_	157	15	so	ADV	ADV
_	157	16	wird	VAFIN	VAFIN
_	157	17	desgleichen	ADV	ADV
_	157	18	Temperament	NN	NN
_	157	19	oder	KON	KON
_	157	20	Qualitäten	NN	NN
_	157	21	auch	ADV	ADV
_	157	22	der	ART	ART
_	157	23	Brunnen	NN	NN
_	157	24	in	APPR	APPR
_	157	25	sich	PRF	PRF
_	157	26	haben	VAFIN	VAFIN
_	157	27	/	$(	$(
_	157	28	ob	KOUS	KOUS
ADV	157	29	gleich	ADV	ADJD
ADV	157	30	etwas	PIS	ADV
_	157	31	von	APPR	APPR
_	157	32	wegen	APPR	APPR
_	157	33	des	ART	ART
_	157	34	vielfältigen	ADJA	ADJA
_	157	35	Wassers	NN	NN
ADJA	157	36	beiwesender	NE	ADJA
_	157	37	kalter	ADJA	ADJA
_	157	38	und	KON	KON
_	157	39	feuchter	ADJA	ADJA
_	157	40	Qualität	NN	NN
_	157	41	davon	PAV	PAV
VVPP	157	42	geringert	VVPP	ADJD
_	157	43	wird	VAFIN	VAFIN
_	157	44	.	$.	$.
_	158	1	das	ART	ART
_	158	2	dritte	ADJA	ADJA
_	158	3	Kapitel	NN	NN
_	158	4	.	$.	$.
_	159	1	von	APPR	APPR
_	159	2	den	ART	ART
_	159	3	Tugenden	NN	NN
_	159	4	/	$(	$(
_	159	5	Kräften	NN	NN
_	159	6	und	KON	KON
_	159	7	Wirkungen	NN	NN
_	159	8	dieses	PDAT	PDAT
_	159	9	Brunnens	NN	NN
_	159	10	.	$.	$.
APPR	160	1	aus	NE	APPR
_	160	2	diesem	PDAT	PDAT
_	160	3	folgt	VVFIN	VVFIN
_	160	4	nun	ADV	ADV
_	160	5	/	$(	$(
_	160	6	dass	KOUS	KOUS
_	160	7	dieser	PDAT	PDAT
_	160	8	Brunnen	NN	NN
APPR	160	9	zu	PTKZU	APPR
_	160	10	allen	PIAT	PIAT
_	160	11	kalten	ADJA	ADJA
_	160	12	/	$(	$(
_	160	13	und	KON	KON
_	160	14	von	APPR	APPR
_	160	15	übriger	ADJA	ADJA
_	160	16	Kälte	NN	NN
_	160	17	und	KON	KON
_	160	18	Feuchtigkeit	NN	NN
_	160	19	herrührenden	ADJA	ADJA
_	160	20	Krankheiten	NN	NN
_	160	21	dienlich	ADJD	ADJD
_	160	22	sei	VAFIN	VAFIN
_	160	23	/	$(	$(
_	160	24	dass	KOUS	KOUS
_	160	25	er	PPER	PPER
VVFIN	160	26	kuriere	NN	VVFIN
_	160	27	die	ART	ART
_	160	28	wässerige	ADJA	ADJA
_	160	29	Geschwulst	NN	NN
_	160	30	/	$(	$(
_	160	31	die	ART	ART
_	160	32	feuchte	ADJA	ADJA
_	160	33	fließende	ADJA	ADJA
_	160	34	Krätze	NN	NN
_	160	35	und	KON	KON
_	160	36	alle	PIAT	PIAT
_	160	37	wässerigen	ADJA	ADJA
NN	160	38	Tumore	NE	NN
_	160	39	und	KON	KON
_	160	40	Beulen	NN	NN
_	160	41	.	$.	$.
_	161	1	weil	KOUS	KOUS
_	161	2	auch	ADV	ADV
_	161	3	das	ART	ART
_	161	4	Erdpech	NN	NN
_	161	5	/	$(	$(
_	161	6	über	APPR	APPR
PDS	161	7	das	ART	ART
_	161	8	dass	KOUS	KOUS
_	161	9	es	PPER	PPER
_	161	10	hitzig	ADJD	ADJD
_	161	11	und	KON	KON
ADJD	161	12	trucken	ADJD	VVFIN
_	161	13	/	$(	$(
_	161	14	auch	ADV	ADV
FM	161	15	tenuissimae	NE	ADJA
FM	161	16	substantiae	NE	NE
_	161	17	,	$,	$,
PDS	161	18	das	ART	PDS
_	161	19	ist	VAFIN	VAFIN
_	161	20	einer	ART	ART
_	161	21	durchdringenden	ADJA	ADJA
_	161	22	Art	NN	NN
_	161	23	ist	VAFIN	VAFIN
_	161	24	/	$(	$(
_	161	25	so	ADV	ADV
_	161	26	folgt	VVFIN	VVFIN
_	161	27	/	$(	$(
_	161	28	dass	KOUS	KOUS
_	161	29	er	PPER	PPER
_	161	30	auch	ADV	ADV
_	161	31	die	ART	ART
_	161	32	Verstopfung	NN	NN
_	161	33	der	ART	ART
_	161	34	Leber	NN	NN
VVFIN	161	35	eröffnet	VVPP	VVFIN
_	161	36	/	$(	$(
_	161	37	die	ART	ART
_	161	38	monatliche	ADJA	ADJA
_	161	39	Reinigung	NN	NN
_	161	40	bei	APPR	APPR
_	161	41	Weibspersonen	NN	NN
_	161	42	/	$(	$(
_	161	43	auch	ADV	ADV
_	161	44	das	ART	ART
_	161	45	Wasser	NN	NN
_	161	46	und	KON	KON
_	161	47	Harn	NN	NN
_	161	48	befördere	VVFIN	VVFIN
_	161	49	/	$(	$(
_	161	50	den	ART	ART
_	161	51	Stein	NN	NN
ADV	161	52	fort	PTKVZ	ADV
_	161	53	treibe	VVFIN	VVFIN
_	161	54	/	$(	$(
_	161	55	alle	PIAT	PIAT
_	161	56	dünnen	ADJA	ADJA
_	161	57	wässerigen	ADJA	ADJA
_	161	58	Feuchtigkeiten	NN	NN
_	161	59	auch	ADV	ADV
_	161	60	durch	APPR	APPR
_	161	61	den	ART	ART
_	161	62	Schweiß	NN	NN
_	161	63	mit	APPR	APPR
_	161	64	Gewalt	NN	NN
_	161	65	austreibe	VVFIN	VVFIN
_	161	66	/	$(	$(
_	161	67	die	ART	ART
_	161	68	dicke	ADJA	ADJA
_	161	69	und	KON	KON
ADJA	161	70	zähe	NN	ADJA
_	161	71	Materie	NN	NN
ADJD	161	72	dünne	ADJA	ADJD
_	161	73	mache	VVFIN	VVFIN
_	161	74	und	KON	KON
_	161	75	zerteile	VVFIN	VVFIN
_	161	76	.	$.	$.
PAV	162	1	dannenher	PAV	VVFIN
_	162	2	es	PPER	PPER
_	162	3	/	$(	$(
_	162	4	weil	KOUS	KOUS
_	162	5	es	PPER	PPER
_	162	6	nämlich	ADV	ADV
_	162	7	die	ART	ART
_	162	8	dicken	ADJA	ADJA
_	162	9	und	KON	KON
ADJA	162	10	zähen	CARD	ADJA
_	162	11	Flüsse	NN	NN
_	162	12	und	KON	KON
_	162	13	Schleim	NN	NN
_	162	14	auf	APPR	APPR
_	162	15	der	ART	ART
_	162	16	Brust	NN	NN
_	162	17	und	KON	KON
_	162	18	in	APPR	APPR
_	162	19	der	ART	ART
_	162	20	Lunge	NN	NN
VVPP	162	21	zerteilt	VVFIN	VVPP
_	162	22	und	KON	KON
VVPP	162	23	verzehrt	VVFIN	VVPP
_	162	24	/	$(	$(
_	162	25	den	ART	ART
NN	162	26	Asthmaticis	NE	NN
_	162	27	oder	KON	KON
_	162	28	dumpfigen	ADJA	ADJA
_	162	29	Leuten	NN	NN
_	162	30	so	ADV	ADV
_	162	31	wohl	ADV	ADV
_	162	32	bekömmt	VVFIN	VVFIN
_	162	33	/	$(	$(
KOUS	162	34	dass	ART	KOUS
_	162	35	/	$(	$(
KOUS	162	36	wie	KOKOM	KOUS
_	162	37	ich	PPER	PPER
_	162	38	es	PPER	PPER
_	162	39	bei	APPR	APPR
PIAT	162	40	etlichen	ADJA	PIAT
_	162	41	Personen	NN	NN
_	162	42	in	APPR	APPR
_	162	43	umliegenden	ADJA	ADJA
_	162	44	Städtlein	NN	NN
_	162	45	und	KON	KON
NN	162	46	Dörfern	ADJD	NN
_	162	47	/	$(	$(
ADV	162	48	insonderheit	ADV	NN
_	162	49	bei	APPR	APPR
_	162	50	der	ART	ART
_	162	51	Müllerin	NN	NN
APPR	162	52	zu	PTKZU	APPR
NE	162	53	Triptis	NE	NN
_	162	54	/	$(	$(
VVPP	162	55	erfahren	VVINF	VVPP
_	162	56	/	$(	$(
_	162	57	nach	APPR	APPR
_	162	58	dem	ART	ART
PIAT	162	59	viele	ADV	PIAT
PIAT	162	60	andere	ADJA	PIS
_	162	61	Mittel	NN	NN
_	162	62	vergeblich	ADJD	ADJD
_	162	63	und	KON	KON
_	162	64	ohne	APPR	APPR
_	162	65	Nutzen	NN	NN
_	162	66	gebraucht	VVPP	VVPP
_	162	67	worden	VAPP	VAPP
_	162	68	/	$(	$(
_	162	69	sie	PPER	PPER
_	162	70	endlich	ADV	ADV
_	162	71	durch	APPR	APPR
_	162	72	diesen	PDAT	PDAT
_	162	73	Brunnen	NN	NN
APPR	162	74	zu	PTKZU	APPR
_	162	75	vollständiger	ADJA	ADJA
_	162	76	Gesundheit	NN	NN
VVPP	162	77	gekommen	VVFIN	VVPP
_	162	78	sind	VAFIN	VAFIN
_	162	79	.	$.	$.
_	163	1	es	PPER	PPER
_	163	2	ist	VAFIN	VAFIN
_	163	3	auch	ADV	ADV
_	163	4	dieser	PDAT	PDAT
_	163	5	Brunnen	NN	NN
_	163	6	eine	ART	ART
_	163	7	gewisse	ADJA	ADJA
_	163	8	und	KON	KON
_	163	9	herrliche	ADJA	ADJA
_	163	10	Arznei	NN	NN
_	163	11	wider	APPR	APPR
_	163	12	das	ART	ART
_	163	13	Zipperlein	NN	NN
_	163	14	und	KON	KON
NN	163	15	Podagram	NE	NN
_	163	16	/	$(	$(
_	163	17	also	ADV	ADV
KOUS	163	18	das	ART	PDS
_	163	19	auch	ADV	ADV
_	163	20	die	ART	ART
_	163	21	Beulen	NN	NN
_	163	22	und	KON	KON
_	163	23	Knoten	NN	NN
PIAT	163	24	etlicher	ADJA	PIAT
ADV	163	25	massen	NN	NN
VVPP	163	26	zerteilt	VVFIN	VVPP
_	163	27	/	$(	$(
KOUS	163	28	inmassen	KOUS	VVFIN
ADV	163	29	allhier	ADV	ADJA
_	163	30	zur	APPRART	APPRART
_	163	31	Neustadt	NN	NN
_	163	32	eine	ART	ART
_	163	33	Person	NN	NN
_	163	34	/	$(	$(
_	163	35	so	ADV	ADV
_	163	36	vom	APPRART	APPRART
_	163	37	Zipperlein	NN	NN
_	163	38	an	APPR	APPR
_	163	39	Händen	NN	NN
_	163	40	und	KON	KON
_	163	41	Füßen	NN	NN
_	163	42	gar	ADV	ADV
ADJD	163	43	lahm	NE	ADJD
_	163	44	gerissen	VVPP	VVPP
_	163	45	worden	VAPP	VAPP
_	163	46	/	$(	$(
_	163	47	nunmehr	ADV	ADV
_	163	48	nicht	PTKNEG	PTKNEG
_	163	49	allein	ADV	ADV
_	163	50	gehen	VVINF	VVINF
_	163	51	und	KON	KON
_	163	52	stehen	VVFIN	VVFIN
_	163	53	/	$(	$(
_	163	54	sondern	KON	KON
ADV	163	55	auch	ADV	ADV
_	163	56	wieder	ADV	ADV
_	163	57	auf	APPR	APPR
_	163	58	der	ART	ART
_	163	59	Laute	NN	NN
VVINF	163	60	schlagen	VVFIN	VVINF
_	163	61	kann	VMFIN	VMFIN
_	163	62	.	$.	$.
ADV	164	1	kürzlich	ADV	ADJD
_	164	2	zu	PTKZU	PTKZU
_	164	3	melden	VVINF	VVINF
_	164	4	/	$(	$(
_	164	5	dient	VVFIN	VVFIN
_	164	6	er	PPER	PPER
_	164	7	wider	APPR	APPR
_	164	8	alle	PIAT	PIAT
_	164	9	kalten	ADJA	ADJA
_	164	10	und	KON	KON
_	164	11	feuchten	ADJA	ADJA
_	164	12	Flüsse	NN	NN
_	164	13	oder	KON	KON
_	164	14	Krankheiten	NN	NN
_	164	15	/	$(	$(
_	164	16	wie	KOKOM	KOKOM
_	164	17	Aëtius	NE	NE
_	164	18	bezeugt	VVFIN	VVFIN
FM	164	19	Tetrabibl.	NN	NE
FM	164	20	serm.	NN	NE
_	164	21	3.	ADJA	ADJA
NN	164	22	cap.	NN	ADJA
_	164	23	167.	ADJA	ADJA
KOUS	164	24	da	ADV	KOUS
_	164	25	er	PPER	PPER
_	164	26	spricht	VVFIN	VVFIN
_	164	27	:	$.	$.
FM	165	1	Omnia	FM	NE
FM	165	2	autem	FM	ADJD
_	165	3	(	$(	$(
APPR	165	4	unter	FM	APPR
PRELS	165	5	denen	FM	PRELS
PPER	165	6	er	FM	PPER
ADV	165	7	auch	FM	ADV
ART	165	8	die	FM	ART
FM	165	9	Balnea	FM	NE
FM	165	10	bituminosa	FM	NE
VVFIN	165	11	begreift	FM	VVFIN
_	165	12	)	$(	$(
FM	165	13	sunt	FM	VVFIN
FM	165	14	commoda	FM	NE
FM	165	15	humidis	FM	NE
KON	165	16	&	$(	KON
FM	165	17	frigidis	FM	NE
FM	165	18	præter	FM	ADJA
FM	165	19	naturam	FM	ADJA
FM	165	20	corporibus	FM	NN
_	165	21	,	$,	$,
KON	165	22	&	$(	KON
FM	165	23	talibus	FM	NN
FM	165	24	morbis	FM	NE
FM	165	25	diuturnis	FM	NE
_	165	26	.	$.	$.
FM	166	1	Quapropter	FM	NN
FM	166	2	conveniunt	FM	NN
FM	166	3	morbo	FM	NE
FM	166	4	articulari	FM	NE
_	166	5	,	$,	$,
FM	166	6	podagræ	FM	NE
_	166	7	,	$,	$,
FM	166	8	resolutionibus	FM	NN
_	166	9	,	$,	$,
FM	166	10	nephritidi	FM	NE
_	166	11	,	$,	$,
FM	166	12	anhelosis	FM	NN
_	166	13	.	$.	$.
KON	167	1	&	$(	KON
ADV	167	2	cetera	NE	NN
APPR	167	3	über	APPR	APPR
_	167	4	diese	PDAT	PDAT
_	167	5	Tugenden	NN	NN
_	167	6	so	ADV	ADV
_	167	7	dient	VVFIN	VVFIN
_	167	8	dieser	PDAT	PDAT
_	167	9	Brunnen	NN	NN
_	167	10	auch	ADV	ADV
_	167	11	zum	APPRART	APPRART
_	167	12	Gehör	NN	NN
_	167	13	/	$(	$(
_	167	14	so	ADV	ADV
_	167	15	von	APPR	APPR
_	167	16	kalten	ADJA	ADJA
_	167	17	Flüssen	NN	NN
_	167	18	/	$(	$(
_	167	19	oder	KON	KON
_	167	20	von	APPR	APPR
_	167	21	der	ART	ART
_	167	22	kühlen	ADJA	ADJA
NN	167	23	intemperie	NE	NN
_	167	24	verderbt	VVFIN	VVFIN
_	167	25	/	$(	$(
_	167	26	ja	ADV	ADV
_	167	27	auch	ADV	ADV
_	167	28	für	APPR	APPR
_	167	29	die	ART	ART
_	167	30	Felle	NN	NN
_	167	31	in	APPR	APPR
_	167	32	Augen	NN	NN
_	167	33	/	$(	$(
PRELS	167	34	welche	PWAT	PRELS
_	167	35	zwar	ADV	ADV
_	167	36	nichts	PIS	PIS
PIS	167	37	anderes	ADV	PIS
_	167	38	sein	VAINF	VAINF
_	167	39	/	$(	$(
_	167	40	als	KOKOM	KOKOM
_	167	41	ein	ART	ART
ADJA	167	42	dickes	ADJD	ADJA
ADJA	167	43	böses	ADJD	ADJA
_	167	44	Geblüt	NN	NN
_	167	45	/	$(	$(
_	167	46	so	ADV	ADV
_	167	47	zur	APPRART	APPRART
FM	167	48	Tunica	NE	NE
FM	167	49	adnata	NE	NE
_	167	50	fließt	VVFIN	VVFIN
_	167	51	/	$(	$(
_	167	52	und	KON	KON
PAV	167	53	daselbst	PAV	ADV
APPR	167	54	zu	PTKZU	APPR
_	167	55	einer	ART	ART
_	167	56	Haut	NN	NN
_	167	57	wird	VAFIN	VAFIN
_	167	58	/	$(	$(
_	167	59	die	ART	ART
NN	167	60	Sehe	VVFIN	NN
_	167	61	verdunkelt	VVPP	VVPP
_	167	62	/	$(	$(
_	167	63	und	KON	KON
_	167	64	also	ADV	ADV
_	167	65	dem	ART	ART
_	167	66	Gesicht	NN	NN
_	167	67	schadet	VVFIN	VVFIN
_	167	68	.	$.	$.
PWAT	168	1	welche	PWAT	PRELS
_	168	2	Tugend	NN	NN
_	168	3	des	ART	ART
_	168	4	Brunnens	NN	NN
_	168	5	unter	APPR	APPR
PIS	168	6	anderen	ADJA	PIS
ADV	168	7	unlängst	ADJA	ADV
_	168	8	in	APPR	APPR
NE	168	9	Franken	NN	NE
_	168	10	an	APPR	APPR
_	168	11	einem	ART	ART
_	168	12	Mägdlein	NN	NN
VVPP	168	13	probiert	VVFIN	VVPP
_	168	14	/	$(	$(
_	168	15	von	APPR	APPR
PDAT	168	16	dessen	PDS	PDAT
_	168	17	Augen	NN	NN
_	168	18	die	ART	ART
_	168	19	Felle	NN	NN
_	168	20	durch	APPR	APPR
_	168	21	diesen	PDAT	PDAT
_	168	22	Brunnen	NN	NN
_	168	23	mit	APPR	APPR
_	168	24	Gottes	NN	NN
_	168	25	Hilfe	NN	NN
_	168	26	innerhalb	APPR	APPR
PIS	168	27	weniger	PIS	PIAT
_	168	28	Tage	NN	NN
_	168	29	sind	VAFIN	VAFIN
_	168	30	abgetrieben	VVPP	VVPP
_	168	31	worden	VAPP	VAPP
_	168	32	.	$.	$.
_	169	1	deswegen	PAV	PAV
ADV	169	2	denn	KON	ADV
_	169	3	dem	ART	ART
_	169	4	Kärrner	NN	NN
_	169	5	/	$(	$(
_	169	6	so	ADV	ADV
PDAT	169	7	solchen	PIAT	PIAT
_	169	8	Brunnen	NN	NN
_	169	9	dahin	PAV	PAV
_	169	10	geführt	VVPP	VVPP
_	169	11	/	$(	$(
_	169	12	von	APPR	APPR
_	169	13	des	ART	ART
_	169	14	Mägdleins	NN	NN
_	169	15	Vater	NN	NN
_	169	16	etliche	PIAT	PIAT
_	169	17	Franken	NN	NN
_	169	18	sind	VAFIN	VAFIN
VVPP	169	19	verehrt	VVFIN	VVPP
_	169	20	worden	VAPP	VAPP
_	169	21	/	$(	$(
_	169	22	welches	PWS	PWS
_	169	23	alles	PIS	PIS
_	169	24	ich	PPER	PPER
_	169	25	von	APPR	APPR
_	169	26	glaubwürdigen	ADJA	ADJA
_	169	27	Leuten	NN	NN
VVPP	169	28	berichtet	VVFIN	VVPP
_	169	29	.	$.	$.
_	170	1	und	KON	KON
VVFIN	170	2	tragen	VVINF	VVFIN
_	170	3	sich	PRF	PRF
_	170	4	dergleichen	PIS	PIS
_	170	5	Exempel	NN	NN
_	170	6	fast	ADV	ADV
_	170	7	täglich	ADJD	ADJD
PTKVZ	170	8	zu	PTKZU	PTKVZ
_	170	9	/	$(	$(
KOUS	170	10	wie	KOKOM	KOUS
_	170	11	den	ART	ART
PDS	170	12	jenigen	PIAT	PDAT
_	170	13	bewusst	ADJD	ADJD
_	170	14	/	$(	$(
_	170	15	so	ADV	ADV
_	170	16	diesen	PDAT	PDAT
_	170	17	Brunnen	NN	NN
_	170	18	persönlich	ADJD	ADJD
_	170	19	besuchen	VVINF	VVINF
_	170	20	.	$.	$.
_	171	1	so	ADV	ADV
_	171	2	ist	VAFIN	VAFIN
_	171	3	auch	ADV	ADV
_	171	4	nicht	PTKNEG	PTKNEG
_	171	5	unglaublich	ADJD	ADJD
_	171	6	/	$(	$(
_	171	7	dass	KOUS	KOUS
_	171	8	auch	ADV	ADV
_	171	9	etliche	PIAT	PIAT
FM	171	10	Suffusiones	NE	NN
_	171	11	oder	KON	KON
_	171	12	Star	NN	NN
_	171	13	in	APPR	APPR
_	171	14	Augen	NN	NN
_	171	15	durch	APPR	APPR
_	171	16	dieses	PDAT	PDAT
_	171	17	Wasser	NN	NN
VVPP	171	18	zerteilt	VVFIN	VVPP
_	171	19	werden	VAINF	VAINF
_	171	20	können	VMFIN	VMFIN
_	171	21	/	$(	$(
KOUS	171	22	inmassen	KOUS	ADV
APPRART	171	23	beym	APPRART	ADV
FM	171	24	Dioscoride	NE	NE
NN	171	25	Naptha	NE	NE
_	171	26	als	KOKOM	KOKOM
_	171	27	zum	APPRART	APPRART
NN	171	28	Star	NN	NN
_	171	29	dienlich	ADJD	ADJD
_	171	30	/	$(	$(
_	171	31	gerühmt	VVPP	VVPP
_	171	32	wird	VAFIN	VAFIN
_	171	33	.	$.	$.
ADV	172	1	ferner	ADV	ADJD
_	172	2	weil	KOUS	KOUS
_	172	3	die	ART	ART
_	172	4	Ambra	NN	NN
_	172	5	oder	KON	KON
_	172	6	derselben	PDAT	PDAT
NN	172	7	Analogum	NE	NN
_	172	8	auch	ADV	ADV
_	172	9	in	APPR	APPR
_	172	10	diesem	PDAT	PDAT
_	172	11	Brunnen	NN	NN
_	172	12	vorhanden	ADJD	ADJD
_	172	13	/	$(	$(
_	172	14	wie	KOKOM	KOKOM
_	172	15	oben	ADV	ADV
_	172	16	erwiesen	VVPP	VVPP
_	172	17	/	$(	$(
_	172	18	und	KON	KON
_	172	19	aber	ADV	ADV
PDS	172	20	dieselbige	PDAT	ADJA
_	172	21	über	APPR	APPR
_	172	22	diese	PDAT	PDAT
FM	172	23	manifestas	NE	NN
FM	172	24	qualitates	NE	VVFIN
_	172	25	,	$,	$,
_	172	26	dass	KOUS	KOUS
_	172	27	sie	PPER	PPER
ADJD	172	28	trucken	ADJD	VVFIN
_	172	29	/	$(	$(
_	172	30	hitzig	ADJD	ADJD
_	172	31	und	KON	KON
_	172	32	durchdringend	ADJD	ADJD
_	172	33	ist	VAFIN	VAFIN
_	172	34	/	$(	$(
_	172	35	noch	ADV	ADV
PIAT	172	36	andere	ADJD	PIAT
_	172	37	sonderbare	ADJA	ADJA
FM	172	38	Specificas	NE	NN
FM	172	39	Proprietates	NE	NN
_	172	40	und	KON	KON
_	172	41	Tugenden	NN	NN
_	172	42	hat	VAFIN	VAFIN
_	172	43	/	$(	$(
KOUS	172	44	als	KOKOM	KOKOM
_	172	45	folgt	VVFIN	VVFIN
_	172	46	/	$(	$(
_	172	47	dass	KOUS	KOUS
_	172	48	dieser	PDAT	PDAT
_	172	49	Brunnen	NN	NN
_	172	50	gleichfalls	ADV	ADV
_	172	51	mit	APPR	APPR
_	172	52	denselben	PDAT	PDAT
_	172	53	Tugenden	NN	NN
VVPP	172	54	begabt	ADJD	VVPP
_	172	55	sei	VAFIN	VAFIN
_	172	56	.	$.	$.
_	173	1	und	KON	KON
ADV	173	2	erstlich	ADV	ADJD
_	173	3	ist	VAFIN	VAFIN
_	173	4	die	ART	ART
_	173	5	Ambra	NN	NN
_	173	6	eine	ART	ART
_	173	7	sehr	ADV	ADV
_	173	8	kräftige	ADJA	ADJA
_	173	9	und	KON	KON
_	173	10	herrliche	ADJA	ADJA
_	173	11	Arznei	NN	NN
_	173	12	in	APPR	APPR
_	173	13	Schwachheiten	NN	NN
_	173	14	des	ART	ART
_	173	15	Gehirns	NN	NN
_	173	16	/	$(	$(
_	173	17	welches	PRELS	PRELS
_	173	18	sie	PPER	PPER
_	173	19	mehr	ADV	ADV
KOKOM	173	20	denn	KON	ADV
_	173	21	sonsten	ADV	ADV
_	173	22	irgend	ADV	ADV
PIS	173	23	etwas	PIS	ADV
PIS	173	24	anderes	ADV	PIS
_	173	25	stärkt	VVFIN	VVFIN
_	173	26	/	$(	$(
KOUS	173	27	wie	PWAV	KOUS
_	173	28	der	ART	ART
_	173	29	vornehme	ADJA	ADJA
_	173	30	Medikus	NN	NN
_	173	31	Crato	NE	NE
_	173	32	sagt	VVFIN	VVFIN
_	173	33	/	$(	$(
FM	173	34	Consilio	NE	NE
_	173	35	174.	ADJA	ADJA
FM	173	36	posterioris	NE	NN
_	173	37	editionis	NE	NE
_	173	38	:	$.	$.
FM	173	39	Inter	NN	NE
FM	173	40	ea	NE	NE
_	173	41	,	$,	$,
FM	173	42	quæ	NE	NE
FM	173	43	cerebrum	NE	NN
FM	173	44	roborant	NE	ADJD
_	173	45	,	$,	$,
FM	173	46	magnam	NE	NE
FM	173	47	vim	NE	NE
FM	173	48	Ambræ	NN	NE
FM	173	49	orientali	NE	NE
FM	173	50	tribuo	NE	NE
_	173	51	.	$.	$.
_	174	1	und	KON	KON
NE	174	2	Nicolaus	NN	NE
_	174	3	Monardis	NE	NE
_	174	4	in	APPR	APPR
FM	174	5	histor.	NN	ADJA
FM	174	6	simpl.	NN	NE
FM	174	7	med.	NN	NE
FM	174	8	ex	APPR	FM
FM	174	9	novo	NE	ADJA
FM	174	10	orbe	NE	ADJA
FM	174	11	delatorum	NE	NN
FM	174	12	pag.	NN	VVFIN
_	174	13	10.	ADJA	ADJA
_	174	14	sagt	VVFIN	VVFIN
_	174	15	:	$.	$.
FM	175	1	Ambarum	FM	NN
FM	175	2	cum	FM	NN
FM	175	3	oleo	FM	ADJA
FM	175	4	florum	FM	NN
FM	175	5	mali	FM	NE
FM	175	6	Atantii	FM	NE
FM	175	7	sive	FM	NE
FM	175	8	Assyrii	FM	NE
FM	175	9	in	FM	APPR
FM	175	10	calente	FM	NE
FM	175	11	mortario	FM	NE
FM	175	12	permixtum	FM	NN
_	175	13	,	$,	$,
KON	175	14	&	$(	KON
FM	175	15	unguenti	FM	ADJA
FM	175	16	modo	FM	NE
FM	175	17	capiti	FM	NE
FM	175	18	illitum	FM	NN
_	175	19	,	$,	$,
FM	175	20	illius	FM	NE
FM	175	21	dolorem	FM	NE
FM	175	22	levat	FM	NE
_	175	23	,	$,	$,
FM	175	24	cerebrum	FM	NN
FM	175	25	roborat	FM	ADJD
KON	175	26	&	$(	KON
FM	175	27	nervos	FM	NN
_	175	28	,	$,	$,
KON	175	29	&	$(	KON
FM	175	30	frigidos	FM	NN
_	175	31	,	$,	$,
FM	175	32	qui	FM	NE
FM	175	33	infarcti	FM	NE
FM	175	34	sunt	FM	VVFIN
_	175	35	,	$,	$,
FM	175	36	humores	FM	NN
FM	175	37	resolvit	FM	NN
FM	175	38	:	$.	$(
_	175	39	ad	FM	FM
FM	175	40	eadem	FM	ADJA
FM	175	41	efficax	FM	NN
FM	175	42	emplastri	FM	NE
FM	175	43	modo	FM	NE
FM	175	44	cum	FM	NN
FM	175	45	alipta	FM	NE
FM	175	46	moschata	FM	NE
FM	175	47	assiduè	FM	NE
FM	175	48	gestatum	FM	NN
_	175	49	.	$.	$.
FM	176	1	Ejus	FM	NE
FM	176	2	solius	FM	NE
_	176	3	.	$.	$.
FM	176	4	aut	FM	ADJA
FM	176	5	cum	FM	NN
FM	176	6	moscho	FM	NE
KON	176	7	&	$(	KON
FM	176	8	ligno	FM	NE
FM	176	9	aloës	FM	NE
FM	176	10	permixti	FM	NE
_	176	11	,	$,	$,
FM	176	12	olfactu	FM	ADJA
FM	176	13	cerebrum	FM	NN
FM	176	14	roboratur	FM	NN
_	176	15	,	$,	$,
FM	176	16	memoria	FM	NE
FM	176	17	augetur	FM	NN
_	176	18	.	$.	$.
KON	177	1	&	$(	KON
ADV	177	2	cetera	NE	NN
ADV	177	3	ja	PTKANT	ADV
_	177	4	sie	PPER	PPER
_	177	5	stärkt	VVFIN	VVFIN
_	177	6	nicht	PTKNEG	PTKNEG
_	177	7	allein	ADV	ADV
_	177	8	das	ART	ART
_	177	9	Gehirn	NN	NN
_	177	10	/	$(	$(
_	177	11	sondern	KON	KON
_	177	12	auch	ADV	ADV
_	177	13	die	ART	ART
_	177	14	Sehnenadern	NN	NN
_	177	15	/	$(	$(
_	177	16	die	ART	ART
NN	177	17	Gelenke	NE	NN
_	177	18	und	KON	KON
_	177	19	Glieder	NN	NN
_	177	20	/	$(	$(
_	177	21	die	ART	ART
_	177	22	Gicht	NN	NN
_	177	23	/	$(	$(
NN	177	24	Reißen	VVFIN	NN
_	177	25	in	APPR	APPR
_	177	26	Gliedern	NN	NN
_	177	27	/	$(	$(
_	177	28	Lähme	NN	NN
_	177	29	/	$(	$(
_	177	30	dahero	PAV	PAV
_	177	31	jetzt	ADV	ADV
_	177	32	gedachter	ADJA	ADJA
NE	177	33	Monardis	NE	NN
_	177	34	im	APPRART	APPRART
_	177	35	angezogenen	ADJA	ADJA
_	177	36	Buch	NN	NN
_	177	37	am	APPRART	APPRART
_	177	38	11.	ADJA	ADJA
_	177	39	Blatt	NN	NN
_	177	40	sagt	VVFIN	VVFIN
_	177	41	/	$(	$(
FM	177	42	Convenit	NE	NN
FM	177	43	etiam	NE	NE
FM	177	44	Paralyticis	NE	NE
_	177	45	,	$,	$,
FM	177	46	si	NE	ADJA
FM	177	47	eo	NE	ADJA
_	177	48	,	$,	$,
FM	177	49	aut	NE	ADJA
FM	177	50	ejus	NE	NN
FM	177	51	mixtura	NE	NE
FM	177	52	suffiantur	NE	NN
_	177	53	,	$,	$,
FM	177	54	aut	NE	ADJA
FM	177	55	cerebrum	NE	NN
FM	177	56	totaq̒ue	NE	ADJA
FM	177	57	spina	NE	NE
FM	177	58	eo	NE	ADJA
FM	177	59	inungantur	NE	NN
_	177	60	.	$.	$.
FM	178	1	Etenim	FM	NE
FM	178	2	Ambra	FM	NE
FM	178	3	præ	FM	NE
FM	178	4	cæteris	FM	NE
FM	178	5	cerebrum	FM	NN
KON	178	6	&	$(	KON
FM	178	7	nervos	FM	NN
FM	178	8	roborat	FM	NE
_	178	9	.	$.	$.
ADV	179	1	ferner	ADV	ADJD
_	179	2	so	ADV	ADV
_	179	3	dient	VVFIN	VVFIN
_	179	4	sie	PPER	PPER
_	179	5	wider	APPR	APPR
_	179	6	den	ART	ART
_	179	7	Schlag	NN	NN
_	179	8	/	$(	$(
_	179	9	wie	KOKOM	KOKOM
_	179	10	aus	APPR	APPR
_	179	11	dem	ART	ART
NN	179	12	Schlagsälblein	NE	NN
_	179	13	/	$(	$(
_	179	14	und	KON	KON
_	179	15	aus	APPR	APPR
_	179	16	der	ART	ART
_	179	17	Komposition	NN	NN
_	179	18	in	APPR	APPR
_	179	19	der	ART	ART
_	179	20	Apotheke	NN	NN
_	179	21	so	ADV	ADV
_	179	22	von	APPR	APPR
_	179	23	der	ART	ART
_	179	24	Ambra	NN	NN
_	179	25	den	ART	ART
_	179	26	Namen	NN	NN
_	179	27	hat	VAFIN	VAFIN
_	179	28	/	$(	$(
VVIZU	179	29	abzunehmen	VVINF	VVIZU
_	179	31	.	$.	$.
_	180	1	sie	PPER	PPER
_	180	2	ist	VAFIN	VAFIN
_	180	3	auch	ADV	ADV
_	180	4	eine	ART	ART
_	180	5	herrliche	ADJA	ADJA
_	180	6	Arznei	NN	NN
_	180	7	wider	APPR	APPR
_	180	8	die	ART	ART
_	180	9	schwere	ADJA	ADJA
_	180	10	Not	NN	NN
_	180	11	/	$(	$(
KOUS	180	12	wie	KOKOM	KOKOM
_	180	13	obberührter	ADJA	ADJA
_	180	14	Monardis	NE	NE
_	180	15	meldet	VVFIN	VVFIN
_	180	16	Seite	NN	NN
_	180	17	12.	ADJA	ADJA
_	180	18	und	KON	KON
NE	180	19	Gesnerus	NE	NN
_	180	20	zeugt	VVFIN	VVFIN
_	180	21	in	APPR	APPR
_	180	22	gemein	ADJD	ADJD
_	180	23	von	APPR	APPR
PIAT	180	24	allem	PIS	PIAT
_	180	25	Erdpech	NN	NN
_	180	26	/	$(	$(
_	180	27	dass	KOUS	KOUS
_	180	28	es	PPER	PPER
_	180	29	nicht	PTKNEG	PTKNEG
_	180	30	allein	ADV	ADV
_	180	31	die	ART	ART
PDS	180	32	jenige	PIAT	PDAT
_	180	33	/	$(	$(
_	180	34	so	ADV	ADV
_	180	35	mit	APPR	APPR
_	180	36	der	ART	ART
_	180	37	schweren	ADJA	ADJA
_	180	38	Not	NN	NN
VVPP	180	39	behaftet	VVPP	ADJD
_	180	40	/	$(	$(
_	180	41	wie	KOKOM	KOKOM
KOUS	180	42	Dioscorides	NE	NE
NN	180	43	libr.	NN	NE
FM	180	44	r.	NN	NE
NN	180	45	cap.	NN	ADJA
_	180	46	85.	ADJA	ADJA
_	180	47	durch	APPR	APPR
_	180	48	den	ART	ART
_	180	49	Rauch	NN	NN
_	180	50	meldet	VVFIN	VVFIN
_	180	51	und	KON	KON
_	180	52	an	APPR	APPR
_	180	53	Tag	NN	NN
_	180	54	gibt	VVFIN	VVFIN
_	180	55	/	$(	$(
_	180	56	sondern	KON	KON
_	180	57	auch	ADV	ADV
APPR	180	58	zu	PTKZU	APPR
_	180	59	sich	PRF	PRF
_	180	60	selbst	ADV	ADV
_	180	61	wieder	ADV	ADV
_	180	62	bringt	VVFIN	VVFIN
_	180	63	und	KON	KON
_	180	64	heilt	VVFIN	VVFIN
_	180	65	.	$.	$.
_	181	1	sie	PPER	PPER
_	181	2	ist	VAFIN	VAFIN
_	181	3	auch	ADV	ADV
_	181	4	gut	ADJD	ADJD
_	181	5	den	ART	ART
_	181	6	blöden	ADJA	ADJA
_	181	7	Magen	NN	NN
_	181	8	/	$(	$(
_	181	9	erwärmt	VVFIN	VVFIN
PDS	181	10	denselbigen	PDAT	ADJA
_	181	11	/	$(	$(
_	181	12	fördert	VVFIN	VVFIN
_	181	13	die	ART	ART
NN	181	14	Däuung	NE	NN
_	181	15	/	$(	$(
VVFIN	181	16	zerteilt	VVPP	VVFIN
_	181	17	die	ART	ART
_	181	18	Winde	NN	NN
_	181	19	und	KON	KON
_	181	20	Blähung	NN	NN
_	181	21	/	$(	$(
KOUS	181	22	wie	PWAV	KOKOM
_	181	23	Crato	NE	NE
_	181	24	an	APPR	APPR
_	181	25	unterschiedenen	ADJA	ADJA
_	181	26	Orten	NN	NN
_	181	27	gedenkt	VVFIN	VVFIN
_	181	28	/	$(	$(
_	181	29	und	KON	KON
_	181	30	bei	APPR	APPR
_	181	31	Monardi	NE	NE
_	181	32	,	$,	$,
_	181	33	Matthiolo	NE	NE
_	181	34	,	$,	$,
_	181	35	und	KON	KON
PIS	181	36	anderen	ADJA	PIS
_	181	37	zu	PTKZU	PTKZU
_	181	38	lesen	VVINF	VVINF
_	181	39	/	$(	$(
_	181	40	und	KON	KON
_	181	41	dient	VVFIN	VVFIN
_	181	42	sonderlich	ADJD	ADJD
_	181	43	auch	ADV	ADV
_	181	44	wider	APPR	APPR
_	181	45	das	ART	ART
_	181	46	Drücken	NN	NN
_	181	47	im	APPRART	APPRART
_	181	48	Magen	NN	NN
_	181	49	/	$(	$(
_	181	50	oder	KON	KON
_	181	51	/	$(	$(
KOUS	181	52	wie	KOKOM	KOUS
_	181	53	der	ART	ART
_	181	54	gemeine	ADJA	ADJA
NN	181	55	Mann	PIS	NN
_	181	56	sagt	VVFIN	VVFIN
_	181	57	/	$(	$(
_	181	58	am	APPRART	APPRART
_	181	59	Herzen	NN	NN
_	181	60	/	$(	$(
KOUS	181	61	wie	PWAV	KOUS
_	181	62	Aetius	NE	NE
_	181	63	sagt	VVFIN	VVFIN
_	181	64	/	$(	$(
FM	181	65	Tetrabibl	NE	NE
_	181	66	.	$.	$.
ADJA	182	1	1.	FM	ADJA
FM	182	2	serm.	FM	NN
ADJA	182	3	2.	FM	ADJA
NN	182	4	cap.	FM	ADJA
ADJA	182	5	49.	FM	ADJA
FM	182	6	Potum	FM	NN
FM	182	7	bitumen	FM	ADJA
FM	182	8	nucis	FM	NE
FM	182	9	ponticæ	FM	NE
FM	182	10	aut	FM	ADJA
FM	182	11	fabæ	FM	NE
FM	182	12	magnitudine	FM	ADJA
FM	182	13	cum	FM	NN
FM	182	14	vino	FM	ADJA
FM	182	15	tritum	FM	NN
FM	182	16	cardiacis	FM	NE
_	182	17	,	$,	$,
FM	182	18	qui	FM	NE
FM	182	19	animo	FM	NE
FM	182	20	linquuntur	FM	NN
_	182	21	,	$,	$,
FM	182	22	magnopere	FM	NN
KON	182	23	&	$(	KON
FM	182	24	è	FM	ADJA
FM	182	25	vestigio	FM	NE
FM	182	26	prodest	FM	NN
_	182	27	.	$.	$.
_	183	1	den	ART	ART
_	183	2	Weibspersonen	NN	NN
_	183	3	ist	VAFIN	VAFIN
_	183	4	sie	PPER	PPER
_	183	5	auch	ADV	ADV
_	183	6	eine	ART	ART
_	183	7	gute	ADJA	ADJA
_	183	8	Arznei	NN	NN
_	183	9	/	$(	$(
$(	183	10	|	$(	XY
KOUS	183	11	sintemal	KOUS	ADV
_	183	12	sie	PPER	PPER
_	183	13	von	APPR	APPR
_	183	14	unten	ADV	ADV
_	183	15	auf	APPR	APPR
_	183	16	gebraucht	VVPP	VVPP
_	183	17	/	$(	$(
_	183	18	dient	VVFIN	VVFIN
_	183	19	wider	APPR	APPR
_	183	20	das	ART	ART
NN	183	21	Aufsteigen	VVINF	NN
_	183	22	der	ART	ART
_	183	23	Mutter	NN	NN
_	183	24	/	$(	$(
_	183	25	und	KON	KON
_	183	26	alle	PIAT	PIAT
PIAT	183	27	andere	ADJA	PIS
_	183	28	Beschwerung	NN	NN
_	183	29	/	$(	$(
_	183	30	so	ADV	ADV
_	183	31	von	APPR	APPR
_	183	32	derselben	PDAT	PDAT
_	183	33	entstehen	VVINF	VVINF
_	183	34	.	$.	$.
ADV	184	1	ja	PTKANT	ADV
_	184	2	oft	ADV	ADV
_	184	3	gedachter	ADJA	ADJA
NN	184	4	Monardes	NE	NN
VVPP	184	5	kuriert	VVPP	VVFIN
_	184	6	die	ART	ART
_	184	7	Unfruchtbarkeit	NN	NN
_	184	8	/	$(	$(
_	184	9	so	ADV	ADV
_	184	10	von	APPR	APPR
_	184	11	kalten	ADJA	ADJA
_	184	12	bösen	ADJA	ADJA
_	184	13	Feuchtigkeiten	NN	NN
VVPP	184	14	verursacht	VVFIN	VVPP
_	184	15	wird	VAFIN	VAFIN
_	184	16	mit	APPR	APPR
_	184	17	einem	ART	ART
_	184	18	Pflaster	NN	NN
_	184	19	zum	APPRART	APPRART
_	184	20	Nabel	NN	NN
_	184	21	/	$(	$(
_	184	22	und	KON	KON
_	184	23	einem	ART	ART
NN	184	24	Mutterzäpflein	NE	NN
_	184	25	von	APPR	APPR
_	184	26	Ambra	NN	NN
_	184	27	gemacht	VVPP	VVPP
_	184	28	/	$(	$(
KOKOM	184	29	wie	PWAV	KOKOM
_	184	30	an	APPR	APPR
_	184	31	oft	ADV	ADV
_	184	32	angezogenem	ADJA	ADJA
_	184	33	Ort	NN	NN
_	184	34	zu	PTKZU	PTKZU
_	184	35	lesen	VVINF	VVINF
_	184	36	.	$.	$.
_	185	1	endlich	ADV	ADV
_	185	2	/	$(	$(
KOUS	185	3	damit	PAV	KOUS
_	185	4	wir	PPER	PPER
PIS	185	5	anderer	ADJA	PIS
_	185	6	der	ART	ART
_	185	7	Ambra	NN	NN
_	185	8	Tugenden	NN	NN
_	185	9	geschweigen	VVINF	VVINF
_	185	10	/	$(	$(
_	185	11	so	ADV	ADV
_	185	12	dient	VVFIN	VVFIN
_	185	13	sie	PPER	PPER
_	185	14	gewaltig	ADJD	ADJD
_	185	15	wider	APPR	APPR
_	185	16	die	ART	ART
_	185	17	Ohnmacht	NN	NN
_	185	18	/	$(	$(
_	185	19	und	KON	KON
_	185	20	ist	VAFIN	VAFIN
_	185	21	eine	ART	ART
_	185	22	fürnehme	ADJA	ADJA
_	185	23	Herzstärkung	NN	NN
_	185	24	/	$(	$(
_	185	25	daher	PAV	PAV
_	185	26	Garzias	NE	NE
FM	185	27	ab	PTKVZ	APPR
FM	185	28	Orto	NE	NE
NN	185	29	lib.	NN	NE
_	185	30	1.	ADJA	ADJA
FM	185	31	aromatum	NE	NN
FM	185	32	Inditorum	NN	NN
NN	185	33	cap.	NN	NE
FM	185	34	r.	NN	NE
_	185	35	sagt	VVFIN	VVFIN
_	185	36	:	$.	$.
FM	185	37	Quod	NE	NN
FM	185	38	ambarum	NE	NN
FM	185	39	sit	NE	VVFIN
FM	185	40	ex	APPR	FM
FM	185	41	eorum	NE	NN
FM	185	42	numero	NE	NE
_	185	43	,	$,	$,
FM	185	44	quæ	NE	NE
FM	185	45	maximæ	NE	NE
FM	185	46	cordis	NE	NE
FM	185	47	vires	NE	NE
FM	185	48	reficiunt	NE	VVFIN
_	185	49	.	$.	$.
_	186	1	und	KON	KON
NE	186	2	Monardes	NE	NN
_	186	3	spricht	VVFIN	VVFIN
_	186	4	:	$.	$.
FM	187	1	Ambræ	FM	NE
FM	187	2	olfactu	FM	NE
FM	187	3	spiritus	FM	NE
KON	187	4	&	$(	KON
FM	187	5	vigor	FM	NE
FM	187	6	cordis	FM	NE
FM	187	7	reficiuntur	FM	NN
_	187	8	:	$.	$.
FM	187	9	ideoq̒ue	FM	NN
FM	187	10	in	FM	APPR
FM	187	11	pestis	FM	ADJA
FM	187	12	contagiis	FM	NE
FM	187	13	ejus	FM	NN
FM	187	14	odor	FM	NE
FM	187	15	apprimè	FM	NE
FM	187	16	utilis	FM	NE
_	187	17	.	$.	$.
ADV	188	1	insonderheit	ADV	NN
_	188	2	bekommt	VVFIN	VVFIN
_	188	3	sie	PPER	PPER
_	188	4	den	ART	ART
_	188	5	alten	ADJA	ADJA
_	188	6	Leuten	NN	NN
_	188	7	trefflich	ADJD	ADJD
_	188	8	wohl	ADV	ADV
_	188	9	/	$(	$(
KOUS	188	10	wie	PWAV	KOKOM
_	188	11	Matthiolus	NE	NE
_	188	12	ad	FM	FM
FM	188	13	cap.	NN	ADJA
_	188	14	20.	ADJA	ADJA
FM	188	15	lib.	NN	NE
_	188	16	1.	ADJA	ADJA
FM	188	17	Dioscoridis	NE	NE
_	188	18	,	$,	$,
_	188	19	und	KON	KON
_	188	20	Crato	NE	NE
_	188	21	an	APPR	APPR
_	188	22	vielen	PIAT	PIAT
_	188	23	unterschiedenen	ADJA	ADJA
_	188	24	Orten	NN	NN
_	188	25	gedenkt	VVFIN	VVFIN
_	188	26	.	$.	$.
PDAT	189	1	dessen	PDS	PDAT
_	189	2	Ursache	NN	NN
NE	189	3	Monardes	NE	NN
ADV	189	4	klärlich	ADV	ADJD
_	189	5	hat	VAFIN	VAFIN
_	189	6	/	$(	$(
KOUS	189	7	da	ADV	KOUS
_	189	8	er	PPER	PPER
_	189	9	sagt	VVFIN	VVFIN
NN	189	10	lib.	NN	NE
FM	189	11	citato	NE	NE
_	189	12	.	$.	$.
FM	189	13	pagin	NN	NE
_	189	14	.	$.	$.
CARD	190	1	11	FM	CARD
FM	190	2	Maximè	FM	NN
FM	190	3	prodest	FM	ADJA
FM	190	4	Senibus	FM	NN
_	190	5	,	$,	$,
FM	190	6	quod	FM	NE
FM	190	7	illorum	FM	ADJA
FM	190	8	spiritus	FM	NN
FM	190	9	vegetet	FM	VVFIN
_	190	10	,	$,	$,
FM	190	11	cor	FM	NE
$(	190	12	&	$(	KON
FM	190	13	cerebrum	FM	NN
FM	190	14	roboret	FM	ADJD
_	190	15	,	$,	$,
KON	190	16	&	$(	KON
FM	190	17	crassos	FM	NN
FM	190	18	lentosque	FM	NE
FM	190	19	humores	FM	NN
_	190	20	,	$,	$,
FM	190	21	quibus	FM	NN
FM	190	22	plurimum	FM	NN
FM	190	23	abundant	FM	ADJD
_	190	24	,	$,	$,
FM	190	25	extenuet	FM	ADJD
_	190	26	,	$,	$,
FM	190	27	sive	FM	ADJA
FM	190	28	cibis	FM	NE
FM	190	29	indatur	FM	NN
_	190	30	,	$,	$,
FM	190	31	sive	FM	ADJA
FM	190	32	vestes	FM	ADJA
FM	190	33	suffiantur	FM	NN
_	190	34	,	$,	$,
FM	190	35	sive	FM	NE
FM	190	36	cerebro	FM	NE
FM	190	37	cordisq̒ue	FM	ADJA
FM	190	38	regioni	FM	NE
FM	190	39	applicetur	FM	NN
_	190	40	,	$,	$,
FM	190	41	sive	FM	NE
FM	190	42	vino	FM	NE
_	190	43	,	$,	$,
FM	190	44	quo	FM	NE
FM	190	45	sibi	FM	NE
FM	190	46	faciem	FM	NE
KON	190	47	&	$(	KON
FM	190	48	manus	FM	NE
FM	190	49	abluunt	FM	NN
_	190	50	,	$,	$,
FM	190	51	permisceatur	FM	NN
_	190	52	.	$.	$.
_	191	1	eben	ADV	ADV
_	191	2	diese	PDAT	PDAT
ADJA	191	3	gedachte	VVFIN	ADJA
_	191	4	/	$(	$(
_	191	5	und	KON	KON
PDAT	191	6	dergleichen	PIS	PIS
_	191	7	Wirkungen	NN	NN
_	191	8	hat	VAFIN	VAFIN
_	191	9	auch	ADV	ADV
_	191	10	dieser	PDAT	PDAT
NN	191	11	Brunnen	NE	NN
_	191	12	.	$.	$.
_	192	1	denn	KON	KON
KOUS	192	2	wie	KOKOM	KOUS
_	192	3	oben	ADV	ADV
_	192	4	gemeldet	VVPP	VVPP
_	192	5	er	PPER	PPER
_	192	6	nicht	PTKNEG	PTKNEG
_	192	7	alleine	ADV	ADV
_	192	8	/	$(	$(
_	192	9	alle	PIAT	PIAT
_	192	10	wässerige	ADJA	ADJA
_	192	11	Geschwulst	NN	NN
_	192	12	/	$(	$(
_	192	13	Drüsen	NN	NN
_	192	14	/	$(	$(
_	192	15	Beulen	NN	NN
_	192	16	/	$(	$(
_	192	17	die	ART	ART
_	192	18	Krätze	NN	NN
_	192	19	/	$(	$(
_	192	20	und	KON	KON
_	192	21	alle	PIAT	PIAT
_	192	22	kalten	ADJA	ADJA
_	192	23	Flüsse	NN	NN
_	192	24	/	$(	$(
_	192	25	das	ART	ART
_	192	26	Zipperlein	NN	NN
_	192	27	/	$(	$(
_	192	28	das	ART	ART
_	192	29	verderbte	ADJA	ADJA
_	192	30	Gehör	NN	NN
_	192	31	von	APPR	APPR
_	192	32	kalten	ADJA	ADJA
_	192	33	Flüssen	NN	NN
_	192	34	/	$(	$(
_	192	35	die	ART	ART
_	192	36	Felle	NN	NN
_	192	37	der	ART	ART
_	192	38	Augen	NN	NN
_	192	39	/	$(	$(
_	192	40	so	ADV	ADV
_	192	41	möglich	ADJD	ADJD
_	192	42	zu	PTKZU	PTKZU
_	192	43	kurieren	VVINF	VVINF
_	192	44	sein	VAINF	VAINF
_	192	45	/	$(	$(
_	192	46	heilt	VVFIN	VVFIN
_	192	47	.	$.	$.
ADV	193	1	item	NN	ADV
_	193	2	den	ART	ART
_	193	3	Harn	NN	NN
_	193	4	den	ART	ART
_	193	5	Stein	NN	NN
_	193	6	fördert	VVFIN	VVFIN
_	193	7	/	$(	$(
_	193	8	und	KON	KON
_	193	9	eine	ART	ART
_	193	10	gewisse	ADJA	ADJA
_	193	11	Arznei	NN	NN
_	193	12	wider	APPR	APPR
_	193	13	den	ART	ART
NN	193	14	Dumpf	ADJD	NN
_	193	15	ist	VAFIN	VAFIN
_	193	16	/	$(	$(
_	193	17	sondern	KON	KON
_	193	18	er	PPER	PPER
_	193	19	stärkt	VVFIN	VVFIN
_	193	20	auch	ADV	ADV
_	193	21	das	ART	ART
_	193	22	Haupt	NN	NN
_	193	23	/	$(	$(
_	193	24	die	ART	ART
_	193	25	Glieder	NN	NN
_	193	26	/	$(	$(
_	193	27	die	ART	ART
_	193	28	Sehnenader	NN	NN
_	193	29	/	$(	$(
_	193	30	und	KON	KON
PRELS	193	31	welches	PRELS	PWS
_	193	32	seiner	PPOSAT	PPOSAT
ADJA	193	33	vornehmen	VVINF	ADJA
_	193	34	und	KON	KON
_	193	35	gewissen	ADJA	ADJA
_	193	36	Tugenden	NN	NN
_	193	37	auch	ADV	ADV
PIS	193	38	eine	ART	PIS
_	193	39	ist	VAFIN	VAFIN
_	193	40	/	$(	$(
_	193	41	so	ADV	ADV
VVFIN	193	42	restituiert	VVPP	VVFIN
_	193	43	er	PPER	PPER
_	193	44	die	ART	ART
_	193	45	Paralysis	NN	NN
_	193	46	,	$,	$,
PDS	193	47	das	ART	PDS
_	193	48	ist	VAFIN	VAFIN
_	193	49	eine	ART	ART
PDAT	193	50	solche	PIAT	PIAT
_	193	51	Lähme	NN	NN
_	193	52	/	$(	$(
PAV	193	53	darinnen	ADV	VVFIN
_	193	54	die	ART	ART
_	193	55	Sehnenadern	NN	NN
_	193	56	/	$(	$(
_	193	57	durch	APPR	APPR
PRELS	193	58	welche	PWAT	PRELS
_	193	59	den	ART	ART
_	193	60	Gliedern	NN	NN
_	193	61	die	ART	ART
_	193	62	Bewegung	NN	NN
_	193	63	/	$(	$(
_	193	64	und	KON	KON
_	193	65	das	ART	ART
NN	193	66	Fühlen	VVFIN	NN
APPR	193	67	mit	APPR	ADV
_	193	68	getheilet	VVPP	VVPP
_	193	69	wird	VAFIN	VAFIN
_	193	70	/	$(	$(
_	193	71	durch	APPR	APPR
_	193	72	die	ART	ART
_	193	73	kalten	ADJA	ADJA
_	193	74	Flüsse	NN	NN
VVPP	193	75	verstopft	VVFIN	VVPP
_	193	76	sind	VAFIN	VAFIN
_	193	77	/	$(	$(
_	193	78	dass	KOUS	KOUS
_	193	79	den	ART	ART
_	193	80	Gliedern	NN	NN
_	193	81	ob	KOUS	KOUS
_	193	82	angedeutete	ADJA	ADJA
_	193	83	Kräfte	NN	NN
_	193	84	nicht	PTKNEG	PTKNEG
_	193	85	zukommen	VVINF	VVINF
_	193	86	mögen	VMFIN	VMFIN
_	193	87	/	$(	$(
_	193	88	sondern	KON	KON
PDS	193	89	dieselben	PDAT	PDS
_	193	90	gleichsam	ADJD	ADJD
ADJD	193	91	tot	NN	ADJD
_	193	92	sein	VAINF	VAINF
_	193	93	/	$(	$(
_	193	94	dass	KOUS	KOUS
_	193	95	man	PIS	PIS
PDS	193	96	solche	PIAT	PIS
APPR	193	97	zu	PTKZU	APPR
PIS	193	98	nichts	PIS	PIAT
PIS	193	99	sonderliches	ADJA	ADJA
VVINF	193	100	brauchen	VVFIN	VVINF
_	193	101	kann	VMFIN	VMFIN
_	193	102	.	$.	$.
PDAT	194	1	solche	PIAT	PIAT
_	194	2	Kraft	NN	NN
_	194	3	haben	VAFIN	VAFIN
_	194	4	/	$(	$(
_	194	5	Gott	NN	NN
_	194	6	Lob	NN	NN
_	194	7	/	$(	$(
_	194	8	sehr	ADV	ADV
_	194	9	viele	ADV	PIS
_	194	10	in	APPR	APPR
_	194	11	dem	ART	ART
_	194	12	Brunnen	NN	NN
_	194	13	erfahren	VVINF	VVPP
_	194	14	/	$(	$(
_	194	15	wie	PWAV	KOUS
_	194	16	dann	ADV	ADV
_	194	17	nur	ADV	ADV
_	194	18	vor	APPR	APPR
_	194	19	etlichen	ADJA	PIAT
_	194	20	Tagen	NN	NN
_	194	21	ein	ART	ART
_	194	22	Paralyticus	NE	NN
_	194	23	welcher	PWAT	PWS
_	194	24	etliche	PIAT	PIS
_	194	25	jahrlang	ADJD	ADJD
_	194	26	nicht	PTKNEG	PTKNEG
_	194	27	gehen	VVINF	VVINF
_	194	28	können	VMFIN	VMINF
_	194	29	/	$(	$(
_	194	30	als	KOKOM	KOUS
_	194	31	er	PPER	PPER
_	194	32	diesen	PDAT	PDAT
_	194	33	Brunnen	NN	NN
_	194	34	nicht	PTKNEG	PTKNEG
_	194	35	lange	ADV	ADV
_	194	36	getrunken	VVPP	VVPP
_	194	37	/	$(	$(
_	194	38	und	KON	KON
_	194	39	sich	PRF	PRF
_	194	40	darinnen	ADV	VVFIN
_	194	41	gebadet	VVPP	VVPP
_	194	42	/	$(	$(
_	194	43	wieder	ADV	ADV
_	194	44	frisch	ADJD	ADJD
_	194	45	und	KON	KON
_	194	46	gesund	ADJD	ADJD
_	194	47	davon	PAV	PAV
_	194	48	gegangen	VVPP	VVPP
_	194	49	.	$.	$.
_	195	1	und	KON	KON
_	195	2	ein	ART	ART
PIS	195	3	Anderer	NE	PIS
_	195	4	/	$(	$(
PRELS	195	5	welcher	PWAT	PWS
_	195	6	zuvor	ADV	ADV
_	195	7	an	APPR	APPR
_	195	8	einer	ART	ART
_	195	9	Krücke	NN	NN
VVPP	195	10	gehunken	NE	VVPP
_	195	11	/	$(	$(
_	195	12	hernach	ADV	ADV
_	195	13	aber	ADV	ADV
_	195	14	/	$(	$(
KOUS	195	15	als	KOKOM	KOUS
_	195	16	er	PPER	PPER
_	195	17	diesen	PDAT	PDAT
_	195	18	Brunnen	NN	NN
_	195	19	gebraucht	VVPP	VVPP
_	195	20	/	$(	$(
_	195	21	ohne	APPR	APPR
_	195	22	Krücken	NN	NN
_	195	23	davon	PAV	PAV
_	195	24	gegangen	VVPP	VVPP
_	195	25	/	$(	$(
_	195	26	und	KON	KON
_	195	27	zum	APPRART	APPRART
_	195	28	Zeichen	NN	NN
_	195	29	seiner	PPOSAT	PPOSAT
_	195	30	Gesundheit	NN	NN
_	195	31	früh	ADJD	ADJD
_	195	32	/	$(	$(
_	195	33	ehe	KOUS	KOUS
_	195	34	er	PPER	PPER
_	195	35	wieder	ADV	ADV
_	195	36	nach	APPR	APPR
_	195	37	Hause	NN	NN
_	195	38	gereist	VVPP	VVPP
_	195	39	/	$(	$(
_	195	40	die	ART	ART
_	195	41	Krücken	NN	NN
VVPP	195	42	zerhackt	VVFIN	VVPP
_	195	43	/	$(	$(
_	195	44	und	KON	KON
_	195	45	ihm	PPER	PPER
_	195	46	bei	APPR	APPR
_	195	47	derselben	PDAT	PDAT
_	195	48	eine	ART	ART
_	195	49	Suppe	NN	NN
_	195	50	gekocht	VVPP	VVPP
_	195	51	.	$.	$.
_	196	1	ich	PPER	PPER
_	196	2	will	VMFIN	VMFIN
VVFIN	196	3	geschweigen	VVINF	VVFIN
PIS	196	4	anderer	ADJA	PIS
_	196	5	/	$(	$(
_	196	6	und	KON	KON
_	196	7	auch	ADV	ADV
_	196	8	des	ART	ART
PDS	196	9	jenigen	PIAT	PDAT
_	196	10	/	$(	$(
_	196	11	so	ADV	ADV
_	196	12	sich	PRF	PRF
_	196	13	in	APPR	APPR
_	196	14	einem	ART	ART
_	196	15	Backtrog	NN	NN
_	196	16	zum	APPRART	APPRART
_	196	17	Brunnen	NN	NN
_	196	18	führen	VVINF	VVINF
_	196	19	lassen	VVINF	VVINF
VMINF	196	20	müssen	VMFIN	VMINF
_	196	21	/	$(	$(
_	196	22	und	KON	KON
_	196	23	hernach	ADV	ADV
_	196	24	als	KOKOM	KOKOM
_	196	25	er	PPER	PPER
_	196	26	gesund	ADJD	ADJD
_	196	27	worden	VAPP	VAPP
_	196	28	/	$(	$(
_	196	29	den	ART	ART
_	196	30	Backtrog	NN	NN
_	196	31	an	APPR	APPR
_	196	32	einen	ART	ART
NN	196	33	Baum	NE	NN
_	196	34	aufgehängt	VVPP	VVPP
_	196	35	/	$(	$(
PRELS	196	36	welcher	PWAT	PWS
_	196	37	noch	ADV	ADV
_	196	38	heutigen	ADJA	ADJA
_	196	39	Tages	NN	NN
_	196	40	daran	PAV	PAV
_	196	41	zu	PTKZU	PTKZU
_	196	42	sehen	VVINF	VVINF
_	196	43	.	$.	$.
_	197	1	es	PPER	PPER
_	197	2	möchte	VMFIN	VMFIN
_	197	3	aber	ADV	ADV
_	197	4	jemand	PIS	PIS
_	197	5	sagen	VVINF	VVINF
_	197	6	/	$(	$(
_	197	7	wann	PWAV	PWAV
_	197	8	dann	ADV	ADV
_	197	9	dieser	PDAT	PDAT
_	197	10	Brunnen	NN	NN
_	197	11	dem	ART	ART
_	197	12	Gehirn	NN	NN
_	197	13	/	$(	$(
_	197	14	und	KON	KON
_	197	15	den	ART	ART
_	197	16	Gliedern	NN	NN
_	197	17	so	ADV	ADV
_	197	18	gut	ADJD	ADJD
_	197	19	/	$(	$(
PWS	197	20	wie	KOKOM	KOUS
VVFIN	197	21	koͤmpt	VVFIN	NN
_	197	22	es	PPER	PPER
_	197	23	/	$(	$(
_	197	24	dass	KOUS	KOUS
_	197	25	es	PPER	PPER
ADJA	197	26	etlichen	ADJA	PIAT
_	197	27	Leuten	NN	NN
_	197	28	/	$(	$(
KOUS	197	29	wann	PWAV	PWAV
_	197	30	sie	PPER	PPER
_	197	31	ihn	PPER	PPER
VVFIN	197	32	trinken	VVFIN	VVINF
_	197	33	/	$(	$(
_	197	34	so	ADV	ADV
_	197	35	beschwerlich	ADJD	ADJD
NN	197	36	Reißen	VVFIN	NN
_	197	37	im	APPRART	APPRART
_	197	38	Kopf	NN	NN
_	197	39	/	$(	$(
_	197	40	und	KON	KON
_	197	41	in	APPR	APPR
_	197	42	Gliedern	NN	NN
_	197	43	etc.	ADV	ADV
VVFIN	197	44	erregt	VVFIN	VVPP
_	197	45	?	$.	$.
_	198	1	hierauf	PAV	PAV
_	198	2	ist	VAFIN	VAFIN
_	198	3	meine	PPOSAT	PPOSAT
_	198	4	Antwort	NN	NN
_	198	5	.	$.	$.
ADJA	199	1	1.	ADJA	ADV
_	199	2	dass	KOUS	KOUS
_	199	3	entweder	KON	KON
PDS	199	4	solches	PIAT	PIS
_	199	5	nicht	PTKNEG	PTKNEG
_	199	6	von	APPR	APPR
PIAT	199	7	allem	PIS	PIS
_	199	8	Brunnen	NN	NN
_	199	9	geschehe	VVFIN	VVFIN
_	199	10	/	$(	$(
_	199	11	sondern	KON	KON
_	199	12	wenn	KOUS	KOUS
_	199	13	etwan	ADV	ADV
PIS	199	14	einer	ART	PIS
_	199	15	des	ART	ART
_	199	16	Teils	NN	NN
_	199	17	des	ART	ART
_	199	18	Brunnens	NN	NN
PIS	199	19	etwas	PIS	ADV
PTKA	199	20	zu	PTKZU	PTKA
_	199	21	viel	ADV	ADV
_	199	22	bekömmt	VVFIN	VVFIN
_	199	23	/	$(	$(
PAV	199	24	darinnen	ADV	VVFIN
_	199	25	fast	ADV	ADV
PIAT	199	26	lauter	PIAT	ADJD
ADJA	199	27	irdisches	ADJD	ADJA
_	199	28	Bitumen	NN	NN
_	199	29	/	$(	$(
_	199	30	oder	KON	KON
_	199	31	Steinkohlen	NN	NN
_	199	32	sein	VAINF	VAINF
_	199	33	/	$(	$(
PWS	199	34	welches	PRELS	PWS
_	199	35	Geschlecht	NN	NN
_	199	36	des	ART	ART
NN	199	37	Bituminis	NE	NN
_	199	38	sonderlich	ADJD	ADJD
_	199	39	die	ART	ART
_	199	40	Art	NN	NN
_	199	41	hat	VAFIN	VAFIN
_	199	42	/	$(	$(
_	199	43	dass	KOUS	KOUS
_	199	44	es	PPER	PPER
_	199	45	in	APPR	APPR
_	199	46	den	ART	ART
_	199	47	Kopf	NN	NN
_	199	48	steige	VVFIN	VVFIN
_	199	49	/	$(	$(
_	199	50	und	KON	KON
PAV	199	51	daselbst	PAV	ADV
NN	199	52	Beschweren	NE	NN
_	199	53	anrichte	VVFIN	VVFIN
_	199	54	/	$(	$(
_	199	55	davon	PAV	PAV
_	199	56	Solenander	NE	NE
NN	199	57	lib.	NN	NE
_	199	58	1.	ADJA	ADJA
FM	199	59	defont.	NN	NE
FM	199	60	cal.	NN	NE
FM	199	61	cans.	NN	NE
FM	199	62	cap.	NN	NE
_	199	63	10.	ADJA	ADJA
FM	199	64	p.	NN	APPR
_	199	65	83.	ADJA	ADJA
_	199	66	sagt	VVFIN	VVFIN
_	199	67	:	$.	$.
FM	199	68	Nigrum	NE	NN
_	199	69	,	$,	$,
FM	199	70	quod	NE	NE
FM	199	71	crassius	NE	NE
_	199	72	,	$,	$,
FM	199	73	fœtet	NE	NN
_	199	74	,	$,	$,
KON	199	75	&	$(	KON
FM	199	76	amarius	NE	NN
FM	199	77	est	FM	ADJA
$.	199	78	:	$.	$(
FM	199	79	cætera	NE	NE
FM	199	80	medio	ADV	NE
FM	199	81	modo	NE	NE
FM	199	82	se	FM	VVFIN
FM	199	83	habent	NE	VVFIN
_	199	84	.	$.	$.
ADJA	200	1	2.	ADJA	ADV
_	200	2	oder	KON	KON
_	200	3	sage	VVFIN	VVFIN
_	200	4	darauf	PAV	PAV
_	200	5	/	$(	$(
KOUS	200	6	das	ART	PRELS
PDAT	200	7	solch	PIAT	PIAT
_	200	8	Reißen	NN	NN
_	200	9	nicht	PTKNEG	PTKNEG
_	200	10	dem	ART	ART
NN	200	11	Brunnen	NE	NN
_	200	12	zuzumessen	VVIZU	VVIZU
_	200	13	sei	VAFIN	VAFIN
_	200	14	/	$(	$(
_	200	15	sondern	KON	KON
_	200	16	der	ART	ART
_	200	17	Unreinigkeit	NN	NN
_	200	18	des	ART	ART
_	200	19	Leibes	NN	NN
_	200	20	/	$(	$(
_	200	21	und	KON	KON
_	200	22	der	ART	ART
_	200	23	großen	ADJA	ADJA
NN	200	24	Menge	VVIMP	NN
_	200	25	der	ART	ART
ADJA	200	26	zähen	CARD	ADJA
ADJA	200	27	pituitosischen	NE	ADJA
_	200	28	oder	KON	KON
ADJA	200	29	tartarischen	ADJD	ADJA
_	200	30	Materien	NN	NN
_	200	31	/	$(	$(
PRELS	200	32	welche	PWAT	PRELS
_	200	33	/	$(	$(
_	200	34	so	ADV	ADV
_	200	35	sie	PPER	PPER
_	200	36	von	APPR	APPR
_	200	37	dem	ART	ART
_	200	38	Brunnen	NN	NN
_	200	39	angegriffen	VVPP	VVPP
_	200	40	wird	VAFIN	VAFIN
_	200	41	/	$(	$(
_	200	42	und	KON	KON
_	200	43	doch	ADV	ADV
_	200	44	so	ADV	ADV
_	200	45	rebellisch	ADJD	ADJD
_	200	46	ist	VAFIN	VAFIN
_	200	47	/	$(	$(
_	200	48	dass	KOUS	KOUS
_	200	49	sie	PPER	PPER
_	200	50	sich	PRF	PRF
_	200	51	nicht	PTKNEG	PTKNEG
ADV	200	52	flugs	ADV	ADJD
_	200	53	zwingen	VVINF	VVINF
VVFIN	200	54	lässt	VVIMP	VVFIN
_	200	55	/	$(	$(
_	200	56	diese	PDAT	PDAT
_	200	57	Schmerzen	NN	NN
_	200	58	verursacht	VVPP	VVPP
_	200	59	.	$.	$.
_	201	1	und	KON	KON
PDS	201	2	solches	PIAT	PIS
VVFIN	201	3	sehen	VVINF	VVFIN
_	201	4	wir	PPER	PPER
_	201	5	auch	ADV	ADV
_	201	6	in	APPR	APPR
_	201	7	der	ART	ART
_	201	8	Colica	NE	NE
_	201	9	oder	KON	KON
_	201	10	Hefenmutter	NN	NN
_	201	11	/	$(	$(
_	201	12	so	ADV	ADV
_	201	13	von	APPR	APPR
_	201	14	dem	ART	ART
_	201	15	kalten	ADJA	ADJA
_	201	16	Schleim	NN	NN
_	201	17	/	$(	$(
_	201	18	oder	KON	KON
FM	201	19	Tartaro	NE	NE
FM	201	20	intestinorum	NE	NN
_	201	21	entsteht	VVFIN	VVFIN
_	201	22	/	$(	$(
_	201	23	in	APPR	APPR
PRELS	201	24	welcher	PWAT	PIS
_	201	25	/	$(	$(
_	201	26	wenn	KOUS	KOUS
_	201	27	man	PIS	PIS
_	201	28	die	ART	ART
FM	201	29	fomenta	NE	NE
_	201	30	,	$,	$,
_	201	31	und	KON	KON
_	201	32	wärmende	ADJA	ADJA
_	201	33	oder	KON	KON
_	201	34	zerteilende	ADJA	ADJA
_	201	35	Sachen	NN	NN
_	201	36	/	$(	$(
KOUS	201	37	wie	KOKOM	KOUS
PRF	201	38	sich	PPER	PRF
_	201	39	es	PPER	PPER
VVFIN	201	40	gebührt	VVFIN	VVPP
_	201	41	/	$(	$(
_	201	42	auflegt	VVFIN	VVFIN
_	201	43	/	$(	$(
_	201	44	im	APPRART	APPRART
_	201	45	Anfang	NN	NN
_	201	46	/	$(	$(
_	201	47	weil	KOUS	KOUS
_	201	48	die	ART	ART
_	201	49	Materia	NN	NN
VVPP	201	50	zerteilt	NE	VVPP
_	201	51	/	$(	$(
_	201	52	und	KON	KON
_	201	53	in	APPR	APPR
NN	201	54	Flatus	NE	NN
VVPP	201	55	vertiert	VVFIN	VVPP
_	201	56	wird	VAFIN	VAFIN
_	201	57	/	$(	$(
_	201	58	von	APPR	APPR
_	201	59	den	ART	ART
FM	201	60	Fomentis	NE	NE
KON	201	61	&	$(	KON
ADV	201	62	cetera	NE	NN
_	201	63	die	ART	ART
_	201	64	Schmerzen	NN	NN
_	201	65	sich	PRF	PRF
VVFIN	201	66	mehren	VVFIN	VVINF
_	201	67	/	$(	$(
_	201	68	aber	KON	KON
_	201	69	doch	ADV	ADV
_	201	70	wann	PWAV	PWAV
_	201	71	man	PIS	PIS
_	201	72	mit	APPR	APPR
_	201	73	den	ART	ART
FM	201	74	Anodynis	NE	NN
_	201	75	fortfährt	VVFIN	VVFIN
_	201	76	/	$(	$(
_	201	77	so	ADV	ADV
VVFIN	201	78	stillen	ADJA	VVFIN
_	201	79	sie	PPER	PPER
_	201	80	sich	PRF	PRF
_	201	81	.	$.	$.
ADV	202	1	desgleichen	KOUS	ADV
_	202	2	haben	VAFIN	VAFIN
_	202	3	wir	PPER	PPER
_	202	4	ein	ART	ART
_	202	5	Exempel	NN	NN
_	202	6	an	APPR	APPR
_	202	7	den	ART	ART
NN	202	8	Sennesblättern	NE	NN
_	202	9	/	$(	$(
PRELS	202	10	welche	PWAT	PRELS
_	202	11	für	APPR	APPR
_	202	12	sich	PRF	PRF
_	202	13	eine	ART	ART
_	202	14	gute	ADJA	ADJA
_	202	15	/	$(	$(
ADJA	202	16	gelinde	ADJA	ADJD
_	202	17	/	$(	$(
_	202	18	und	KON	KON
PAV	202	19	derowegen	ADV	ADV
_	202	20	kein	PIAT	PIAT
_	202	21	Grimmen	NN	NN
_	202	22	verursachende	ADJA	ADJA
_	202	23	Arznei	NN	NN
_	202	24	sein	VAINF	VAINF
_	202	25	.	$.	$.
_	203	1	wann	PWAV	PWAV
_	203	2	sie	PPER	PPER
_	203	3	aber	ADV	ADV
_	203	4	in	APPR	APPR
_	203	5	einen	ART	ART
_	203	6	Leib	NN	NN
_	203	7	kommen	VVFIN	VVFIN
PRELS	203	8	da	ADV	ADV
PIAT	203	9	viel	ADV	PIAT
_	203	10	Schleims	NN	NN
_	203	11	/	$(	$(
_	203	12	und	KON	KON
PDS	203	13	denselben	PDAT	PDS
_	203	14	angreifen	VVINF	VVINF
_	203	15	/	$(	$(
_	203	16	aber	ADV	ADV
_	203	17	wegen	APPR	APPR
_	203	18	seiner	PPOSAT	PPOSAT
_	203	19	Zähe	NN	NN
_	203	20	und	KON	KON
NN	203	21	Härtigkeit	NE	NN
_	203	22	ihn	PPER	PPER
_	203	23	nicht	PTKNEG	PTKNEG
ADV	203	24	stracks	ADV	ADJD
_	203	25	überwinden	VVINF	VVINF
_	203	26	/	$(	$(
_	203	27	oder	KON	KON
_	203	28	aus	APPR	APPR
_	203	29	dem	ART	ART
_	203	30	Leib	NN	NN
_	203	31	treiben	VVINF	VVINF
VMINF	203	32	können	VMFIN	VMINF
_	203	33	/	$(	$(
_	203	34	so	ADV	ADV
_	203	35	entsteht	VVFIN	VVFIN
ADJA	203	36	großes	ADJD	ADJA
_	203	37	Grimmen	NN	NN
_	203	38	und	KON	KON
_	203	39	Reißen	NN	NN
_	203	40	im	APPRART	APPRART
_	203	41	Leib	NN	NN
_	203	42	/	$(	$(
PRELS	203	43	welches	PRELS	PWS
_	203	44	doch	ADV	ADV
_	203	45	nicht	PTKNEG	PTKNEG
_	203	46	der	ART	ART
NN	203	47	Sennae	NE	NE
_	203	48	Schuld	NN	NN
_	203	49	ist	VAFIN	VAFIN
_	203	50	.	$.	$.
ADV	204	1	gleich	ADV	ADJD
KOUS	204	2	wie	KOKOM	KOKOM
_	204	3	nun	ADV	ADV
_	204	4	von	APPR	APPR
_	204	5	niemand	PIS	PIS
_	204	6	/	$(	$(
PRELS	204	7	der	ART	PRELS
_	204	8	die	ART	ART
_	204	9	Sachen	NN	NN
_	204	10	recht	ADJD	ADJD
_	204	11	versteht	VVFIN	VVFIN
_	204	12	/	$(	$(
_	204	13	deswegen	PAV	PAV
_	204	14	weder	KON	KON
_	204	15	die	ART	ART
_	204	16	Fomenta	NN	NN
_	204	17	in	APPR	APPR
_	204	18	der	ART	ART
NN	204	19	Colica	NE	NE
_	204	20	,	$,	$,
_	204	21	vor	APPR	APPR
_	204	22	Unrecht	NN	NN
_	204	23	erkannt	VVPP	VVPP
_	204	24	/	$(	$(
_	204	25	noch	ADV	ADV
_	204	26	die	ART	ART
NN	204	27	Senna	NE	NE
_	204	28	verdampft	VVPP	VVPP
_	204	29	/	$(	$(
_	204	30	oder	KON	KON
_	204	31	für	APPR	APPR
_	204	32	schädlich	ADJD	ADJD
_	204	33	erkannt	VVPP	VVPP
_	204	34	wird	VAFIN	VAFIN
_	204	35	/	$(	$(
KOUS	204	36	als	KOKOM	KOUS
PRELS	204	37	welche	PWAT	PIS
_	204	38	nicht	PTKNEG	PTKNEG
_	204	39	für	APPR	APPR
_	204	40	sich	PRF	PRF
_	204	41	/	$(	$(
_	204	42	sondern	KON	KON
_	204	43	zufälliger	ADJA	ADJA
NN	204	44	Weise	VVFIN	NN
_	204	45	die	ART	ART
_	204	46	Beschwerung	NN	NN
_	204	47	verursachen	VVINF	VVINF
_	204	48	/	$(	$(
_	204	49	sonsten	ADV	ADV
_	204	50	aber	ADV	ADV
_	204	51	herrliche	ADJA	ADJA
_	204	52	/	$(	$(
_	204	53	und	KON	KON
_	204	54	gute	ADJA	ADJA
_	204	55	Arzneien	NN	NN
_	204	56	sein	VAINF	VAINF
_	204	57	/	$(	$(
_	204	58	also	ADV	ADV
_	204	59	auch	ADV	ADV
_	204	60	soll	VMFIN	VMFIN
PDAT	204	61	solch	PIAT	PIAT
_	204	62	Reißen	NN	NN
_	204	63	/	$(	$(
_	204	64	nicht	PTKNEG	PTKNEG
_	204	65	dem	ART	ART
_	204	66	Wasser	NN	NN
_	204	67	/	$(	$(
_	204	68	sondern	KON	KON
_	204	69	der	ART	ART
_	204	70	Unreinigkeit	NN	NN
_	204	71	der	ART	ART
_	204	72	Leiber	NN	NN
_	204	73	/	$(	$(
_	204	74	Schuld	NN	NN
_	204	75	gegeben	VVPP	VVPP
_	204	76	werden	VAINF	VAINF
_	204	77	.	$.	$.
_	205	1	bleibt	VVFIN	VVFIN
_	205	2	demnach	PAV	PAV
_	205	3	das	ART	ART
_	205	4	Wasser	NN	NN
_	205	5	oder	KON	KON
_	205	6	Brunnen	NN	NN
_	205	7	für	APPR	APPR
_	205	8	sich	PRF	PRF
_	205	9	heilsam	ADJD	ADJD
_	205	10	/	$(	$(
_	205	11	herrlich	ADJD	ADJD
_	205	12	/	$(	$(
_	205	13	und	KON	KON
_	205	14	gut	ADJD	ADJD
_	205	15	.	$.	$.
ADV	206	1	desgleichen	KOUS	ADV
_	206	2	dass	KOUS	KOUS
_	206	3	er	PPER	PPER
_	206	4	auch	ADV	ADV
_	206	5	ein	ART	ART
_	206	6	herrlich	ADJD	ADJD
_	206	7	Mittel	NN	NN
_	206	8	wider	APPR	APPR
_	206	9	die	ART	ART
_	206	10	schwere	ADJA	ADJA
_	206	11	Not	NN	NN
_	206	12	sei	VAFIN	VAFIN
_	206	13	/	$(	$(
_	206	14	ist	VAFIN	VAFIN
_	206	15	/	$(	$(
_	206	16	dass	KOUS	KOUS
_	206	17	ich	PPER	PPER
PIAT	206	18	anderer	ADJA	PIAT
PIAT	206	19	viele	ADV	PIAT
_	206	20	Exempel	NN	NN
VVFIN	206	21	geschweige	KON	ADV
_	206	22	/	$(	$(
_	206	23	sonderlich	ADJD	ADJD
_	206	24	an	APPR	APPR
_	206	25	einer	ART	ART
_	206	26	Weibsperson	NN	NN
_	206	27	zum	APPRART	APPRART
NE	206	28	Breitenbrunnen	NE	NN
_	206	29	probiert	VVPP	VVPP
_	206	30	/	$(	$(
PRELS	206	31	welche	PWAT	PRELS
_	206	32	täglich	ADJD	ADJD
PIAT	206	33	etliche	ADJD	PIAT
_	206	34	Male	NN	NN
_	206	35	mit	APPR	APPR
_	206	36	dieser	PDAT	PDAT
_	206	37	schweren	ADJA	ADJA
_	206	38	Krankheit	NN	NN
_	206	39	beladen	VVPP	VVPP
_	206	40	gewesen	VAPP	VAPP
_	206	41	/	$(	$(
_	206	42	aber	KON	KON
_	206	43	nach	APPR	APPR
PDS	206	44	dem	ART	ART
_	206	45	sie	PPER	PPER
_	206	46	diesen	PDAT	PDAT
_	206	47	Brunnen	NN	NN
_	206	48	gebraucht	VVPP	VVPP
_	206	49	/	$(	$(
_	206	50	durch	APPR	APPR
PDS	206	51	denselbigen	PDAT	ADJA
_	206	52	/	$(	$(
_	206	53	Gott	NN	NN
_	206	54	Lob	NN	NN
_	206	55	/	$(	$(
_	206	56	restituiert	VVPP	VVPP
_	206	57	worden	VAPP	VAPP
ADV	206	58	insonderheit	ADV	NN
_	206	59	aber	ADV	ADV
VVFIN	206	60	dienen	VVINF	VVFIN
_	206	61	hierzu	PAV	PAV
_	206	62	sehr	ADV	ADV
_	206	63	die	ART	ART
_	206	64	rötlichen	ADJA	ADJA
_	206	65	Steinlein	NN	NN
_	206	66	/	$(	$(
_	206	67	so	ADV	ADV
_	206	68	man	PIS	PIS
_	206	69	an	APPR	APPR
_	206	70	dem	ART	ART
_	206	71	Grunde	NN	NN
_	206	72	findet	VVFIN	VVFIN
_	206	73	/	$(	$(
_	206	74	mit	APPR	APPR
NN	206	75	Lindenblütenwasser	NE	NN
_	206	76	/	$(	$(
_	206	77	oder	KON	KON
_	206	78	einem	ART	ART
PIAT	206	79	anderen	ADJA	PIS
FM	206	80	appropriata	NE	NE
FM	206	81	epilepsiae	NE	NE
FM	206	82	aqua	NE	NE
_	206	83	den	ART	ART
_	206	84	Kindern	NN	NN
_	206	85	eingegeben	VVPP	VVPP
_	206	86	.	$.	$.
_	207	1	es	PPER	PPER
_	207	2	ist	VAFIN	VAFIN
_	207	3	aber	ADV	ADV
_	207	4	zu	PTKZU	PTKZU
_	207	5	wissen	VVINF	VVINF
_	207	6	/	$(	$(
_	207	7	dass	KOUS	KOUS
KOKOM	207	8	wie	KOKOM	KOUS
PIAT	207	9	andere	ADJA	PIS
_	207	10	Krankheiten	NN	NN
_	207	11	/	$(	$(
_	207	12	also	ADV	ADV
_	207	13	auch	ADV	ADV
_	207	14	die	ART	ART
NN	207	15	Epilepsia	NE	NN
_	207	16	bisweilen	ADV	ADV
_	207	17	nicht	PTKNEG	PTKNEG
_	207	18	per	APPR	APPR
_	207	19	[	$(	$(
FM	207	20	Griech.	NN	NN
_	207	21	]	$(	$(
_	207	22	ihren	PPOSAT	PPOSAT
_	207	23	Sitz	NN	NN
_	207	24	im	APPRART	APPRART
_	207	25	Gehirn	NN	NN
_	207	26	habe	VAFIN	VAFIN
_	207	27	/	$(	$(
_	207	28	sondern	KON	KON
_	207	29	es	PPER	PPER
_	207	30	geschieht	VVFIN	VVFIN
_	207	31	oft	ADV	ADV
_	207	32	per	APPR	APPR
_	207	33	[	$(	$(
FM	207	34	Griech.	NN	NN
_	207	35	]	$(	$(
_	207	36	,	$,	$,
PRELS	207	37	das	ART	PRELS
_	207	38	von	APPR	APPR
_	207	39	dem	ART	ART
_	207	40	Magen	NN	NN
_	207	41	/	$(	$(
_	207	42	von	APPR	APPR
_	207	43	den	ART	ART
_	207	44	Därmen	NN	NN
_	207	45	/	$(	$(
_	207	46	von	APPR	APPR
_	207	47	den	ART	ART
_	207	48	Würmern	NN	NN
_	207	49	/	$(	$(
_	207	50	von	APPR	APPR
_	207	51	der	ART	ART
_	207	52	Leber	NN	NN
_	207	53	/	$(	$(
_	207	54	bei	APPR	APPR
_	207	55	Weibspersonen	NN	NN
_	207	56	von	APPR	APPR
_	207	57	der	ART	ART
_	207	58	Mutter	NN	NN
_	207	59	/	$(	$(
_	207	60	oder	KON	KON
_	207	61	auch	ADV	ADV
_	207	62	von	APPR	APPR
_	207	63	einem	ART	ART
_	207	64	Arm	NN	NN
_	207	65	oder	KON	KON
_	207	66	Bein	NN	NN
_	207	67	etc.	ADV	ADV
_	207	68	böse	ADJA	ADJA
_	207	69	/	$(	$(
_	207	70	faule	ADJA	ADJA
_	207	71	/	$(	$(
_	207	72	und	KON	KON
_	207	73	giftige	ADJA	ADJA
_	207	74	Dünste	NN	NN
_	207	75	aufsteigen	VVINF	VVINF
_	207	76	/	$(	$(
_	207	77	und	KON	KON
_	207	78	also	ADV	ADV
_	207	79	die	ART	ART
FM	207	80	Paroxismos	NE	NN
FM	207	81	Epilepticos	NE	NN
_	207	82	verursachen	VVINF	VVINF
_	207	83	.	$.	$.
NE	207	84	Galenus	NN	NE
NN	207	85	lib.	NN	NE
_	207	86	3.	ADJA	ADJA
FM	207	87	de	NE	NE
FM	207	88	locis	NE	NE
FM	207	89	aff.	NN	NE
NN	207	90	cap.	NN	ADJA
_	207	91	7.	ADJA	ADJA
FM	207	92	Aêtius	NE	NE
FM	207	93	Tetrab	NE	NN
_	207	94	.	$.	$.
_	208	1	2.	ADJA	ADJA
FM	208	2	serm.	NN	ADJA
_	208	3	2.	ADJA	ADJA
NN	208	4	cap.	NN	ADJA
FM	208	5	r	NE	NN
_	208	6	3.	ADJA	ADJA
_	208	7	Alexander	NE	NE
FM	208	8	Trallian.	NN	NE
NN	208	9	lib.	NN	NE
FM	208	10	r-c.	NN	NN
_	208	11	21.	ADJA	ADJA
_	208	12	Avicenna	NE	NE
NN	208	13	lib.	NN	NE
_	208	14	3.	ADJA	ADJA
FM	208	15	tract.	NN	ADJA
_	208	16	5.	ADJA	ADJA
FM	208	17	c.	NE	NN
_	208	18	8.	ADJA	ADJA
_	208	19	wann	PWAV	PWAV
_	208	20	nun	ADV	ADV
_	208	21	dem	ART	ART
_	208	22	also	ADV	ADV
_	208	23	/	$(	$(
_	208	24	so	ADV	ADV
_	208	25	muss	VMFIN	VMFIN
_	208	26	man	PIS	PIS
_	208	27	zuvor	ADV	ADV
_	208	28	von	APPR	APPR
_	208	29	einem	ART	ART
_	208	30	verständigen	ADJA	ADJA
_	208	31	Medico	NE	NE
_	208	32	die	ART	ART
_	208	33	Würmer	NN	NN
_	208	34	/	$(	$(
_	208	35	die	ART	ART
_	208	36	böse	ADJA	ADJA
NN	208	37	Materiam	NE	NE
KON	208	38	&	$(	KON
ADV	208	39	cetera	NE	NN
_	208	40	austreiben	VVINF	VVINF
_	208	41	/	$(	$(
_	208	42	die	ART	ART
_	208	43	Mutter	NN	NN
_	208	44	reinigen	VVINF	VVINF
_	208	45	/	$(	$(
_	208	46	des	ART	ART
_	208	47	Magens	NN	NN
_	208	48	/	$(	$(
_	208	49	der	ART	ART
_	208	50	Leber	NN	NN
FM	208	51	Intemperiem	NE	NN
_	208	52	korrigieren	VVINF	VVINF
_	208	53	und	KON	KON
_	208	54	alterieren	VVINF	VVINF
_	208	55	/	$(	$(
_	208	56	oder	KON	KON
_	208	57	was	PWS	PWS
_	208	58	sonsten	ADV	ADV
_	208	59	die	ART	ART
FM	208	60	Indicantia	NE	NE
_	208	61	erfordern	VVINF	VVINF
_	208	62	und	KON	KON
_	208	63	einem	ART	ART
NN	208	64	Medico	NE	NE
_	208	65	gebührt	VVFIN	VVFIN
_	208	66	tun	VVINF	VVINF
_	208	67	lassen	VVINF	VVINF
_	208	68	/	$(	$(
ADV	208	69	als	KOKOM	KOKOM
_	208	70	dann	ADV	ADV
_	208	71	mag	VMFIN	VMFIN
_	208	72	man	PIS	PIS
_	208	73	wohl	ADV	ADV
APPR	208	74	zu	PTKZU	APPR
_	208	75	Stärkung	NN	NN
_	208	76	des	ART	ART
_	208	77	Gehirns	NN	NN
_	208	78	etc.	ADV	ADV
_	208	79	dies	PDS	PDS
FM	208	80	specificum	NN	ADJA
FM	208	81	epilepsiae	NE	NE
_	208	82	,	$,	$,
_	208	83	den	ART	ART
_	208	84	Brunnen	NN	NN
_	208	85	gebrauchen	VVINF	VVINF
_	208	86	/	$(	$(
_	208	87	so	ADV	ADV
_	208	88	wird	VAFIN	VAFIN
_	208	89	es	PPER	PPER
ADV	208	90	als	KOKOM	KOKOM
_	208	91	dann	ADV	ADV
_	208	92	/	$(	$(
_	208	93	da	ADV	ADV
ADV	208	94	sonsten	ADV	NN
_	208	95	in	APPR	APPR
_	208	96	Verbleibung	NN	NN
_	208	97	gedachter	ADJA	ADJA
_	208	98	Sachen	NN	NN
_	208	99	der	ART	ART
_	208	100	Brunnen	NN	NN
ADV	208	101	wenig	PIS	ADV
_	208	102	fruchten	VVINF	VVINF
_	208	103	würde	VAFIN	VAFIN
_	208	104	/	$(	$(
_	208	105	mit	APPR	APPR
ADJA	208	106	göttlicher	ADJD	ADJA
_	208	107	Hilfe	NN	NN
_	208	108	ohne	APPR	APPR
_	208	109	Frucht	NN	NN
_	208	110	nicht	PTKNEG	PTKNEG
_	208	111	abgehen	VVINF	VVINF
_	208	112	/	$(	$(
_	208	113	so	ADV	ADV
ADV	208	114	fern	ADJA	ADJD
_	208	115	die	ART	ART
_	208	116	Krankheit	NN	NN
_	208	117	möglich	ADJD	ADJD
_	208	118	zu	PTKZU	PTKZU
_	208	119	kurieren	VVINF	VVINF
_	208	120	/	$(	$(
_	208	121	und	KON	KON
_	208	122	die	ART	ART
_	208	123	Person	NN	NN
_	208	124	nicht	PTKNEG	PTKNEG
PTKA	208	125	zu	PTKZU	PTKA
_	208	126	alt	ADJD	ADJD
_	208	127	.	$.	$.
_	209	1	dann	ADV	ADV
KOUS	209	2	wie	KOKOM	KOKOM
NE	209	3	Hippocrates	NN	NN
_	209	4	sagt	VVFIN	VVFIN
NN	209	5	libr.	NN	NE
_	209	6	5.	ADJA	ADJA
FM	209	7	Aphoris	NE	NN
_	209	8	.	$.	$.
ADJA	210	1	7.	FM	ADJA
FM	210	2	Comitiales	FM	NN
FM	210	3	morbi	FM	NE
_	210	4	,	$,	$,
FM	210	5	aut	FM	ADJA
FM	210	6	convulsiones	FM	NN
FM	210	7	Epilepticæ	FM	NN
_	210	8	,	$,	$,
FM	210	9	quibus	FM	NN
FM	210	10	ante	FM	ADJA
FM	210	11	pubertatem	FM	NN
FM	210	12	eveniunt	FM	NE
_	210	13	,	$,	$,
FM	210	14	curationem	FM	NN
FM	210	15	recipiunt	FM	NN
_	210	16	,	$,	$,
FM	210	17	At	FM	NE
FM	210	18	quibus	FM	NN
FM	210	19	eæ	FM	NE
FM	210	20	eveniunt	FM	NE
FM	210	21	vigesimo	FM	NE
FM	210	22	quinto	FM	NE
FM	210	23	ætatis	FM	ADJA
FM	210	24	anno	FM	NE
_	210	25	,	$,	$,
FM	210	26	maximam	FM	ADJA
FM	210	27	partem	FM	ADJA
FM	210	28	commoriuntur	FM	NN
_	210	29	:	$.	$.
FM	211	1	Vel	FM	NE
_	211	2	,	$,	$,
FM	211	3	ut	FM	ADJA
FM	211	4	Galenus	FM	NE
FM	211	5	paulò	FM	NN
FM	211	6	aliter	FM	NE
FM	211	7	in	FM	APPR
FM	211	8	Comment	FM	NE
_	211	9	.	$.	$.
FM	211	10	hujus	FM	NE
FM	211	11	Aphorismi	FM	NN
FM	211	12	reddidit	FM	NE
_	211	13	:	$.	$.
FM	212	1	Comitiales	FM	ADJA
FM	212	2	affectus	FM	NN
FM	212	3	qui	FM	NE
FM	212	4	ante	FM	ADJA
FM	212	5	pubertatem	FM	ADJA
FM	212	6	ortum	FM	NN
FM	212	7	habent	FM	VVFIN
_	212	8	.	$.	$.
FM	212	9	pubertatis	FM	NE
FM	212	10	tempore	FM	NN
FM	212	11	solvuntur	FM	NN
_	212	12	;	$.	$.
FM	212	13	qui	FM	NE
FM	212	14	vero	FM	NE
FM	212	15	ultra	FM	NE
FM	212	16	pubertatem	FM	ADJA
FM	212	17	longius	FM	NE
FM	212	18	sunt	FM	VVFIN
FM	212	19	progressi	FM	NE
_	212	20	,	$,	$,
FM	212	21	ferè	FM	ADJA
FM	212	22	commoriuntur	FM	NN
_	212	23	.	$.	$.
_	213	1	dass	KOUS	KOUS
ADV	213	2	ferner	ADV	ADJD
_	213	3	dieser	PDAT	PDAT
_	213	4	Brunnen	NN	NN
_	213	5	dem	ART	ART
_	213	6	Magen	NN	NN
_	213	7	nicht	PTKNEG	PTKNEG
_	213	8	schädlich	ADJD	ADJD
_	213	9	/	$(	$(
_	213	10	sondern	KON	KON
_	213	11	nützlich	ADJD	ADJD
_	213	12	sei	VAFIN	VAFIN
_	213	13	/	$(	$(
_	213	14	ist	VAFIN	VAFIN
_	213	15	daher	PAV	PAV
ADV	213	16	leichtlich	ADJD	ADV
VVIZU	213	17	abzunehmen	VVINF	VVIZU
_	213	18	/	$(	$(
KOUS	213	19	das	ART	PDS
_	213	20	/	$(	$(
_	213	21	wann	PWAV	PWAV
PIS	213	22	einer	ART	PIS
_	213	23	/	$(	$(
PRELS	213	24	der	ART	PRELS
_	213	25	schon	ADV	ADV
_	213	26	einen	ART	ART
_	213	27	blöden	ADJA	ADJA
_	213	28	Magen	NN	NN
_	213	29	hat	VAFIN	VAFIN
_	213	30	/	$(	$(
_	213	31	dieses	PDAT	PDAT
_	213	32	Wassers	NN	NN
APPR	213	33	gleich	ADV	APPR
_	213	34	eine	ART	ART
_	213	35	gute	ADJA	ADJA
_	213	36	Notdurft	NN	NN
_	213	37	trinkt	VVFIN	VVFIN
_	213	38	/	$(	$(
_	213	39	doch	ADV	ADV
_	213	40	kein	PIAT	PIAT
_	213	41	Blähen	NN	NN
_	213	42	oder	KON	KON
_	213	43	Tension	NN	NN
_	213	44	in	APPR	APPR
_	213	45	den	ART	ART
NN	213	46	Weichen	VVINF	NN
_	213	47	oder	KON	KON
NN	213	48	Hypochondriis	NE	NN
_	213	49	fühlt	VVFIN	VVFIN
_	213	50	/	$(	$(
_	213	51	ja	ADV	ADV
PIAT	213	52	viele	ADV	PIAT
_	213	53	Leute	NN	NN
_	213	54	/	$(	$(
_	213	55	so	ADV	ADV
_	213	56	Unlust	NN	NN
_	213	57	zum	APPRART	APPRART
NN	213	58	Essen	NE	NN
_	213	59	/	$(	$(
NN	213	60	Undäuen	NE	NN
_	213	61	/	$(	$(
_	213	62	Drückung	NN	NN
_	213	63	und	KON	KON
_	213	64	Beschwerung	NN	NN
_	213	65	des	ART	ART
_	213	66	Magens	NN	NN
_	213	67	gehabt	VAPP	VAPP
_	213	68	/	$(	$(
_	213	69	vom	APPRART	APPRART
_	213	70	Gebrauch	NN	NN
_	213	71	dieses	PDAT	PDAT
_	213	72	Brunnens	NN	NN
VAFIN	213	73	sein	VAINF	PPOSAT
_	213	74	wieder	ADV	ADV
APPR	213	75	zu	PTKZU	PTKA
_	213	76	recht	ADJD	ADJD
VVINF	213	77	kommen	VVFIN	VVINF
_	213	78	.	$.	$.
KOUS	214	1	wie	PWAV	KOKOM
_	214	2	dann	ADV	ADV
_	214	3	dies	PDS	PDS
_	214	4	nicht	PTKNEG	PTKNEG
_	214	5	allein	ADV	ADV
_	214	6	zu	PTKZU	PTKZU
_	214	7	beweisen	VVINF	VVINF
_	214	8	/	$(	$(
_	214	9	sondern	KON	KON
_	214	10	es	PPER	PPER
_	214	11	bekennen	VVFIN	VVFIN
_	214	12	auch	ADV	ADV
_	214	13	alte	ADJA	ADJA
_	214	14	Leute	NN	NN
_	214	15	/	$(	$(
KOUS	214	16	das	ART	PDS
_	214	17	da	ADV	ADV
_	214	18	sie	PPER	PPER
_	214	19	vorhin	ADV	ADV
ADJD	214	20	matt	PTKVZ	ADJD
_	214	21	/	$(	$(
_	214	22	müde	ADJD	ADJD
_	214	23	/	$(	$(
_	214	24	und	KON	KON
_	214	25	ganz	ADV	ADV
_	214	26	unlustig	ADJD	ADJD
_	214	27	gewesen	VAPP	VAPP
_	214	28	/	$(	$(
_	214	29	nach	APPR	APPR
_	214	30	diesem	PDAT	PDAT
_	214	31	Brunnen	NN	NN
_	214	32	aber	ADV	ADV
_	214	33	frisch	ADJD	ADJD
_	214	34	/	$(	$(
_	214	35	hurtig	ADJD	ADJD
_	214	36	/	$(	$(
_	214	37	lustig	ADJD	ADJD
_	214	38	/	$(	$(
_	214	39	und	KON	KON
KOUS	214	40	wie	KOKOM	KOUS
_	214	41	sie	PPER	PPER
_	214	42	sagen	VVINF	VVINF
_	214	43	/	$(	$(
ADV	214	44	gleich	ADV	ADJD
KOUS	214	45	als	KOKOM	KOKOM
_	214	46	wären	VAFIN	VAFIN
_	214	47	sie	PPER	PPER
_	214	48	neu	ADJD	ADJD
_	214	49	geboren	VVPP	VVPP
_	214	50	/	$(	$(
_	214	51	worden	VAPP	VAPP
_	214	52	sein	VAINF	VAINF
_	214	53	.	$.	$.
ADV	215	1	dannenher	NE	ADV
KOUS	215	2	das	ART	PDS
_	215	3	dieser	PDAT	PDAT
_	215	4	Brunnen	NN	NN
_	215	5	das	ART	ART
_	215	6	Herz	NN	NN
VVFIN	215	7	stärke	NN	VVFIN
_	215	8	/	$(	$(
_	215	9	den	ART	ART
NN	215	10	vigorem	NE	NN
_	215	11	und	KON	KON
_	215	12	die	ART	ART
NN	215	13	Spiritus	NE	NN
FM	215	14	cordis	NE	NE
VVFIN	215	15	reficire	NE	VVFIN
_	215	16	,	$,	$,
_	215	17	von	APPR	APPR
PRELS	215	18	welchem	PWAT	PRELS
FM	215	19	fonte	NE	NN
FM	215	20	vitae	NE	NE
KON	215	21	&	$(	KON
FM	215	22	caloris	NE	NN
_	215	23	danach	PAV	PAV
_	215	24	in	APPR	APPR
_	215	25	alle	PIAT	PIAT
_	215	26	Glieder	NN	NN
_	215	27	der	ART	ART
FM	215	28	calor	NE	NE
FM	215	29	influens	NE	NN
_	215	30	abgeteilt	VVPP	VVPP
_	215	31	wird	VAFIN	VAFIN
_	215	32	/	$(	$(
_	215	33	und	KON	KON
ADV	215	34	sonderlich	ADJD	ADJD
_	215	35	alten	ADJA	ADJA
_	215	36	Leuten	NN	NN
_	215	37	wohl	ADV	ADV
_	215	38	bekomme	VVFIN	VVFIN
_	215	39	/	$(	$(
ADJD	215	40	genugsam	ADJD	ADV
VVIZU	215	41	abzunehmen	VVINF	VVIZU
_	215	42	ist	VAFIN	VAFIN
_	215	43	.	$.	$.
_	216	1	letztlich	ADV	ADV
_	216	2	so	ADV	ADV
_	216	3	dient	VVFIN	VVFIN
_	216	4	er	PPER	PPER
_	216	5	auch	ADV	ADV
_	216	6	den	ART	ART
_	216	7	Weibspersonen	NN	NN
_	216	8	sehr	ADV	ADV
_	216	9	wohl	ADV	ADV
_	216	10	/	$(	$(
_	216	11	wider	APPR	APPR
_	216	12	das	ART	ART
NN	216	13	Aufsteigen	VVINF	NN
_	216	14	/	$(	$(
_	216	15	und	KON	KON
PIAT	216	16	andere	ADJA	PIS
_	216	17	Beschwerung	NN	NN
_	216	18	der	ART	ART
_	216	19	Mutter	NN	NN
_	216	20	.	$.	$.
_	217	1	dann	ADV	ADV
_	217	2	ihr	PPOSAT	PPOSAT
_	217	3	viel	ADV	ADV
_	217	4	/	$(	$(
_	217	5	so	ADV	ADV
_	217	6	über	APPR	APPR
_	217	7	das	ART	ART
_	217	8	Herz	NN	NN
_	217	9	/	$(	$(
_	217	10	auch	ADV	ADV
_	217	11	Seiten	NN	NN
_	217	12	geklagt	VVPP	VVPP
_	217	13	/	$(	$(
_	217	14	bleiche	ADJA	ADJA
_	217	15	Farbe	NN	NN
_	217	16	/	$(	$(
_	217	17	Unlust	NN	NN
_	217	18	zum	APPRART	APPRART
NN	217	19	Essen	NE	NN
_	217	20	gehabt	VAPP	VAPP
_	217	21	/	$(	$(
_	217	22	mit	APPR	APPR
_	217	23	Mattigkeit	NN	NN
_	217	24	und	KON	KON
_	217	25	schweren	ADJA	ADJA
_	217	26	Atem	NN	NN
_	217	27	/	$(	$(
_	217	28	wann	PWAV	PWAV
_	217	29	sie	PPER	PPER
_	217	30	irgend	ADV	ADV
_	217	31	eine	ART	ART
_	217	32	Stiege	NN	NN
_	217	33	oder	KON	KON
_	217	34	Hügellein	NN	NN
_	217	35	steigen	VVINF	VVINF
_	217	36	wollen	VMFIN	VMFIN
_	217	37	/	$(	$(
_	217	38	beladen	VVPP	VVPP
_	217	39	gewesen	VAPP	VAPP
_	217	40	/	$(	$(
_	217	41	von	APPR	APPR
_	217	42	diesem	PDAT	PDAT
_	217	43	Brunnen	NN	NN
_	217	44	merkliche	ADJA	ADJA
_	217	45	Hilfe	NN	NN
_	217	46	gespürt	VVPP	VVPP
_	217	47	haben	VAFIN	VAFIN
_	217	48	.	$.	$.
_	218	1	aber	KON	KON
_	218	2	hier	ADV	ADV
_	218	3	steht	VVFIN	VVFIN
_	218	4	uns	PPER	PPER
_	218	5	noch	ADV	ADV
PIS	218	6	etwas	PIS	ADV
_	218	7	im	APPRART	APPRART
_	218	8	Wege	NN	NN
_	218	9	/	$(	$(
_	218	10	welches	PRELS	PRELS
_	218	11	/	$(	$(
_	218	12	wo	PWAV	PWAV
_	218	13	es	PPER	PPER
_	218	14	nicht	PTKNEG	PTKNEG
_	218	15	daraus	PAV	PAV
_	218	16	geräumt	VVPP	VVPP
_	218	17	/	$(	$(
_	218	18	diesen	PDAT	PDAT
_	218	19	Brunnen	NN	NN
ADV	218	20	etwas	PIS	ADV
_	218	21	verdunkeln	VVINF	VVINF
_	218	22	möchte	VMFIN	VMFIN
_	218	23	.	$.	$.
_	219	1	dann	ADV	ADV
_	219	2	/	$(	$(
KOUS	219	3	wie	KOKOM	KOUS
_	219	4	ich	PPER	PPER
_	219	5	vernommen	VVPP	VVPP
_	219	6	/	$(	$(
_	219	7	trägt	VVFIN	VVFIN
_	219	8	es	PPER	PPER
_	219	9	sich	PRF	PRF
_	219	10	bei	APPR	APPR
PIAT	219	11	etlichen	ADJA	PIAT
_	219	12	Weibspersonen	NN	NN
PTKVZ	219	13	zu	PTKZU	PTKVZ
_	219	14	/	$(	$(
KOUS	219	15	das	ART	ART
_	219	16	wann	PWAV	PWAV
_	219	17	sie	PPER	PPER
_	219	18	vor	APPR	APPR
_	219	19	das	ART	ART
_	219	20	Herzpochen	NN	NN
_	219	21	diesen	PDAT	PDAT
_	219	22	Brunnen	NN	NN
VVFIN	219	23	trinken	VVFIN	VVINF
_	219	24	/	$(	$(
_	219	25	eine	ART	ART
_	219	26	Geschwulst	NN	NN
_	219	27	sich	PRF	PRF
_	219	28	findet	VVFIN	VVFIN
_	219	29	/	$(	$(
PRELS	219	30	welche	PWAT	PRELS
_	219	31	so	ADV	ADV
_	219	32	es	PPER	PPER
_	219	33	von	APPR	APPR
_	219	34	diesem	PDAT	PDAT
_	219	35	Brunnen	NN	NN
_	219	36	herkäme	VVFIN	VVFIN
_	219	37	/	$(	$(
_	219	38	ja	ADV	ADV
PDS	219	39	derselbe	PDAT	PDS
_	219	40	den	ART	ART
_	219	41	Weibsbildern	NN	NN
PAV	219	42	hierinnen	PAV	NN
_	219	43	nicht	PTKNEG	PTKNEG
_	219	44	dienlich	ADJD	ADJD
_	219	45	/	$(	$(
_	219	46	sondern	KON	KON
_	219	47	viel	ADV	ADV
_	219	48	mehr	ADV	ADV
_	219	49	schädlich	ADJD	ADJD
_	219	50	wäre	VAFIN	VAFIN
_	219	51	.	$.	$.
_	220	1	hierauf	PAV	PAV
_	220	2	ist	VAFIN	VAFIN
_	220	3	nun	ADV	ADV
_	220	4	meine	PPOSAT	PPOSAT
_	220	5	Antwort	NN	NN
_	220	6	/	$(	$(
KOUS	220	7	das	ART	ART
_	220	8	in	APPR	APPR
_	220	9	der	ART	ART
_	220	10	Kur	NN	NN
_	220	11	des	ART	ART
_	220	12	Herzpochens	NN	NN
_	220	13	nicht	PTKNEG	PTKNEG
_	220	14	so	ADV	ADV
_	220	15	fast	ADV	ADV
_	220	16	auf	APPR	APPR
_	220	17	das	ART	ART
_	220	18	verhaltene	ADJA	ADJA
_	220	19	Geblüt	NN	NN
_	220	20	in	APPR	APPR
_	220	21	den	ART	ART
_	220	22	Adern	NN	NN
_	220	23	der	ART	ART
_	220	24	Mutter	NN	NN
_	220	25	/	$(	$(
_	220	26	als	KOKOM	KOKOM
_	220	27	auf	APPR	APPR
_	220	28	die	ART	ART
_	220	29	Verstopfung	NN	NN
_	220	30	der	ART	ART
FM	220	31	Venarum	NE	NN
FM	220	32	mesaraicarum	NE	NN
_	220	33	oder	KON	KON
_	220	34	der	ART	ART
_	220	35	Adern	NN	NN
_	220	36	/	$(	$(
PRELS	220	37	welche	PWAT	PRELS
_	220	38	die	ART	ART
_	220	39	Nahrung	NN	NN
_	220	40	von	APPR	APPR
_	220	41	dem	ART	ART
_	220	42	Magen	NN	NN
_	220	43	und	KON	KON
_	220	44	Därmen	NN	NN
_	220	45	zur	APPRART	APPRART
_	220	46	Leber	NN	NN
_	220	47	führen	VVINF	VVINF
_	220	48	/	$(	$(
_	220	49	und	KON	KON
_	220	50	auf	APPR	APPR
_	220	51	die	ART	ART
_	220	52	Leber	NN	NN
ADV	220	53	selbsten	ADV	VVFIN
_	220	54	/	$(	$(
PRELS	220	55	welche	PWAT	PRELS
VVFIN	220	56	verderbt	ADJD	VVFIN
_	220	57	/	$(	$(
_	220	58	und	KON	KON
_	220	59	kein	PIAT	PIAT
ADJA	220	60	gutes	ADJD	ADJA
_	220	61	/	$(	$(
_	220	62	sondern	KON	KON
ADJA	220	63	wässriges	ADJD	ADJA
_	220	64	und	KON	KON
ADJA	220	65	phlegmatisches	ADJD	ADJA
_	220	66	Geblüt	NN	NN
_	220	67	wirkt	VVFIN	VVFIN
_	220	68	/	$(	$(
_	220	69	zu	PTKZU	PTKZU
_	220	70	sehen	VVINF	VVINF
_	220	71	:	$.	$.
_	220	72	daher	PAV	PAV
_	220	73	der	ART	ART
_	220	74	fürnehme	ADJA	ADJA
_	220	75	Medikus	NN	NN
APPR	220	76	zu	PTKZU	APPR
_	220	77	Basel	NE	NE
_	220	78	Felix	NE	NE
NE	220	79	Platerus	NE	NN
_	220	80	wohl	ADV	ADV
_	220	81	von	APPR	APPR
_	220	82	dieser	PDAT	PDAT
FM	220	83	Cachexia	NE	NN
_	220	84	im	APPRART	APPRART
NN	220	85	Herzpochen	NE	NN
_	220	86	/	$(	$(
_	220	87	weißen	ADJA	ADJA
_	220	88	Fieber	NN	NN
_	220	89	/	$(	$(
_	220	90	oder	KON	KON
FM	220	91	morbo	NE	NE
FM	220	92	virgineo	NE	NE
_	220	93	gesagt	VVPP	VVPP
_	220	94	:	$.	$.
FM	221	1	Nos	FM	NE
FM	221	2	non	FM	ADJA
FM	221	3	amplectimur	FM	NN
FM	221	4	sententiam	FM	NE
FM	221	5	eorum	FM	NN
_	221	6	,	$,	$,
FM	221	7	qui	FM	NE
FM	221	8	dicunt	FM	NE
_	221	9	,	$,	$,
FM	221	10	quod	FM	NN
FM	221	11	ex	FM	FM
FM	221	12	mensibus	FM	NN
FM	221	13	suppressis	FM	NE
FM	221	14	causetur	FM	NN
FM	221	15	Cachexia	FM	NE
_	221	16	:	$.	$.
FM	221	17	cum	FM	NN
FM	221	18	Cachexia	FM	NE
FM	221	19	ipsa	FM	NE
FM	221	20	pariat	FM	NE
FM	221	21	hanc	FM	NE
FM	221	22	mensium	FM	NN
FM	221	23	suppressionem	FM	NN
_	221	24	,	$,	$,
FM	221	25	quod	FM	NE
FM	221	26	diligenter	FM	ADJA
FM	221	27	notandum	FM	NN
FM	221	28	contra	FM	NN
FM	221	29	opinionem	FM	NN
FM	221	30	vulgi	FM	NE
FM	221	31	huic	FM	NE
FM	221	32	nostræ	FM	NE
FM	221	33	contrariam	FM	NE
_	221	34	.	$.	$.
FM	222	1	Nos	FM	ADJA
FM	222	2	dicimus	FM	NN
_	222	3	;	$.	$.
FM	222	4	Quia	FM	NE
FM	222	5	sanguis	FM	NE
FM	222	6	non	FM	ADJA
FM	222	7	generatur	FM	NN
FM	222	8	in	FM	APPR
FM	222	9	Epate	FM	NE
_	222	10	:	$.	$.
FM	222	11	ideo	FM	NE
FM	222	12	menstrua	FM	NN
FM	222	13	supprimuntur	FM	NN
_	222	14	:	$.	$.
FM	222	15	ideoq̒ue	FM	NN
FM	222	16	tunc	FM	VVFIN
FM	222	17	frustra	FM	NE
FM	222	18	laborant	FM	NE
FM	222	19	Medici	FM	NE
FM	222	20	in	FM	APPR
FM	222	21	promovendis	FM	NE
FM	222	22	mensibus	FM	NN
_	222	23	.	$.	$.
FM	223	1	Nam	FM	NE
FM	223	2	nisi	FM	NE
FM	223	3	adsit	FM	NE
FM	223	4	sanguinis	FM	NE
FM	223	5	copia	FM	NE
_	223	6	,	$,	$,
FM	223	7	menses	FM	ADJA
FM	223	8	non	FM	ADJA
FM	223	9	fluunt	FM	NN
_	223	10	,	$,	$,
FM	223	11	quicquid	FM	NE
FM	223	12	etiam	FM	NE
FM	223	13	moliantur	FM	NN
_	223	14	.	$.	$.
_	224	1	weil	KOUS	KOUS
ADV	224	2	denn	KON	ADV
PDS	224	3	dem	ART	PDS
_	224	4	also	ADV	ADV
_	224	5	/	$(	$(
_	224	6	und	KON	KON
_	224	7	bei	APPR	APPR
PDS	224	8	denen	PRELS	PDS
_	224	9	Personen	NN	NN
_	224	10	/	$(	$(
PRELS	224	11	so	ADV	ADV
_	224	12	mit	APPR	APPR
_	224	13	dem	ART	ART
_	224	14	Herzpochen	NN	NN
_	224	15	beladen	VVPP	VVPP
_	224	16	/	$(	$(
_	224	17	keine	PIAT	PIAT
_	224	18	tüchtige	ADJA	ADJA
_	224	19	genugsame	ADJA	ADJA
NN	224	20	purgationes	NE	NN
_	224	21	vorher	ADV	ADV
_	224	22	gegangen	VVPP	VVPP
_	224	23	/	$(	$(
PRELS	224	24	welche	PWAT	PRELS
_	224	25	die	ART	ART
NN	224	26	Materiam	NE	NN
_	224	27	aus	APPR	APPR
_	224	28	dem	ART	ART
_	224	29	Magen	NN	NN
_	224	30	und	KON	KON
FM	224	31	primis	NE	NE
FM	224	32	viis	NE	NE
_	224	33	ausgetrieben	VVPP	VVPP
_	224	34	/	$(	$(
_	224	35	viel	ADV	ADV
_	224	36	weniger	ADV	ADV
_	224	37	die	ART	ART
_	224	38	Verstopfung	NN	NN
_	224	39	der	ART	ART
_	224	40	Leber	NN	NN
_	224	41	und	KON	KON
_	224	42	gedachter	ADJA	ADJA
_	224	43	Ader	NN	NN
_	224	44	des	ART	ART
_	224	45	Gekröses	NN	NN
_	224	46	eröffnet	VVPP	VVPP
_	224	47	/	$(	$(
ADV	224	48	als	KOKOM	KOKOM
_	224	49	ist	VAFIN	VAFIN
_	224	50	es	PPER	PPER
_	224	51	nicht	PTKNEG	PTKNEG
_	224	52	Wunder	NN	NN
_	224	53	/	$(	$(
_	224	54	dass	KOUS	KOUS
_	224	55	dieser	PDAT	PDAT
_	224	56	Brunnen	NN	NN
_	224	57	die	ART	ART
_	224	58	böse	ADJA	ADJA
NN	224	59	Materiam	NE	NN
_	224	60	aus	APPR	APPR
ADJA	224	61	gedachten	VVFIN	ADJA
NN	224	62	Örtern	VVINF	NN
_	224	63	genommen	VVPP	VVPP
_	224	64	/	$(	$(
_	224	65	in	APPR	APPR
_	224	66	das	ART	ART
_	224	67	Abdomen	NN	NN
_	224	68	zwischen	APPR	APPR
_	224	69	Fell	NN	NN
_	224	70	und	KON	KON
_	224	71	Fleisch	NN	NN
_	224	72	/	$(	$(
_	224	73	und	KON	KON
_	224	74	in	APPR	APPR
_	224	75	die	ART	ART
_	224	76	Beine	NN	NN
_	224	77	/	$(	$(
_	224	78	als	KOKOM	KOKOM
FM	224	79	partes	NE	ADJA
FM	224	80	ignobiliores	NE	NE
KON	224	81	&	$(	KON
FM	224	82	longissimè	NE	NE
FM	224	83	à	NE	FM
FM	224	84	corde	NE	NE
FM	224	85	caloris	NE	NE
FM	224	86	nativi	NE	NE
FM	224	87	domicilio	NE	NE
FM	224	88	sitas	NE	NE
_	224	89	getrieben	VVPP	VVPP
_	224	90	hat	VAFIN	VAFIN
_	224	91	.	$.	$.
PAV	225	1	derowegen	ADV	NN
_	225	2	die	ART	ART
_	225	3	Schuld	NN	NN
PAV	225	4	hierin	ADV	PAV
_	225	5	dem	ART	ART
_	225	6	Brunnen	NN	NN
_	225	7	nicht	PTKNEG	PTKNEG
_	225	8	gegeben	VVPP	VVPP
_	225	9	werden	VAINF	VAINF
_	225	10	soll	VMFIN	VMFIN
_	225	11	/	$(	$(
_	225	12	sondern	KON	KON
_	225	13	es	PPER	PPER
_	225	14	sind	VAFIN	VAFIN
_	225	15	die	ART	ART
_	225	16	Personen	NN	NN
PRELS	225	17	so	ADV	ADV
_	225	18	den	ART	ART
_	225	19	Brunnen	NN	NN
APPR	225	20	zu	PTKZU	APPR
_	225	21	unrechter	ADJA	ADJA
_	225	22	Zeit	NN	NN
_	225	23	gebraucht	VVPP	VVPP
_	225	24	/	$(	$(
_	225	25	und	KON	KON
ADV	225	26	gleich	ADV	ADJD
_	225	27	die	ART	ART
_	225	28	Pferde	NN	NN
_	225	29	hinten	ADV	ADV
_	225	30	an	APPR	APPR
_	225	31	Wagen	NN	NN
VVPP	225	32	gespannt	ADJD	VVPP
_	225	33	/	$(	$(
_	225	34	Ursache	NN	NN
_	225	35	dran	PAV	PAV
_	225	36	.	$.	$.
_	226	1	und	KON	KON
_	226	2	ist	VAFIN	VAFIN
PDS	226	3	solches	PIAT	PIS
PIAT	226	4	nichts	PIS	PIAT
NN	226	5	Neues	ADJA	NN
_	226	6	/	$(	$(
KOUS	226	7	sintemal	KOUS	ADV
_	226	8	in	APPR	APPR
PIAT	226	9	anderen	ADJA	PIS
ADJA	226	10	vornehmen	VVINF	ADJA
_	226	11	Mitteln	NN	NN
PDS	226	12	dergleichen	PIS	PIS
_	226	13	geschieht	VVFIN	VVFIN
_	226	14	.	$.	$.
ADV	227	1	als	KOKOM	KOKOM
_	227	2	zum	APPRART	APPRART
_	227	3	Exempel	NN	NN
_	227	4	;	$.	$.
_	227	5	die	ART	ART
_	227	6	Wurzel	NN	NN
FM	227	7	Sarsa	NE	NE
FM	227	8	parillae	NE	NE
_	227	9	,	$,	$,
_	227	10	und	KON	KON
_	227	11	das	ART	ART
FM	227	12	Lignum	NE	NN
FM	227	13	Guaiacum	NE	NN
_	227	14	,	$,	$,
ADV	227	15	item	NN	ADV
_	227	16	die	ART	ART
FM	227	17	Radix	NE	NN
FM	227	18	Chinae	ADJA	NE
_	227	19	,	$,	$,
_	227	20	sind	VAFIN	VAFIN
_	227	21	herrliche	ADJA	ADJA
_	227	22	Dinge	NN	NN
_	227	23	alle	PIAT	PIAT
_	227	24	alte	ADJA	ADJA
_	227	25	Verstopfung	NN	NN
_	227	26	zu	PTKZU	PTKZU
_	227	27	eröffnen	VVINF	VVINF
_	227	28	/	$(	$(
_	227	29	und	KON	KON
ADV	227	30	insonderheit	ADV	NN
_	227	31	auch	ADV	ADV
_	227	32	die	ART	ART
_	227	33	Wassersucht	NN	NN
_	227	34	zu	PTKZU	PTKZU
_	227	35	kurieren	VVINF	VVINF
_	227	36	.	$.	$.
KOUS	228	1	wann	PWAV	PWAV
_	228	2	man	PIS	PIS
_	228	3	aber	ADV	ADV
_	228	4	diese	PDAT	PDAT
_	228	5	Mittel	NN	NN
_	228	6	braucht	VVFIN	VVFIN
_	228	7	in	APPR	APPR
_	228	8	einem	ART	ART
_	228	9	unreinem	ADJA	ADJA
_	228	10	Leib	NN	NN
_	228	11	/	$(	$(
PRELS	228	12	der	ART	ART
_	228	13	nicht	PTKNEG	PTKNEG
_	228	14	zuvor	ADV	ADV
ADJD	228	15	genugsam	ADJD	ADV
_	228	16	purgiert	VVFIN	VVFIN
_	228	17	/	$(	$(
_	228	18	so	ADV	ADV
VAFIN	228	19	werden	VAINF	VAFIN
_	228	20	die	ART	ART
_	228	21	Verstopfungen	NN	NN
_	228	22	nicht	PTKNEG	PTKNEG
_	228	23	allein	ADV	ADV
_	228	24	nicht	PTKNEG	PTKNEG
_	228	25	eröffnet	VVPP	VVPP
_	228	26	/	$(	$(
_	228	27	sondern	KON	KON
_	228	28	noch	ADV	ADV
_	228	29	ärger	ADJD	ADJD
_	228	30	/	$(	$(
_	228	31	in	APPR	APPR
_	228	32	dem	ART	ART
_	228	33	die	ART	ART
_	228	34	Materia	NN	NN
_	228	35	/	$(	$(
_	228	36	so	ADV	ADV
_	228	37	noch	ADV	ADV
_	228	38	im	APPRART	APPRART
_	228	39	Magen	NN	NN
_	228	40	und	KON	KON
FM	228	41	primis	NE	NE
FM	228	42	viis	NE	NE
_	228	43	,	$,	$,
_	228	44	oder	KON	KON
_	228	45	noch	ADV	ADV
_	228	46	in	APPR	APPR
NN	228	47	venis	NE	NE
_	228	48	ist	VAFIN	VAFIN
_	228	49	/	$(	$(
_	228	50	weiter	ADV	ADV
_	228	51	und	KON	KON
_	228	52	in	APPR	APPR
FM	228	53	habitum	NE	NN
FM	228	54	totius	NE	NE
FM	228	55	corporis	NE	NE
_	228	56	auch	ADV	ADV
PAV	228	57	darzu	PAV	ADV
_	228	58	geführt	VVPP	VVPP
_	228	59	wird	VAFIN	VAFIN
_	228	60	/	$(	$(
_	228	61	ja	ADV	ADV
_	228	62	es	PPER	PPER
_	228	63	entsteht	VVFIN	VVFIN
_	228	64	wohl	ADV	ADV
_	228	65	ein	ART	ART
_	228	66	Fieber	NN	NN
_	228	67	oder	KON	KON
_	228	68	Wassersucht	NN	NN
_	228	69	/	$(	$(
_	228	70	oder	KON	KON
_	228	71	zum	APPRART	APPRART
NN	228	72	Wenigsten	PIAT	NN
_	228	73	eine	ART	ART
FM	228	74	Cachexia	NE	NN
_	228	75	daraus	PAV	PAV
_	228	76	.	$.	$.
_	229	1	das	ART	ART
_	229	2	vierte	ADJA	ADJA
_	229	3	und	KON	KON
_	229	4	letzte	ADJA	ADJA
_	229	5	Kapitel	NN	NN
_	229	6	.	$.	$.
KOUS	230	1	wie	PWAV	KOUS
_	230	2	man	PIS	PIS
PDAT	230	3	solchen	PIAT	PIAT
_	230	4	Brunnen	NN	NN
_	230	5	recht	ADJD	ADJD
_	230	6	und	KON	KON
_	230	7	nützlich	ADJD	ADJD
_	230	8	gebrauchen	VVINF	VVINF
_	230	9	solle	VMFIN	VMFIN
_	230	10	.	$.	$.
_	231	1	demnach	PAV	PAV
_	231	2	nun	ADV	ADV
_	231	3	angezeigt	VVPP	VVPP
_	231	4	/	$(	$(
_	231	5	das	ART	ART
_	231	6	aus	APPR	APPR
_	231	7	unrechtem	ADJA	ADJA
_	231	8	Brauch	NN	NN
_	231	9	dieses	PDAT	PDAT
_	231	10	Brunnens	NN	NN
_	231	11	ja	ADV	ADV
_	231	12	so	ADV	ADV
_	231	13	bald	ADV	ADV
PIS	231	14	was	PWS	PIAT
_	231	15	Böses	NN	NN
_	231	16	/	$(	$(
_	231	17	als	KOKOM	KOKOM
_	231	18	Gutes	NN	NN
_	231	19	entstehe	VVFIN	VVFIN
_	231	20	/	$(	$(
ADV	231	21	als	KOKOM	KOKOM
_	231	22	wird	VAFIN	VAFIN
_	231	23	hiermit	PAV	PAV
_	231	24	jedermänniglich	ADJD	ADJD
VVPP	231	25	erinnert	VVFIN	VVPP
_	231	26	/	$(	$(
_	231	27	dass	KOUS	KOUS
_	231	28	er	PPER	PPER
_	231	29	sich	PRF	PRF
_	231	30	zuvor	ADV	ADV
_	231	31	wohl	ADV	ADV
_	231	32	in	APPR	APPR
NN	231	33	Acht	CARD	NN
_	231	34	nehme	VVFIN	VVFIN
_	231	35	/	$(	$(
KOUS	231	36	damit	PAV	KOUS
_	231	37	nicht	PTKNEG	PTKNEG
_	231	38	durch	APPR	APPR
PDAT	231	39	solchen	PIAT	PIAT
_	231	40	Missbrauch	NN	NN
_	231	41	der	ART	ART
_	231	42	Brunnen	NN	NN
_	231	43	in	APPR	APPR
_	231	44	Verdacht	NN	NN
_	231	45	gezogen	VVPP	VVPP
_	231	46	werde	VAFIN	VAFIN
_	231	47	/	$(	$(
_	231	48	oder	KON	KON
_	231	49	man	PIS	PIS
_	231	50	ihm	PPER	PPER
ADV	231	51	selbsten	ADV	ADJA
_	231	52	Geschwulst	NN	NN
_	231	53	/	$(	$(
_	231	54	Reißen	NN	NN
_	231	55	/	$(	$(
_	231	56	und	KON	KON
PIAT	231	57	andere	ADJA	PIS
_	231	58	Beschwerung	NN	NN
_	231	59	auf	APPR	APPR
_	231	60	den	ART	ART
_	231	61	Hals	NN	NN
_	231	62	ziehe	VVFIN	VVFIN
_	231	63	/	$(	$(
KOUS	231	64	wie	PWAV	KOKOM
_	231	65	ohne	APPR	APPR
PDS	231	66	das	ART	PDS
_	231	67	des	ART	ART
_	231	68	gemeinen	ADJA	ADJA
_	231	69	unverständigen	ADJA	ADJA
_	231	70	Pöbels	NN	NN
_	231	71	Brauch	NN	NN
_	231	72	ist	VAFIN	VAFIN
_	231	73	dass	KOUS	KOUS
_	231	74	er	PPER	PPER
ADJD	231	75	anfänglich	NE	ADJD
_	231	76	/	$(	$(
_	231	77	wenn	KOUS	KOUS
PDAT	231	78	solche	PIAT	PIAT
_	231	79	Brunnen	NN	NN
_	231	80	und	KON	KON
_	231	81	Bäder	NN	NN
_	231	82	neu	ADJD	ADJD
_	231	83	sein	VAINF	VAINF
_	231	84	/	$(	$(
_	231	85	mit	APPR	APPR
_	231	86	Gewalt	NN	NN
_	231	87	zuläuft	VVFIN	VVFIN
_	231	88	/	$(	$(
_	231	89	ohne	APPR	APPR
_	231	90	alle	PIAT	PIAT
_	231	91	nötige	ADJA	ADJA
_	231	92	Vorbereitung	NN	NN
_	231	93	/	$(	$(
_	231	94	als	KOKOM	KOKOM
_	231	95	dienten	VVFIN	VVFIN
PDS	231	96	dieselbigen	PDAT	ADJA
_	231	97	allein	ADV	ADV
_	231	98	vor	APPR	APPR
_	231	99	alle	PIAT	PIAT
_	231	100	Krankheiten	NN	NN
_	231	101	/	$(	$(
_	231	102	hernach	ADV	ADV
_	231	103	aber	ADV	ADV
_	231	104	/	$(	$(
_	231	105	wenn	KOUS	KOUS
_	231	106	es	PPER	PPER
_	231	107	nicht	PTKNEG	PTKNEG
_	231	108	nach	APPR	APPR
_	231	109	ihren	PPOSAT	PPOSAT
_	231	110	Willen	NN	NN
_	231	111	geht	VVFIN	VVFIN
_	231	112	/	$(	$(
_	231	113	mit	APPR	APPR
_	231	114	gleicher	ADJA	ADJA
_	231	115	Unbedachtsamkeit	NN	NN
_	231	116	/	$(	$(
ADV	231	117	als	KOKOM	KOKOM
_	231	118	sie	PPER	PPER
_	231	119	zu	PTKZU	PTKZU
VVPP	231	120	gelauffen	VVPP	VVFIN
_	231	121	/	$(	$(
ADV	231	122	hinweg	APZR	ADV
VVPP	231	123	gelaufen	VVFIN	VVPP
_	231	124	/	$(	$(
_	231	125	und	KON	KON
PDS	231	126	dieselbige	PDAT	ADJA
VVINF	231	127	liegen	VVFIN	VVINF
VVFIN	231	128	lassen	VVINF	VVINF
_	231	129	.	$.	$.
KOUS	232	1	wie	PWAV	KOUS
_	232	2	der	ART	ART
_	232	3	Herr	NN	NN
NE	232	4	Chyträus	NE	NN
_	232	5	erzählt	VVFIN	VVFIN
_	232	6	in	APPR	APPR
_	232	7	seiner	PPOSAT	PPOSAT
NN	232	8	Chronico	NE	NN
_	232	9	,	$,	$,
_	232	10	dass	KOUS	KOUS
_	232	11	es	PPER	PPER
NN	232	12	Anno	NN	NE
CARD	232	13	1556	CARD	ADJA
_	232	14	.	$.	$.
_	232	15	geschehen	VVPP	VVPP
_	232	16	sei	VAFIN	VAFIN
_	232	17	bei	APPR	APPR
_	232	18	einem	ART	ART
_	232	19	Brunnen	NN	NN
_	232	20	in	APPR	APPR
_	232	21	dem	ART	ART
_	232	22	Herzogtum	NN	NN
_	232	23	Braunschweig	NE	NE
_	232	24	an	APPR	APPR
_	232	25	der	ART	ART
_	232	26	Weser	NE	NE
_	232	27	über	APPR	APPR
_	232	28	Hameln	NE	NE
_	232	29	/	$(	$(
PRELS	232	30	dessen	PDS	PRELAT
_	232	31	auch	ADV	ADV
_	232	32	Herr	NN	NN
_	232	33	Johann	NE	NE
NE	232	34	Becherer	NN	NN
_	232	35	in	APPR	APPR
_	232	36	seiner	PPOSAT	PPOSAT
ADJA	232	37	Thüringischen	NN	ADJA
NN	232	38	Chronica	NE	NN
NN	232	39	Anno	NN	NE
_	232	40	1602	CARD	CARD
APPR	232	41	zu	PTKZU	APPR
_	232	42	Mühlhausen	NE	NE
_	232	43	gedruckt	VVPP	VVPP
_	232	44	Meldung	NN	NN
_	232	45	tut	VVFIN	VVFIN
_	232	46	.	$.	$.
_	233	1	und	KON	KON
_	233	2	ist	VAFIN	VAFIN
_	233	3	beides	PIS	PIS
ADJD	233	4	unrecht	NN	ADJD
_	233	5	/	$(	$(
_	233	6	wenn	KOUS	KOUS
_	233	7	man	PIS	PIS
_	233	8	entweder	KON	KON
_	233	9	aus	APPR	APPR
NN	233	10	Unbedacht	ADJD	NN
PTKA	233	11	zu	PTKZU	PTKA
PIAT	233	12	viele	ADV	PIAT
_	233	13	Kräfte	NN	NN
_	233	14	diesen	PDAT	PDAT
_	233	15	und	KON	KON
PIAT	233	16	anderen	ADJA	PIS
_	233	17	natürlichen	ADJA	ADJA
_	233	18	Mitteln	NN	NN
_	233	19	zuschreibt	VVFIN	VVFIN
_	233	20	/	$(	$(
_	233	21	oder	KON	KON
_	233	22	aus	APPR	APPR
_	233	23	Leichtfertigkeit	NN	NN
PDS	233	24	dieselbe	PDAT	PDS
_	233	25	bald	ADV	ADV
_	233	26	ganz	ADV	ADV
_	233	27	und	KON	KON
_	233	28	gar	ADV	ADV
_	233	29	fahren	VVINF	VVINF
_	233	30	lässt	VVFIN	VVFIN
_	233	31	und	KON	KON
_	233	32	vernichtet	VVPP	VVPP
_	233	33	.	$.	$.
PAV	234	1	derowegen	ADV	NN
_	234	2	so	ADV	ADV
_	234	3	nun	ADV	ADV
_	234	4	jemand	PIS	PIS
_	234	5	diesen	PDAT	PDAT
_	234	6	Brunnen	NN	NN
_	234	7	recht	ADJD	ADJD
VVINF	234	8	brauchen	VVFIN	VVINF
_	234	9	will	VMFIN	VMFIN
_	234	10	/	$(	$(
_	234	11	oder	KON	KON
PDS	234	12	denselben	PDAT	PDS
_	234	13	zu	PTKZU	PTKZU
VVINF	234	14	brauchen	VVFIN	VVINF
_	234	15	ihn	PPER	PPER
_	234	16	die	ART	ART
_	234	17	Not	NN	NN
_	234	18	zwingt	VVFIN	VVFIN
_	234	19	/	$(	$(
PDS	234	20	der	ART	PDS
_	234	21	soll	VMFIN	VMFIN
ADV	234	22	erstlich	ADV	ADJD
_	234	23	wissen	VVINF	VVINF
_	234	24	/	$(	$(
_	234	25	dass	KOUS	KOUS
_	234	26	dieser	PDAT	PDAT
_	234	27	Brunnen	NN	NN
_	234	28	vor	APPR	APPR
_	234	29	sich	PRF	PRF
_	234	30	selbst	ADV	ADV
_	234	31	/	$(	$(
_	234	32	die	ART	ART
_	234	33	Natur	NN	NN
_	234	34	zu	PTKZU	PTKZU
_	234	35	purgieren	VVINF	VVINF
_	234	36	nicht	PTKNEG	PTKNEG
_	234	37	hat	VAFIN	VAFIN
_	234	38	/	$(	$(
KOUS	234	39	sintemal	KOUS	ADV
_	234	40	er	PPER	PPER
_	234	41	unter	APPR	APPR
_	234	42	hundert	CARD	CARD
_	234	43	Personen	NN	NN
_	234	44	kaum	ADV	ADV
PIS	234	45	eine	ART	PIS
_	234	46	purgiert	VVFIN	VVFIN
_	234	47	/	$(	$(
_	234	48	und	KON	KON
_	234	49	ob	KOUS	KOUS
ADV	234	50	gleich	ADV	ADJD
_	234	51	bei	APPR	APPR
PIAT	234	52	etlichen	ADJA	PIAT
NN	234	53	purgationes	NE	NN
_	234	54	erfolgen	VVINF	VVINF
_	234	55	/	$(	$(
_	234	56	so	ADV	ADV
_	234	57	geschieht	VVFIN	VVFIN
_	234	58	es	PPER	PPER
_	234	59	doch	ADV	ADV
_	234	60	nur	ADV	ADV
_	234	61	zufälliger	ADJA	ADJA
_	234	62	Weise	NN	NN
_	234	63	/	$(	$(
_	234	64	weil	KOUS	KOUS
_	234	65	durch	APPR	APPR
_	234	66	diesen	PDAT	PDAT
_	234	67	Brunnen	NN	NN
_	234	68	entweder	KON	KON
_	234	69	die	ART	ART
_	234	70	bösen	ADJA	ADJA
_	234	71	Feuchtigkeiten	NN	NN
VVPP	234	72	erweicht	VVFIN	VVPP
_	234	73	und	KON	KON
_	234	74	zubereitet	VVPP	VVPP
_	234	75	werden	VAINF	VAINF
_	234	76	/	$(	$(
_	234	77	dass	KOUS	KOUS
_	234	78	sie	PPER	PPER
_	234	79	hernach	ADV	ADV
_	234	80	von	APPR	APPR
_	234	81	der	ART	ART
_	234	82	Natur	NN	NN
_	234	83	ausgetrieben	VVPP	VVPP
_	234	84	/	$(	$(
_	234	85	oder	KON	KON
_	234	86	die	ART	ART
_	234	87	Natur	NN	NN
_	234	88	durch	APPR	APPR
_	234	89	denselben	PDAT	PDAT
_	234	90	gestärkt	VVPP	VVPP
_	234	91	wird	VAFIN	VAFIN
_	234	92	/	$(	$(
_	234	93	dass	KOUS	KOUS
_	234	94	sie	PPER	PPER
PDAT	234	95	solche	PIAT	PIAT
_	234	96	böse	ADJA	ADJA
_	234	97	Feuchtigkeit	NN	NN
_	234	98	angreift	VVFIN	VVFIN
_	234	99	/	$(	$(
_	234	100	und	KON	KON
_	234	101	durch	APPR	APPR
_	234	102	bequeme	ADJA	ADJA
_	234	103	/	$(	$(
_	234	104	oder	KON	KON
_	234	105	sonsten	ADV	ADV
PPER	234	106	ihr	PPOSAT	PPER
_	234	107	vor	APPR	APPR
PDAT	234	108	dessen	PDS	PDAT
_	234	109	gewöhnliche	ADJA	ADJA
_	234	110	Wege	NN	NN
_	234	111	ausführt	VVFIN	VVFIN
_	234	112	.	$.	$.
PDS	235	1	dergleichen	PIS	PIS
_	235	2	weiß	VVFIN	VVFIN
_	235	3	ich	PPER	PPER
_	235	4	dass	KOUS	KOUS
PRF	235	5	sich	PPER	PRF
_	235	6	es	PPER	PPER
_	235	7	auch	ADV	ADV
_	235	8	mit	APPR	APPR
_	235	9	dem	ART	ART
ADJA	235	10	lapidaren	NE	ADJA
_	235	11	Bezoar	NN	NN
_	235	12	oder	KON	KON
_	235	13	Giftstein	NN	NN
_	235	14	zugetragen	VVPP	VVPP
_	235	15	/	$(	$(
_	235	16	dass	KOUS	KOUS
_	235	17	/	$(	$(
KOUS	235	18	da	ADV	KOUS
_	235	19	man	PIS	PIS
PDS	235	20	denselben	PDAT	PDS
_	235	21	einem	ART	ART
_	235	22	Patienten	NN	NN
_	235	23	eingegeben	VVPP	VVPP
_	235	24	/	$(	$(
ADV	235	25	gleich	ADV	ADJD
_	235	26	so	ADV	ADV
_	235	27	viel	ADV	ADV
_	235	28	/	$(	$(
FM	235	29	Salva	NE	NE
FM	235	30	reverentia	NE	NE
_	235	31	,	$,	$,
_	235	32	Stuhlgänge	NN	NN
_	235	33	darauf	PAV	PAV
_	235	34	erfolgten	VVFIN	VVFIN
_	235	35	/	$(	$(
_	235	36	so	ADV	ADV
PIAT	235	37	viele	ADV	PIAT
_	235	38	Gerstenkörner	NN	NN
_	235	39	schwer	ADJD	ADJD
_	235	40	desselben	PDS	PDS
_	235	41	eingenommen	VVPP	VVPP
_	235	42	worden	VAPP	VAPP
_	235	43	/	$(	$(
PRELS	235	44	welches	PRELS	PWS
_	235	45	doch	ADV	ADV
_	235	46	ganz	ADV	ADV
_	235	47	und	KON	KON
_	235	48	gar	ADV	ADV
_	235	49	wider	APPR	APPR
_	235	50	die	ART	ART
_	235	51	Natur	NN	NN
_	235	52	des	ART	ART
_	235	53	Steins	NN	NN
_	235	54	läuft	VVFIN	VVFIN
_	235	55	/	$(	$(
KOUS	235	56	sintemal	KOUS	ADV
PDS	235	57	derselbe	PDAT	PDS
_	235	58	den	ART	ART
_	235	59	Schweiß	NN	NN
_	235	60	treibt	VVFIN	VVFIN
_	235	61	/	$(	$(
_	235	62	und	KON	KON
_	235	63	also	ADV	ADV
_	235	64	viel	ADV	ADV
_	235	65	mehr	ADV	ADV
VVFIN	235	66	verstopft	VVFIN	VVPP
_	235	67	.	$.	$.
ADV	236	1	dieweil	KOUS	ADV
_	236	2	auch	ADV	ADV
_	236	3	bisweilen	ADV	ADV
_	236	4	/	$(	$(
_	236	5	wenn	KOUS	KOUS
_	236	6	man	PIS	PIS
_	236	7	diesen	PDAT	PDAT
_	236	8	Brunnen	NN	NN
_	236	9	braucht	VVFIN	VVFIN
_	236	10	/	$(	$(
_	236	11	ein	ART	ART
_	236	12	Reißen	NN	NN
_	236	13	oder	KON	KON
PIAT	236	14	andere	ADJA	PIS
_	236	15	Angelegenheit	NN	NN
_	236	16	entsteht	VVFIN	VVFIN
_	236	17	/	$(	$(
KOUS	236	18	wann	PWAV	PWAV
_	236	19	der	ART	ART
_	236	20	Leib	NN	NN
_	236	21	nicht	PTKNEG	PTKNEG
_	236	22	zuvor	ADV	ADV
_	236	23	purgiert	VVFIN	VVFIN
_	236	24	oder	KON	KON
_	236	25	gereinigt	VVPP	VVPP
_	236	26	/	$(	$(
KOUS	236	27	als	KOKOM	KOKOM
_	236	28	ist	VAFIN	VAFIN
_	236	29	von	APPR	APPR
NN	236	30	Nöten	VVINF	NN
_	236	31	/	$(	$(
_	236	32	dass	KOUS	KOUS
_	236	33	ein	ART	ART
PIS	236	34	jeder	PIAT	PIS
_	236	35	zuvor	ADV	ADV
_	236	36	sich	PRF	PRF
_	236	37	prüfe	VVFIN	VVFIN
_	236	38	/	$(	$(
_	236	39	oder	KON	KON
_	236	40	eines	ART	ART
ADJA	236	41	verständigen	VVINF	ADJA
_	236	42	/	$(	$(
_	236	43	treuen	ADJA	ADJA
NN	236	44	Medizi	NE	NN
_	236	45	Rat	NN	NN
_	236	46	brauche	VVFIN	VVFIN
_	236	47	/	$(	$(
_	236	48	denn	KON	KON
_	236	49	da	ADV	ADV
_	236	50	keine	PIAT	PIAT
_	236	51	übrige	ADJA	ADJA
_	236	52	böse	ADJA	ADJA
_	236	53	Feuchtigkeit	NN	NN
_	236	54	im	APPRART	APPRART
_	236	55	Leib	NN	NN
_	236	56	vorhanden	ADJD	ADJD
_	236	57	/	$(	$(
_	236	58	oder	KON	KON
_	236	59	sonsten	ADV	ADV
_	236	60	keine	PIAT	PIAT
_	236	61	Hinderung	NN	NN
_	236	62	vorfällt	VVFIN	VVFIN
_	236	63	/	$(	$(
_	236	64	darf	VMFIN	VMFIN
_	236	65	es	PPER	PPER
PIAT	236	66	keiner	PIS	PIAT
_	236	67	Zubereitung	NN	NN
_	236	68	oder	KON	KON
_	236	69	Purgation	NN	NN
_	236	70	.	$.	$.
KOUS	237	1	wann	PWAV	PWAV
_	237	2	aber	ADV	ADV
_	237	3	der	ART	ART
_	237	4	Leib	NN	NN
_	237	5	voller	ADJA	ADJA
_	237	6	Unreinigkeit	NN	NN
_	237	7	steckt	VVFIN	VVFIN
_	237	8	/	$(	$(
_	237	9	oder	KON	KON
_	237	10	sonsten	ADV	ADV
_	237	11	eine	ART	ART
_	237	12	Krankheit	NN	NN
_	237	13	vorhanden	ADJD	ADJD
_	237	14	/	$(	$(
_	237	15	deren	PRELAT	PRELAT
_	237	16	rechte	ADJA	ADJA
_	237	17	Ursache	NN	NN
_	237	18	dem	ART	ART
_	237	19	Patienten	NN	NN
_	237	20	verborgen	VVPP	VVPP
_	237	21	/	$(	$(
_	237	22	oder	KON	KON
_	237	23	nicht	PTKNEG	PTKNEG
_	237	24	eigentlich	ADV	ADV
_	237	25	bewusst	ADJD	ADJD
_	237	26	/	$(	$(
PDS	237	27	der	ART	PRELS
_	237	28	erhole	VVFIN	VVFIN
_	237	29	sich	PRF	PRF
_	237	30	zuvor	ADV	ADV
_	237	31	Rat	NN	NN
_	237	32	bei	APPR	APPR
_	237	33	einem	ART	ART
NN	237	34	Medico	NE	NN
_	237	35	,	$,	$,
_	237	36	lasse	VVFIN	VVFIN
_	237	37	sich	PRF	PRF
_	237	38	präparieren	VVINF	VVINF
_	237	39	und	KON	KON
_	237	40	purgieren	VVINF	VVINF
_	237	41	/	$(	$(
_	237	42	und	KON	KON
_	237	43	brauche	VVFIN	VVFIN
ADV	237	44	denn	KON	ADV
_	237	45	im	APPRART	APPRART
_	237	46	Namen	NN	NN
_	237	47	Gottes	NN	NN
_	237	48	den	ART	ART
_	237	49	Brunnen	NN	NN
_	237	50	/	$(	$(
_	237	51	wie	KOKOM	KOKOM
_	237	52	folgt	VVFIN	VVFIN
_	237	53	:	$.	$.
ADV	237	54	erstlich	ADV	ADJD
_	237	55	in	APPR	APPR
_	237	56	Hauptbeschwerung	NN	NN
_	237	57	/	$(	$(
NN	237	58	Dumpf	ADJD	NN
_	237	59	/	$(	$(
_	237	60	und	KON	KON
_	237	61	im	APPRART	APPRART
_	237	62	Stein	NN	NN
_	237	63	/	$(	$(
_	237	64	braucht	VVFIN	VVFIN
_	237	65	man	PIS	PIS
_	237	66	ihn	PPER	PPER
_	237	67	nur	ADV	ADV
_	237	68	zum	APPRART	APPRART
NN	237	69	Trinken	VVFIN	NN
_	237	70	/	$(	$(
_	237	71	wiewohl	KOUS	KOUS
_	237	72	man	PIS	PIS
_	237	73	in	APPR	APPR
_	237	74	Hauptbeschwerung	NN	NN
_	237	75	und	KON	KON
_	237	76	im	APPRART	APPRART
_	237	77	Stein	NN	NN
_	237	78	ihn	PPER	PPER
_	237	79	auch	ADV	ADV
_	237	80	von	APPR	APPR
ADV	237	81	außen	NN	ADV
_	237	82	/	$(	$(
_	237	83	umzuschlagen	VVIZU	VVIZU
_	237	84	und	KON	KON
VVIZU	237	85	aufzulegen	APPR	VVIZU
VVINF	237	86	brauchen	VVFIN	VVINF
_	237	87	kann	VMFIN	VMFIN
_	237	88	.	$.	$.
ADV	238	1	allhier	ADV	ADJD
_	238	2	entsteht	VVFIN	VVFIN
_	238	3	bald	ADV	ADV
_	238	4	eine	ART	ART
_	238	5	Frage	NN	NN
_	238	6	/	$(	$(
_	238	7	ob	KOUS	KOUS
_	238	8	man	PIS	PIS
_	238	9	ihn	PPER	PPER
_	238	10	kalt	ADJD	ADJD
_	238	11	/	$(	$(
_	238	12	und	KON	KON
KOUS	238	13	wie	KOKOM	KOUS
_	238	14	man	PIS	PIS
_	238	15	zukommt	VVFIN	VVFIN
_	238	16	/	$(	$(
_	238	17	oder	KON	KON
_	238	18	aber	ADV	ADV
_	238	19	warm	ADJD	ADJD
_	238	20	und	KON	KON
_	238	21	auf	APPR	APPR
_	238	22	gewisse	ADJA	ADJA
_	238	23	Masse	NN	NN
VVINF	238	24	trinken	VVFIN	VVINF
_	238	25	solle	VMFIN	VMFIN
_	238	26	?	$.	$.
_	239	1	zwar	ADV	ADV
_	239	2	die	ART	ART
_	239	3	Kälte	NN	NN
_	239	4	oder	KON	KON
_	239	5	Wärme	NN	NN
_	239	6	betreffend	ADJD	ADJD
_	239	7	/	$(	$(
_	239	8	halte	VVFIN	VVFIN
_	239	9	ich	PPER	PPER
_	239	10	dafür	PAV	PAV
_	239	11	/	$(	$(
_	239	12	dass	KOUS	KOUS
_	239	13	er	PPER	PPER
_	239	14	warm	ADJD	ADJD
_	239	15	besser	ADJD	ADJD
_	239	16	zu	PTKZU	PTKZU
VVINF	239	17	trinken	VVFIN	VVINF
_	239	18	sei	VAFIN	VAFIN
_	239	19	/	$(	$(
_	239	20	denn	KON	KON
_	239	21	kalt	ADJD	ADJD
_	239	22	/	$(	$(
_	239	23	aus	APPR	APPR
_	239	24	folgenden	ADJA	ADJA
_	239	25	Ursachen	NN	NN
$.	239	26	:	$.	$(
ADV	239	27	erstlich	ADV	ADJD
_	239	28	/	$(	$(
KOUS	239	29	dieweil	KOUS	ADV
_	239	30	die	ART	ART
_	239	31	Kräfte	NN	NN
_	239	32	dieses	PDAT	PDAT
_	239	33	Wassers	NN	NN
_	239	34	mehr	ADV	ADV
_	239	35	in	APPR	APPR
_	239	36	einer	ART	ART
_	239	37	corporalischen	ADJA	ADJA
_	239	38	denn	KON	KON
ADJA	239	39	spiritualischen	ADJD	ADJA
_	239	40	oder	KON	KON
_	239	41	dünstigen	ADJA	ADJA
_	239	42	Minera	NN	NN
_	239	43	bestehen	VVFIN	VVFIN
_	239	44	/	$(	$(
_	239	45	dass	KOUS	KOUS
_	239	46	also	ADV	ADV
_	239	47	nicht	PTKNEG	PTKNEG
_	239	48	/	$(	$(
_	239	49	wie	KOKOM	KOKOM
_	239	50	in	APPR	APPR
PIAT	239	51	meistes	PIAT	ADJA
_	239	52	Teils	NN	NN
_	239	53	Sauerbrunnen	NN	NN
_	239	54	/	$(	$(
_	239	55	zu	PTKZU	PTKZU
VVINF	239	56	befahren	VVPP	VVINF
_	239	57	/	$(	$(
_	239	58	dass	KOUS	KOUS
_	239	59	durch	APPR	APPR
_	239	60	das	ART	ART
NN	239	61	Wärmen	VVFIN	NN
_	239	62	die	ART	ART
_	239	63	Kräfte	NN	NN
ADV	239	64	weg	PTKVZ	ADV
_	239	65	gehen	VVINF	VVINF
_	239	66	und	KON	KON
_	239	67	verrauchen	VVINF	VVINF
_	239	68	möchten	VMFIN	VMFIN
_	239	69	.	$.	$.
_	240	1	hergegen	ADV	ADV
_	240	2	aber	ADV	ADV
_	240	3	durch	APPR	APPR
_	240	4	die	ART	ART
_	240	5	Wärme	NN	NN
_	240	6	und	KON	KON
FM	240	7	actualem	NE	ADJA
FM	240	8	caliditatem	NE	NN
ADJA	240	9	1.	NE	CARD
_	241	1	die	ART	ART
FM	241	2	cruditates	NE	NN
_	241	3	des	ART	ART
_	241	4	Wassers	NN	NN
_	241	5	/	$(	$(
_	241	6	sonderlich	ADJD	ADJD
_	241	7	die	ART	ART
PDS	241	8	jenigen	PIAT	PDAT
_	241	9	/	$(	$(
PRELS	241	10	welche	PWAT	PRELS
_	241	11	von	APPR	APPR
_	241	12	den	ART	ART
_	241	13	wilden	ADJA	ADJA
_	241	14	Quellen	NN	NN
_	241	15	dazu	PAV	PAV
VVFIN	241	16	kommen	VVFIN	VVINF
_	241	17	/	$(	$(
ADV	241	18	etwas	PIS	ADV
_	241	19	korrigiert	VVPP	VVPP
_	241	20	werden	VAINF	VAINF
_	241	21	.	$.	$.
ADJA	242	1	2.	NE	ADV
_	242	2	wegen	APPR	APPR
_	242	3	der	ART	ART
_	242	4	Wärme	NN	NN
PDAT	242	5	dies	PDS	PDAT
_	242	6	Wasser	NN	NN
_	242	7	dem	ART	ART
_	242	8	Magen	NN	NN
_	242	9	bequemer	ADJD	ADJD
_	242	10	und	KON	KON
ADJD	242	11	dienlicher	ADJA	ADJD
_	242	12	.	$.	$.
ADJA	243	1	3.	NE	CARD
_	244	1	das	ART	ART
_	244	2	irdische	ADJA	ADJA
_	244	3	und	KON	KON
_	244	4	grobe	ADJA	ADJA
_	244	5	Erdpech	NN	NN
_	244	6	/	$(	$(
_	244	7	wenn	KOUS	KOUS
_	244	8	dessen	PDS	PDS
PTKA	244	9	zu	PTKZU	PTKA
_	244	10	viel	ADV	ADV
_	244	11	dabei	PAV	PAV
_	244	12	ist	VAFIN	VAFIN
_	244	13	/	$(	$(
_	244	14	sich	PRF	PRF
ADV	244	15	etwas	PIS	ADV
_	244	16	sondert	VVFIN	VVFIN
_	244	17	und	KON	KON
APPR	244	18	zu	PTKZU	APPR
_	244	19	Grunde	NN	NN
_	244	20	setzt	VVFIN	VVFIN
_	244	21	/	$(	$(
KOUS	244	22	damit	PAV	KOUS
PDS	244	23	dasselbe	PDAT	PDS
_	244	24	wegen	APPR	APPR
_	244	25	großer	ADJA	ADJA
_	244	26	Menge	NN	NN
_	244	27	nicht	PTKNEG	PTKNEG
_	244	28	ins	APPRART	APPRART
_	244	29	Haupt	NN	NN
_	244	30	steige	VVFIN	VVFIN
_	244	31	/	$(	$(
_	244	32	und	KON	KON
_	244	33	Wehtag	NN	NN
_	244	34	darin	PAV	PAV
_	244	35	verursache	VVFIN	VVFIN
_	244	36	.	$.	$.
ADJA	245	1	4.	NE	CARD
_	246	1	der	ART	ART
_	246	2	Brunnen	NN	NN
ADV	246	3	desto	ADV	KON
_	246	4	besser	ADJD	ADJD
_	246	5	durchdringt	VVFIN	VVFIN
_	246	6	/	$(	$(
_	246	7	und	KON	KON
_	246	8	seine	PPOSAT	PPOSAT
_	246	9	Wirkung	NN	NN
ADV	246	10	desto	ADV	KON
ADJD	246	11	schleiniger	NN	ADJD
VVFIN	246	12	verrichtet	VVPP	VVFIN
_	246	13	/	$(	$(
ADV	246	14	insonderheit	ADV	NN
_	246	15	den	ART	ART
_	246	16	Schweiß	NN	NN
ADV	246	17	desto	ADV	KON
_	246	18	ehe	KOUS	KOUS
_	246	19	und	KON	KON
_	246	20	besser	ADJD	ADJD
_	246	21	fördert	VVFIN	VVFIN
_	246	22	.	$.	$.
_	247	1	doch	KON	KON
_	247	2	mag	VMFIN	VMFIN
_	247	3	man	PIS	PIS
_	247	4	über	APPR	APPR
_	247	5	der	ART	ART
_	247	6	Mahlzeit	NN	NN
_	247	7	vor	APPR	APPR
_	247	8	den	ART	ART
_	247	9	Durst	NN	NN
PDS	247	10	denselben	PDAT	PDS
_	247	11	auch	ADV	ADV
_	247	12	wohl	ADV	ADV
_	247	13	kalt	ADJD	ADJD
VVINF	247	14	trinken	VVFIN	VVINF
_	247	15	.	$.	$.
_	248	1	was	PWS	PWS
_	248	2	aber	ADV	ADV
_	248	3	die	ART	ART
_	248	4	Maß	NN	NN
_	248	5	und	KON	KON
_	248	6	Menge	NN	NN
VVFIN	248	7	belangt	VVFIN	VVPP
_	248	8	/	$(	$(
_	248	9	halte	VVFIN	VVFIN
_	248	10	ich	PPER	PPER
_	248	11	es	PPER	PPER
_	248	12	nicht	PTKNEG	PTKNEG
ADV	248	13	vonnoͤhten	ADV	ADJD
_	248	14	/	$(	$(
_	248	15	dass	KOUS	KOUS
_	248	16	man	PIS	PIS
_	248	17	wie	KOKOM	KOKOM
_	248	18	in	APPR	APPR
_	248	19	Sauerbrunnen	NN	NN
_	248	20	und	KON	KON
_	248	21	warmen	ADJA	ADJA
_	248	22	Bädern	NN	NN
_	248	23	an	APPR	APPR
_	248	24	einer	ART	ART
_	248	25	geringen	ADJA	ADJA
_	248	26	Quantität	NN	NN
_	248	27	anfahe	VVFIN	VVFIN
_	248	28	/	$(	$(
PAV	248	29	damit	PAV	KOUS
_	248	30	täglich	ADJD	ADJD
_	248	31	steige	VVFIN	VVFIN
_	248	32	/	$(	$(
_	248	33	und	KON	KON
_	248	34	hernach	ADV	ADV
_	248	35	wieder	ADV	ADV
_	248	36	gemachsam	ADJD	ADJD
_	248	37	nachlasse	VVFIN	VVFIN
_	248	38	/	$(	$(
KOUS	248	39	dieweil	KOUS	ADV
_	248	40	in	APPR	APPR
_	248	41	warmen	ADJA	ADJA
_	248	42	Bädern	NN	NN
_	248	43	das	ART	ART
_	248	44	Wasser	NN	NN
PTKA	248	45	so	ADV	ADV
_	248	46	stark	ADJD	ADJD
_	248	47	/	$(	$(
_	248	48	und	KON	KON
_	248	49	unserer	PPOSAT	PPOSAT
_	248	50	Natur	NN	NN
PTKA	248	51	so	ADV	ADV
PTKA	248	52	sehr	ADV	ADV
ADV	248	53	zuwider	ADJD	PTKVZ
_	248	54	/	$(	$(
_	248	55	dass	KOUS	KOUS
_	248	56	man	PIS	PIS
_	248	57	der	ART	ART
_	248	58	plötzlichen	ADJA	ADJA
_	248	59	Änderung	NN	NN
APPO	248	60	wegen	APPR	APPO
_	248	61	/	$(	$(
PRELS	248	62	welche	PWAT	PRELS
_	248	63	nicht	PTKNEG	PTKNEG
_	248	64	ohne	APPR	APPR
_	248	65	Gefahr	NN	NN
_	248	66	ist	VAFIN	VAFIN
_	248	67	/	$(	$(
_	248	68	sich	PRF	PRF
_	248	69	billig	ADJD	ADJD
VVPP	248	70	befahren	VVPP	VVINF
_	248	71	/	$(	$(
_	248	72	und	KON	KON
PAV	248	73	derowegen	ADV	VVFIN
_	248	74	des	ART	ART
_	248	75	Wassers	NN	NN
_	248	76	allmählich	ADJD	ADJD
VVINF	248	77	gewohnen	VVINF	VVPP
_	248	78	/	$(	$(
_	248	79	und	KON	KON
_	248	80	wiederum	ADV	ADV
_	248	81	entwohnen	VVINF	VVINF
_	248	82	muss	VMFIN	VMFIN
_	248	83	/	$(	$(
_	248	84	welches	PWS	PWS
_	248	85	aber	ADV	ADV
_	248	86	in	APPR	APPR
_	248	87	diesem	PDAT	PDAT
_	248	88	Brunnen	NN	NN
_	248	89	nicht	PTKNEG	PTKNEG
_	248	90	zu	PTKZU	PTKZU
_	248	91	besorgen	VVINF	VVINF
_	248	92	/	$(	$(
KOUS	248	93	sintemal	KOUS	ADV
_	248	94	die	ART	ART
_	248	95	Erfahrung	NN	NN
_	248	96	bezeugt	VVFIN	VVFIN
_	248	97	/	$(	$(
_	248	98	dass	KOUS	KOUS
_	248	99	ein	ART	ART
_	248	100	scheinbarlicher	ADJA	ADJA
_	248	101	Unterschied	NN	NN
_	248	102	der	ART	ART
_	248	103	Wirkung	NN	NN
_	248	104	daher	PAV	PAV
_	248	105	verursacht	VVPP	VVPP
_	248	106	/	$(	$(
_	248	107	dass	KOUS	KOUS
PIS	248	108	etliche	PIAT	PIS
_	248	109	viel	ADV	ADV
_	248	110	/	$(	$(
_	248	111	etliche	PIAT	PIAT
PIS	248	112	wenig	PIS	ADV
_	248	113	dieses	PDAT	PDAT
_	248	114	Wassers	NN	NN
_	248	115	gebraucht	VVPP	VVPP
_	248	116	/	$(	$(
PIS	248	117	menniglichen	ADJA	ADJA
_	248	118	aber	ADV	ADV
_	248	119	dahin	PAV	PAV
_	248	120	gesehen	VVPP	VVPP
_	248	121	/	$(	$(
PRELS	248	122	was	PWS	PRELS
_	248	123	eines	ART	ART
_	248	124	jeden	PIAT	PIAT
_	248	125	Natur	NN	NN
_	248	126	leiden	VVINF	VVINF
_	248	127	und	KON	KON
_	248	128	ertragen	VVINF	VVINF
_	248	129	könnte	VMFIN	VMFIN
_	248	130	/	$(	$(
PRELS	248	131	welches	PRELS	PWS
_	248	132	dann	ADV	ADV
_	248	133	meines	PPOSAT	PPOSAT
_	248	134	Erachtens	NN	NN
_	248	135	fürnehmlich	ADJD	ADJD
_	248	136	in	APPR	APPR
NN	248	137	Acht	CARD	NN
_	248	138	zu	PTKZU	PTKZU
_	248	139	nehmen	VVINF	VVINF
_	248	140	/	$(	$(
_	248	141	und	KON	KON
_	248	142	ein	ART	ART
PIS	248	143	jeder	PIAT	PIS
_	248	144	sich	PRF	PRF
_	248	145	danach	PAV	PAV
VVINF	248	146	richten	VVFIN	VVINF
_	248	147	soll	VMFIN	VMFIN
_	248	148	.	$.	$.
_	249	1	jedoch	ADV	ADV
_	249	2	kann	VMFIN	VMFIN
_	249	3	man	PIS	PIS
_	249	4	auf	APPR	APPR
_	249	5	eines	ART	ART
_	249	6	jeden	PIAT	PIAT
_	249	7	Komplexion	NN	NN
_	249	8	,	$,	$,
_	249	9	Alter	NN	NN
_	249	10	/	$(	$(
_	249	11	Langwierigkeit	NN	NN
_	249	12	der	ART	ART
_	249	13	Krankheit	NN	NN
_	249	14	und	KON	KON
PIAT	249	15	andere	ADJD	PIS
_	249	16	Umstände	NN	NN
_	249	17	ein	ART	ART
_	249	18	Auge	NN	NN
VAINF	249	19	haben	VAFIN	VAINF
_	249	20	.	$.	$.
_	250	1	zum	APPRART	APPRART
_	250	2	Anderen	ADJA	PIS
_	250	3	im	APPRART	APPRART
_	250	4	Zipperlein	NN	NN
_	250	5	/	$(	$(
_	250	6	Lähme	NN	NN
_	250	7	/	$(	$(
_	250	8	Krätze	NN	NN
_	250	9	/	$(	$(
_	250	10	äußerlichen	ADJA	ADJA
_	250	11	Schäden	NN	NN
_	250	12	/	$(	$(
_	250	13	in	APPR	APPR
_	250	14	Augenfellen	NN	NN
_	250	15	ist	VVFIN	VAFIN
_	250	16	es	PPER	PPER
_	250	17	nicht	PTKNEG	PTKNEG
_	250	18	genug	ADV	ADV
_	250	19	/	$(	$(
_	250	20	dass	KOUS	KOUS
_	250	21	man	PIS	PIS
_	250	22	den	ART	ART
_	250	23	Brunnen	NE	NN
_	250	24	allein	ADV	ADV
_	250	25	trinke	VVFIN	VVFIN
_	250	26	/	$(	$(
_	250	27	sondern	KON	KON
_	250	28	man	PIS	PIS
_	250	29	muss	VMFIN	VMFIN
_	250	30	die	ART	ART
_	250	31	Glieder	NN	NN
_	250	32	auch	ADV	ADV
_	250	33	damit	PAV	PAV
_	250	34	befeuchten	VVINF	VVINF
_	250	35	/	$(	$(
_	250	36	streichen	VVINF	VVINF
_	250	37	/	$(	$(
_	250	38	waschen	VVINF	VVINF
_	250	39	/	$(	$(
_	250	40	reiben	VVFIN	VVINF
_	250	41	/	$(	$(
_	250	42	und	KON	KON
_	250	43	baden	VVINF	VVFIN
_	250	44	/	$(	$(
_	250	45	damit	PAV	KOUS
_	250	46	die	ART	ART
_	250	47	Materia	NN	NN
_	250	48	auch	ADV	ADV
_	250	49	von	APPR	APPR
_	250	50	außen	NN	ADV
_	250	51	zerteilt	VVFIN	VVPP
_	250	52	/	$(	$(
_	250	53	verzehrt	VVFIN	VVPP
_	250	54	/	$(	$(
_	250	55	und	KON	KON
_	250	56	ausgetrucknet	ADJD	VVPP
_	250	57	/	$(	$(
_	250	58	und	KON	KON
_	250	59	die	ART	ART
_	250	60	natürliche	ADJA	ADJA
_	250	61	Wärme	NN	NN
_	250	62	der	ART	ART
_	250	63	Glieder	NN	NN
_	250	64	wieder	ADV	ADV
_	250	65	erweckt	VVPP	VVPP
_	250	66	werde	VAFIN	VAFIN
_	250	67	/	$(	$(
_	250	68	wie	KOKOM	KOUS
_	250	69	ich	PPER	PPER
_	250	70	denn	KON	ADV
_	250	71	weiß	VVFIN	VVFIN
_	250	72	/	$(	$(
_	250	73	das	ART	PRELS
_	250	74	eine	ART	ART
_	250	75	Person	NN	NN
_	250	76	/	$(	$(
_	250	77	welche	PWAT	PRELS
_	250	78	diesen	PDAT	PDAT
_	250	79	Brunnen	NN	NN
_	250	80	eine	ART	ART
_	250	81	Zeitlang	NN	NN
_	250	82	gebraucht	VVPP	VVPP
_	250	83	/	$(	$(
_	250	84	nach	APPR	APPR
_	250	85	dem	ART	ART
_	250	86	sie	PPER	PPER
_	250	87	gespürt	VVPP	VVPP
_	250	88	/	$(	$(
_	250	89	dass	KOUS	KOUS
_	250	90	das	ART	ART
_	250	91	Zipperlein	NN	NN
_	250	92	wieder	APPR	ADV
_	250	93	anklopfte	VVFIN	VVFIN
_	250	94	/	$(	$(
_	250	95	also	ADV	ADV
_	250	96	das	ART	PDS
_	250	97	ihr	PPOSAT	PPER
_	250	98	die	ART	ART
_	250	99	Glieder	NN	NN
_	250	100	allbereits	ADV	ADJD
_	250	101	wie	KOKOM	KOKOM
_	250	102	sonsten	ADV	ADV
_	250	103	/	$(	$(
_	250	104	sparrten	VVFIN	VVFIN
_	250	105	/	$(	$(
_	250	106	so	ADV	ADV
_	250	107	bald	ADV	ADV
_	250	108	sie	PPER	PPER
_	250	109	sich	PRF	PRF
_	250	110	von	APPR	APPR
_	250	111	außen	NN	ADV
_	250	112	mit	APPR	APPR
_	250	113	diesem	PDAT	PDAT
_	250	114	Brunnen	NN	NN
_	250	115	warm	ADJD	ADJD
_	250	116	gewaschen	VVPP	VVPP
_	250	117	/	$(	$(
_	250	118	schleunige	ADJA	ADJA
_	250	119	Linderung	NN	NN
_	250	120	empfunden	VVPP	VVPP
_	250	121	.	$.	$.
KOUS	251	1	wie	PWAV	KOKOM
_	251	2	dann	ADV	ADV
_	251	3	auch	ADV	ADV
_	251	4	kurz	ADJD	ADJD
_	251	5	hernach	ADV	ADV
_	251	6	geschehen	VVPP	VVPP
_	251	7	/	$(	$(
KOUS	251	8	da	ADV	KOUS
PPER	251	9	ihr	PPOSAT	PPER
_	251	10	ein	ART	ART
_	251	11	Fluss	NN	NN
_	251	12	in	APPR	APPR
_	251	13	den	ART	ART
_	251	14	Hals	NN	NN
_	251	15	gefallen	VVPP	VVPP
_	251	16	dass	KOUS	KOUS
_	251	17	sie	PPER	PPER
_	251	18	sich	PRF	PRF
_	251	19	nicht	PTKNEG	PTKNEG
_	251	20	umwenden	VVINF	VVINF
VMINF	251	21	können	VMFIN	VMINF
_	251	22	/	$(	$(
_	251	23	denn	KON	KON
_	251	24	so	ADV	ADV
_	251	25	bald	ADV	ADV
_	251	26	sie	PPER	PPER
_	251	27	von	APPR	APPR
ADV	251	28	außen	NN	ADV
_	251	29	diesen	PDAT	PDAT
NN	251	30	Brunnen	NE	NN
_	251	31	warm	ADJD	ADJD
_	251	32	umgeschlagen	VVPP	VVPP
_	251	33	und	KON	KON
_	251	34	den	ART	ART
_	251	35	Hals	NN	NN
_	251	36	damit	PAV	PAV
VVINF	251	37	reiben	VVFIN	VVINF
_	251	38	lassen	VVINF	VVINF
_	251	39	/	$(	$(
_	251	40	ist	VAFIN	VAFIN
_	251	41	die	ART	ART
_	251	42	Beschwerung	NN	NN
_	251	43	vergangen	VVPP	VVPP
_	251	44	,	$,	$,
ADV	251	45	ja	PTKANT	ADV
_	251	46	es	PPER	PPER
_	251	47	will	VMFIN	VMFIN
_	251	48	bisweilen	ADV	ADV
_	251	49	die	ART	ART
_	251	50	Notdurft	NN	NN
_	251	51	mehr	ADV	ADV
_	251	52	erfordern	VVINF	VVINF
_	251	53	/	$(	$(
KOKOM	251	54	denn	KON	KON
NN	251	55	Waschen	VVINF	NN
_	251	56	und	KON	KON
NN	251	57	Baden	VVINF	NE
_	251	58	/	$(	$(
KOUS	251	59	wie	KOKOM	KOKOM
_	251	60	aus	APPR	APPR
_	251	61	folgendem	ADJA	ADJA
_	251	62	Exempel	NN	NN
_	251	63	abzunehmen	VVIZU	VVIZU
_	251	64	.	$.	$.
_	252	1	ein	ART	ART
_	252	2	Weib	NN	NN
_	252	3	in	APPR	APPR
_	252	4	einem	ART	ART
_	252	5	nah	ADJD	ADJD
_	252	6	gelegenem	ADJA	ADJA
_	252	7	Städtlein	NN	NN
_	252	8	lag	VVFIN	VVFIN
_	252	9	am	APPRART	APPRART
_	252	10	Zipperlein	NN	NN
_	252	11	hart	ADJD	ADJD
ADV	252	12	darnieder	PAV	ADV
_	252	13	/	$(	$(
PDS	252	14	diese	PDAT	PDS
_	252	15	trank	VVFIN	VVFIN
_	252	16	den	ART	ART
NN	252	17	Brunnen	NE	NN
_	252	18	/	$(	$(
_	252	19	badete	VVFIN	VVFIN
_	252	20	darin	PAV	PAV
_	252	21	und	KON	KON
_	252	22	wusch	VVFIN	VVFIN
_	252	23	sich	PRF	PRF
_	252	24	damit	PAV	PAV
_	252	25	/	$(	$(
_	252	26	empfand	VVFIN	VVFIN
_	252	27	aber	ADV	ADV
_	252	28	keine	PIAT	PIAT
_	252	29	Linderung	NN	NN
_	252	30	/	$(	$(
KOUS	252	31	bis	VVFIN	KOUS
_	252	32	sie	PPER	PPER
ADJA	252	33	heiße	VVFIN	ADJA
_	252	34	Kieselsteine	NN	NN
_	252	35	in	APPR	APPR
_	252	36	den	ART	ART
NN	252	37	Brunnen	NE	NN
_	252	38	warf	VVFIN	VVFIN
_	252	39	/	$(	$(
_	252	40	den	ART	ART
_	252	41	Dampf	NN	NN
_	252	42	und	KON	KON
_	252	43	warmen	ADJA	ADJA
_	252	44	Brodem	NN	NN
_	252	45	an	APPR	APPR
_	252	46	die	ART	ART
_	252	47	Füße	NN	NN
_	252	48	gehen	VVINF	VVINF
_	252	49	ließ	VVFIN	VVFIN
_	252	50	/	$(	$(
_	252	51	so	ADV	ADV
_	252	52	lang	ADJD	ADJD
_	252	53	dass	KOUS	KOUS
_	252	54	sie	PPER	PPER
_	252	55	anfingen	VVFIN	VVFIN
_	252	56	zu	PTKZU	PTKZU
_	252	57	schwitzen	VVINF	VVINF
_	252	58	/	$(	$(
KOUS	252	59	da	ADV	ADV
ADV	252	60	denn	KON	ADV
_	252	61	alsbald	ADV	ADV
_	252	62	die	ART	ART
_	252	63	Schmerzen	NN	NN
VVFIN	252	64	nachließen	VVFIN	VVINF
_	252	65	und	KON	KON
_	252	66	sich	PRF	PRF
_	252	67	verschlichen	VVFIN	VVFIN
_	252	68	.	$.	$.
ADV	253	1	gleich	ADV	ADJD
KOUS	253	2	wie	KOKOM	KOKOM
_	253	3	nun	ADV	ADV
PDS	253	4	dieses	PDAT	PDAT
_	253	5	der	ART	ART
_	253	6	rechte	ADJA	ADJA
_	253	7	Brauch	NN	NN
_	253	8	ist	VAFIN	VAFIN
_	253	9	dieses	PDAT	PDAT
_	253	10	Brunnens	NN	NN
_	253	11	/	$(	$(
_	253	12	also	ADV	ADV
_	253	13	ist	VAFIN	VAFIN
_	253	14	es	PPER	PPER
_	253	15	hingegen	ADV	ADV
_	253	16	ein	ART	ART
_	253	17	großer	ADJA	ADJA
_	253	18	Missbrauch	NN	NN
_	253	19	und	KON	KON
_	253	20	grober	ADJA	ADJA
_	253	21	Unverstand	NN	NN
_	253	22	/	$(	$(
_	253	23	dass	KOUS	KOUS
PPER	253	24	ihr	PPOSAT	PPER
_	253	25	viel	ADV	ADV
_	253	26	nicht	PTKNEG	PTKNEG
_	253	27	allein	ADV	ADV
_	253	28	ohne	APPR	APPR
_	253	29	einige	PIAT	PIAT
_	253	30	gebührliche	ADJA	ADJA
_	253	31	Vorbereitung	NN	NN
_	253	32	und	KON	KON
_	253	33	Purgation	NN	NN
PDS	253	34	denselben	PDAT	PDS
_	253	35	nutzen	VVINF	VVINF
_	253	36	wollen	VMFIN	VMFIN
_	253	37	/	$(	$(
_	253	38	sondern	KON	KON
_	253	39	auch	ADV	ADV
_	253	40	in	APPR	APPR
PDAT	253	41	denen	PRELS	PDS
_	253	42	Krankheiten	NN	NN
_	253	43	/	$(	$(
PRELS	253	44	welche	PWAT	PRELS
_	253	45	entweder	KON	KON
_	253	46	vor	APPR	APPR
_	253	47	sich	PRF	PRF
_	253	48	durch	APPR	APPR
PDAT	253	49	solche	PIAT	PIAT
_	253	50	natürliche	ADJA	ADJA
_	253	51	Mittel	NN	NN
_	253	52	/	$(	$(
_	253	53	oder	KON	KON
_	253	54	doch	ADV	ADV
_	253	55	/	$(	$(
_	253	56	weil	KOUS	KOUS
_	253	57	sie	PPER	PPER
_	253	58	so	ADV	ADV
_	253	59	weit	ADJD	ADJD
_	253	60	eingerissen	VVPP	VVPP
_	253	61	/	$(	$(
_	253	62	dass	KOUS	KOUS
_	253	63	die	ART	ART
FM	253	64	temperies	NE	NN
FM	253	65	partium	NE	NN
FM	253	66	tota	NE	NE
FM	253	67	vitiata	NE	NE
KON	253	68	&	$(	KON
FM	253	69	abolita	NE	NE
_	253	70	ist	VAFIN	VAFIN
_	253	71	zu	PTKZU	PTKZU
_	253	72	heilen	VVINF	VVINF
_	253	73	unmöglich	ADJD	ADJD
_	253	74	/	$(	$(
KOUS	253	75	inmassen	KOUS	VVFIN
_	253	76	man	PIS	PIS
_	253	77	nicht	PTKNEG	PTKNEG
_	253	78	allein	ADV	ADV
_	253	79	von	APPR	APPR
_	253	80	Natur	NN	NN
_	253	81	blinde	ADJA	ADJA
_	253	82	/	$(	$(
_	253	83	taube	ADJA	ADJA
_	253	84	/	$(	$(
_	253	85	stumme	ADJA	ADJA
_	253	86	/	$(	$(
_	253	87	und	KON	KON
_	253	88	von	APPR	APPR
_	253	89	der	ART	ART
_	253	90	Geburt	NN	NN
_	253	91	lahme	ADJA	ADJA
_	253	92	Leute	NN	NN
_	253	93	/	$(	$(
APPR	253	94	zu	PTKZU	APPR
_	253	95	diesem	PDAT	PDAT
NN	253	96	Brunnen	NE	NN
_	253	97	führt	VVFIN	VVFIN
_	253	98	/	$(	$(
_	253	99	sondern	KON	KON
_	253	100	auch	ADV	ADV
_	253	101	die	ART	ART
PDS	253	102	jenigen	PIAT	PDAT
_	253	103	/	$(	$(
PRELS	253	104	welche	PWAT	PRELS
_	253	105	einen	ART	ART
_	253	106	Arm	NN	NN
_	253	107	oder	KON	KON
_	253	108	Schenkel	NN	NN
VVPP	253	109	zerfallen	VVINF	VVPP
_	253	110	oder	KON	KON
_	253	111	zerbrochen	VVPP	VVPP
_	253	112	/	$(	$(
_	253	113	und	KON	KON
_	253	114	danach	PAV	PAV
ADJD	253	115	unrecht	NN	ADJD
_	253	116	geheilt	VVPP	VVPP
_	253	117	/	$(	$(
_	253	118	also	ADV	ADV
KOUS	253	119	das	ART	ART
_	253	120	der	ART	ART
FM	253	121	situs	NE	NN
FM	253	122	partium	NE	NN
VVPP	253	123	vitiert	NE	ADJD
_	253	124	ist	VAFIN	VAFIN
_	253	125	.	$.	$.
_	254	1	welches	PWS	PWS
_	254	2	alles	PIS	PIS
_	254	3	doch	ADV	ADV
_	254	4	dieser	PDAT	PDAT
NN	254	5	Brunnen	NE	NN
_	254	6	/	$(	$(
KOUS	254	7	als	KOKOM	KOKOM
_	254	8	der	ART	ART
_	254	9	ein	ART	ART
ADJA	254	10	natürliches	ADV	ADJA
_	254	11	Ding	NN	NN
_	254	12	/	$(	$(
_	254	13	und	KON	KON
_	254	14	dennoch	ADV	ADV
_	254	15	nicht	PTKNEG	PTKNEG
_	254	16	allmächtig	ADJD	ADJD
_	254	17	/	$(	$(
_	254	18	sondern	KON	KON
_	254	19	seine	PPOSAT	PPOSAT
_	254	20	umschriebene	ADJA	ADJA
_	254	21	und	KON	KON
ADJA	254	22	umzirkelte	VVFIN	ADJA
_	254	23	Kraft	NN	NN
_	254	24	hat	VAFIN	VAFIN
_	254	25	/	$(	$(
_	254	26	zu	PTKZU	PTKZU
_	254	27	tun	VVINF	VVINF
_	254	28	nicht	PTKNEG	PTKNEG
_	254	29	vermag	VVFIN	VVFIN
_	254	30	/	$(	$(
KOUS	254	31	wie	KOKOM	KOUS
_	254	32	ein	ART	ART
_	254	33	jeglicher	PIAT	PIAT
_	254	34	Vernünftiger	NN	NN
ADV	254	35	leichtlich	ADJD	ADV
_	254	36	erachten	VVINF	VVINF
_	254	37	und	KON	KON
_	254	38	verstehen	VVINF	VVINF
_	254	39	kann	VMFIN	VMFIN
_	254	40	.	$.	$.
PRELS	255	1	welches	PWS	PWS
_	255	2	ich	PPER	PPER
_	255	3	auch	ADV	ADV
ADV	255	4	allhier	ADV	ADJA
_	255	5	anzeigen	VVINF	VVINF
_	255	6	wollen	VMFIN	VMFIN
_	255	7	/	$(	$(
_	255	8	ob	KOUS	KOUS
_	255	9	vielleicht	ADV	ADV
PTKZU	255	10	zn	PTKZU	ADJA
VVINF	255	11	verhuͤten	VVINF	NN
_	255	12	wäre	VAFIN	VAFIN
_	255	13	/	$(	$(
_	255	14	dass	KOUS	KOUS
_	255	15	nicht	PTKNEG	PTKNEG
_	255	16	so	ADV	ADV
PIAT	255	17	viele	ADV	PIAT
_	255	18	Leute	NN	NN
_	255	19	sich	PRF	PRF
_	255	20	selbst	ADV	ADV
VVFIN	255	21	betrögen	VVFIN	VVINF
_	255	22	/	$(	$(
_	255	23	Unkosten	NN	NN
_	255	24	/	$(	$(
_	255	25	Mühe	NN	NN
_	255	26	und	KON	KON
_	255	27	Arbeit	NN	NN
_	255	28	vergebens	ADV	ADV
_	255	29	anwendeten	VVFIN	VVFIN
_	255	30	/	$(	$(
_	255	31	auch	ADV	ADV
_	255	32	wohl	ADV	ADV
_	255	33	an	APPR	APPR
_	255	34	ihrer	PPOSAT	PPOSAT
_	255	35	Gesundheit	NN	NN
NN	255	36	Schaden	VVINF	NN
_	255	37	nehmen	VVINF	VVINF
_	255	38	/	$(	$(
_	255	39	und	KON	KON
_	255	40	dem	ART	ART
_	255	41	Brunnen	NN	NN
_	255	42	einen	ART	ART
_	255	43	bösen	ADJA	ADJA
_	255	44	Namen	NN	NN
_	255	45	machten	VVFIN	VVFIN
_	255	46	.	$.	$.
_	256	1	sei	VAFIN	VAFIN
_	256	2	demnach	PAV	PAV
_	256	3	also	ADV	ADV
_	256	4	von	APPR	APPR
_	256	5	dieses	PDAT	PDAT
_	256	6	Brunnens	NN	NN
_	256	7	Natur	NN	NN
_	256	8	/	$(	$(
_	256	9	Eigenschaft	NN	NN
_	256	10	/	$(	$(
_	256	11	Wirkung	NN	NN
_	256	12	und	KON	KON
_	256	13	Gebrauch	NN	NN
_	256	14	/	$(	$(
_	256	15	so	ADV	ADV
PIS	256	16	viel	ADV	PIAT
PRF	256	17	sich	PPER	PRF
_	256	18	es	PPER	PPER
_	256	19	leiden	VVINF	VVINF
_	256	20	wollen	VMFIN	VMFIN
_	256	21	/	$(	$(
_	256	22	jetzo	ADV	ADV
_	256	23	genug	ADV	ADV
_	256	24	gesagt	VVPP	VVPP
_	256	25	.	$.	$.
_	257	1	der	ART	ART
ADJA	257	2	allmächtige	NN	ADJA
_	257	3	Gott	NN	NN
_	257	4	/	$(	$(
_	257	5	als	KOKOM	KOKOM
_	257	6	der	ART	ART
_	257	7	rechte	ADJA	ADJA
_	257	8	Meister	NN	NN
_	257	9	zu	PTKZU	PTKZU
_	257	10	helfen	VVINF	VVINF
_	257	11	/	$(	$(
_	257	12	von	APPR	APPR
PDS	257	13	dem	ART	ART
_	257	14	alle	PIAT	PIAT
_	257	15	Hilfe	NN	NN
_	257	16	kommt	VVFIN	VVFIN
_	257	17	/	$(	$(
_	257	18	so	ADV	ADV
_	257	19	auf	APPR	APPR
_	257	20	Erden	NN	NN
_	257	21	geschieht	VVFIN	VVFIN
_	257	22	/	$(	$(
_	257	23	wolle	VMFIN	VMFIN
_	257	24	/	$(	$(
_	257	25	wie	KOKOM	KOKOM
APPR	257	26	zu	PTKZU	APPR
PIAT	257	27	anderen	ADJA	PIS
_	257	28	von	APPR	APPR
PPER	257	29	ihm	APPRART	PPER
_	257	30	geschaffenen	ADJA	ADJA
_	257	31	Mitteln	NN	NN
_	257	32	/	$(	$(
PRELS	257	33	welche	PWAT	PRELS
_	257	34	auch	ADV	ADV
_	257	35	der	ART	ART
_	257	36	Heide	NE	NE
FM	257	37	manus	NE	NE
FM	257	38	Deorum	NE	NN
_	257	39	nennt	VVFIN	VVFIN
_	257	40	/	$(	$(
_	257	41	also	ADV	ADV
_	257	42	auch	ADV	ADV
APPR	257	43	zu	PTKZU	APPR
_	257	44	diesem	PDAT	PDAT
_	257	45	heilsamen	ADJA	ADJA
NN	257	46	Brunnen	NE	NN
_	257	47	seine	PPOSAT	PPOSAT
_	257	48	Gnade	NN	NN
_	257	49	und	KON	KON
_	257	50	Segen	NN	NN
_	257	51	verleihen	VVINF	VVINF
_	257	52	/	$(	$(
KOUS	257	53	damit	PAV	KOUS
_	257	54	er	PPER	PPER
_	257	55	vielen	PIAT	PIAT
NN	257	56	Leuten	VVFIN	NN
APPR	257	57	zu	PTKZU	APPR
_	257	58	Wiederbringung	NN	NN
_	257	59	ihrer	PPOSAT	PPOSAT
_	257	60	Gesundheit	NN	NN
_	257	61	/	$(	$(
_	257	62	und	KON	KON
_	257	63	Erhaltung	NN	NN
_	257	64	ihres	PPOSAT	PPOSAT
_	257	65	Lebens	NN	NN
_	257	66	fruchtbarlich	ADJD	ADJD
_	257	67	gedeihen	VVINF	VVINF
_	257	68	/	$(	$(
_	257	69	und	KON	KON
_	257	70	Gottes	NN	NN
_	257	71	Wundertaten	NN	NN
_	257	72	dadurch	PAV	PAV
_	257	73	gepriesen	VVPP	VVPP
_	257	74	werden	VAINF	VAINF
_	257	75	mögen	VMFIN	VMFIN
_	257	76	/	$(	$(
_	257	77	um	APPR	APPR
_	257	78	Christi	NE	NE
_	257	79	unseres	PPOSAT	PPOSAT
_	257	80	Heilands	NN	NN
_	257	81	und	KON	KON
_	257	82	Mittlers	NN	NN
APPO	257	83	Willen	NN	APPO
_	257	84	/	$(	$(
ITJ	257	85	Amen	NN	NN
_	257	86	.	$.	$.
_	258	1	Extrakt	NN	NN
ADJA	258	2	historischer	NN	ADJA
_	258	3	Beschreibung	NN	NN
_	258	4	des	ART	ART
_	258	5	neuen	ADJA	ADJA
_	258	6	Brunnens	NN	NN
_	258	7	/	$(	$(
PRELS	258	8	welcher	PWAT	PWS
ADV	258	9	unlängst	ADJD	ADV
_	258	10	in	APPR	APPR
_	258	11	Meißen	NE	NE
_	258	12	/	$(	$(
_	258	13	nicht	PTKNEG	PTKNEG
_	258	14	weit	ADJD	ADJD
_	258	15	vom	APPRART	APPRART
ADJA	258	16	böhmischen	NN	ADJA
_	258	17	Gebirge	NN	NN
_	258	18	wunderbarlich	ADJD	ADJD
_	258	19	wieder	ADV	ADV
_	258	20	ans	APPRART	APPRART
_	258	21	Licht	NN	NN
VVPP	258	22	gebracht	VVFIN	VVPP
_	258	23	/	$(	$(
_	258	24	und	KON	KON
_	258	25	wegen	APPR	APPR
_	258	26	seiner	PPOSAT	PPOSAT
_	258	27	heilsamen	ADJA	ADJA
_	258	28	Art	NN	NN
_	258	29	durch	APPR	APPR
_	258	30	das	ART	ART
_	258	31	allgemeine	ADJA	ADJA
_	258	32	Geschrei	NN	NN
_	258	33	in	APPR	APPR
_	258	34	Beruf	NN	NN
VVINF	258	35	kommen	VVFIN	VVINF
_	258	36	.	$.	$.
ADV	259	1	unlängst	ADJD	ADV
_	259	2	von	APPR	APPR
_	259	3	Meißen	NE	NE
_	260	1	Martino	NE	NE
_	260	2	Pfuntelio	NE	NE
_	260	3	von	APPR	APPR
NE	260	4	Plauen	NN	NE
_	260	5	/	$(	$(
_	260	6	der	ART	ART
_	260	7	Schule	NN	NN
PAV	260	8	daselbst	PAV	ADV
_	260	9	Rectore	NN	NN
_	260	10	in	APPR	APPR
_	260	11	Latein	NN	NN
VVFIN	260	12	verfertigt	VVFIN	VVPP
_	260	13	/	$(	$(
_	260	14	und	KON	KON
_	260	15	in	APPR	APPR
_	260	16	Druck	NN	NN
_	260	17	gegeben	VVPP	VVPP
_	260	18	.	$.	$.
_	261	1	jetzo	ADV	ADV
_	261	2	aber	ADV	ADV
VVPP	261	3	verdeutscht	VVFIN	VVPP
_	261	4	/	$(	$(
_	261	5	und	KON	KON
_	261	6	dem	ART	ART
_	261	7	vorigem	ADJA	ADJA
_	261	8	Traktat	NN	NN
_	261	9	mehr	PIAT	PIAT
_	261	10	Nachrichtung	NN	NN
_	261	11	halben	ADJA	ADJA
PTKVZ	261	12	mit	APPR	ADV
VVPP	261	13	einverleibt	NE	VVPP
_	261	14	.	$.	$.
_	261	15	in	APPR	APPR
_	261	16	diesem	PDAT	PDAT
_	261	17	Jahr	NN	NN
_	261	18	nach	APPR	APPR
_	261	19	Christi	NE	NE
_	261	20	Geburt	NN	NN
CARD	261	21	1608	CARD	ADJA
_	261	22	.	$.	$.
_	261	23	am	APPRART	APPRART
_	261	24	Ende	NN	NN
_	261	25	des	ART	ART
_	261	26	Monats	NN	NN
_	261	27	Aprilis	NE	NE
_	261	28	,	$,	$,
_	261	29	ist	VAFIN	VAFIN
_	261	30	ein	ART	ART
_	261	31	Brunnen	NN	NN
_	261	32	in	APPR	APPR
_	261	33	Meißen	NE	NE
_	261	34	in	APPR	APPR
_	261	35	großen	ADJA	ADJA
_	261	36	Beruf	NN	NN
VVPP	261	37	gekommen	VVFIN	VVPP
_	261	38	.	$.	$.
PDS	262	1	dieser	PDAT	PDS
_	262	2	entspringt	VVFIN	VVFIN
_	262	3	über	APPR	APPR
_	262	4	der	ART	ART
_	262	5	Mulde	NN	NN
_	262	6	/	$(	$(
_	262	7	bei	APPR	APPR
_	262	8	Schneeberg	NE	NE
_	262	9	/	$(	$(
_	262	10	gegen	APPR	APPR
_	262	11	der	ART	ART
_	262	12	Sonne	NN	NN
_	262	13	Aufgang	NN	NN
_	262	14	/	$(	$(
_	262	15	mitten	ADV	ADV
_	262	16	auf	APPR	APPR
_	262	17	einer	ART	ART
_	262	18	sumpfigen	ADJA	ADJA
_	262	19	Wiese	NN	NN
_	262	20	/	$(	$(
PRELS	262	21	welche	PWAT	PRELS
APPR	262	22	zu	PTKZU	PTKA
_	262	23	rings	ADV	ADV
_	262	24	herum	APZR	APZR
_	262	25	mit	APPR	APPR
_	262	26	Holz	NN	NN
_	262	27	umgeben	VVPP	VVPP
_	262	28	/	$(	$(
_	262	29	und	KON	KON
_	262	30	gegen	APPR	APPR
_	262	31	Mittag	NN	NN
_	262	32	hart	ADJD	ADJD
_	262	33	an	APPR	APPR
_	262	34	das	ART	ART
_	262	35	Dorf	NN	NN
_	262	36	Niederzwönitz	NE	NE
_	262	37	stößt	VVFIN	VVFIN
_	262	38	/	$(	$(
_	262	39	eine	ART	ART
_	262	40	halbe	ADJA	ADJA
_	262	41	Meile	NN	NN
_	262	42	vom	APPRART	APPRART
_	262	43	Städtlein	NN	NN
_	262	44	Leisnig	NE	NE
_	262	45	/	$(	$(
_	262	46	und	KON	KON
_	262	47	von	APPR	APPR
_	262	48	der	ART	ART
NN	262	49	Bergstadt	ADJD	NN
NE	262	50	Schneeberg	NN	NE
CARD	262	51	anderthalb	NE	ADJA
_	262	52	Meilen	NN	NN
VVINF	262	53	entlegen	ADJD	VVINF
_	262	54	.	$.	$.
PAV	263	1	dannenher	PAV	ADV
_	263	2	offenbar	ADJD	ADJD
_	263	3	/	$(	$(
_	263	4	dass	KOUS	KOUS
_	263	5	dieser	PDAT	PDAT
_	263	6	Brunnen	NN	NN
_	263	7	in	APPR	APPR
_	263	8	diesem	PDAT	PDAT
_	263	9	Teil	NN	NN
_	263	10	meißnischen	ADJA	ADJA
_	263	11	Landes	NN	NN
_	263	12	liegt	VVFIN	VVFIN
_	263	13	/	$(	$(
PRELS	263	14	welches	PRELS	PWS
_	263	15	an	APPR	APPR
_	263	16	die	ART	ART
_	263	17	Sudeten	NN	NN
_	263	18	Gebirge	NN	NN
_	263	19	stößt	VVFIN	VVFIN
_	263	20	/	$(	$(
_	263	21	so	ADV	ADV
_	263	22	Meißen	NE	NE
_	263	23	und	KON	KON
NE	263	24	Böhmen	NN	NE
_	263	25	unterscheiden	VVINF	VVINF
_	263	26	.	$.	$.
ADJD	264	1	hart	NE	ADJD
_	264	2	bei	APPR	APPR
_	264	3	diesem	PDAT	PDAT
_	264	4	Brunnen	NN	NN
_	264	5	sind	VAFIN	VAFIN
_	264	6	drei	CARD	CARD
_	264	7	Tannen	NN	NN
_	264	8	/	$(	$(
_	264	9	daher	PAV	PAV
_	264	10	dieser	PDAT	PDAT
_	264	11	Brunnen	NN	NN
_	264	12	vorzeiten	ADV	ADV
_	264	13	genannt	VVPP	VVPP
_	264	14	worden	VAPP	VAPP
_	264	15	/	$(	$(
_	264	16	der	ART	ART
_	264	17	Brunnen	NN	NN
_	264	18	zun	APPRART	APPRART
_	264	19	dreien	CARD	CARD
_	264	20	Tannen	NN	NN
_	264	21	/	$(	$(
PWAT	264	22	welchen	PWAT	PIAT
_	264	23	Namen	NN	NN
_	264	24	/	$(	$(
_	264	25	so	ADV	ADV
_	264	26	er	PPER	PPER
_	264	27	von	APPR	APPR
_	264	28	Alters	NN	NN
_	264	29	her	APZR	APZR
_	264	30	gehabt	VAPP	VAPP
_	264	31	/	$(	$(
_	264	32	er	PPER	PPER
_	264	33	noch	ADV	ADV
_	264	34	behält	VVFIN	VVFIN
_	264	35	.	$.	$.
_	265	1	die	ART	ART
_	265	2	Wiese	NN	NN
_	265	3	/	$(	$(
_	265	4	darauf	PAV	PAV
_	265	5	dieser	PDAT	PDAT
_	265	6	Brunnen	NN	NN
_	265	7	quillt	VVFIN	VVFIN
_	265	8	/	$(	$(
_	265	9	ist	VAFIN	VAFIN
_	265	10	jetziger	ADJA	ADJA
_	265	11	Zeit	NN	NN
_	265	12	eines	ART	ART
_	265	13	Bauern	NN	NN
_	265	14	in	APPR	APPR
_	265	15	jetzt	ADV	ADV
_	265	16	gedachtem	ADJA	ADJA
_	265	17	Dorf	NN	NN
_	265	18	Niederzwönitz	NE	NE
_	265	19	/	$(	$(
_	265	20	mit	APPR	APPR
_	265	21	Namen	NN	NN
_	265	22	Nickel	NE	NE
NE	265	23	Grommers	NE	NN
_	265	24	/	$(	$(
_	265	25	unter	APPR	APPR
_	265	26	der	ART	ART
_	265	27	Botmäßigkeit	NN	NN
_	265	28	eines	ART	ART
_	265	29	Edelmannes	NN	NN
_	265	30	/	$(	$(
_	265	31	des	ART	ART
_	265	32	von	APPR	APPR
_	265	33	Gelenau	NE	NE
_	265	34	/	$(	$(
PRELS	265	35	welcher	PWAT	PWS
_	265	36	unseres	PPOSAT	PPOSAT
_	265	37	gnädigsten	ADJA	ADJA
_	265	38	Herrn	NN	NN
_	265	39	/	$(	$(
_	265	40	des	ART	ART
_	265	41	Kurfürsten	NN	NN
APPR	265	42	zu	PTKZU	APPR
_	265	43	Sachsen	NE	NE
_	265	44	Lehnsmann	NN	NN
_	265	45	ist	VAFIN	VAFIN
_	265	46	.	$.	$.
_	266	1	welches	PWS	PWS
PAV	266	2	derentwegen	PAV	ADV
_	266	3	gemeldet	VVPP	VVPP
_	266	4	wird	VAFIN	VAFIN
_	266	5	/	$(	$(
KOUS	266	6	das	ART	PDS
PIS	266	7	menniglich	ADJD	ADJD
_	266	8	wissen	VVINF	VVINF
_	266	9	möge	VMFIN	VMFIN
_	266	10	/	$(	$(
_	266	11	dass	KOUS	KOUS
_	266	12	der	ART	ART
NN	266	13	Herzog	NE	NN
_	266	14	und	KON	KON
_	266	15	Kurfürst	NN	NN
APPR	266	16	zu	PTKZU	APPR
_	266	17	Sachsen	NE	NE
_	266	18	über	APPR	APPR
_	266	19	den	ART	ART
_	266	20	Ort	NN	NN
_	266	21	/	$(	$(
_	266	22	da	ADV	ADV
_	266	23	dieser	PDAT	PDAT
_	266	24	Brunnen	NN	NN
_	266	25	entspringt	VVFIN	VVFIN
_	266	26	/	$(	$(
_	266	27	die	ART	ART
_	266	28	höchste	ADJA	ADJA
_	266	29	Gewalt	NN	NN
_	266	30	habe	VAFIN	VAFIN
_	266	31	/	$(	$(
_	266	32	da	ADV	ADV
_	266	33	doch	ADV	ADV
_	266	34	der	ART	ART
_	266	35	unerfahrene	ADJA	ADJA
_	266	36	Pöbel	NN	NN
PIS	266	37	anderen	ADJA	PIS
_	266	38	/	$(	$(
_	266	39	weiß	VVFIN	VVFIN
_	266	40	nicht	PTKNEG	PTKNEG
_	266	41	wem	PWS	PWS
_	266	42	/	$(	$(
PDS	266	43	dieselbe	PDAT	PDS
_	266	44	zuschreibt	VVFIN	VVFIN
_	266	45	.	$.	$.
_	267	1	dass	KOUS	KOUS
_	267	2	dieser	PDAT	PDAT
_	267	3	Brunnen	NN	NN
_	267	4	nicht	PTKNEG	PTKNEG
_	267	5	allein	ADV	ADV
_	267	6	mit	APPR	APPR
_	267	7	dem	ART	ART
_	267	8	Namen	NN	NN
_	267	9	/	$(	$(
_	267	10	sondern	KON	KON
_	267	11	auch	ADV	ADV
_	267	12	wegen	APPR	APPR
_	267	13	eiliger	ADJA	ADJA
NN	267	14	Auszeigung	NE	NN
_	267	15	seiner	PPOSAT	PPOSAT
_	267	16	Kräfte	NN	NN
_	267	17	und	KON	KON
_	267	18	Tugenden	NN	NN
_	267	19	vorzeiten	ADV	ADV
_	267	20	auch	ADV	ADV
_	267	21	bekannt	ADJD	ADJD
_	267	22	gewesen	VAPP	VAPP
_	267	23	/	$(	$(
_	267	24	ist	VAFIN	VAFIN
_	267	25	kein	PIAT	PIAT
_	267	26	Zweifel	NN	NN
_	267	27	/	$(	$(
KOUS	267	28	sintemal	KOUS	ADV
_	267	29	er	PPER	PPER
_	267	30	/	$(	$(
_	267	31	wie	KOKOM	KOKOM
_	267	32	gesagt	VVPP	VVPP
_	267	33	/	$(	$(
_	267	34	seinen	PPOSAT	PPOSAT
_	267	35	alten	ADJA	ADJA
_	267	36	Namen	NN	NN
_	267	37	noch	ADV	ADV
_	267	38	behält	VVFIN	VVFIN
_	267	39	/	$(	$(
_	267	40	auch	ADV	ADV
PIAT	267	41	viele	ADV	PIAT
_	267	42	alte	ADJA	ADJA
_	267	43	Leute	NN	NN
_	267	44	/	$(	$(
_	267	45	so	ADV	ADV
ADV	267	46	umher	PTKVZ	ADV
VVFIN	267	47	wohnen	VVINF	VVFIN
_	267	48	/	$(	$(
_	267	49	seine	PPOSAT	PPOSAT
_	267	50	Eigenschaft	NN	NN
_	267	51	und	KON	KON
_	267	52	vorigen	ADJA	ADJA
_	267	53	Kräfte	NN	NN
_	267	54	/	$(	$(
_	267	55	in	APPR	APPR
_	267	56	frischer	ADJA	ADJA
_	267	57	Gedächtnis	NN	NN
_	267	58	haben	VAFIN	VAFIN
_	267	59	/	$(	$(
KOUS	267	60	wie	KOKOM	KOUS
_	267	61	sie	PPER	PPER
PDS	267	62	solches	PIAT	PIS
_	267	63	von	APPR	APPR
_	267	64	ihren	PPOSAT	PPOSAT
_	267	65	Vorfahren	NN	NN
VVPP	267	66	gehört	VVFIN	VVPP
_	267	67	.	$.	$.
_	268	1	es	PPER	PPER
_	268	2	möchte	VMFIN	VMFIN
_	268	3	sich	PRF	PRF
_	268	4	aber	ADV	ADV
_	268	5	jemand	PIS	PIS
_	268	6	wundern	VVINF	VVINF
_	268	7	/	$(	$(
_	268	8	aus	APPR	APPR
PWAT	268	9	was	PWS	PIS
_	268	10	Ursachen	NN	NN
_	268	11	dieser	PDAT	PDAT
_	268	12	Brunnen	NN	NN
_	268	13	vorzeiten	ADV	ADV
_	268	14	außen	ADV	ADV
VVPP	268	15	geblieben	VVFIN	VVPP
_	268	16	/	$(	$(
_	268	17	und	KON	KON
APPR	268	18	bis	APPR	KON
_	268	19	daher	PAV	PAV
_	268	20	von	APPR	APPR
_	268	21	den	ART	ART
_	268	22	umliegenden	ADJA	ADJA
_	268	23	nicht	PTKNEG	PTKNEG
_	268	24	geachtet	VVPP	VVPP
_	268	25	worden	VAPP	VAPP
_	268	26	/	$(	$(
KOUS	268	27	da	ADV	KOUS
_	268	28	man	PIS	PIS
_	268	29	doch	ADV	ADV
PDAT	268	30	solche	PIAT	PIAT
_	268	31	heilsamen	ADJA	ADJA
_	268	32	Brunnen	NN	NN
_	268	33	sonsten	ADV	ADV
_	268	34	in	APPR	APPR
_	268	35	hohem	ADJA	ADJA
_	268	36	Wert	NN	NN
_	268	37	zu	PTKZU	PTKZU
_	268	38	halten	VVINF	VVINF
_	268	39	/	$(	$(
_	268	40	und	KON	KON
_	268	41	wider	APPR	APPR
_	268	42	allen	PIAT	PIAT
_	268	43	Schaden	NN	NN
_	268	44	fleißig	ADJD	ADJD
_	268	45	zu	PTKZU	PTKZU
_	268	46	verwahren	VVINF	VVINF
_	268	47	pflegt	VVFIN	VVFIN
_	268	48	.	$.	$.
PRELS	269	1	welche	PWAT	PRELS
_	269	2	hart	ADJD	ADJD
_	269	3	bei	APPR	APPR
_	269	4	diesem	PDAT	PDAT
_	269	5	Brunnen	NN	NN
VVFIN	269	6	wohnen	VVINF	VVFIN
_	269	7	/	$(	$(
VVFIN	269	8	sagen	VVINF	VVFIN
_	269	9	dies	PDS	PDS
_	269	10	sei	VAFIN	VAFIN
_	269	11	die	ART	ART
_	269	12	Ursache	NN	NN
_	269	13	/	$(	$(
_	269	14	dieser	PDAT	PDAT
_	269	15	Brunnen	NN	NN
_	269	16	sei	VAFIN	VAFIN
_	269	17	vor	APPR	APPR
_	269	18	50	CARD	CARD
_	269	19	Jahren	NN	NN
_	269	20	durch	APPR	APPR
_	269	21	einen	ART	ART
_	269	22	großen	ADJA	ADJA
_	269	23	ungestümen	ADJA	ADJA
_	269	24	Platzregen	NN	NN
_	269	25	und	KON	KON
_	269	26	Ungewitter	NN	NN
VVPP	269	27	verschlemmt	VVFIN	VVPP
_	269	28	und	KON	KON
VVPP	269	29	versenkt	VVFIN	VVPP
_	269	30	worden	VAPP	VAPP
_	269	31	/	$(	$(
_	269	32	dass	KOUS	KOUS
_	269	33	er	PPER	PPER
_	269	34	bis	APPR	APPR
_	269	35	daher	PAV	PAV
_	269	36	seinen	PPOSAT	PPOSAT
_	269	37	verborgenen	ADJA	ADJA
_	269	38	Gang	NN	NN
_	269	39	unter	APPR	APPR
_	269	40	der	ART	ART
_	269	41	Erde	NN	NN
_	269	42	gehabt	VAPP	VAPP
_	269	43	/	$(	$(
KOUS	269	44	bis	VVFIN	KON
ADV	269	45	unlängst	ADJD	ADV
_	269	46	die	ART	ART
NN	269	47	Quelle	NE	NN
_	269	48	wieder	ADV	ADV
_	269	49	geöffnet	VVPP	VVPP
_	269	50	/	$(	$(
_	269	51	und	KON	KON
_	269	52	der	ART	ART
_	269	53	Brunnen	NN	NN
_	269	54	wieder	ADV	ADV
_	269	55	zu	PTKZU	PTKZU
_	269	56	springen	VVINF	VVINF
_	269	57	und	KON	KON
_	269	58	hell	ADJD	ADJD
_	269	59	zu	PTKZU	PTKZU
_	269	60	werden	VAINF	VAINF
_	269	61	angefangen	VVPP	VVPP
_	269	62	.	$.	$.
KOUS	270	1	wie	PWAV	KOUS
PDS	270	2	solches	PIAT	PIS
_	270	3	zugegangen	VVPP	VVPP
_	270	4	/	$(	$(
_	270	5	will	VMFIN	VMFIN
_	270	6	ich	PPER	PPER
_	270	7	mit	APPR	APPR
_	270	8	dreien	CARD	CARD
_	270	9	Worten	NN	NN
_	270	10	anzeigen	VVINF	VVINF
_	270	11	/	$(	$(
PAV	270	12	damit	PAV	KOUS
PIS	270	13	menniglich	ADJD	ADJD
_	270	14	wissen	VVINF	VVINF
_	270	15	möge	VMFIN	VMFIN
_	270	16	/	$(	$(
PWS	270	17	wie	KOKOM	KOUS
_	270	18	es	PPER	PPER
_	270	19	in	APPR	APPR
_	270	20	der	ART	ART
_	270	21	Wahrheit	NN	NN
_	270	22	darum	PAV	PAV
VVPP	270	23	gewandt	NN	VVPP
_	270	24	/	$(	$(
_	270	25	und	KON	KON
ADV	270	26	auch	NE	ADV
PIAT	270	27	anderes	ADJD	PIAT
_	270	28	erdichtetes	ADJA	ADJA
_	270	29	Fabelwerk	NN	NN
_	270	30	sich	PRF	PRF
_	270	31	nicht	PTKNEG	PTKNEG
VVINF	270	32	kehren	VVFIN	VVINF
_	270	33	dürfe	VMFIN	VMFIN
_	270	34	.	$.	$.
_	271	1	gegen	APPR	APPR
_	271	2	Mitternacht	NN	NN
_	271	3	eine	ART	ART
_	271	4	halbe	ADJA	ADJA
_	271	5	Meile	NN	NN
_	271	6	von	APPR	APPR
_	271	7	diesem	PDAT	PDAT
_	271	8	neuem	ADJA	ADJA
_	271	9	Brunnen	NN	NN
_	271	10	liegt	VVFIN	VVFIN
_	271	11	ein	ART	ART
_	271	12	Städtlein	NN	NN
NE	271	13	Zwönitz	NN	NE
_	271	14	/	$(	$(
_	271	15	und	KON	KON
ADJD	271	16	nahe	APPR	ADJD
_	271	17	dabei	PAV	PAV
_	271	18	ein	ART	ART
_	271	19	Dorf	NN	NN
_	271	20	/	$(	$(
_	271	21	mit	APPR	APPR
_	271	22	Namen	NN	NN
_	271	23	Grünheide	NE	NE
_	271	24	/	$(	$(
_	271	25	in	APPR	APPR
PRELS	271	26	welchem	PWAT	PRELS
_	271	27	eine	ART	ART
NN	271	28	Bäuerin	NE	NN
_	271	29	bei	APPR	APPR
_	271	30	acht	CARD	CARD
_	271	31	Jahren	NN	NN
PTKA	271	32	ganz	ADV	ADV
ADJD	271	33	übel	ADV	ADJD
ADV	271	34	auf	APPR	PTKVZ
_	271	35	gewesen	VAPP	VAPP
_	271	36	/	$(	$(
_	271	37	wegen	APPR	APPR
_	271	38	eines	ART	ART
_	271	39	alten	ADJA	ADJA
_	271	40	bösen	ADJA	ADJA
_	271	41	Schadens	NN	NN
_	271	42	an	APPR	APPR
_	271	43	einem	ART	ART
_	271	44	Schenkel	NN	NN
_	271	45	/	$(	$(
PRELS	271	46	welcher	PWAT	PWS
_	271	47	dermaßen	ADV	ADV
_	271	48	bei	APPR	APPR
PPER	271	49	ihr	PPOSAT	PPER
_	271	50	eingewurzelt	VVPP	VVPP
_	271	51	und	KON	KON
_	271	52	sie	PPER	PPER
_	271	53	also	ADV	ADV
_	271	54	abgemattet	VVPP	VVPP
_	271	55	/	$(	$(
_	271	56	dass	KOUS	KOUS
_	271	57	es	PPER	PPER
_	271	58	sich	PRF	PRF
_	271	59	ansehen	VVINF	VVINF
_	271	60	ließ	VVFIN	VVFIN
_	271	61	/	$(	$(
KOUS	271	62	als	KOKOM	KOUS
_	271	63	möchte	VMFIN	VMFIN
_	271	64	es	PPER	PPER
PPER	271	65	ihr	PPOSAT	PPER
_	271	66	am	APPRART	APPRART
_	271	67	Leben	NN	NN
_	271	68	schaden	VVINF	VVINF
_	271	69	/	$(	$(
_	271	70	diese	PDAT	PDAT
_	271	71	Bäuerin	NN	NN
_	271	72	/	$(	$(
_	271	73	dieweil	KOUS	KOUS
_	271	74	sie	PPER	PPER
_	271	75	gern	ADV	ADV
_	271	76	wieder	ADV	ADV
_	271	77	zur	APPRART	APPRART
_	271	78	Gesundheit	NN	NN
_	271	79	und	KON	KON
_	271	80	ihren	PPOSAT	PPOSAT
_	271	81	vorigen	ADJA	ADJA
_	271	82	Kräften	NN	NN
VVINF	271	83	kommen	VVFIN	VVINF
_	271	84	wäre	VAFIN	VAFIN
_	271	85	/	$(	$(
_	271	86	fragte	VVFIN	VVFIN
_	271	87	ihre	PPOSAT	PPOSAT
_	271	88	Nachbarin	NN	NN
_	271	89	um	APPR	APPR
_	271	90	Rat	NN	NN
_	271	91	/	$(	$(
_	271	92	was	PWS	PWS
_	271	93	sie	PPER	PPER
_	271	94	wider	APPR	APPR
_	271	95	diese	PDAT	PDAT
_	271	96	große	ADJA	ADJA
_	271	97	und	KON	KON
_	271	98	langwierige	ADJA	ADJA
_	271	99	Beschwerung	NN	NN
_	271	100	tun	VVINF	VVINF
_	271	101	solle	VMFIN	VMFIN
_	271	102	/	$(	$(
_	271	103	weil	KOUS	KOUS
_	271	104	die	ART	ART
_	271	105	Schmerzen	NN	NN
_	271	106	heftig	ADJD	ADJD
_	271	107	anhielten	VVFIN	VVFIN
_	271	108	/	$(	$(
_	271	109	und	KON	KON
_	271	110	keine	PIAT	PIAT
_	271	111	Arznei	NN	NN
_	271	112	helfen	VVINF	VVINF
_	271	113	wollte	VMFIN	VMFIN
_	271	114	.	$.	$.
_	272	1	darauf	PAV	PAV
_	272	2	wird	VAFIN	VAFIN
PPER	272	3	ihr	PPOSAT	PPER
_	272	4	geraten	VVPP	VVPP
_	272	5	/	$(	$(
_	272	6	sie	PPER	PPER
_	272	7	soll	VMFIN	VMFIN
_	272	8	den	ART	ART
_	272	9	Brunnen	NN	NN
_	272	10	zun	APPRART	APPRART
_	272	11	drei	CARD	CARD
_	272	12	Tannen	NN	NN
VVINF	272	13	brauchen	VVFIN	VVINF
_	272	14	/	$(	$(
KOUS	272	15	sintemal	KOUS	ADV
_	272	16	bei	APPR	APPR
_	272	17	Mannes	NN	NN
_	272	18	Gedenken	NN	NN
PPER	272	19	ihr	PPOSAT	PPER
_	272	20	viel	ADV	ADV
_	272	21	dadurch	PAV	PAV
_	272	22	geheilt	VVPP	VVPP
_	272	23	wären	VAFIN	VAFIN
_	272	24	.	$.	$.
_	273	1	die	ART	ART
_	273	2	Frau	NN	NN
_	273	3	/	$(	$(
PRELS	273	4	welche	PWAT	PRELS
_	273	5	nun	ADV	ADV
_	273	6	gar	ADV	ADV
_	273	7	von	APPR	APPR
_	273	8	Kräften	NN	NN
VVPP	273	9	gekommen	VVFIN	VVPP
_	273	10	/	$(	$(
_	273	11	folgt	VVFIN	VVFIN
_	273	12	diesem	PDAT	PDAT
_	273	13	Rat	NN	NN
_	273	14	/	$(	$(
VVFIN	273	15	versucht	VVPP	VVFIN
PWS	273	16	was	PWS	PIS
_	273	17	der	ART	ART
_	273	18	Brunnen	NN	NN
_	273	19	vermag	VVFIN	VVFIN
_	273	20	/	$(	$(
PRELS	273	21	welcher	PWAT	PWS
_	273	22	damals	ADV	ADV
_	273	23	eine	ART	ART
_	273	24	kleine	ADJA	ADJA
_	273	25	enge	ADJA	ADJA
NN	273	26	Quelle	NE	NN
_	273	27	hatte	VAFIN	VAFIN
_	273	28	/	$(	$(
_	273	29	von	APPR	APPR
_	273	30	den	ART	ART
_	273	31	Grashauern	NN	NN
_	273	32	eröffnet	VVPP	VVPP
_	273	33	/	$(	$(
_	273	34	wusch	VVFIN	VVFIN
_	273	35	etliche	PIAT	PIAT
_	273	36	Tage	NN	NN
_	273	37	den	ART	ART
_	273	38	bösen	ADJA	ADJA
_	273	39	Schenkel	NN	NN
_	273	40	damit	PAV	PAV
_	273	41	/	$(	$(
_	273	42	und	KON	KON
_	273	43	wurde	VAFIN	VAFIN
_	273	44	nächst	APPR	APPR
_	273	45	Gott	NN	NN
_	273	46	/	$(	$(
_	273	47	allein	ADV	ADV
_	273	48	durch	APPR	APPR
_	273	49	diesen	PDAT	PDAT
_	273	50	Brunnen	NN	NN
_	273	51	ihrer	PPOSAT	PPOSAT
_	273	52	achtjährigen	ADJA	ADJA
_	273	53	Beschwerung	NN	NN
_	273	54	entledigt	VVPP	VVPP
_	273	55	.	$.	$.
_	274	1	dieses	PDAT	PDAT
_	274	2	Wissen	NN	NN
_	274	3	nach	APPR	APPR
_	274	4	dem	ART	ART
_	274	5	sie	PPER	PPER
_	274	6	also	ADV	ADV
ADV	274	7	vermittels	ADJD	VVFIN
ADJA	274	8	göttlicher	ADJD	ADJA
_	274	9	Verleihung	NN	NN
_	274	10	wieder	ADV	ADV
APPR	274	11	zu	PTKZU	APPR
_	274	12	voriger	ADJA	ADJA
_	274	13	Gesundheit	NN	NN
_	274	14	und	KON	KON
_	274	15	Stärke	NN	NN
VVPP	274	16	gekommen	VVFIN	VVPP
_	274	17	/	$(	$(
_	274	18	lässt	VVFIN	VVFIN
_	274	19	unserem	PPOSAT	PPOSAT
_	274	20	Herrn	NN	NN
_	274	21	Gott	NN	NN
_	274	22	öffentlich	ADJD	ADJD
_	274	23	in	APPR	APPR
_	274	24	der	ART	ART
_	274	25	Kirche	NN	NN
_	274	26	für	APPR	APPR
PDAT	274	27	solche	PIAT	PIAT
_	274	28	gnädige	ADJA	ADJA
_	274	29	Wohltat	NN	NN
_	274	30	danken	VVINF	VVINF
_	274	31	/	$(	$(
_	274	32	rühmt	VVFIN	VVFIN
PDS	274	33	dieselbe	PDAT	PDS
_	274	34	allenthalben	ADV	ADV
_	274	35	.	$.	$.
PAV	275	1	dannenhero	PAV	ADV
VVFIN	275	2	erfolgt	VVFIN	VVPP
_	275	3	/	$(	$(
_	275	4	dass	KOUS	KOUS
_	275	5	ein	ART	ART
ADJA	275	6	großes	ADJD	ADJA
_	275	7	Geschrei	NN	NN
_	275	8	von	APPR	APPR
_	275	9	diesem	PDAT	PDAT
_	275	10	heilsamen	ADJA	ADJA
NN	275	11	Brunnen	NE	NN
_	275	12	in	APPR	APPR
_	275	13	der	ART	ART
_	275	14	Nähe	NN	NN
_	275	15	/	$(	$(
_	275	16	und	KON	KON
ADV	275	17	hin	PTKVZ	ADV
_	275	18	und	KON	KON
_	275	19	wieder	ADV	ADV
_	275	20	erschollen	VVPP	VVPP
_	275	21	und	KON	KON
_	275	22	ausgebreitet	VVPP	VVPP
_	275	23	/	$(	$(
_	275	24	auch	ADV	ADV
_	275	25	ein	ART	ART
_	275	26	großer	ADJA	ADJA
_	275	27	Zulauf	NN	NN
_	275	28	von	APPR	APPR
_	275	29	gemeinen	ADJA	ADJA
_	275	30	und	KON	KON
_	275	31	fürnehmen	ADJA	ADJA
_	275	32	Leuten	NN	NN
_	275	33	/	$(	$(
_	275	34	nicht	PTKNEG	PTKNEG
_	275	35	allein	ADV	ADV
_	275	36	aus	APPR	APPR
_	275	37	nahen	ADJA	ADJA
_	275	38	/	$(	$(
_	275	39	sondern	KON	KON
_	275	40	auch	ADV	ADV
_	275	41	aus	APPR	APPR
_	275	42	fernen	ADJA	ADJA
NN	275	43	Orten	VVINF	NN
_	275	44	gewesen	VAPP	VAPP
_	275	45	/	$(	$(
_	275	46	und	KON	KON
_	275	47	noch	ADV	ADV
_	275	48	täglich	ADJD	ADJD
_	275	49	ist	VAFIN	VAFIN
_	275	50	/	$(	$(
KOUS	275	51	wie	KOKOM	KOUS
_	275	52	ich	PPER	PPER
_	275	53	selbst	ADV	ADV
VVINF	275	54	bezeugen	VVFIN	VVINF
_	275	55	kann	VMFIN	VMFIN
_	275	56	/	$(	$(
KOUS	275	57	der	ART	PRELS
_	275	58	ich	PPER	PPER
APPR	275	59	beneben	APPR	VVFIN
PPOSAT	275	60	meinem	VVFIN	PPOSAT
NN	275	61	Collega	NE	NN
_	275	62	diesen	PDAT	PDAT
NN	275	63	Brunnen	NE	NN
VVPP	275	64	besichtigt	VVFIN	VVPP
_	275	65	,	$,	$,
_	275	66	und	KON	KON
_	275	67	uns	PPER	PPER
_	275	68	über	APPR	APPR
_	275	69	der	ART	ART
_	275	70	großen	ADJA	ADJA
NN	275	71	Menge	VVIMP	NN
_	275	72	anwesender	ADJA	ADJA
_	275	73	Leute	NN	NN
_	275	74	heftig	ADJD	ADJD
VVPP	275	75	verwundert	VVFIN	VVPP
_	275	76	haben	VAFIN	VAFIN
_	275	77	.	$.	$.
_	276	1	und	KON	KON
_	276	2	geht	VVFIN	VVFIN
_	276	3	nun	ADV	ADV
_	276	4	dieser	PDAT	PDAT
NN	276	5	Brunnen	NE	NN
_	276	6	/	$(	$(
_	276	7	dieweil	KOUS	KOUS
_	276	8	seine	PPOSAT	PPOSAT
_	276	9	vor	APPR	APPR
PDAT	276	10	dessen	PDS	PDAT
_	276	11	verstopfte	ADJA	ADJA
_	276	12	Gänge	NN	NN
ADV	276	13	wiederum	NE	ADV
_	276	14	eröffnet	VVPP	VVPP
_	276	15	/	$(	$(
_	276	16	und	KON	KON
_	276	17	mit	APPR	APPR
ADJA	276	18	vierecketem	NN	ADJA
_	276	19	Gebäude	NN	NN
_	276	20	auf	APPR	APPR
_	276	21	eine	ART	ART
_	276	22	Zeitlang	NN	NN
_	276	23	gefasst	VVPP	VVPP
_	276	24	/	$(	$(
_	276	25	so	ADV	ADV
_	276	26	stark	ADJD	ADJD
_	276	27	/	$(	$(
_	276	28	dass	KOUS	KOUS
_	276	29	es	PPER	PPER
_	276	30	ihm	PPER	PPER
_	276	31	niemals	ADV	ADV
_	276	32	an	APPR	APPR
_	276	33	springenden	ADJA	ADJA
_	276	34	frischen	ADJA	ADJA
_	276	35	Wasser	NN	NN
_	276	36	mangelt	VVFIN	VVFIN
_	276	37	/	$(	$(
KOUS	276	38	ob	KOUS	KOUS
ADV	276	39	gleich	ADV	ADJD
PIAT	276	40	alle	PIAT	PIS
_	276	41	und	KON	KON
_	276	42	jede	PIAT	PIAT
_	276	43	Stunde	NN	NN
_	276	44	mehr	ADV	ADV
_	276	45	als	KOKOM	KOKOM
_	276	46	vier	CARD	CARD
_	276	47	Fuder	NN	NN
_	276	48	daraus	PAV	PAV
_	276	49	geschöpft	VVPP	VVPP
_	276	50	wird	VAFIN	VAFIN
_	276	51	.	$.	$.
_	277	1	das	ART	ART
_	277	2	Wasser	NN	NN
_	277	3	so	ADV	ADV
_	277	4	aus	APPR	APPR
_	277	5	diesem	PDAT	PDAT
_	277	6	Brunnen	NN	NN
_	277	7	geschöpft	VVPP	VVPP
_	277	8	wird	VAFIN	VAFIN
_	277	9	/	$(	$(
_	277	10	scheint	VVFIN	VVFIN
_	277	11	Blaufarbe	NN	NN
_	277	12	zu	PTKZU	PTKZU
_	277	13	sein	VAINF	VAINF
_	277	14	/	$(	$(
_	277	15	und	KON	KON
_	277	16	eines	ART	ART
_	277	17	süßen	ADJA	ADJA
_	277	18	Geschmacks	NN	NN
_	277	19	/	$(	$(
PRELS	277	20	welches	PRELS	PWS
_	277	21	beides	PIS	PIS
_	277	22	es	PPER	PPER
_	277	23	/	$(	$(
_	277	24	wenn	KOUS	KOUS
_	277	25	es	PPER	PPER
_	277	26	anderswo	ADV	ADV
ADV	277	27	hin	PTKVZ	ADV
_	277	28	geführt	VVPP	VVPP
_	277	29	wird	VAFIN	VAFIN
_	277	30	/	$(	$(
_	277	31	allmählich	ADJD	ADJD
VVFIN	277	32	verändert	VVFIN	VVPP
_	277	33	/	$(	$(
ADV	277	34	sonderlich	ADJD	ADJD
_	277	35	/	$(	$(
_	277	36	wenn	KOUS	KOUS
_	277	37	man	PIS	PIS
_	277	38	es	PPER	PPER
_	277	39	wie	KOKOM	KOKOM
ADJD	277	40	gemeiniglich	ADV	ADJD
_	277	41	zu	PTKZU	PTKZU
VVINF	277	42	geschehen	VVPP	VVINF
_	277	43	pflegt	VVFIN	VVFIN
_	277	44	/	$(	$(
_	277	45	in	APPR	APPR
_	277	46	gepichten	ADJA	ADJA
_	277	47	und	KON	KON
PIAT	277	48	anderen	ADJA	PIS
_	277	49	dergleichen	PIS	PIS
_	277	50	Fässern	NN	NN
_	277	51	führt	VVFIN	VVFIN
_	277	52	.	$.	$.
_	278	1	von	APPR	APPR
_	278	2	den	ART	ART
_	278	3	Eigenschaften	NN	NN
_	278	4	und	KON	KON
_	278	5	Temperament	NN	NN
_	278	6	dieses	PDAT	PDAT
_	278	7	Wassers	NN	NN
_	278	8	/	$(	$(
_	278	9	weil	KOUS	KOUS
PDS	278	10	dasselbe	PDAT	PDS
_	278	11	gar	ADV	ADV
_	278	12	neulich	ADV	ADV
_	278	13	von	APPR	APPR
_	278	14	dem	ART	ART
PIAT	278	15	anderen	ADJA	PIAT
ADJA	278	16	pfülenschenden	NE	ADJA
_	278	17	Wasser	NN	NN
VVPP	278	18	abgeschieden	ADJD	VVPP
_	278	19	/	$(	$(
_	278	20	hat	VAFIN	VAFIN
_	278	21	man	PIS	PIS
_	278	22	bisher	ADV	ADV
PIS	278	23	wenig	PIS	ADV
_	278	24	gewusst	VVPP	VVPP
_	278	25	/	$(	$(
_	278	26	allein	ADV	ADV
_	278	27	dass	KOUS	KOUS
_	278	28	man	PIS	PIS
_	278	29	es	PPER	PPER
VVPP	278	30	probiert	VVFIN	VVPP
_	278	31	und	KON	KON
_	278	32	befunden	VVPP	VVPP
_	278	33	/	$(	$(
_	278	34	es	PPER	PPER
_	278	35	habe	VAFIN	VAFIN
_	278	36	Kupfererz	NN	NN
_	278	37	/	$(	$(
_	278	38	Steinbrücken	NN	NN
_	278	39	/	$(	$(
_	278	40	und	KON	KON
PIS	278	41	etwas	PIS	ADV
_	278	42	von	APPR	APPR
_	278	43	Kupferwasser	NN	NN
_	278	44	oder	KON	KON
NN	278	45	Victril	NE	NN
_	278	46	in	APPR	APPR
_	278	47	sich	PRF	PRF
_	278	48	/	$(	$(
_	278	49	sonst	ADV	ADV
_	278	50	aber	ADV	ADV
_	278	51	nicht	PTKNEG	PTKNEG
ADJD	278	52	schwerer	ADJA	ADJD
_	278	53	/	$(	$(
_	278	54	als	KOKOM	KOKOM
PIAT	278	55	anderes	ADJD	PIAT
NN	278	56	Brunnenwasser	NE	NN
_	278	57	.	$.	$.
_	279	1	ob	KOUS	KOUS
_	279	2	aber	ADV	ADV
_	279	3	wohl	ADV	ADV
PIAT	279	4	etliche	PIAT	PIS
_	279	5	in	APPR	APPR
_	279	6	der	ART	ART
_	279	7	Meinung	NN	NN
_	279	8	/	$(	$(
PDAT	279	9	dies	PDS	PDS
_	279	10	Wasser	NN	NN
_	279	11	sei	VAFIN	VAFIN
_	279	12	ein	ART	ART
_	279	13	rohes	ADJA	ADJA
_	279	14	Wasser	NN	NN
_	279	15	/	$(	$(
PRELS	279	16	welches	PRELS	PWS
_	279	17	nichts	PIS	PIS
_	279	18	oder	KON	KON
_	279	19	ja	ADV	ADV
_	279	20	wenig	PIS	PIS
_	279	21	vermöge	VVFIN	VVFIN
_	279	22	/	$(	$(
_	279	23	so	ADV	ADV
_	279	24	kann	VMFIN	VMFIN
_	279	25	und	KON	KON
_	279	26	soll	VMFIN	VMFIN
_	279	27	es	PPER	PPER
_	279	28	doch	ADV	ADV
_	279	29	nicht	PTKNEG	PTKNEG
_	279	30	gänzlich	ADJD	ADJD
_	279	31	aller	PIAT	PIAT
_	279	32	Kräfte	NN	NN
VVPP	279	33	beraubt	VVFIN	VVPP
_	279	34	werden	VAINF	VAINF
_	279	35	.	$.	$.
_	280	1	denn	KON	KON
_	280	2	die	ART	ART
PDS	280	3	jenigen	PIAT	PDAT
_	280	4	/	$(	$(
PRELS	280	5	so	ADV	ADV
_	280	6	bisher	ADV	ADV
_	280	7	hie	ADV	ADV
_	280	8	und	KON	KON
_	280	9	anderswo	ADV	ADV
_	280	10	durch	APPR	APPR
_	280	11	kräftige	ADJA	ADJA
_	280	12	Arznei	NN	NN
_	280	13	nicht	PTKNEG	PTKNEG
_	280	14	haben	VAFIN	VAFIN
_	280	15	können	VMFIN	VMFIN
APPR	280	16	zu	PTKZU	PTKA
_	280	17	recht	ADJD	ADJD
_	280	18	gebracht	VVPP	VVPP
_	280	19	werden	VAINF	VAINF
_	280	20	/	$(	$(
PRELS	280	21	die	ART	PDS
_	280	22	sind	VAFIN	VAFIN
_	280	23	nächst	APPR	APPR
NN	280	24	Gott	NE	NN
_	280	25	allein	ADV	ADV
_	280	26	durch	APPR	APPR
PDAT	280	27	dies	PDS	PDAT
_	280	28	Wasser	NN	NN
_	280	29	von	APPR	APPR
PIAT	280	30	etlichen	ADJA	PIAT
_	280	31	Krankheiten	NN	NN
_	280	32	und	KON	KON
_	280	33	Leibsbeschwerungen	NN	NN
_	280	34	entledigt	VVPP	VVPP
_	280	35	/	$(	$(
_	280	36	und	KON	KON
_	280	37	wieder	ADV	ADV
APPR	280	38	zu	PTKZU	APPR
_	280	39	ihren	PPOSAT	PPOSAT
_	280	40	vorigen	ADJA	ADJA
_	280	41	Kräften	NN	NN
VVPP	280	42	gekommen	VVFIN	VVPP
_	280	43	.	$.	$.
_	281	1	ein	ART	ART
ADJA	281	2	edler	NN	ADJA
_	281	3	Knabe	NN	NN
_	281	4	in	APPR	APPR
_	281	5	dieser	PDAT	PDAT
_	281	6	Schule	NN	NN
APPR	281	7	zu	PTKZU	APPR
NE	281	8	Plauen	NN	NE
_	281	9	/	$(	$(
_	281	10	von	APPR	APPR
_	281	11	17.	ADJA	ADJA
_	281	12	Jahren	NN	NN
_	281	13	/	$(	$(
_	281	14	hat	VAFIN	VAFIN
_	281	15	an	APPR	APPR
_	281	16	einem	ART	ART
_	281	17	dreitägigem	ADJA	ADJA
_	281	18	Fieber	NN	NN
_	281	19	krank	ADJD	ADJD
_	281	20	gelegen	VVPP	VVPP
_	281	21	/	$(	$(
PRELS	281	22	welches	PRELS	PWS
_	281	23	durch	APPR	APPR
_	281	24	Arznei	NN	NN
_	281	25	sich	PRF	PRF
_	281	26	nicht	PTKNEG	PTKNEG
_	281	27	hat	VAFIN	VAFIN
_	281	28	vertreiben	VVINF	VVINF
_	281	29	lassen	VVINF	VVINF
_	281	30	wollen	VMFIN	VMFIN
_	281	31	.	$.	$.
KOUS	282	1	da	ADV	KOUS
_	282	2	er	PPER	PPER
_	282	3	aber	ADV	ADV
_	282	4	dieses	PDAT	PDAT
_	282	5	Wasser	NN	NN
_	282	6	getrunken	VVPP	VVPP
_	282	7	/	$(	$(
_	282	8	hat	VAFIN	VAFIN
_	282	9	es	PPER	PPER
_	282	10	bald	ADV	ADV
_	282	11	nachgelassen	VVPP	VVPP
_	282	12	/	$(	$(
_	282	13	und	KON	KON
_	282	14	ist	VAFIN	VAFIN
_	282	15	durch	APPR	APPR
PDAT	282	16	dies	PDS	PDAT
_	282	17	Wasser	NN	NN
_	282	18	vertrieben	VVPP	VVPP
_	282	19	und	KON	KON
_	282	20	gleichsam	ADJD	ADJD
VVPP	282	21	ersäuft	VVFIN	VVPP
_	282	22	worden	VAPP	VAPP
_	282	23	.	$.	$.
ART	283	1	eines	PIS	ART
ADJA	283	2	hiesigen	ADV	ADJA
_	283	3	Bürgers	NN	NN
_	283	4	Töchterlein	NN	NN
_	283	5	von	APPR	APPR
_	283	6	elf	CARD	CARD
_	283	7	Jahren	NN	NN
_	283	8	hat	VAFIN	VAFIN
_	283	9	ein	ART	ART
_	283	10	Bergweh	NN	NN
_	283	11	gehabt	VAPP	VAPP
_	283	12	/	$(	$(
_	283	13	nicht	PTKNEG	PTKNEG
_	283	14	ohne	APPR	APPR
_	283	15	Lebensgefahr	NN	NN
_	283	16	/	$(	$(
PRELS	283	17	welches	PRELS	PWS
_	283	18	aber	ADV	ADV
_	283	19	durch	APPR	APPR
PDAT	283	20	dies	PDS	PDAT
_	283	21	Wasser	NN	NN
_	283	22	wieder	ADV	ADV
APPR	283	23	zu	PTKZU	APPR
_	283	24	Kräften	NN	NN
VVPP	283	25	gekommen	VVFIN	VVPP
_	283	26	/	$(	$(
_	283	27	und	KON	KON
_	283	28	von	APPR	APPR
_	283	29	seinen	PPOSAT	PPOSAT
_	283	30	Schmerzen	NN	NN
_	283	31	entledigt	VVPP	VVPP
_	283	32	worden	VAPP	VAPP
_	283	33	.	$.	$.
KOUS	284	1	desgleichen	KOUS	ADV
_	284	2	eine	ART	ART
_	284	3	Witwe	NN	NN
_	284	4	bei	APPR	APPR
_	284	5	uns	PPER	PPER
_	284	6	/	$(	$(
_	284	7	war	VAFIN	VAFIN
_	284	8	nur	ADV	ADV
_	284	9	dem	ART	ART
_	284	10	einem	ART	ART
_	284	11	Auge	NN	NN
_	284	12	blind	ADJD	ADJD
_	284	13	/	$(	$(
_	284	14	und	KON	KON
_	284	15	hatte	VAFIN	VAFIN
_	284	16	große	ADJA	ADJA
_	284	17	Hauptwehtag	NN	NN
_	284	18	/	$(	$(
PRELS	284	19	welche	PWAT	PRELS
_	284	20	Schwachheiten	NN	NN
_	284	21	sich	PRF	PRF
_	284	22	verloren	VVPP	VVPP
_	284	23	/	$(	$(
_	284	24	nach	APPR	APPR
_	284	25	dem	ART	ART
_	284	26	sie	PPER	PPER
_	284	27	nur	ADV	ADV
_	284	28	diesem	PDAT	PDAT
_	284	29	Wasser	NN	NN
_	284	30	alle	PIAT	PIAT
_	284	31	ihre	PPOSAT	PPOSAT
_	284	32	Speise	NN	NN
_	284	33	kochte	VVFIN	VVFIN
_	284	34	.	$.	$.
_	285	1	es	PPER	PPER
_	285	2	dient	VVFIN	VVFIN
_	285	3	auch	ADV	ADV
PDAT	285	4	dies	PDS	PDAT
_	285	5	Wasser	NN	NN
PDS	285	6	denen	PRELS	PDS
_	285	7	/	$(	$(
PRELS	285	8	so	ADV	ADV
_	285	9	dumpfig	ADJD	ADJD
_	285	10	und	KON	KON
_	285	11	taub	ADJD	ADJD
_	285	12	sind	VAFIN	VAFIN
_	285	13	/	$(	$(
KOUS	285	14	inmassen	KOUS	NN
_	285	15	dieses	PDAT	PDAT
_	285	16	Wasser	NN	NN
_	285	17	getrunken	VVPP	VVPP
_	285	18	ein	ART	ART
NN	285	19	Vornehmer	ADJA	NN
_	285	20	von	APPR	APPR
_	285	21	Adel	NN	NN
_	285	22	im	APPRART	APPRART
_	285	23	Amt	NN	NN
NE	285	24	Plauen	NN	NE
_	285	25	/	$(	$(
_	285	26	vom	APPRART	APPRART
NN	285	27	Dumpf	ADJD	NN
VVPP	285	28	kuriert	VVFIN	VVPP
_	285	29	und	KON	KON
PTKZU	285	30	zu	PTKZU	PTKA
_	285	31	recht	ADJD	ADJD
VVPP	285	32	gebracht	VVFIN	VVPP
_	285	33	/	$(	$(
_	285	34	auch	ADV	ADV
_	285	35	viel	ADV	ADV
_	285	36	in	APPR	APPR
_	285	37	dieser	PDAT	PDAT
_	285	38	Gegend	NN	NN
_	285	39	/	$(	$(
_	285	40	nach	APPR	APPR
PDS	285	41	dem	ART	ART
_	285	42	sie	PPER	PPER
PDAT	285	43	dies	PDS	PDAT
_	285	44	Wasser	NN	NN
_	285	45	in	APPR	APPR
_	285	46	die	ART	ART
_	285	47	Ohren	NN	NN
_	285	48	geträufelt	VVPP	VVPP
_	285	49	/	$(	$(
_	285	50	ihr	PPOSAT	PPOSAT
_	285	51	Gehör	NN	NN
_	285	52	wieder	ADV	ADV
VVPP	285	53	erlangt	VVFIN	VVPP
_	285	54	haben	VAFIN	VAFIN
_	285	55	.	$.	$.
_	286	1	über	APPR	APPR
PDS	286	2	das	ART	PDS
_	286	3	hat	VAFIN	VAFIN
_	286	4	ein	ART	ART
NN	286	5	Mann	PIS	NN
APPR	286	6	zu	PTKZU	APPR
NE	286	7	Schneeberg	NE	NN
_	286	8	im	APPRART	APPRART
_	286	9	Zipperlein	NN	NN
_	286	10	dies	PDS	PDS
_	286	11	Wasser	NN	NN
_	286	12	von	APPR	APPR
_	286	13	außen	ADV	ADV
_	286	14	um	APPR	APPR
_	286	15	die	ART	ART
NN	286	16	Gelenke	NE	NN
_	286	17	geschlagen	VVPP	VVPP
_	286	18	/	$(	$(
_	286	19	und	KON	KON
_	286	20	also	ADV	ADV
_	286	21	die	ART	ART
_	286	22	Schmerzen	NN	NN
_	286	23	gestillt	VVPP	VVPP
_	286	24	.	$.	$.
_	287	1	die	ART	ART
_	287	2	nah	ADJD	ADJD
_	287	3	bei	APPR	APPR
_	287	4	diesem	PDAT	PDAT
NN	287	5	Brunnen	NE	NN
VVFIN	287	6	wohnen	VVINF	VVFIN
_	287	7	/	$(	$(
_	287	8	berichten	VVFIN	VVFIN
_	287	9	dass	KOUS	KOUS
_	287	10	dies	PDS	PDS
_	287	11	Wasser	NN	NN
_	287	12	vorzeiten	ADV	ADV
_	287	13	die	ART	ART
_	287	14	Krätze	NN	NN
_	287	15	und	KON	KON
_	287	16	alte	ADJA	ADJA
_	287	17	Schäden	NN	NN
_	287	18	geheilt	VVPP	VVPP
_	287	19	/	$(	$(
PRELAT	287	20	welche	PWAT	PIAT
_	287	21	Kraft	NN	NN
_	287	22	es	PPER	PPER
_	287	23	noch	ADV	ADV
_	287	24	hat	VAFIN	VAFIN
_	287	25	/	$(	$(
_	287	26	und	KON	KON
_	287	27	schon	ADV	ADV
PIS	287	28	vielen	PIAT	PIS
_	287	29	geholfen	VVPP	VVPP
_	287	30	.	$.	$.
_	288	1	dass	KOUS	KOUS
_	288	2	er	PPER	PPER
_	288	3	aber	ADV	ADV
_	288	4	für	APPR	APPR
_	288	5	allerlei	PIAT	PIAT
_	288	6	Krankheit	NN	NN
_	288	7	dienen	VVINF	VVINF
_	288	8	soll	VMFIN	VMFIN
_	288	9	/	$(	$(
_	288	10	ist	VAFIN	VAFIN
_	288	11	nichts	PIS	PIS
_	288	12	/	$(	$(
_	288	13	darum	PAV	PAV
_	288	14	sehe	VVFIN	VVFIN
_	288	15	sich	PRF	PRF
_	288	16	ein	ART	ART
PIS	288	17	jeder	PIAT	PIS
_	288	18	wohl	ADV	ADV
PTKVZ	288	19	für	APPR	APPR
_	288	20	dass	KOUS	KOUS
_	288	21	er	PPER	PPER
_	288	22	ihn	PPER	PPER
APPR	288	23	zu	PTKZU	APPR
_	288	24	seiner	PPOSAT	PPOSAT
_	288	25	Gesundheit	NN	NN
_	288	26	recht	ADJD	ADJD
_	288	27	gebrauche	VVFIN	VVFIN
_	288	28	.	$.	$.
FM	289	1	Deo	FM	NE
FM	289	2	soli	FM	NE
FM	289	3	gloria	FM	NE
_	289	4	.	$.	$.
